#node1	node2	node1_string_id	node2_string_id	neighborhood_on_chromosome	gene_fusion	phylogenetic_cooccurrence	homology	coexpression	experimentally_determined_interaction	database_annotated	automated_textmining	combined_score
A0A3G6V9T0	Smp_156990	6183.A0A3G6V9T0	6183.G4VNR0	0	0	0	0	0	0.402	0	0.086	0.430
A0A3G6V9T0	A0A5K4F0F8	6183.A0A3G6V9T0	6183.A0A5K4F0F8	0	0	0.152	0.616	0	0.282	0	0.152	0.438
A0A3G6V9T0	A0A3Q0KTP5	6183.A0A3G6V9T0	6183.A0A3Q0KTP5	0	0	0.165	0.611	0	0.282	0	0.152	0.447
A0A3G6V9T0	Smp_008260	6183.A0A3G6V9T0	6183.G4V7H6	0	0	0	0	0.060	0.359	0.153	0.090	0.473
A0A3G6V9T0	A0A3Q0KNU8	6183.A0A3G6V9T0	6183.A0A3Q0KNU8	0	0	0.152	0.591	0	0.232	0.259	0.084	0.498
A0A3G6V9T0	Smp_131800	6183.A0A3G6V9T0	6183.G4LW63	0	0	0.180	0.578	0.056	0.233	0.239	0.070	0.503
A0A3G6V9T0	A0A5K4F9P7	6183.A0A3G6V9T0	6183.A0A5K4F9P7	0	0	0	0	0	0.490	0	0.073	0.507
A0A3G6V9T0	A0A3Q0KJC8	6183.A0A3G6V9T0	6183.A0A3Q0KJC8	0	0	0	0	0.105	0.080	0.491	0	0.544
A0A3G6V9T0	Smp_098840	6183.A0A3G6V9T0	6183.G4V683	0	0	0.148	0.731	0.057	0.577	0	0	0.630
A0A3G6V9T0	Smp_073930.1	6183.A0A3G6V9T0	6183.G4M056	0	0	0.138	0.644	0.074	0.544	0.508	0.232	0.837
A0A3G6V9T0	Smp_164380	6183.A0A3G6V9T0	6183.G4VLY7	0	0	0.117	0.741	0.113	0.275	0.900	0	0.935
A0A3G6V9T0	A0A3Q0KR27	6183.A0A3G6V9T0	6183.A0A3Q0KR27	0	0	0	0	0.050	0.771	0.683	0.193	0.936
A0A3G6V9T0	C7DPD5_SCHMA	6183.A0A3G6V9T0	6183.C7DPD5	0	0	0.099	0.771	0.143	0.275	0.900	0	0.936
A0A3G6V9T0	A0A3Q0KIP7	6183.A0A3G6V9T0	6183.A0A3Q0KIP7	0	0	0.153	0.703	0.113	0.275	0.900	0	0.938
A0A3G6V9T0	Smp_058790	6183.A0A3G6V9T0	6183.G4VQN8	0	0	0.118	0.581	0.047	0.591	0.911	0.070	0.966
A0A3Q0KB95	A0A3Q0KUT3	6183.A0A3Q0KB95	6183.A0A3Q0KUT3	0	0	0	0	0	0.175	0.237	0.154	0.420
A0A3Q0KB95	A0A3Q0KUY4	6183.A0A3Q0KB95	6183.A0A3Q0KUY4	0	0	0	0	0	0.175	0.237	0.154	0.420
A0A3Q0KB95	A0A5K4F2D8	6183.A0A3Q0KB95	6183.A0A5K4F2D8	0	0	0	0	0.170	0	0.237	0.164	0.424
A0A3Q0KB95	A0A5K4FCV3	6183.A0A3Q0KB95	6183.A0A5K4FCV3	0	0	0	0	0.168	0	0.245	0.166	0.430
A0A3Q0KB95	Smp_064040.1	6183.A0A3Q0KB95	6183.G4VIN1	0	0	0	0	0	0.191	0.360	0.048	0.464
A0A3Q0KB95	Smp_183710	6183.A0A3Q0KB95	6183.G4VLW1	0	0	0	0	0.045	0.201	0.240	0.198	0.472
A0A3Q0KB95	ACT1_SCHMA	6183.A0A3Q0KB95	6183.P53470	0	0	0	0	0.045	0.201	0.240	0.198	0.472
A0A3Q0KB95	ACT2_SCHMA	6183.A0A3Q0KB95	6183.P53471	0	0	0	0	0.045	0.201	0.240	0.198	0.472
A0A3Q0KB95	A0A5K4F186	6183.A0A3Q0KB95	6183.A0A5K4F186	0	0	0	0	0.051	0.184	0.374	0.086	0.497
A0A3Q0KB95	Smp_146200.2	6183.A0A3Q0KB95	6183.G4VQS1	0	0	0	0	0.051	0.184	0.374	0.086	0.497
A0A3Q0KB95	A0A3Q0KIZ6	6183.A0A3Q0KB95	6183.A0A3Q0KIZ6	0	0	0	0	0	0.485	0	0.166	0.552
A0A3Q0KBD2	A0A3Q0KTH6	6183.A0A3Q0KBD2	6183.A0A3Q0KTH6	0	0	0	0	0	0.236	0.269	0	0.417
A0A3Q0KBD2	Smp_073930.1	6183.A0A3Q0KBD2	6183.G4M056	0	0	0	0	0	0.082	0.157	0.308	0.417
A0A3Q0KBD2	A0A3Q0KIZ6	6183.A0A3Q0KBD2	6183.A0A3Q0KIZ6	0	0	0	0	0	0.072	0.270	0.215	0.421
A0A3Q0KBD2	A0A3Q0KD53	6183.A0A3Q0KBD2	6183.A0A3Q0KD53	0	0	0	0	0	0	0.423	0	0.423
A0A3Q0KBD2	A0A3Q0KRT5	6183.A0A3Q0KBD2	6183.A0A3Q0KRT5	0	0	0	0	0	0	0.423	0	0.423
A0A3Q0KBD2	A0A5K4FEP7	6183.A0A3Q0KBD2	6183.A0A5K4FEP7	0	0	0	0	0	0.212	0.241	0.119	0.427
A0A3Q0KBD2	A0A5K4F8C3	6183.A0A3Q0KBD2	6183.A0A5K4F8C3	0	0	0	0	0	0.402	0	0.087	0.430
A0A3Q0KBD2	A0A3Q0KIA3	6183.A0A3Q0KBD2	6183.A0A3Q0KIA3	0	0	0	0	0	0.045	0.167	0.374	0.458
A0A3Q0KBD2	A0A3Q0KBZ0	6183.A0A3Q0KBD2	6183.A0A3Q0KBZ0	0	0	0	0	0	0.273	0.309	0.160	0.541
A0A3Q0KBD2	A0A3Q0KKS9	6183.A0A3Q0KBD2	6183.A0A3Q0KKS9	0	0	0	0	0	0.273	0.309	0.160	0.541
A0A3Q0KBD2	A0A3Q0KMQ4	6183.A0A3Q0KBD2	6183.A0A3Q0KMQ4	0	0	0	0	0	0.273	0.309	0.160	0.541
A0A3Q0KBD2	A0A3Q0KT01	6183.A0A3Q0KBD2	6183.A0A3Q0KT01	0	0	0	0	0	0.273	0.309	0.160	0.541
A0A3Q0KBD2	A0A3Q0KVD3	6183.A0A3Q0KBD2	6183.A0A3Q0KVD3	0	0	0	0	0	0.273	0.309	0.160	0.541
A0A3Q0KBD2	A0A3Q0KQT7	6183.A0A3Q0KBD2	6183.A0A3Q0KQT7	0	0	0	0	0	0.380	0.269	0.076	0.544
A0A3Q0KBD2	A0A3Q0KCC2	6183.A0A3Q0KBD2	6183.A0A3Q0KCC2	0	0	0	0	0	0.113	0.498	0.123	0.575
A0A3Q0KBD2	A0A3Q0KQT0	6183.A0A3Q0KBD2	6183.A0A3Q0KQT0	0	0	0	0	0	0.328	0.368	0.106	0.587
A0A3Q0KBD2	A0A3Q0KT26	6183.A0A3Q0KBD2	6183.A0A3Q0KT26	0	0	0	0	0	0.601	0	0.112	0.630
A0A3Q0KBD2	Smp_014850	6183.A0A3Q0KBD2	6183.G4VBX5	0	0	0	0	0	0.055	0	0.640	0.645
A0A3Q0KBD2	Smp_044530	6183.A0A3Q0KBD2	6183.G4VQT2	0	0	0	0	0	0.372	0.408	0.200	0.676
A0A3Q0KBD2	A0A3Q0KMP3	6183.A0A3Q0KBD2	6183.A0A3Q0KMP3	0	0	0	0	0	0.545	0.250	0.238	0.717
A0A3Q0KBD2	A0A3Q0KUT9	6183.A0A3Q0KBD2	6183.A0A3Q0KUT9	0	0	0	0	0	0.545	0.250	0.465	0.801
A0A3Q0KBD2	A0A3Q0KLG3	6183.A0A3Q0KBD2	6183.A0A3Q0KLG3	0	0	0	0	0	0.600	0.157	0.504	0.818
A0A3Q0KBD2	A0A5K4F5L7	6183.A0A3Q0KBD2	6183.A0A5K4F5L7	0	0	0	0	0	0.832	0.584	0.475	0.960
A0A3Q0KBD2	Smp_062950	6183.A0A3Q0KBD2	6183.G4M1G7	0	0	0	0	0	0.839	0.530	0.534	0.961
A0A3Q0KBZ0	A0A3Q0KJC8	6183.A0A3Q0KBZ0	6183.A0A3Q0KJC8	0	0	0	0	0	0.189	0.301	0.045	0.411
A0A3Q0KBZ0	Smp_090890	6183.A0A3Q0KBZ0	6183.G4V8L0	0	0	0.245	0	0.056	0.127	0.153	0.068	0.419
A0A3Q0KBZ0	Smp_058790	6183.A0A3Q0KBZ0	6183.G4VQN8	0	0	0	0	0	0.235	0.254	0.074	0.425
A0A3Q0KBZ0	Smp_047870.1	6183.A0A3Q0KBZ0	6183.G4VDM2	0	0	0	0	0	0.173	0.328	0.086	0.447
A0A3Q0KBZ0	Smp_080730	6183.A0A3Q0KBZ0	6183.G4VLX9	0	0	0	0	0.050	0.191	0.342	0	0.450
A0A3Q0KBZ0	A0A3Q0KUT9	6183.A0A3Q0KBZ0	6183.A0A3Q0KUT9	0	0	0	0	0	0.236	0.266	0.146	0.479
A0A3Q0KBZ0	A0A5K4F9P7	6183.A0A3Q0KBZ0	6183.A0A5K4F9P7	0	0	0.180	0.573	0	0.210	0.244	0.074	0.485
A0A3Q0KBZ0	Smp_064040.1	6183.A0A3Q0KBZ0	6183.G4VIN1	0	0	0.177	0.583	0.075	0.096	0.343	0	0.487
A0A3Q0KBZ0	A0A3Q0KQT7	6183.A0A3Q0KBZ0	6183.A0A3Q0KQT7	0	0	0.188	0.666	0.050	0.209	0.257	0.047	0.489
A0A3Q0KBZ0	A0A3Q0KFK2	6183.A0A3Q0KBZ0	6183.A0A3Q0KFK2	0	0	0	0	0	0.135	0.390	0.135	0.503
A0A3Q0KBZ0	A0A3Q0KND7	6183.A0A3Q0KBZ0	6183.A0A3Q0KND7	0	0	0	0	0	0.135	0.390	0.135	0.503
A0A3Q0KBZ0	Smp_044530	6183.A0A3Q0KBZ0	6183.G4VQT2	0	0	0	0	0.059	0.344	0.258	0.075	0.519
A0A3Q0KBZ0	A0A5K4FBP5	6183.A0A3Q0KBZ0	6183.A0A5K4FBP5	0	0	0.151	0.741	0.062	0.145	0.393	0	0.531
A0A3Q0KBZ0	A0A5K4F9Q1	6183.A0A3Q0KBZ0	6183.A0A5K4F9Q1	0	0	0.168	0.686	0.062	0.145	0.393	0	0.540
A0A3Q0KBZ0	Smp_073340	6183.A0A3Q0KBZ0	6183.G4VAB5	0	0	0	0	0	0.162	0.482	0	0.547
A0A3Q0KBZ0	Smp_053560	6183.A0A3Q0KBZ0	6183.G4VJ06	0	0	0.166	0.600	0	0.080	0.436	0.087	0.552
A0A3Q0KBZ0	A0A3Q0KM47	6183.A0A3Q0KBZ0	6183.A0A3Q0KM47	0	0	0	0	0	0.127	0.484	0.135	0.576
A0A3Q0KBZ0	Smp_014850	6183.A0A3Q0KBZ0	6183.G4VBX5	0	0	0	0	0	0.211	0.490	0.068	0.592
A0A3Q0KBZ0	A0A3Q0KIZ6	6183.A0A3Q0KBZ0	6183.A0A3Q0KIZ6	0	0	0	0	0.046	0.192	0.344	0.397	0.654
A0A3Q0KBZ0	Smp_139930	6183.A0A3Q0KBZ0	6183.G4VR77	0	0	0	0	0.056	0.286	0.500	0.112	0.660
A0A3Q0KBZ0	Smp_073930.1	6183.A0A3Q0KBZ0	6183.G4M056	0	0	0.215	0.570	0.056	0.235	0.488	0.077	0.683
A0A3Q0KBZ0	A0A3Q0KDI9	6183.A0A3Q0KBZ0	6183.A0A3Q0KDI9	0	0	0.139	0.570	0.056	0.358	0.498	0.046	0.704
A0A3Q0KBZ0	A0A3Q0KMP3	6183.A0A3Q0KBZ0	6183.A0A3Q0KMP3	0	0	0	0	0.051	0.457	0.448	0.105	0.711
A0A3Q0KBZ0	A0A5K4F5L7	6183.A0A3Q0KBZ0	6183.A0A5K4F5L7	0	0	0	0	0	0.290	0.504	0.256	0.715
A0A3Q0KBZ0	A0A3Q0KKU5	6183.A0A3Q0KBZ0	6183.A0A3Q0KKU5	0	0	0.169	0.708	0.050	0.568	0.254	0.074	0.721
A0A3Q0KBZ0	A0A3Q0KKS9	6183.A0A3Q0KBZ0	6183.A0A3Q0KKS9	0	0	0	0	0.062	0.511	0.478	0.087	0.752
A0A3Q0KBZ0	Smp_062950	6183.A0A3Q0KBZ0	6183.G4M1G7	0	0	0	0	0.044	0.600	0.467	0.167	0.807
A0A3Q0KCB8	Smp_058790	6183.A0A3Q0KCB8	6183.G4VQN8	0	0	0	0	0	0.051	0.469	0.047	0.477
A0A3Q0KCB8	Smp_014780.2	6183.A0A3Q0KCB8	6183.G4VBW4	0	0	0	0	0.051	0.590	0.412	0	0.751
A0A3Q0KCB8	A0A3Q0KE94	6183.A0A3Q0KCB8	6183.A0A3Q0KE94	0	0	0	0	0.056	0.825	0.504	0.052	0.911
A0A3Q0KCC2	A0A3Q0KT26	6183.A0A3Q0KCC2	6183.A0A3Q0KT26	0	0	0	0	0	0.127	0	0.354	0.411
A0A3Q0KCC2	A0A3Q0KR27	6183.A0A3Q0KCC2	6183.A0A3Q0KR27	0	0	0.340	0	0	0.073	0.084	0.077	0.413
A0A3Q0KCC2	A0A5K4F8C3	6183.A0A3Q0KCC2	6183.A0A5K4F8C3	0	0	0	0	0	0.228	0.238	0.108	0.429
A0A3Q0KCC2	Smp_049760	6183.A0A3Q0KCC2	6183.G4LWP9	0	0	0.223	0	0.056	0.200	0	0.165	0.444
A0A3Q0KCC2	Smp_139930	6183.A0A3Q0KCC2	6183.G4VR77	0	0	0	0	0	0.149	0.340	0.093	0.446
A0A3Q0KCC2	A0A3Q0KKS9	6183.A0A3Q0KCC2	6183.A0A3Q0KKS9	0	0	0.152	0.594	0	0.218	0.258	0	0.464
A0A3Q0KCC2	A0A3Q0KJC8	6183.A0A3Q0KCC2	6183.A0A3Q0KJC8	0	0	0	0	0	0.189	0.229	0.238	0.481
A0A3Q0KCC2	A0A3Q0KIZ6	6183.A0A3Q0KCC2	6183.A0A3Q0KIZ6	0	0	0	0	0.149	0.112	0.422	0.076	0.542
A0A3Q0KCC2	A0A3Q0KUT9	6183.A0A3Q0KCC2	6183.A0A3Q0KUT9	0	0	0	0	0	0.358	0.474	0.293	0.740
A0A3Q0KCC2	Smp_044530	6183.A0A3Q0KCC2	6183.G4VQT2	0	0	0	0	0	0.809	0.433	0.309	0.918
A0A3Q0KCC2	Smp_062950	6183.A0A3Q0KCC2	6183.G4M1G7	0	0	0	0	0	0.908	0.433	0.566	0.975
A0A3Q0KCX0	A0A3Q0KIP7	6183.A0A3Q0KCX0	6183.A0A3Q0KIP7	0	0	0.204	0.655	0.122	0.137	0.153	0	0.420
A0A3Q0KCX0	A0A3Q0KND7	6183.A0A3Q0KCX0	6183.A0A3Q0KND7	0	0	0.167	0.603	0.044	0.207	0.198	0.049	0.430
A0A3Q0KCX0	Smp_047870.1	6183.A0A3Q0KCX0	6183.G4VDM2	0	0	0.346	0	0.057	0.112	0.089	0	0.434
A0A3Q0KCX0	A0A5K4FBP5	6183.A0A3Q0KCX0	6183.A0A5K4FBP5	0	0	0.376	0	0	0.112	0.089	0	0.451
A0A3Q0KCX0	A0A3Q0KM47	6183.A0A3Q0KCX0	6183.A0A3Q0KM47	0	0	0.216	0.588	0.044	0.207	0.198	0.049	0.464
A0A3Q0KCX0	Smp_058790	6183.A0A3Q0KCX0	6183.G4VQN8	0	0	0.406	0	0.060	0.112	0.089	0.053	0.494
A0A3Q0KCX0	A0A3Q0KQT7	6183.A0A3Q0KCX0	6183.A0A3Q0KQT7	0	0	0.520	0	0	0	0	0	0.520
A0A3Q0KCX0	A0A5K4FEP7	6183.A0A3Q0KCX0	6183.A0A5K4FEP7	0	0	0.499	0	0	0.112	0.097	0	0.563
A0A3Q0KD53	Smp_014850	6183.A0A3Q0KD53	6183.G4VBX5	0	0	0	0	0	0.370	0	0.121	0.422
A0A3Q0KD53	A0A3Q0KIZ6	6183.A0A3Q0KD53	6183.A0A3Q0KIZ6	0	0	0	0	0	0.056	0	0.484	0.492
A0A3Q0KD53	A0A3Q0KHF0	6183.A0A3Q0KD53	6183.A0A3Q0KHF0	0	0	0	0	0.113	0.403	0	0.371	0.637
A0A3Q0KD53	Smp_053420	6183.A0A3Q0KD53	6183.G4VRK9	0	0	0	0	0.113	0.403	0	0.371	0.637
A0A3Q0KD53	A0A3Q0KIA3	6183.A0A3Q0KD53	6183.A0A3Q0KIA3	0	0	0	0	0.163	0.831	0.507	0.629	0.970
A0A3Q0KDI9	Smp_073510	6183.A0A3Q0KDI9	6183.G4V782	0	0	0	0	0.046	0.358	0	0.109	0.406
A0A3Q0KDI9	Smp_047870.1	6183.A0A3Q0KDI9	6183.G4VDM2	0	0	0	0	0	0.236	0.185	0.127	0.408
A0A3Q0KDI9	A0A3Q0KQT7	6183.A0A3Q0KDI9	6183.A0A3Q0KQT7	0	0	0.216	0.571	0	0.227	0	0.105	0.410
A0A3Q0KDI9	Smp_073930.1	6183.A0A3Q0KDI9	6183.G4M056	0	0	0.139	0.588	0.056	0.179	0.158	0.136	0.426
A0A3Q0KDI9	A0A3Q0KS78	6183.A0A3Q0KDI9	6183.A0A3Q0KS78	0	0	0	0	0	0	0.334	0.199	0.443
A0A3Q0KDI9	A0A3Q0KH15	6183.A0A3Q0KDI9	6183.A0A3Q0KH15	0	0	0.174	0.567	0	0.227	0.155	0.113	0.457
A0A3Q0KDI9	A0A3Q0KL07	6183.A0A3Q0KDI9	6183.A0A3Q0KL07	0	0	0	0	0	0.055	0.453	0.063	0.473
A0A3Q0KDI9	A0A3Q0KSP5	6183.A0A3Q0KDI9	6183.A0A3Q0KSP5	0	0	0	0	0	0.055	0.453	0.063	0.473
A0A3Q0KDI9	A0A5K4F4I2	6183.A0A3Q0KDI9	6183.A0A5K4F4I2	0	0	0	0	0	0.055	0.453	0.063	0.473
A0A3Q0KDI9	A0A5K4FEP7	6183.A0A3Q0KDI9	6183.A0A5K4FEP7	0	0	0.207	0.568	0	0.179	0.262	0.046	0.480
A0A3Q0KDI9	A0A3Q0KU31	6183.A0A3Q0KDI9	6183.A0A3Q0KU31	0	0	0.211	0.562	0	0.227	0.155	0.113	0.481
A0A3Q0KDI9	A0A5K4F2D8	6183.A0A3Q0KDI9	6183.A0A5K4F2D8	0	0	0	0	0	0	0.393	0.225	0.509
A0A3Q0KDI9	A0A5K4FC09	6183.A0A3Q0KDI9	6183.A0A5K4FC09	0	0	0.431	0	0	0.113	0.101	0.086	0.529
A0A3Q0KDI9	Smp_096640	6183.A0A3Q0KDI9	6183.G4VR95	0	0	0.172	0.660	0.071	0.242	0.215	0.198	0.566
A0A3Q0KDI9	Smp_064040.1	6183.A0A3Q0KDI9	6183.G4VIN1	0	0	0.215	0.623	0.070	0.387	0	0.166	0.576
A0A3Q0KDI9	A0A3Q0KIZ6	6183.A0A3Q0KDI9	6183.A0A3Q0KIZ6	0	0	0	0	0	0	0.557	0.086	0.577
A0A3Q0KDI9	A0A5K4FCV3	6183.A0A3Q0KDI9	6183.A0A5K4FCV3	0	0	0	0	0	0	0.430	0.310	0.589
A0A3Q0KDI9	A0A3Q0KKS9	6183.A0A3Q0KDI9	6183.A0A3Q0KKS9	0	0	0	0	0	0.236	0.492	0.046	0.597
A0A3Q0KDI9	A0A3Q0KQT0	6183.A0A3Q0KDI9	6183.A0A3Q0KQT0	0	0	0	0	0	0.589	0	0.107	0.617
A0A3Q0KDI9	A0A3Q0KMQ4	6183.A0A3Q0KDI9	6183.A0A3Q0KMQ4	0	0	0	0	0	0.358	0.498	0.046	0.665
A0A3Q0KDI9	A0A3Q0KT01	6183.A0A3Q0KDI9	6183.A0A3Q0KT01	0	0	0	0	0	0.358	0.498	0.046	0.665
A0A3Q0KDI9	A0A3Q0KVD3	6183.A0A3Q0KDI9	6183.A0A3Q0KVD3	0	0	0	0	0	0.358	0.498	0.046	0.665
A0A3Q0KDI9	Smp_080730	6183.A0A3Q0KDI9	6183.G4VLX9	0	0	0.179	0.615	0.116	0.209	0.588	0.117	0.753
A0A3Q0KDI9	Smp_062950	6183.A0A3Q0KDI9	6183.G4M1G7	0	0	0	0	0	0	0	0.778	0.778
A0A3Q0KDI9	A0A3Q0KMB2	6183.A0A3Q0KDI9	6183.A0A3Q0KMB2	0	0	0	0	0.050	0.567	0.460	0.289	0.820
A0A3Q0KDI9	A0A3Q0KM47	6183.A0A3Q0KDI9	6183.A0A3Q0KM47	0	0	0.150	0.609	0.051	0.660	0.508	0.289	0.886
A0A3Q0KDI9	A0A3Q0KPZ7	6183.A0A3Q0KDI9	6183.A0A3Q0KPZ7	0	0	0.110	0.858	0.091	0	0.900	0	0.912
A0A3Q0KDI9	A0A3Q0KFK2	6183.A0A3Q0KDI9	6183.A0A3Q0KFK2	0	0	0	0	0.109	0.820	0.573	0.289	0.944
A0A3Q0KDI9	A0A3Q0KND7	6183.A0A3Q0KDI9	6183.A0A3Q0KND7	0	0	0.118	0.613	0.109	0.820	0.955	0.289	0.994
A0A3Q0KE94	A0A3Q0KVF2	6183.A0A3Q0KE94	6183.A0A3Q0KVF2	0	0	0	0	0	0.173	0.152	0.215	0.401
A0A3Q0KE94	A0A3Q0KJS3	6183.A0A3Q0KE94	6183.A0A3Q0KJS3	0	0	0	0	0.045	0.173	0.152	0.215	0.403
A0A3Q0KE94	A0A3Q0KFK2	6183.A0A3Q0KE94	6183.A0A3Q0KFK2	0	0	0	0	0	0.337	0	0.157	0.417
A0A3Q0KE94	A0A3Q0KND7	6183.A0A3Q0KE94	6183.A0A3Q0KND7	0	0	0	0	0	0.337	0	0.157	0.417
A0A3Q0KE94	A0A3Q0KLP6	6183.A0A3Q0KE94	6183.A0A3Q0KLP6	0	0	0	0	0.081	0.414	0	0.118	0.483
A0A3Q0KE94	Smp_120700.1	6183.A0A3Q0KE94	6183.G4LX89	0	0	0	0	0	0.055	0	0.486	0.493
A0A3Q0KE94	Smp_195080	6183.A0A3Q0KE94	6183.G4LZY0	0	0	0	0	0	0.055	0	0.486	0.493
A0A3Q0KE94	Smp_086590	6183.A0A3Q0KE94	6183.G4VGX1	0	0	0	0	0	0.055	0	0.486	0.493
A0A3Q0KE94	A0A5K4FCV3	6183.A0A3Q0KE94	6183.A0A5K4FCV3	0	0	0	0	0.096	0.081	0	0.484	0.533
A0A3Q0KE94	Smp_063040	6183.A0A3Q0KE94	6183.G4LXV8	0	0	0	0	0	0.173	0.152	0.409	0.549
A0A3Q0KE94	A0A3Q0KKC3	6183.A0A3Q0KE94	6183.A0A3Q0KKC3	0	0	0	0	0.070	0.386	0.250	0.205	0.613
A0A3Q0KE94	A0A3Q0KRT5	6183.A0A3Q0KE94	6183.A0A3Q0KRT5	0	0	0	0	0	0.055	0	0.629	0.634
A0A3Q0KE94	Smp_072870	6183.A0A3Q0KE94	6183.G4LW08	0	0	0	0	0.059	0.428	0.237	0.234	0.643
A0A3Q0KE94	Smp_053420	6183.A0A3Q0KE94	6183.G4VRK9	0	0	0	0	0	0.112	0.159	0.623	0.693
A0A3Q0KE94	A0A3Q0KIZ6	6183.A0A3Q0KE94	6183.A0A3Q0KIZ6	0	0	0	0	0	0.236	0	0.621	0.698
A0A3Q0KE94	A0A3Q0KUT3	6183.A0A3Q0KE94	6183.A0A3Q0KUT3	0	0	0	0	0.069	0.436	0.271	0.368	0.725
A0A3Q0KE94	A0A3Q0KUY4	6183.A0A3Q0KE94	6183.A0A3Q0KUY4	0	0	0	0	0.069	0.436	0.271	0.368	0.725
A0A3Q0KE94	A0A3Q0KIA3	6183.A0A3Q0KE94	6183.A0A3Q0KIA3	0	0	0	0	0	0.067	0.083	0.739	0.757
A0A3Q0KE94	A0A5K4F2D8	6183.A0A3Q0KE94	6183.A0A5K4F2D8	0	0	0	0	0.176	0.616	0	0.490	0.824
A0A3Q0KE94	A0A5K4F5L7	6183.A0A3Q0KE94	6183.A0A5K4F5L7	0	0	0	0	0.072	0.278	0	0.784	0.842
A0A3Q0KE94	Smp_183710	6183.A0A3Q0KE94	6183.G4VLW1	0	0	0	0	0.071	0.541	0.364	0.488	0.842
A0A3Q0KE94	ACT1_SCHMA	6183.A0A3Q0KE94	6183.P53470	0	0	0	0	0.071	0.541	0.364	0.488	0.842
A0A3Q0KE94	ACT2_SCHMA	6183.A0A3Q0KE94	6183.P53471	0	0	0	0	0.071	0.541	0.364	0.488	0.842
A0A3Q0KE94	A0A3Q0KQT0	6183.A0A3Q0KE94	6183.A0A3Q0KQT0	0	0	0	0	0.157	0.929	0	0.641	0.976
A0A3Q0KFK2	A0A3Q0KSV9	6183.A0A3Q0KFK2	6183.A0A3Q0KSV9	0	0	0	0	0	0.401	0	0	0.401
A0A3Q0KFK2	Smp_080730	6183.A0A3Q0KFK2	6183.G4VLX9	0	0	0	0	0	0.236	0.237	0.055	0.401
A0A3Q0KFK2	A0A3Q0KH15	6183.A0A3Q0KFK2	6183.A0A3Q0KH15	0	0	0	0	0.044	0.271	0.198	0.057	0.402
A0A3Q0KFK2	A0A3Q0KIA3	6183.A0A3Q0KFK2	6183.A0A3Q0KIA3	0	0	0	0	0	0.352	0	0.115	0.402
A0A3Q0KFK2	A0A3Q0KL07	6183.A0A3Q0KFK2	6183.A0A3Q0KL07	0	0	0	0	0.050	0.055	0.388	0	0.402
A0A3Q0KFK2	A0A3Q0KSP5	6183.A0A3Q0KFK2	6183.A0A3Q0KSP5	0	0	0	0	0.050	0.055	0.388	0	0.402
A0A3Q0KFK2	A0A5K4F4I2	6183.A0A3Q0KFK2	6183.A0A5K4F4I2	0	0	0	0	0.050	0.055	0.388	0	0.402
A0A3Q0KFK2	Smp_139930	6183.A0A3Q0KFK2	6183.G4VR77	0	0	0	0	0	0.236	0.202	0.105	0.406
A0A3Q0KFK2	A0A5K4FEP7	6183.A0A3Q0KFK2	6183.A0A5K4FEP7	0	0	0.164	0.593	0	0.127	0.243	0.075	0.420
A0A3Q0KFK2	Smp_073930.1	6183.A0A3Q0KFK2	6183.G4M056	0	0	0	0	0.044	0.295	0.156	0.117	0.430
A0A3Q0KFK2	A0A3Q0KJC8	6183.A0A3Q0KFK2	6183.A0A3Q0KJC8	0	0	0	0	0.050	0.052	0.397	0.086	0.437
A0A3Q0KFK2	A0A3Q0KTP5	6183.A0A3Q0KFK2	6183.A0A3Q0KTP5	0	0	0	0	0	0.218	0.251	0.116	0.437
A0A3Q0KFK2	A0A5K4F0F8	6183.A0A3Q0KFK2	6183.A0A5K4F0F8	0	0	0	0	0	0.218	0.251	0.116	0.437
A0A3Q0KFK2	A0A5K4F5L7	6183.A0A3Q0KFK2	6183.A0A5K4F5L7	0	0	0	0	0	0.411	0	0.113	0.455
A0A3Q0KFK2	A0A3Q0KT26	6183.A0A3Q0KFK2	6183.A0A3Q0KT26	0	0	0	0	0.065	0.058	0.432	0	0.456
A0A3Q0KFK2	A0A3Q0KLC5	6183.A0A3Q0KFK2	6183.A0A3Q0KLC5	0	0	0	0	0	0.221	0	0.346	0.468
A0A3Q0KFK2	A0A5K4F139	6183.A0A3Q0KFK2	6183.A0A5K4F139	0	0	0	0	0	0.221	0	0.346	0.468
A0A3Q0KFK2	A0A3Q0KU31	6183.A0A3Q0KFK2	6183.A0A3Q0KU31	0	0	0.152	0.639	0.044	0.271	0.198	0.057	0.471
A0A3Q0KFK2	A0A3Q0KIZ6	6183.A0A3Q0KFK2	6183.A0A3Q0KIZ6	0	0	0	0	0	0.081	0.448	0.074	0.489
A0A3Q0KFK2	A0A3Q0KQT7	6183.A0A3Q0KFK2	6183.A0A3Q0KQT7	0	0	0.174	0.589	0	0.074	0.399	0	0.500
A0A3Q0KFK2	A0A3Q0KLG3	6183.A0A3Q0KFK2	6183.A0A3Q0KLG3	0	0	0	0	0	0.127	0.450	0.047	0.502
A0A3Q0KFK2	A0A3Q0KLP6	6183.A0A3Q0KFK2	6183.A0A3Q0KLP6	0	0	0	0	0	0.050	0.499	0	0.503
A0A3Q0KFK2	A0A3Q0KMQ4	6183.A0A3Q0KFK2	6183.A0A3Q0KMQ4	0	0	0	0	0	0.135	0.390	0.135	0.503
A0A3Q0KFK2	A0A3Q0KT01	6183.A0A3Q0KFK2	6183.A0A3Q0KT01	0	0	0	0	0	0.135	0.390	0.135	0.503
A0A3Q0KFK2	A0A3Q0KVD3	6183.A0A3Q0KFK2	6183.A0A3Q0KVD3	0	0	0	0	0	0.135	0.390	0.135	0.503
A0A3Q0KFK2	Smp_064040.1	6183.A0A3Q0KFK2	6183.G4VIN1	0	0	0	0	0	0.232	0.356	0.077	0.503
A0A3Q0KFK2	A0A3Q0KM47	6183.A0A3Q0KFK2	6183.A0A3Q0KM47	0	0	0	0	0.049	0.350	0.272	0	0.510
A0A3Q0KFK2	A0A3Q0KUT9	6183.A0A3Q0KFK2	6183.A0A3Q0KUT9	0	0	0	0	0	0.354	0.238	0.086	0.510
A0A3Q0KFK2	Smp_014850	6183.A0A3Q0KFK2	6183.G4VBX5	0	0	0	0	0	0	0.491	0.108	0.526
A0A3Q0KFK2	Smp_073490	6183.A0A3Q0KFK2	6183.G4V778	0	0	0	0	0	0.359	0.274	0.074	0.531
A0A3Q0KFK2	A0A3Q0KJD6	6183.A0A3Q0KFK2	6183.A0A3Q0KJD6	0	0	0	0	0	0.147	0.482	0	0.539
A0A3Q0KFK2	A0A5K4F9P7	6183.A0A3Q0KFK2	6183.A0A5K4F9P7	0	0	0	0	0	0.206	0.344	0.228	0.562
A0A3Q0KFK2	Smp_062950	6183.A0A3Q0KFK2	6183.G4M1G7	0	0	0	0	0	0	0.247	0.485	0.595
A0A3Q0KFK2	A0A3Q0KPZ7	6183.A0A3Q0KFK2	6183.A0A3Q0KPZ7	0	0	0	0	0	0.368	0.335	0.170	0.620
A0A3Q0KFK2	A0A5K4FBQ1	6183.A0A3Q0KFK2	6183.A0A5K4FBQ1	0	0	0	0	0.048	0.416	0.501	0.074	0.708
A0A3Q0KFK2	Smp_073510	6183.A0A3Q0KFK2	6183.G4V782	0	0	0	0	0.043	0.587	0.472	0.129	0.793
A0A3Q0KFK2	Smp_053560	6183.A0A3Q0KFK2	6183.G4VJ06	0	0	0.163	0.610	0	0.756	0.505	0.138	0.901
A0A3Q0KGE9	Smp_073490	6183.A0A3Q0KGE9	6183.G4V778	0	0	0.415	0	0	0	0	0	0.415
A0A3Q0KH15	A0A3Q0KMB2	6183.A0A3Q0KH15	6183.A0A3Q0KMB2	0	0	0	0	0.044	0.271	0.198	0.057	0.402
A0A3Q0KH15	A0A3Q0KND7	6183.A0A3Q0KH15	6183.A0A3Q0KND7	0	0	0	0	0.044	0.271	0.198	0.057	0.402
A0A3Q0KH15	A0A5K4F4L4	6183.A0A3Q0KH15	6183.A0A5K4F4L4	0	0	0	0	0.122	0.267	0.153	0	0.407
A0A3Q0KH15	C7DPD5_SCHMA	6183.A0A3Q0KH15	6183.C7DPD5	0	0	0	0	0.122	0.267	0.153	0	0.407
A0A3Q0KH15	Smp_164380	6183.A0A3Q0KH15	6183.G4VLY7	0	0	0	0	0.122	0.267	0.153	0	0.407
A0A3Q0KH15	A0A3Q0KIP7	6183.A0A3Q0KH15	6183.A0A3Q0KIP7	0	0	0.153	0.723	0.122	0.181	0.153	0	0.415
A0A3Q0KH15	A0A3Q0KPZ7	6183.A0A3Q0KH15	6183.A0A3Q0KPZ7	0	0	0.293	0	0	0.113	0.101	0.086	0.415
A0A3Q0KH15	A0A3Q0KM47	6183.A0A3Q0KH15	6183.A0A3Q0KM47	0	0	0.173	0.620	0.044	0.271	0.198	0.057	0.484
A0A3Q0KH75	A0A5K4FEC6	6183.A0A3Q0KH75	6183.A0A5K4FEC6	0	0	0	0	0	0	0	0.482	0.482
A0A3Q0KH75	A0A3Q0KKL4	6183.A0A3Q0KH75	6183.A0A3Q0KKL4	0	0	0	0	0	0	0.587	0.150	0.633
A0A3Q0KH75	Smp_008260	6183.A0A3Q0KH75	6183.G4V7H6	0	0	0	0	0.045	0.359	0.594	0.644	0.899
A0A3Q0KH75	A0A3Q0KSZ5	6183.A0A3Q0KH75	6183.A0A3Q0KSZ5	0	0	0	0	0.075	0.893	0.492	0	0.945
A0A3Q0KHF0	A0A3Q0KRT5	6183.A0A3Q0KHF0	6183.A0A3Q0KRT5	0	0	0	0	0.113	0.403	0	0.371	0.637
A0A3Q0KHF0	A0A5K4F186	6183.A0A3Q0KHF0	6183.A0A5K4F186	0	0	0	0	0	0.233	0.500	0.291	0.704
A0A3Q0KHF0	Smp_146200.2	6183.A0A3Q0KHF0	6183.G4VQS1	0	0	0	0	0	0.233	0.500	0.291	0.704
A0A3Q0KHF0	A0A3Q0KIZ6	6183.A0A3Q0KHF0	6183.A0A3Q0KIZ6	0	0	0	0	0.061	0.476	0.248	0.560	0.815
A0A3Q0KHF0	A0A3Q0KIA3	6183.A0A3Q0KHF0	6183.A0A3Q0KIA3	0	0	0	0	0.075	0.828	0	0.624	0.934
A0A3Q0KHS1	A0A5K4FBP5	6183.A0A3Q0KHS1	6183.A0A5K4FBP5	0	0	0.293	0	0	0.135	0.167	0	0.446
A0A3Q0KHS1	A0A3Q0KIA3	6183.A0A3Q0KHS1	6183.A0A3Q0KIA3	0	0	0	0	0	0	0	0.448	0.448
A0A3Q0KHS1	A0A5K4FEC6	6183.A0A3Q0KHS1	6183.A0A5K4FEC6	0	0	0	0	0	0	0	0.486	0.486
A0A3Q0KHS1	A0A5K4FAX4	6183.A0A3Q0KHS1	6183.A0A5K4FAX4	0	0	0.380	0	0	0.135	0.167	0	0.514
A0A3Q0KHS1	A0A3Q0KKU5	6183.A0A3Q0KHS1	6183.A0A3Q0KKU5	0	0	0	0	0	0.434	0.438	0.061	0.675
A0A3Q0KHS1	Smp_058790	6183.A0A3Q0KHS1	6183.G4VQN8	0	0	0.159	0.587	0	0.846	0.589	0.160	0.949
A0A3Q0KI04	A0A3Q0KIP7	6183.A0A3Q0KI04	6183.A0A3Q0KIP7	0	0	0	0	0.140	0.212	0.236	0.069	0.453
A0A3Q0KI04	A0A5K4F4L4	6183.A0A3Q0KI04	6183.A0A5K4F4L4	0	0	0	0	0.140	0.212	0.236	0.069	0.453
A0A3Q0KI04	C7DPD5_SCHMA	6183.A0A3Q0KI04	6183.C7DPD5	0	0	0	0	0.140	0.212	0.236	0.069	0.453
A0A3Q0KI04	Smp_164380	6183.A0A3Q0KI04	6183.G4VLY7	0	0	0	0	0.140	0.212	0.236	0.069	0.453
A0A3Q0KIA3	A0A3Q0KND7	6183.A0A3Q0KIA3	6183.A0A3Q0KND7	0	0	0	0	0	0.352	0	0.115	0.402
A0A3Q0KIA3	A0A3Q0KUT3	6183.A0A3Q0KIA3	6183.A0A3Q0KUT3	0	0	0	0	0	0.112	0.079	0.367	0.437
A0A3Q0KIA3	A0A3Q0KUY4	6183.A0A3Q0KIA3	6183.A0A3Q0KUY4	0	0	0	0	0	0.112	0.079	0.367	0.437
A0A3Q0KIA3	Smp_077850	6183.A0A3Q0KIA3	6183.G4VL76	0	0	0	0	0	0.112	0.079	0.367	0.437
A0A3Q0KIA3	Smp_077860	6183.A0A3Q0KIA3	6183.G4VL77	0	0	0	0	0	0.112	0.079	0.367	0.437
A0A3Q0KIA3	A0A3Q0KMP3	6183.A0A3Q0KIA3	6183.A0A3Q0KMP3	0	0	0	0	0	0.147	0.074	0.366	0.455
A0A3Q0KIA3	Smp_014850	6183.A0A3Q0KIA3	6183.G4VBX5	0	0	0	0	0	0.130	0.163	0.375	0.505
A0A3Q0KIA3	A0A5K4F186	6183.A0A3Q0KIA3	6183.A0A5K4F186	0	0	0	0	0.056	0	0.071	0.494	0.517
A0A3Q0KIA3	Smp_146200.2	6183.A0A3Q0KIA3	6183.G4VQS1	0	0	0	0	0.056	0	0.071	0.494	0.517
A0A3Q0KIA3	Smp_014780.2	6183.A0A3Q0KIA3	6183.G4VBW4	0	0	0	0	0	0.067	0.083	0.487	0.522
A0A3Q0KIA3	Smp_093230	6183.A0A3Q0KIA3	6183.G4V8Q5	0	0	0	0	0.108	0.112	0.079	0.438	0.535
A0A3Q0KIA3	Smp_183710	6183.A0A3Q0KIA3	6183.G4VLW1	0	0	0	0	0	0.112	0.079	0.487	0.543
A0A3Q0KIA3	ACT1_SCHMA	6183.A0A3Q0KIA3	6183.P53470	0	0	0	0	0	0.112	0.079	0.487	0.543
A0A3Q0KIA3	ACT2_SCHMA	6183.A0A3Q0KIA3	6183.P53471	0	0	0	0	0	0.112	0.079	0.487	0.543
A0A3Q0KIA3	A0A3Q0KJC8	6183.A0A3Q0KIA3	6183.A0A3Q0KJC8	0	0	0	0	0	0.147	0.077	0.485	0.559
A0A3Q0KIA3	A0A5K4F2D8	6183.A0A3Q0KIA3	6183.A0A5K4F2D8	0	0	0	0	0.095	0.064	0.070	0.515	0.566
A0A3Q0KIA3	A0A3Q0KL07	6183.A0A3Q0KIA3	6183.A0A3Q0KL07	0	0	0	0	0	0.072	0.072	0.547	0.575
A0A3Q0KIA3	A0A3Q0KSP5	6183.A0A3Q0KIA3	6183.A0A3Q0KSP5	0	0	0	0	0	0.072	0.072	0.547	0.575
A0A3Q0KIA3	A0A5K4F4I2	6183.A0A3Q0KIA3	6183.A0A5K4F4I2	0	0	0	0	0	0.072	0.072	0.547	0.575
A0A3Q0KIA3	A0A5K4FCV3	6183.A0A3Q0KIA3	6183.A0A5K4FCV3	0	0	0	0	0.099	0.073	0.070	0.518	0.575
A0A3Q0KIA3	Smp_062950	6183.A0A3Q0KIA3	6183.G4M1G7	0	0	0	0	0.096	0.095	0.154	0.484	0.595
A0A3Q0KIA3	Smp_008260	6183.A0A3Q0KIA3	6183.G4V7H6	0	0	0	0	0	0.236	0.081	0.471	0.596
A0A3Q0KIA3	A0A3Q0KQT0	6183.A0A3Q0KIA3	6183.A0A3Q0KQT0	0	0	0	0	0.096	0.359	0.070	0.348	0.601
A0A3Q0KIA3	Smp_053560	6183.A0A3Q0KIA3	6183.G4VJ06	0	0	0	0	0	0	0	0.706	0.706
A0A3Q0KIA3	Smp_073930.1	6183.A0A3Q0KIA3	6183.G4M056	0	0	0	0	0.050	0.831	0.081	0.663	0.943
A0A3Q0KIA3	A0A5K4F5L7	6183.A0A3Q0KIA3	6183.A0A5K4F5L7	0	0	0	0	0.126	0.829	0.070	0.829	0.973
A0A3Q0KIA3	Smp_053420	6183.A0A3Q0KIA3	6183.G4VRK9	0	0	0	0	0.096	0.929	0	0.821	0.987
A0A3Q0KIA3	A0A3Q0KIZ6	6183.A0A3Q0KIA3	6183.A0A3Q0KIZ6	0	0	0	0	0	0.568	0.887	0.822	0.990
A0A3Q0KIA3	A0A3Q0KRT5	6183.A0A3Q0KIA3	6183.A0A3Q0KRT5	0	0	0	0	0.188	0.932	0.605	0.824	0.995
A0A3Q0KIP7	A0A5K4FC09	6183.A0A3Q0KIP7	6183.A0A5K4FC09	0	0	0.203	0.646	0.122	0.137	0.153	0	0.420
A0A3Q0KIP7	Smp_077180	6183.A0A3Q0KIP7	6183.G4VTW8	0	0	0.202	0.600	0.059	0.294	0	0	0.423
A0A3Q0KIP7	A0A5K4F157	6183.A0A3Q0KIP7	6183.A0A5K4F157	0	0	0.191	0.668	0.113	0.275	0	0	0.434
A0A3Q0KIP7	Q5UES2_SCHMA	6183.A0A3Q0KIP7	6183.Q5UES2	0	0	0	0	0	0.055	0.427	0	0.435
A0A3Q0KIP7	A0A3Q0KU31	6183.A0A3Q0KIP7	6183.A0A3Q0KU31	0	0	0.186	0.693	0.122	0.181	0.153	0	0.437
A0A3Q0KIP7	Smp_058790	6183.A0A3Q0KIP7	6183.G4VQN8	0	0	0.384	0	0	0.113	0.112	0	0.472
A0A3Q0KIP7	A0A3Q0KUC3	6183.A0A3Q0KIP7	6183.A0A3Q0KUC3	0	0	0.310	0	0	0.050	0.219	0.104	0.479
A0A3Q0KIP7	A0A5K4F4L4	6183.A0A3Q0KIP7	6183.A0A5K4F4L4	0	0	0.079	0.921	0	0	0.540	0	0.558
A0A3Q0KIP7	Smp_053560	6183.A0A3Q0KIP7	6183.G4VJ06	0	0	0.188	0.681	0.049	0.249	0.417	0	0.616
A0A3Q0KIP7	A0A3Q0KUQ9	6183.A0A3Q0KIP7	6183.A0A3Q0KUQ9	0	0	0.103	0.872	0.122	0.137	0.593	0	0.686
A0A3Q0KIP7	C7DPD5_SCHMA	6183.A0A3Q0KIP7	6183.C7DPD5	0	0	0.074	0.929	0	0	0.900	0	0.903
A0A3Q0KIP7	Smp_164380	6183.A0A3Q0KIP7	6183.G4VLY7	0	0	0.076	0.927	0	0	0.900	0	0.903
A0A3Q0KIP7	Smp_008260	6183.A0A3Q0KIP7	6183.G4V7H6	0	0	0	0.618	0.082	0.226	0.915	0.106	0.938
A0A3Q0KIT8	Smp_053560	6183.A0A3Q0KIT8	6183.G4VJ06	0	0	0.190	0.586	0.083	0.073	0.175	0.108	0.400
A0A3Q0KIT8	A0A5K4FC09	6183.A0A3Q0KIT8	6183.A0A5K4FC09	0	0	0.407	0	0	0	0	0	0.407
A0A3Q0KIT8	A0A3Q0KU31	6183.A0A3Q0KIT8	6183.A0A3Q0KU31	0	0	0.415	0	0	0	0	0	0.415
A0A3Q0KIT8	A0A3Q0KND7	6183.A0A3Q0KIT8	6183.A0A3Q0KND7	0	0	0.152	0.585	0.090	0.221	0.095	0.138	0.445
A0A3Q0KIT8	Smp_073930.1	6183.A0A3Q0KIT8	6183.G4M056	0	0	0	0	0	0.413	0.116	0.086	0.484
A0A3Q0KIT8	A0A3Q0KKU5	6183.A0A3Q0KIT8	6183.A0A3Q0KKU5	0	0	0	0	0	0.392	0.256	0.073	0.544
A0A3Q0KIT8	A0A3Q0KM47	6183.A0A3Q0KIT8	6183.A0A3Q0KM47	0	0	0.182	0.571	0.054	0.331	0.151	0.249	0.609
A0A3Q0KIT8	Smp_058790	6183.A0A3Q0KIT8	6183.G4VQN8	0	0	0.314	0	0	0.842	0.933	0.149	0.992
A0A3Q0KIT8	A0A3Q0KT26	6183.A0A3Q0KIT8	6183.A0A3Q0KT26	0	0	0.162	0.598	0.171	0.926	0.983	0.484	0.999
A0A3Q0KIZ6	A0A3Q0KKU5	6183.A0A3Q0KIZ6	6183.A0A3Q0KKU5	0	0	0	0	0	0.112	0.257	0.170	0.404
A0A3Q0KIZ6	Smp_058790	6183.A0A3Q0KIZ6	6183.G4VQN8	0	0	0	0	0	0.112	0.257	0.170	0.404
A0A3Q0KIZ6	A0A5K4FBP5	6183.A0A3Q0KIZ6	6183.A0A5K4FBP5	0	0	0	0	0.113	0.073	0.173	0.237	0.411
A0A3Q0KIZ6	A0A5K4FEP7	6183.A0A3Q0KIZ6	6183.A0A5K4FEP7	0	0	0	0	0	0.132	0.267	0.164	0.421
A0A3Q0KIZ6	A0A3Q0KUT3	6183.A0A3Q0KIZ6	6183.A0A3Q0KUT3	0	0	0	0	0	0.082	0.162	0.311	0.423
A0A3Q0KIZ6	A0A3Q0KUY4	6183.A0A3Q0KIZ6	6183.A0A3Q0KUY4	0	0	0	0	0	0.082	0.162	0.311	0.423
A0A3Q0KIZ6	A0A3Q0KPZ7	6183.A0A3Q0KIZ6	6183.A0A3Q0KPZ7	0	0	0	0	0	0	0.428	0.046	0.430
A0A3Q0KIZ6	A0A3Q0KTH6	6183.A0A3Q0KIZ6	6183.A0A3Q0KTH6	0	0	0	0	0.046	0.175	0.266	0.135	0.433
A0A3Q0KIZ6	Smp_014780.2	6183.A0A3Q0KIZ6	6183.G4VBW4	0	0	0	0	0	0.211	0	0.312	0.433
A0A3Q0KIZ6	A0A3Q0KND7	6183.A0A3Q0KIZ6	6183.A0A3Q0KND7	0	0	0	0	0	0.081	0.448	0.074	0.489
A0A3Q0KIZ6	Smp_139930	6183.A0A3Q0KIZ6	6183.G4VR77	0	0	0	0	0	0.230	0.382	0	0.503
A0A3Q0KIZ6	Smp_049760	6183.A0A3Q0KIZ6	6183.G4LWP9	0	0	0	0	0	0.083	0.173	0.446	0.543
A0A3Q0KIZ6	Smp_183710	6183.A0A3Q0KIZ6	6183.G4VLW1	0	0	0	0	0	0.082	0.162	0.462	0.549
A0A3Q0KIZ6	ACT1_SCHMA	6183.A0A3Q0KIZ6	6183.P53470	0	0	0	0	0	0.082	0.162	0.462	0.549
A0A3Q0KIZ6	ACT2_SCHMA	6183.A0A3Q0KIZ6	6183.P53471	0	0	0	0	0	0.082	0.162	0.462	0.549
A0A3Q0KIZ6	A0A3Q0KLG3	6183.A0A3Q0KIZ6	6183.A0A3Q0KLG3	0	0	0	0	0	0.112	0.503	0.063	0.550
A0A3Q0KIZ6	A0A5K4F492	6183.A0A3Q0KIZ6	6183.A0A5K4F492	0	0	0	0	0	0.485	0	0.166	0.552
A0A3Q0KIZ6	A0A3Q0KQT7	6183.A0A3Q0KIZ6	6183.A0A3Q0KQT7	0	0	0	0	0.046	0.175	0.266	0.343	0.569
A0A3Q0KIZ6	A0A3Q0KKN8	6183.A0A3Q0KIZ6	6183.A0A3Q0KKN8	0	0	0	0	0	0.147	0.405	0.227	0.573
A0A3Q0KIZ6	A0A3Q0KME1	6183.A0A3Q0KIZ6	6183.A0A3Q0KME1	0	0	0	0	0	0.147	0.405	0.227	0.573
A0A3Q0KIZ6	A0A3Q0KS63	6183.A0A3Q0KIZ6	6183.A0A3Q0KS63	0	0	0	0	0	0.147	0.405	0.227	0.573
A0A3Q0KIZ6	A0A3Q0KUI3	6183.A0A3Q0KIZ6	6183.A0A3Q0KUI3	0	0	0	0	0	0.147	0.405	0.227	0.573
A0A3Q0KIZ6	A0A5K4EV73	6183.A0A3Q0KIZ6	6183.A0A5K4EV73	0	0	0	0	0	0.147	0.405	0.227	0.573
A0A3Q0KIZ6	A0A5K4EZW0	6183.A0A3Q0KIZ6	6183.A0A5K4EZW0	0	0	0	0	0	0.147	0.405	0.227	0.573
A0A3Q0KIZ6	A0A5K4F2I7	6183.A0A3Q0KIZ6	6183.A0A5K4F2I7	0	0	0	0	0	0.147	0.405	0.227	0.573
A0A3Q0KIZ6	A0A5K4FDX2	6183.A0A3Q0KIZ6	6183.A0A5K4FDX2	0	0	0	0	0	0.147	0.405	0.227	0.573
A0A3Q0KIZ6	Smp_170340	6183.A0A3Q0KIZ6	6183.G4V8A8	0	0	0	0	0	0.147	0.405	0.227	0.573
A0A3Q0KIZ6	Smp_197370	6183.A0A3Q0KIZ6	6183.G4VFE1	0	0	0	0	0	0.147	0.405	0.227	0.573
A0A3Q0KIZ6	Smp_044530	6183.A0A3Q0KIZ6	6183.G4VQT2	0	0	0	0	0.061	0	0.476	0.233	0.589
A0A3Q0KIZ6	A0A3Q0KMQ4	6183.A0A3Q0KIZ6	6183.A0A3Q0KMQ4	0	0	0	0	0.046	0.192	0.344	0.311	0.604
A0A3Q0KIZ6	A0A3Q0KT01	6183.A0A3Q0KIZ6	6183.A0A3Q0KT01	0	0	0	0	0.046	0.192	0.344	0.311	0.604
A0A3Q0KIZ6	Smp_148790	6183.A0A3Q0KIZ6	6183.G4LWP4	0	0	0	0	0.042	0.358	0.143	0.348	0.610
A0A3Q0KIZ6	A0A3Q0KLP6	6183.A0A3Q0KIZ6	6183.A0A3Q0KLP6	0	0	0	0	0.057	0.147	0.454	0.230	0.616
A0A3Q0KIZ6	A0A3Q0KUT9	6183.A0A3Q0KIZ6	6183.A0A3Q0KUT9	0	0	0	0	0.061	0.337	0.450	0.055	0.633
A0A3Q0KIZ6	A0A3Q0KJC8	6183.A0A3Q0KIZ6	6183.A0A3Q0KJC8	0	0	0	0	0	0.110	0.610	0	0.638
A0A3Q0KIZ6	A0A5K4F9Q1	6183.A0A3Q0KIZ6	6183.A0A5K4F9Q1	0	0	0	0	0.113	0.073	0.173	0.581	0.676
A0A3Q0KIZ6	Smp_064040.1	6183.A0A3Q0KIZ6	6183.G4VIN1	0	0	0	0	0.065	0.422	0.388	0.153	0.682
A0A3Q0KIZ6	Smp_073930.1	6183.A0A3Q0KIZ6	6183.G4M056	0	0	0	0	0	0.155	0.562	0.348	0.737
A0A3Q0KIZ6	A0A3Q0KQT0	6183.A0A3Q0KIZ6	6183.A0A3Q0KQT0	0	0	0	0	0	0.338	0.464	0.363	0.754
A0A3Q0KIZ6	A0A3Q0KVD3	6183.A0A3Q0KIZ6	6183.A0A3Q0KVD3	0	0	0	0	0.046	0.192	0.344	0.581	0.759
A0A3Q0KIZ6	A0A3Q0KRT5	6183.A0A3Q0KIZ6	6183.A0A3Q0KRT5	0	0	0	0	0	0.073	0	0.768	0.775
A0A3Q0KIZ6	A0A3Q0KS26	6183.A0A3Q0KIZ6	6183.A0A3Q0KS26	0	0	0.222	0	0.056	0.205	0.112	0.639	0.778
A0A3Q0KIZ6	A0A5K4F2D8	6183.A0A3Q0KIZ6	6183.A0A5K4F2D8	0	0	0	0	0.083	0.216	0.502	0.484	0.790
A0A3Q0KIZ6	A0A3Q0KKS9	6183.A0A3Q0KIZ6	6183.A0A3Q0KKS9	0	0	0	0	0.063	0.149	0.505	0.546	0.796
A0A3Q0KIZ6	Smp_062950	6183.A0A3Q0KIZ6	6183.G4M1G7	0	0	0	0	0	0	0.577	0.598	0.822
A0A3Q0KIZ6	A0A5K4FDV5	6183.A0A3Q0KIZ6	6183.A0A5K4FDV5	0	0	0	0	0	0.412	0.362	0.633	0.850
A0A3Q0KIZ6	A0A3Q0KS78	6183.A0A3Q0KIZ6	6183.A0A3Q0KS78	0	0	0	0	0.064	0.526	0.459	0.476	0.857
A0A3Q0KIZ6	A0A5K4F5Q6	6183.A0A3Q0KIZ6	6183.A0A5K4F5Q6	0	0	0	0	0.072	0.569	0.591	0.360	0.881
A0A3Q0KIZ6	A0A5K4FCV3	6183.A0A3Q0KIZ6	6183.A0A5K4FCV3	0	0	0	0	0.064	0.618	0.504	0.487	0.896
A0A3Q0KIZ6	A0A3Q0KMP3	6183.A0A3Q0KIZ6	6183.A0A3Q0KMP3	0	0	0	0	0.058	0.751	0.578	0.564	0.951
A0A3Q0KIZ6	Smp_053420	6183.A0A3Q0KIZ6	6183.G4VRK9	0	0	0	0	0.061	0.661	0.399	0.786	0.953
A0A3Q0KIZ6	A0A5K4F5L7	6183.A0A3Q0KIZ6	6183.A0A5K4F5L7	0	0	0	0	0	0.412	0.779	0.790	0.970
A0A3Q0KIZ6	A0A3Q0KL07	6183.A0A3Q0KIZ6	6183.A0A3Q0KL07	0	0	0	0	0.072	0.833	0.797	0.641	0.987
A0A3Q0KIZ6	A0A3Q0KSP5	6183.A0A3Q0KIZ6	6183.A0A3Q0KSP5	0	0	0	0	0.072	0.833	0.797	0.641	0.987
A0A3Q0KIZ6	A0A5K4F4I2	6183.A0A3Q0KIZ6	6183.A0A5K4F4I2	0	0	0	0	0.072	0.833	0.797	0.641	0.987
A0A3Q0KJC8	A0A3Q0KM47	6183.A0A3Q0KJC8	6183.A0A3Q0KM47	0	0	0.179	0.606	0.045	0.052	0.266	0.086	0.410
A0A3Q0KJC8	A0A3Q0KMQ4	6183.A0A3Q0KJC8	6183.A0A3Q0KMQ4	0	0	0	0	0	0.189	0.301	0.045	0.411
A0A3Q0KJC8	A0A3Q0KT01	6183.A0A3Q0KJC8	6183.A0A3Q0KT01	0	0	0	0	0	0.189	0.301	0.045	0.411
A0A3Q0KJC8	A0A3Q0KVD3	6183.A0A3Q0KJC8	6183.A0A3Q0KVD3	0	0	0	0	0	0.189	0.301	0.045	0.411
A0A3Q0KJC8	Smp_094190	6183.A0A3Q0KJC8	6183.G4VR00	0	0	0.167	0.634	0	0.080	0.323	0	0.435
A0A3Q0KJC8	A0A3Q0KND7	6183.A0A3Q0KJC8	6183.A0A3Q0KND7	0	0	0	0	0.050	0.052	0.397	0.086	0.437
A0A3Q0KJC8	A0A5K4FEP7	6183.A0A3Q0KJC8	6183.A0A5K4FEP7	0	0	0.175	0.563	0	0.189	0.238	0.045	0.447
A0A3Q0KJC8	Smp_008260	6183.A0A3Q0KJC8	6183.G4V7H6	0	0	0	0	0.130	0.209	0.240	0.110	0.472
A0A3Q0KJC8	Smp_044530	6183.A0A3Q0KJC8	6183.G4VQT2	0	0	0	0	0	0	0.491	0.049	0.495
A0A3Q0KJC8	Smp_047870.1	6183.A0A3Q0KJC8	6183.G4VDM2	0	0	0.226	0	0	0.189	0.229	0.085	0.497
A0A3Q0KJC8	A0A3Q0KL07	6183.A0A3Q0KJC8	6183.A0A3Q0KL07	0	0	0	0	0	0	0.508	0	0.508
A0A3Q0KJC8	A0A3Q0KSP5	6183.A0A3Q0KJC8	6183.A0A3Q0KSP5	0	0	0	0	0	0	0.508	0	0.508
A0A3Q0KJC8	A0A5K4F4I2	6183.A0A3Q0KJC8	6183.A0A5K4F4I2	0	0	0	0	0	0	0.508	0	0.508
A0A3Q0KJC8	A0A5K4FBA4	6183.A0A3Q0KJC8	6183.A0A5K4FBA4	0	0	0	0	0	0.189	0.229	0.298	0.522
A0A3Q0KJC8	A0A3Q0KUT9	6183.A0A3Q0KJC8	6183.A0A3Q0KUT9	0	0	0	0	0	0	0.467	0.234	0.574
A0A3Q0KJC8	A0A5K4F157	6183.A0A3Q0KJC8	6183.A0A5K4F157	0	0	0.164	0.618	0.045	0.080	0.491	0	0.576
A0A3Q0KJC8	Smp_058790	6183.A0A3Q0KJC8	6183.G4VQN8	0	0	0.139	0.600	0.127	0.189	0.386	0.045	0.577
A0A3Q0KJC8	Smp_062950	6183.A0A3Q0KJC8	6183.G4M1G7	0	0	0	0	0	0	0.586	0.124	0.621
A0A3Q0KJC8	A0A3Q0KLC5	6183.A0A3Q0KJC8	6183.A0A3Q0KLC5	0	0	0	0	0	0.357	0.583	0.108	0.739
A0A3Q0KJC8	A0A5K4F139	6183.A0A3Q0KJC8	6183.A0A5K4F139	0	0	0	0	0	0.357	0.583	0.108	0.739
A0A3Q0KJC8	A0A5K4FBQ1	6183.A0A3Q0KJC8	6183.A0A5K4FBQ1	0	0	0	0	0	0.828	0.089	0.119	0.849
A0A3Q0KJC8	A0A5K4F0F8	6183.A0A3Q0KJC8	6183.A0A5K4F0F8	0	0	0	0	0	0.769	0.500	0.313	0.913
A0A3Q0KJC8	A0A3Q0KTP5	6183.A0A3Q0KJC8	6183.A0A3Q0KTP5	0	0	0.155	0.677	0	0.769	0.500	0.313	0.923
A0A3Q0KJC8	A0A5K4F9P7	6183.A0A3Q0KJC8	6183.A0A5K4F9P7	0	0	0	0	0	0.803	0.593	0.265	0.935
A0A3Q0KJC8	A0A3Q0KJD6	6183.A0A3Q0KJC8	6183.A0A3Q0KJD6	0	0	0	0	0	0.845	0.760	0.048	0.961
A0A3Q0KJC8	Smp_073930.1	6183.A0A3Q0KJC8	6183.G4M056	0	0	0.101	0.679	0.058	0.922	0.986	0.644	0.999
A0A3Q0KJD6	Smp_008260	6183.A0A3Q0KJD6	6183.G4V7H6	0	0	0	0	0	0.394	0	0.056	0.403
A0A3Q0KJD6	A0A3Q0KNV9	6183.A0A3Q0KJD6	6183.A0A3Q0KNV9	0	0	0	0	0.042	0.044	0.126	0.367	0.425
A0A3Q0KJD6	A0A5K4F8P4	6183.A0A3Q0KJD6	6183.A0A5K4F8P4	0	0	0	0	0	0.428	0	0.046	0.430
A0A3Q0KJD6	Smp_183710	6183.A0A3Q0KJD6	6183.G4VLW1	0	0	0	0	0	0.112	0.113	0.360	0.451
A0A3Q0KJD6	ACT1_SCHMA	6183.A0A3Q0KJD6	6183.P53470	0	0	0	0	0	0.112	0.113	0.360	0.451
A0A3Q0KJD6	ACT2_SCHMA	6183.A0A3Q0KJD6	6183.P53471	0	0	0	0	0	0.112	0.113	0.360	0.451
A0A3Q0KJD6	Smp_073340	6183.A0A3Q0KJD6	6183.G4VAB5	0	0	0	0	0	0.067	0.179	0.354	0.461
A0A3Q0KJD6	Smp_049760	6183.A0A3Q0KJD6	6183.G4LWP9	0	0	0	0	0	0	0.471	0	0.471
A0A3Q0KJD6	Smp_063040	6183.A0A3Q0KJD6	6183.G4LXV8	0	0	0	0	0	0.112	0.113	0.392	0.479
A0A3Q0KJD6	A0A3Q0KLP6	6183.A0A3Q0KJD6	6183.A0A3Q0KLP6	0	0	0	0	0	0.053	0.151	0.425	0.497
A0A3Q0KJD6	Smp_040190	6183.A0A3Q0KJD6	6183.G4VAW0	0	0	0.155	0.605	0	0.358	0.153	0.048	0.504
A0A3Q0KJD6	A0A3Q0KM47	6183.A0A3Q0KJD6	6183.A0A3Q0KM47	0	0	0.168	0.591	0	0.127	0.392	0.074	0.536
A0A3Q0KJD6	A0A3Q0KND7	6183.A0A3Q0KJD6	6183.A0A3Q0KND7	0	0	0	0	0	0.147	0.482	0	0.539
A0A3Q0KJD6	Smp_073930.1	6183.A0A3Q0KJD6	6183.G4M056	0	0	0	0	0	0.547	0.154	0.125	0.635
A0A3Q0KJD6	A0A3Q0KLC5	6183.A0A3Q0KJD6	6183.A0A3Q0KLC5	0	0	0	0	0	0.448	0.576	0	0.755
A0A3Q0KJD6	A0A5K4F139	6183.A0A3Q0KJD6	6183.A0A5K4F139	0	0	0	0	0	0.448	0.576	0	0.755
A0A3Q0KJS3	Smp_014780.2	6183.A0A3Q0KJS3	6183.G4VBW4	0	0	0	0	0.045	0.173	0.152	0.215	0.403
A0A3Q0KJS3	A0A5K4ELJ0	6183.A0A3Q0KJS3	6183.A0A5K4ELJ0	0	0	0	0	0	0.209	0.235	0.135	0.430
A0A3Q0KJS3	Smp_077850	6183.A0A3Q0KJS3	6183.G4VL76	0	0	0	0	0	0.348	0.264	0.108	0.534
A0A3Q0KJS3	Smp_077860	6183.A0A3Q0KJS3	6183.G4VL77	0	0	0	0	0	0.348	0.264	0.108	0.534
A0A3Q0KJS3	Smp_044530	6183.A0A3Q0KJS3	6183.G4VQT2	0	0	0	0	0.072	0.112	0.473	0.073	0.543
A0A3Q0KJS3	A0A3Q0KU20	6183.A0A3Q0KJS3	6183.A0A3Q0KU20	0	0	0	0	0	0.539	0	0.089	0.562
A0A3Q0KJS3	Smp_120700.1	6183.A0A3Q0KJS3	6183.G4LX89	0	0	0	0	0.182	0.225	0	0.367	0.563
A0A3Q0KJS3	Smp_195080	6183.A0A3Q0KJS3	6183.G4LZY0	0	0	0	0	0.182	0.225	0	0.367	0.563
A0A3Q0KJS3	Smp_086590	6183.A0A3Q0KJS3	6183.G4VGX1	0	0	0	0	0.182	0.225	0	0.367	0.563
A0A3Q0KJS3	A0A5K4F413	6183.A0A3Q0KJS3	6183.A0A5K4F413	0	0	0	0	0	0.492	0	0.215	0.584
A0A3Q0KJS3	A0A5K4F4J4	6183.A0A3Q0KJS3	6183.A0A5K4F4J4	0	0	0	0	0.176	0.250	0.081	0.376	0.598
A0A3Q0KJS3	Smp_062950	6183.A0A3Q0KJS3	6183.G4M1G7	0	0	0	0	0.112	0.112	0.568	0.073	0.641
A0A3Q0KJS3	Smp_093230	6183.A0A3Q0KJS3	6183.G4V8Q5	0	0	0	0	0	0.348	0.264	0.312	0.641
A0A3Q0KJS3	Smp_014850	6183.A0A3Q0KJS3	6183.G4VBX5	0	0	0	0	0	0.055	0.557	0.305	0.683
A0A3Q0KJS3	A0A3Q0KUT3	6183.A0A3Q0KJS3	6183.A0A3Q0KUT3	0	0	0	0	0	0.490	0.433	0.108	0.719
A0A3Q0KJS3	Smp_072870	6183.A0A3Q0KJS3	6183.G4LW08	0	0	0	0	0.118	0.477	0.398	0.108	0.719
A0A3Q0KJS3	A0A5K4FAN3	6183.A0A3Q0KJS3	6183.A0A5K4FAN3	0	0	0	0	0.120	0.739	0	0.279	0.819
A0A3Q0KJS3	A0A5K4F1H5	6183.A0A3Q0KJS3	6183.A0A5K4F1H5	0	0	0	0	0.128	0.819	0	0.341	0.886
A0A3Q0KJS3	A0A3Q0KUY4	6183.A0A3Q0KJS3	6183.A0A3Q0KUY4	0	0	0.055	0.927	0	0.490	0.793	0.108	0.899
A0A3Q0KJS3	Smp_183710	6183.A0A3Q0KJS3	6183.G4VLW1	0	0	0.053	0.932	0.044	0.592	0.810	0.108	0.925
A0A3Q0KJS3	ACT1_SCHMA	6183.A0A3Q0KJS3	6183.P53470	0	0	0.053	0.932	0.044	0.592	0.810	0.108	0.925
A0A3Q0KJS3	ACT2_SCHMA	6183.A0A3Q0KJS3	6183.P53471	0	0	0.054	0.931	0.058	0.592	0.810	0.108	0.927
A0A3Q0KJS3	A0A3Q0KVF2	6183.A0A3Q0KJS3	6183.A0A3Q0KVF2	0	0	0	0.826	0.777	0.869	0.953	0.634	0.999
A0A3Q0KJX5	Smp_058790	6183.A0A3Q0KJX5	6183.G4VQN8	0	0	0.268	0	0.050	0.177	0.071	0.046	0.400
A0A3Q0KJX5	Smp_080730	6183.A0A3Q0KJX5	6183.G4VLX9	0	0	0	0	0	0.277	0	0.206	0.401
A0A3Q0KJX5	A0A3Q0KNI6	6183.A0A3Q0KJX5	6183.A0A3Q0KNI6	0	0	0	0	0	0.356	0	0.116	0.406
A0A3Q0KJX5	A0A5K4FBP5	6183.A0A3Q0KJX5	6183.A0A5K4FBP5	0	0	0.287	0	0	0.177	0.071	0	0.407
A0A3Q0KJX5	Smp_008260	6183.A0A3Q0KJX5	6183.G4V7H6	0	0	0	0	0	0.369	0.071	0.087	0.418
A0A3Q0KJX5	Smp_064040.1	6183.A0A3Q0KJX5	6183.G4VIN1	0	0	0.152	0.610	0.064	0.301	0	0.085	0.424
A0A3Q0KJX5	A0A5K4F9P7	6183.A0A3Q0KJX5	6183.A0A5K4F9P7	0	0	0	0	0	0.303	0	0.212	0.427
A0A3Q0KJX5	A0A3Q0KU20	6183.A0A3Q0KJX5	6183.A0A3Q0KU20	0	0	0	0	0	0.055	0	0.540	0.546
A0A3Q0KJX5	Q5UES2_SCHMA	6183.A0A3Q0KJX5	6183.Q5UES2	0	0	0	0	0.057	0.711	0	0.162	0.751
A0A3Q0KJX5	Smp_096640	6183.A0A3Q0KJX5	6183.G4VR95	0	0	0	0	0	0.884	0	0.486	0.937
A0A3Q0KJY5	Smp_156990	6183.A0A3Q0KJY5	6183.G4VNR0	0	0	0	0	0	0.065	0.435	0.042	0.449
A0A3Q0KJY5	Smp_072870	6183.A0A3Q0KJY5	6183.G4LW08	0	0	0	0	0	0.055	0.479	0	0.486
A0A3Q0KJY5	Smp_080730	6183.A0A3Q0KJY5	6183.G4VLX9	0	0	0	0	0	0.252	0.342	0.057	0.495
A0A3Q0KJY5	Q5UES2_SCHMA	6183.A0A3Q0KJY5	6183.Q5UES2	0	0	0	0	0	0	0.503	0.047	0.506
A0A3Q0KJY5	A0A3Q0KSZ5	6183.A0A3Q0KJY5	6183.A0A3Q0KSZ5	0	0	0	0	0	0	0.490	0.077	0.509
A0A3Q0KKC3	Q5UES2_SCHMA	6183.A0A3Q0KKC3	6183.Q5UES2	0	0	0	0	0	0.212	0.236	0.087	0.402
A0A3Q0KKC3	Smp_064040.1	6183.A0A3Q0KKC3	6183.G4VIN1	0	0	0.215	0.624	0.056	0.055	0.253	0.046	0.409
A0A3Q0KKC3	Smp_014780.2	6183.A0A3Q0KKC3	6183.G4VBW4	0	0	0	0	0.046	0.235	0.235	0.129	0.448
A0A3Q0KKC3	Smp_058790	6183.A0A3Q0KKC3	6183.G4VQN8	0	0	0.421	0	0.050	0.082	0.074	0.046	0.472
A0A3Q0KKL4	A0A3Q0KUC3	6183.A0A3Q0KKL4	6183.A0A3Q0KUC3	0	0	0	0	0	0	0.494	0.095	0.522
A0A3Q0KKL4	A0A3Q0KLC5	6183.A0A3Q0KKL4	6183.A0A3Q0KLC5	0	0	0	0	0	0.198	0.514	0	0.593
A0A3Q0KKL4	A0A5K4F139	6183.A0A3Q0KKL4	6183.A0A5K4F139	0	0	0	0	0	0.198	0.514	0	0.593
A0A3Q0KKS9	A0A5K4F2D8	6183.A0A3Q0KKS9	6183.A0A5K4F2D8	0	0	0	0	0	0.112	0.197	0.235	0.406
A0A3Q0KKS9	Smp_064040.1	6183.A0A3Q0KKS9	6183.G4VIN1	0	0	0	0	0.061	0.096	0.395	0	0.441
A0A3Q0KKS9	Smp_073340	6183.A0A3Q0KKS9	6183.G4VAB5	0	0	0	0	0	0.136	0.385	0.046	0.448
A0A3Q0KKS9	A0A5K4F9Q1	6183.A0A3Q0KKS9	6183.A0A5K4F9Q1	0	0	0	0	0.164	0.178	0.265	0	0.450
A0A3Q0KKS9	A0A5K4FBP5	6183.A0A3Q0KKS9	6183.A0A5K4FBP5	0	0	0	0	0.164	0.178	0.265	0	0.450
A0A3Q0KKS9	A0A3Q0KL07	6183.A0A3Q0KKS9	6183.A0A3Q0KL07	0	0	0	0	0	0.112	0.392	0.074	0.456
A0A3Q0KKS9	A0A3Q0KSP5	6183.A0A3Q0KKS9	6183.A0A3Q0KSP5	0	0	0	0	0	0.112	0.392	0.074	0.456
A0A3Q0KKS9	A0A5K4F4I2	6183.A0A3Q0KKS9	6183.A0A5K4F4I2	0	0	0	0	0	0.112	0.392	0.074	0.456
A0A3Q0KKS9	A0A3Q0KKU5	6183.A0A3Q0KKS9	6183.A0A3Q0KKU5	0	0	0.174	0.627	0	0.235	0.254	0.074	0.505
A0A3Q0KKS9	A0A5K4FCV3	6183.A0A3Q0KKS9	6183.A0A5K4FCV3	0	0	0	0	0	0.056	0.386	0.233	0.516
A0A3Q0KKS9	Smp_053560	6183.A0A3Q0KKS9	6183.G4VJ06	0	0	0	0	0	0.080	0.330	0.289	0.523
A0A3Q0KKS9	Smp_058790	6183.A0A3Q0KKS9	6183.G4VQN8	0	0	0.209	0	0	0.235	0.254	0.074	0.526
A0A3Q0KKS9	Smp_014850	6183.A0A3Q0KKS9	6183.G4VBX5	0	0	0	0	0.071	0.190	0.397	0.114	0.544
A0A3Q0KKS9	Smp_044530	6183.A0A3Q0KKS9	6183.G4VQT2	0	0	0	0	0.118	0.344	0.258	0.075	0.549
A0A3Q0KKS9	Smp_073930.1	6183.A0A3Q0KKS9	6183.G4M056	0	0	0	0	0	0.281	0.395	0.127	0.587
A0A3Q0KKS9	Smp_139930	6183.A0A3Q0KKS9	6183.G4VR77	0	0	0	0	0.056	0.229	0.434	0.229	0.639
A0A3Q0KKS9	A0A3Q0KMP3	6183.A0A3Q0KKS9	6183.A0A3Q0KMP3	0	0	0	0	0.136	0.358	0.349	0.123	0.640
A0A3Q0KKS9	Smp_062950	6183.A0A3Q0KKS9	6183.G4M1G7	0	0	0	0	0.044	0.467	0.450	0.118	0.719
A0A3Q0KKS9	A0A3Q0KMQ4	6183.A0A3Q0KKS9	6183.A0A3Q0KMQ4	0	0	0.154	0.699	0.062	0.511	0.478	0.087	0.781
A0A3Q0KKS9	A0A3Q0KT01	6183.A0A3Q0KKS9	6183.A0A3Q0KT01	0	0	0.166	0.680	0.062	0.511	0.478	0.087	0.784
A0A3Q0KKS9	A0A3Q0KVD3	6183.A0A3Q0KKS9	6183.A0A3Q0KVD3	0	0	0.165	0.704	0.062	0.511	0.478	0.087	0.784
A0A3Q0KKS9	A0A3Q0KUT9	6183.A0A3Q0KKS9	6183.A0A3Q0KUT9	0	0	0	0	0	0.416	0.434	0.486	0.815
A0A3Q0KKS9	A0A5K4F5L7	6183.A0A3Q0KKS9	6183.A0A5K4F5L7	0	0	0	0	0.058	0.400	0.559	0.572	0.879
A0A3Q0KKU5	Smp_044530	6183.A0A3Q0KKU5	6183.G4VQT2	0	0	0	0	0.050	0.163	0.244	0.129	0.406
A0A3Q0KKU5	Smp_073510	6183.A0A3Q0KKU5	6183.G4V782	0	0	0	0	0	0.210	0.271	0.093	0.432
A0A3Q0KKU5	A0A3Q0KUT9	6183.A0A3Q0KKU5	6183.A0A3Q0KUT9	0	0	0	0	0	0.226	0.240	0.132	0.444
A0A3Q0KKU5	A0A5K4F9P7	6183.A0A3Q0KKU5	6183.A0A5K4F9P7	0	0	0	0	0	0.210	0.244	0.163	0.456
A0A3Q0KKU5	A0A5K4FEP7	6183.A0A3Q0KKU5	6183.A0A5K4FEP7	0	0	0.166	0.620	0	0.205	0.241	0.074	0.471
A0A3Q0KKU5	Smp_073490	6183.A0A3Q0KKU5	6183.G4V778	0	0	0.218	0	0	0.162	0.248	0.068	0.479
A0A3Q0KKU5	Smp_062950	6183.A0A3Q0KKU5	6183.G4M1G7	0	0	0	0	0.049	0.218	0.288	0.170	0.501
A0A3Q0KKU5	A0A3Q0KN52	6183.A0A3Q0KKU5	6183.A0A3Q0KN52	0	0	0	0	0	0.327	0.328	0	0.528
A0A3Q0KKU5	A0A3Q0KMQ4	6183.A0A3Q0KKU5	6183.A0A3Q0KMQ4	0	0	0.152	0.708	0.050	0.568	0.254	0.074	0.715
A0A3Q0KKU5	A0A3Q0KVD3	6183.A0A3Q0KKU5	6183.A0A3Q0KVD3	0	0	0.159	0.722	0.050	0.568	0.254	0.074	0.718
A0A3Q0KKU5	A0A3Q0KT01	6183.A0A3Q0KKU5	6183.A0A3Q0KT01	0	0	0.171	0.660	0.050	0.568	0.254	0.074	0.722
A0A3Q0KL07	A0A3Q0KND7	6183.A0A3Q0KL07	6183.A0A3Q0KND7	0	0	0	0	0.050	0.055	0.388	0	0.402
A0A3Q0KL07	Smp_053420	6183.A0A3Q0KL07	6183.G4VRK9	0	0	0	0	0.058	0.081	0	0.365	0.402
A0A3Q0KL07	A0A5K4F5Q6	6183.A0A3Q0KL07	6183.A0A5K4F5Q6	0	0	0	0	0	0.046	0.361	0.132	0.424
A0A3Q0KL07	A0A3Q0KS78	6183.A0A3Q0KL07	6183.A0A3Q0KS78	0	0	0	0	0	0.193	0.266	0.132	0.440
A0A3Q0KL07	A0A3Q0KQT0	6183.A0A3Q0KL07	6183.A0A3Q0KQT0	0	0	0	0	0.062	0.187	0.263	0.151	0.458
A0A3Q0KL07	A0A3Q0KQR2	6183.A0A3Q0KL07	6183.A0A3Q0KQR2	0	0	0	0	0	0.112	0.163	0.331	0.459
A0A3Q0KL07	A0A5K4F2D8	6183.A0A3Q0KL07	6183.A0A5K4F2D8	0	0	0	0	0.065	0.055	0.370	0.154	0.466
A0A3Q0KL07	A0A3Q0KRT5	6183.A0A3Q0KL07	6183.A0A3Q0KRT5	0	0	0	0	0	0	0	0.469	0.469
A0A3Q0KL07	Smp_073930.1	6183.A0A3Q0KL07	6183.G4M056	0	0	0	0	0	0.063	0.471	0.074	0.500
A0A3Q0KL07	A0A3Q0KUT9	6183.A0A3Q0KL07	6183.A0A3Q0KUT9	0	0	0	0	0	0.056	0.383	0.228	0.511
A0A3Q0KL07	A0A3Q0KS26	6183.A0A3Q0KL07	6183.A0A3Q0KS26	0	0	0	0	0	0.113	0.088	0.465	0.529
A0A3Q0KL07	A0A3Q0KSP5	6183.A0A3Q0KL07	6183.A0A3Q0KSP5	0	0	0	0.562	0	0	0.540	0	0.540
A0A3Q0KL07	A0A5K4F4I2	6183.A0A3Q0KL07	6183.A0A5K4F4I2	0	0	0	0.549	0	0	0.540	0	0.540
A0A3Q0KL07	A0A3Q0KLG3	6183.A0A3Q0KL07	6183.A0A3Q0KLG3	0	0	0	0	0.055	0.063	0.491	0.135	0.557
A0A3Q0KL07	Smp_062950	6183.A0A3Q0KL07	6183.G4M1G7	0	0	0	0	0	0.072	0.471	0.181	0.562
A0A3Q0KL07	A0A5K4FCV3	6183.A0A3Q0KL07	6183.A0A5K4FCV3	0	0	0	0	0.043	0.220	0.387	0.205	0.587
A0A3Q0KL07	A0A3Q0KLP6	6183.A0A3Q0KL07	6183.A0A3Q0KLP6	0	0	0	0	0.058	0.048	0.261	0.453	0.588
A0A3Q0KL07	A0A3Q0KMP3	6183.A0A3Q0KL07	6183.A0A3Q0KMP3	0	0	0	0	0	0.236	0.491	0.168	0.648
A0A3Q0KL07	A0A5K4F5L7	6183.A0A3Q0KL07	6183.A0A5K4F5L7	0	0	0	0	0	0.284	0.512	0.236	0.709
A0A3Q0KL07	A0A5K4FDV5	6183.A0A3Q0KL07	6183.A0A5K4FDV5	0	0	0	0	0.046	0.600	0.230	0.522	0.840
A0A3Q0KLC4	A0A5K4F9V5	6183.A0A3Q0KLC4	6183.A0A5K4F9V5	0	0	0	0.555	0	0	0.900	0	0.900
A0A3Q0KLC4	A0A3Q0KNV9	6183.A0A3Q0KLC4	6183.A0A3Q0KNV9	0	0	0.122	0.836	0.056	0	0.900	0	0.909
A0A3Q0KLC5	A0A3Q0KM47	6183.A0A3Q0KLC5	6183.A0A3Q0KM47	0	0	0	0	0	0.186	0	0.326	0.427
A0A3Q0KLC5	A0A3Q0KND7	6183.A0A3Q0KLC5	6183.A0A3Q0KND7	0	0	0	0	0	0.221	0	0.346	0.468
A0A3Q0KLG3	Smp_053420	6183.A0A3Q0KLG3	6183.G4VRK9	0	0	0	0	0	0.042	0.442	0	0.442
A0A3Q0KLG3	Smp_044530	6183.A0A3Q0KLG3	6183.G4VQT2	0	0	0	0	0	0.377	0.165	0.046	0.460
A0A3Q0KLG3	Smp_064040.1	6183.A0A3Q0KLG3	6183.G4VIN1	0	0	0	0	0	0.197	0.357	0	0.461
A0A3Q0KLG3	A0A3Q0KND7	6183.A0A3Q0KLG3	6183.A0A3Q0KND7	0	0	0	0	0	0.127	0.450	0.047	0.502
A0A3Q0KLG3	A0A3Q0KM47	6183.A0A3Q0KLG3	6183.A0A3Q0KM47	0	0	0	0	0	0.127	0.504	0.047	0.551
A0A3Q0KLG3	A0A3Q0KSP5	6183.A0A3Q0KLG3	6183.A0A3Q0KSP5	0	0	0	0	0.055	0.063	0.491	0.135	0.557
A0A3Q0KLG3	A0A5K4F4I2	6183.A0A3Q0KLG3	6183.A0A5K4F4I2	0	0	0	0	0.055	0.063	0.491	0.135	0.557
A0A3Q0KLG3	Smp_073340	6183.A0A3Q0KLG3	6183.G4VAB5	0	0	0	0	0	0.211	0.461	0.045	0.558
A0A3Q0KLG3	Smp_080730	6183.A0A3Q0KLG3	6183.G4VLX9	0	0	0	0	0	0.196	0.501	0	0.581
A0A3Q0KLG3	A0A3Q0KUT9	6183.A0A3Q0KLG3	6183.A0A3Q0KUT9	0	0	0	0	0	0.511	0.153	0.075	0.583
A0A3Q0KLG3	A0A3Q0KLP6	6183.A0A3Q0KLG3	6183.A0A3Q0KLP6	0	0	0	0	0	0.053	0.581	0	0.586
A0A3Q0KLG3	Smp_014850	6183.A0A3Q0KLG3	6183.G4VBX5	0	0	0	0	0	0.775	0.182	0.060	0.811
A0A3Q0KLG3	Smp_139930	6183.A0A3Q0KLG3	6183.G4VR77	0	0	0	0	0	0.796	0.112	0.164	0.835
A0A3Q0KLG3	Smp_062950	6183.A0A3Q0KLG3	6183.G4M1G7	0	0	0	0	0	0.820	0.165	0.048	0.844
A0A3Q0KLP6	A0A3Q0KMB2	6183.A0A3Q0KLP6	6183.A0A3Q0KMB2	0	0	0	0	0	0.050	0.418	0	0.423
A0A3Q0KLP6	Smp_008260	6183.A0A3Q0KLP6	6183.G4V7H6	0	0	0	0	0	0.358	0.151	0	0.431
A0A3Q0KLP6	A0A5K4FDV5	6183.A0A3Q0KLP6	6183.A0A5K4FDV5	0	0	0	0	0	0	0	0.450	0.450
A0A3Q0KLP6	Smp_072870	6183.A0A3Q0KLP6	6183.G4LW08	0	0	0	0	0.060	0.353	0.155	0.110	0.481
A0A3Q0KLP6	A0A3Q0KND7	6183.A0A3Q0KLP6	6183.A0A3Q0KND7	0	0	0	0	0	0.050	0.499	0	0.503
A0A3Q0KLP6	A0A3Q0KS78	6183.A0A3Q0KLP6	6183.A0A3Q0KS78	0	0	0	0	0.080	0.284	0.254	0.124	0.511
A0A3Q0KLP6	A0A5K4F5Q6	6183.A0A3Q0KLP6	6183.A0A5K4F5Q6	0	0	0	0	0	0.064	0	0.499	0.511
A0A3Q0KLP6	A0A5K4FCV3	6183.A0A3Q0KLP6	6183.A0A5K4FCV3	0	0	0	0	0.080	0.284	0.254	0.124	0.511
A0A3Q0KLP6	Smp_064040.1	6183.A0A3Q0KLP6	6183.G4VIN1	0	0	0	0	0	0.054	0.503	0.047	0.512
A0A3Q0KLP6	A0A3Q0KQT0	6183.A0A3Q0KLP6	6183.A0A3Q0KQT0	0	0	0	0	0.050	0.299	0.259	0.130	0.513
A0A3Q0KLP6	A0A5K4F5L7	6183.A0A3Q0KLP6	6183.A0A5K4F5L7	0	0	0	0	0.050	0.299	0.259	0.130	0.513
A0A3Q0KLP6	A0A3Q0KUT3	6183.A0A3Q0KLP6	6183.A0A3Q0KUT3	0	0	0	0	0	0.403	0.155	0.148	0.532
A0A3Q0KLP6	A0A3Q0KUY4	6183.A0A3Q0KLP6	6183.A0A3Q0KUY4	0	0	0	0	0	0.403	0.155	0.148	0.532
A0A3Q0KLP6	A0A3Q0KM47	6183.A0A3Q0KLP6	6183.A0A3Q0KM47	0	0	0	0	0.043	0.050	0.579	0	0.583
A0A3Q0KLP6	A0A3Q0KSP5	6183.A0A3Q0KLP6	6183.A0A3Q0KSP5	0	0	0	0	0.058	0.048	0.261	0.453	0.588
A0A3Q0KLP6	A0A5K4F4I2	6183.A0A3Q0KLP6	6183.A0A5K4F4I2	0	0	0	0	0.058	0.048	0.261	0.453	0.588
A0A3Q0KLP6	Smp_183710	6183.A0A3Q0KLP6	6183.G4VLW1	0	0	0	0	0.042	0.485	0.155	0.182	0.613
A0A3Q0KLP6	ACT1_SCHMA	6183.A0A3Q0KLP6	6183.P53470	0	0	0	0	0.042	0.485	0.155	0.182	0.613
A0A3Q0KLP6	ACT2_SCHMA	6183.A0A3Q0KLP6	6183.P53471	0	0	0	0	0.042	0.485	0.155	0.182	0.613
A0A3Q0KLP6	A0A3Q0KNV9	6183.A0A3Q0KLP6	6183.A0A3Q0KNV9	0	0	0	0	0.119	0.239	0	0.486	0.625
A0A3Q0KLP6	A0A5K4F186	6183.A0A3Q0KLP6	6183.A0A5K4F186	0	0	0	0	0.069	0.600	0	0.354	0.738
A0A3Q0KLP6	A0A5K4F2D8	6183.A0A3Q0KLP6	6183.A0A5K4F2D8	0	0	0	0	0.065	0.602	0.485	0.089	0.802
A0A3Q0KM47	Smp_062950	6183.A0A3Q0KM47	6183.G4M1G7	0	0	0	0	0	0	0.236	0.263	0.412
A0A3Q0KM47	A0A3Q0KQT7	6183.A0A3Q0KM47	6183.A0A3Q0KQT7	0	0	0.211	0.589	0	0.063	0.270	0	0.413
A0A3Q0KM47	A0A5K4F139	6183.A0A3Q0KM47	6183.A0A5K4F139	0	0	0	0	0	0.186	0	0.326	0.427
A0A3Q0KM47	A0A3Q0KUT9	6183.A0A3Q0KM47	6183.A0A3Q0KUT9	0	0	0	0	0	0.236	0.238	0.110	0.436
A0A3Q0KM47	Smp_139930	6183.A0A3Q0KM47	6183.G4VR77	0	0	0	0	0	0.236	0.202	0.157	0.441
A0A3Q0KM47	A0A3Q0KUQ9	6183.A0A3Q0KM47	6183.A0A3Q0KUQ9	0	0	0.187	0.626	0.044	0.207	0.198	0.049	0.444
A0A3Q0KM47	A0A5K4FEP7	6183.A0A3Q0KM47	6183.A0A5K4FEP7	0	0	0.205	0.577	0	0.127	0.243	0.075	0.448
A0A3Q0KM47	A0A5K4FC09	6183.A0A3Q0KM47	6183.A0A5K4FC09	0	0	0.207	0.589	0.044	0.207	0.198	0.049	0.457
A0A3Q0KM47	Smp_080730	6183.A0A3Q0KM47	6183.G4VLX9	0	0	0.150	0.742	0	0.236	0.237	0.055	0.469
A0A3Q0KM47	Smp_047870.1	6183.A0A3Q0KM47	6183.G4VDM2	0	0	0.233	0	0.064	0.186	0.156	0.098	0.474
A0A3Q0KM47	A0A3Q0KU31	6183.A0A3Q0KM47	6183.A0A3Q0KU31	0	0	0.201	0.634	0.044	0.271	0.198	0.057	0.502
A0A3Q0KM47	A0A3Q0KND7	6183.A0A3Q0KM47	6183.A0A3Q0KND7	0	0	0	0	0.049	0.350	0.272	0	0.510
A0A3Q0KM47	A0A5K4F0F8	6183.A0A3Q0KM47	6183.A0A5K4F0F8	0	0	0.179	0.640	0	0.218	0.251	0.120	0.520
A0A3Q0KM47	A0A3Q0KTP5	6183.A0A3Q0KM47	6183.A0A3Q0KTP5	0	0	0.197	0.600	0	0.218	0.251	0.120	0.530
A0A3Q0KM47	A0A3Q0KT26	6183.A0A3Q0KM47	6183.A0A3Q0KT26	0	0	0	0	0.070	0.073	0.503	0	0.534
A0A3Q0KM47	Smp_014850	6183.A0A3Q0KM47	6183.G4VBX5	0	0	0	0	0	0	0.557	0.077	0.573
A0A3Q0KM47	A0A3Q0KMQ4	6183.A0A3Q0KM47	6183.A0A3Q0KMQ4	0	0	0	0	0	0.127	0.484	0.135	0.576
A0A3Q0KM47	A0A3Q0KT01	6183.A0A3Q0KM47	6183.A0A3Q0KT01	0	0	0	0	0	0.127	0.484	0.135	0.576
A0A3Q0KM47	A0A3Q0KVD3	6183.A0A3Q0KM47	6183.A0A3Q0KVD3	0	0	0	0	0	0.127	0.484	0.135	0.576
A0A3Q0KM47	Smp_073930.1	6183.A0A3Q0KM47	6183.G4M056	0	0	0	0	0	0.470	0.156	0.131	0.577
A0A3Q0KM47	Smp_073490	6183.A0A3Q0KM47	6183.G4V778	0	0	0.208	0.575	0	0.359	0.274	0.074	0.613
A0A3Q0KM47	A0A3Q0KPZ7	6183.A0A3Q0KM47	6183.A0A3Q0KPZ7	0	0	0	0	0	0.368	0.335	0.170	0.620
A0A3Q0KM47	Smp_058790	6183.A0A3Q0KM47	6183.G4VQN8	0	0	0.338	0	0	0.229	0.269	0.114	0.625
A0A3Q0KM47	A0A5K4F9P7	6183.A0A3Q0KM47	6183.A0A5K4F9P7	0	0	0.205	0.609	0	0.206	0.344	0.228	0.637
A0A3Q0KM47	A0A5K4FBQ1	6183.A0A3Q0KM47	6183.A0A5K4FBQ1	0	0	0	0	0.048	0.334	0.469	0.053	0.638
A0A3Q0KM47	Smp_064040.1	6183.A0A3Q0KM47	6183.G4VIN1	0	0	0.179	0.630	0	0.232	0.468	0.077	0.648
A0A3Q0KM47	Smp_073510	6183.A0A3Q0KM47	6183.G4V782	0	0	0.208	0.603	0.051	0.796	0.514	0.230	0.932
A0A3Q0KM47	Smp_053560	6183.A0A3Q0KM47	6183.G4VJ06	0	0	0.199	0.620	0	0.869	0.588	0.249	0.963
A0A3Q0KMB2	A0A3Q0KU31	6183.A0A3Q0KMB2	6183.A0A3Q0KU31	0	0	0	0	0.044	0.271	0.198	0.057	0.402
A0A3Q0KMB2	Smp_139930	6183.A0A3Q0KMB2	6183.G4VR77	0	0	0	0	0	0.236	0.202	0.105	0.406
A0A3Q0KMB2	A0A5K4FAX4	6183.A0A3Q0KMB2	6183.A0A5K4FAX4	0	0	0.274	0	0	0.127	0.156	0	0.418
A0A3Q0KMB2	A0A5K4FC09	6183.A0A3Q0KMB2	6183.A0A5K4FC09	0	0	0.161	0.580	0.044	0.207	0.198	0.049	0.426
A0A3Q0KMB2	Smp_064040.1	6183.A0A3Q0KMB2	6183.G4VIN1	0	0	0	0	0	0.232	0.258	0.077	0.428
A0A3Q0KMB2	A0A3Q0KUQ9	6183.A0A3Q0KMB2	6183.A0A3Q0KUQ9	0	0	0.161	0.586	0.058	0.207	0.198	0.049	0.434
A0A3Q0KMB2	A0A3Q0KTP5	6183.A0A3Q0KMB2	6183.A0A3Q0KTP5	0	0	0	0	0	0.218	0.251	0.116	0.437
A0A3Q0KMB2	A0A5K4F0F8	6183.A0A3Q0KMB2	6183.A0A5K4F0F8	0	0	0	0	0	0.218	0.251	0.116	0.437
A0A3Q0KMB2	Smp_080730	6183.A0A3Q0KMB2	6183.G4VLX9	0	0	0	0	0	0.299	0.237	0.055	0.450
A0A3Q0KMB2	Smp_058790	6183.A0A3Q0KMB2	6183.G4VQN8	0	0	0.266	0	0	0.127	0.185	0.114	0.475
A0A3Q0KMB2	A0A5K4FBQ1	6183.A0A3Q0KMB2	6183.A0A5K4FBQ1	0	0	0	0	0.048	0.229	0.380	0	0.505
A0A3Q0KMB2	A0A5K4F9P7	6183.A0A3Q0KMB2	6183.A0A5K4F9P7	0	0	0	0	0	0.206	0.344	0.228	0.562
A0A3Q0KMB2	A0A3Q0KPZ7	6183.A0A3Q0KMB2	6183.A0A3Q0KPZ7	0	0	0	0	0	0.368	0.335	0.170	0.620
A0A3Q0KMB2	Smp_073510	6183.A0A3Q0KMB2	6183.G4V782	0	0	0	0	0	0.413	0.360	0.087	0.627
A0A3Q0KMB2	Smp_073490	6183.A0A3Q0KMB2	6183.G4V778	0	0	0.300	0	0.056	0.359	0.274	0.074	0.663
A0A3Q0KMB2	Smp_053560	6183.A0A3Q0KMB2	6183.G4VJ06	0	0	0	0	0	0.567	0.452	0.093	0.765
A0A3Q0KMP3	A0A3Q0KT26	6183.A0A3Q0KMP3	6183.A0A3Q0KT26	0	0	0.279	0	0	0.093	0	0.161	0.403
A0A3Q0KMP3	Smp_183710	6183.A0A3Q0KMP3	6183.G4VLW1	0	0	0	0	0	0.179	0.232	0.132	0.404
A0A3Q0KMP3	ACT1_SCHMA	6183.A0A3Q0KMP3	6183.P53470	0	0	0	0	0	0.179	0.232	0.132	0.404
A0A3Q0KMP3	ACT2_SCHMA	6183.A0A3Q0KMP3	6183.P53471	0	0	0	0	0	0.179	0.232	0.132	0.404
A0A3Q0KMP3	A0A5K4FC09	6183.A0A3Q0KMP3	6183.A0A5K4FC09	0	0	0.360	0	0	0.054	0.112	0	0.415
A0A3Q0KMP3	Smp_064040.1	6183.A0A3Q0KMP3	6183.G4VIN1	0	0	0.160	0.574	0	0	0.339	0	0.421
A0A3Q0KMP3	Smp_047870.1	6183.A0A3Q0KMP3	6183.G4VDM2	0	0	0.184	0.578	0.108	0.147	0.180	0	0.422
A0A3Q0KMP3	Smp_073510	6183.A0A3Q0KMP3	6183.G4V782	0	0	0.427	0	0	0	0	0	0.427
A0A3Q0KMP3	A0A5K4F8C3	6183.A0A3Q0KMP3	6183.A0A5K4F8C3	0	0	0	0	0	0.112	0	0.403	0.447
A0A3Q0KMP3	Smp_053420	6183.A0A3Q0KMP3	6183.G4VRK9	0	0	0	0	0	0	0	0.485	0.485
A0A3Q0KMP3	A0A3Q0KS78	6183.A0A3Q0KMP3	6183.A0A3Q0KS78	0	0	0	0	0	0.236	0.248	0.188	0.492
A0A3Q0KMP3	A0A3Q0KQT7	6183.A0A3Q0KMP3	6183.A0A3Q0KQT7	0	0	0.187	0.649	0	0.358	0.239	0	0.568
A0A3Q0KMP3	A0A5K4F1H5	6183.A0A3Q0KMP3	6183.A0A5K4F1H5	0	0	0	0	0	0	0	0.575	0.575
A0A3Q0KMP3	A0A5K4FEP7	6183.A0A3Q0KMP3	6183.A0A5K4FEP7	0	0	0.191	0.601	0	0.330	0.349	0.065	0.625
A0A3Q0KMP3	A0A5K4FCV3	6183.A0A3Q0KMP3	6183.A0A5K4FCV3	0	0	0	0	0	0.298	0.308	0.294	0.627
A0A3Q0KMP3	A0A3Q0KQT0	6183.A0A3Q0KMP3	6183.A0A3Q0KQT0	0	0	0	0	0	0.460	0.237	0.193	0.638
A0A3Q0KMP3	A0A3Q0KRT5	6183.A0A3Q0KMP3	6183.A0A3Q0KRT5	0	0	0	0	0	0	0	0.638	0.638
A0A3Q0KMP3	A0A3Q0KSP5	6183.A0A3Q0KMP3	6183.A0A3Q0KSP5	0	0	0	0	0	0.236	0.491	0.168	0.648
A0A3Q0KMP3	A0A5K4F4I2	6183.A0A3Q0KMP3	6183.A0A5K4F4I2	0	0	0	0	0	0.236	0.491	0.168	0.648
A0A3Q0KMP3	A0A3Q0KMQ4	6183.A0A3Q0KMP3	6183.A0A3Q0KMQ4	0	0	0	0	0.051	0.457	0.448	0.105	0.711
A0A3Q0KMP3	A0A3Q0KT01	6183.A0A3Q0KMP3	6183.A0A3Q0KT01	0	0	0	0	0.051	0.457	0.448	0.105	0.711
A0A3Q0KMP3	A0A3Q0KVD3	6183.A0A3Q0KMP3	6183.A0A3Q0KVD3	0	0	0	0	0.051	0.457	0.448	0.105	0.711
A0A3Q0KMP3	Smp_014850	6183.A0A3Q0KMP3	6183.G4VBX5	0	0	0	0	0	0.331	0.497	0.219	0.714
A0A3Q0KMP3	Smp_044530	6183.A0A3Q0KMP3	6183.G4VQT2	0	0	0	0	0.112	0.410	0.499	0.100	0.732
A0A3Q0KMP3	Smp_062950	6183.A0A3Q0KMP3	6183.G4M1G7	0	0	0	0	0.058	0.827	0.594	0.227	0.942
A0A3Q0KMP3	A0A5K4F5L7	6183.A0A3Q0KMP3	6183.A0A5K4F5L7	0	0	0	0	0	0.866	0.375	0.676	0.970
A0A3Q0KMQ4	Smp_058790	6183.A0A3Q0KMQ4	6183.G4VQN8	0	0	0	0	0	0.235	0.254	0.074	0.425
A0A3Q0KMQ4	Smp_047870.1	6183.A0A3Q0KMQ4	6183.G4VDM2	0	0	0	0	0	0.173	0.328	0.086	0.447
A0A3Q0KMQ4	Smp_080730	6183.A0A3Q0KMQ4	6183.G4VLX9	0	0	0	0	0.050	0.191	0.342	0	0.450
A0A3Q0KMQ4	Smp_064040.1	6183.A0A3Q0KMQ4	6183.G4VIN1	0	0	0.149	0.586	0.075	0.096	0.343	0	0.469
A0A3Q0KMQ4	A0A5K4FBP5	6183.A0A3Q0KMQ4	6183.A0A5K4FBP5	0	0	0	0	0.062	0.145	0.393	0	0.470
A0A3Q0KMQ4	A0A3Q0KQT7	6183.A0A3Q0KMQ4	6183.A0A3Q0KQT7	0	0	0.171	0.675	0.050	0.209	0.257	0.047	0.478
A0A3Q0KMQ4	A0A5K4F9P7	6183.A0A3Q0KMQ4	6183.A0A5K4F9P7	0	0	0.169	0.572	0	0.210	0.244	0.074	0.478
A0A3Q0KMQ4	A0A3Q0KUT9	6183.A0A3Q0KMQ4	6183.A0A3Q0KUT9	0	0	0	0	0	0.236	0.266	0.146	0.479
A0A3Q0KMQ4	A0A3Q0KND7	6183.A0A3Q0KMQ4	6183.A0A3Q0KND7	0	0	0	0	0	0.135	0.390	0.135	0.503
A0A3Q0KMQ4	Smp_044530	6183.A0A3Q0KMQ4	6183.G4VQT2	0	0	0	0	0.059	0.344	0.258	0.075	0.519
A0A3Q0KMQ4	A0A5K4F9Q1	6183.A0A3Q0KMQ4	6183.A0A5K4F9Q1	0	0	0.160	0.689	0.062	0.145	0.393	0	0.536
A0A3Q0KMQ4	Smp_053560	6183.A0A3Q0KMQ4	6183.G4VJ06	0	0	0.139	0.594	0.056	0.080	0.436	0.087	0.544
A0A3Q0KMQ4	Smp_073340	6183.A0A3Q0KMQ4	6183.G4VAB5	0	0	0	0	0	0.162	0.482	0	0.547
A0A3Q0KMQ4	Smp_014850	6183.A0A3Q0KMQ4	6183.G4VBX5	0	0	0	0	0	0.211	0.490	0.068	0.592
A0A3Q0KMQ4	Smp_139930	6183.A0A3Q0KMQ4	6183.G4VR77	0	0	0	0	0.056	0.286	0.500	0.112	0.660
A0A3Q0KMQ4	Smp_073930.1	6183.A0A3Q0KMQ4	6183.G4M056	0	0	0.210	0.572	0.062	0.235	0.488	0.077	0.683
A0A3Q0KMQ4	A0A5K4F5L7	6183.A0A3Q0KMQ4	6183.A0A5K4F5L7	0	0	0	0	0	0.290	0.504	0.256	0.715
A0A3Q0KMQ4	Smp_062950	6183.A0A3Q0KMQ4	6183.G4M1G7	0	0	0	0	0.044	0.600	0.467	0.167	0.807
A0A3Q0KN52	Smp_073490	6183.A0A3Q0KN52	6183.G4V778	0	0	0.445	0	0	0	0	0	0.445
A0A3Q0KN52	Smp_058790	6183.A0A3Q0KN52	6183.G4VQN8	0	0	0.374	0	0	0.327	0.929	0	0.967
A0A3Q0KND7	A0A3Q0KSV9	6183.A0A3Q0KND7	6183.A0A3Q0KSV9	0	0	0	0	0	0.401	0	0	0.401
A0A3Q0KND7	Smp_080730	6183.A0A3Q0KND7	6183.G4VLX9	0	0	0	0	0	0.236	0.237	0.055	0.401
A0A3Q0KND7	A0A3Q0KSP5	6183.A0A3Q0KND7	6183.A0A3Q0KSP5	0	0	0	0	0.050	0.055	0.388	0	0.402
A0A3Q0KND7	A0A5K4F4I2	6183.A0A3Q0KND7	6183.A0A5K4F4I2	0	0	0	0	0.050	0.055	0.388	0	0.402
A0A3Q0KND7	Smp_139930	6183.A0A3Q0KND7	6183.G4VR77	0	0	0	0	0	0.236	0.202	0.105	0.406
A0A3Q0KND7	A0A5K4FC09	6183.A0A3Q0KND7	6183.A0A5K4FC09	0	0	0.157	0.594	0.044	0.207	0.198	0.049	0.423
A0A3Q0KND7	A0A5K4FEP7	6183.A0A3Q0KND7	6183.A0A5K4FEP7	0	0	0.179	0.600	0	0.127	0.243	0.075	0.430
A0A3Q0KND7	Smp_073930.1	6183.A0A3Q0KND7	6183.G4M056	0	0	0	0	0.044	0.295	0.156	0.117	0.430
A0A3Q0KND7	A0A5K4F0F8	6183.A0A3Q0KND7	6183.A0A5K4F0F8	0	0	0	0	0	0.218	0.251	0.116	0.437
A0A3Q0KND7	A0A5K4FAX4	6183.A0A3Q0KND7	6183.A0A5K4FAX4	0	0	0.305	0	0	0.127	0.156	0	0.443
A0A3Q0KND7	A0A5K4F5L7	6183.A0A3Q0KND7	6183.A0A5K4F5L7	0	0	0	0	0	0.411	0	0.113	0.455
A0A3Q0KND7	A0A3Q0KT26	6183.A0A3Q0KND7	6183.A0A3Q0KT26	0	0	0	0	0.065	0.058	0.432	0	0.456
A0A3Q0KND7	A0A5K4F139	6183.A0A3Q0KND7	6183.A0A5K4F139	0	0	0	0	0	0.221	0	0.346	0.468
A0A3Q0KND7	A0A3Q0KU31	6183.A0A3Q0KND7	6183.A0A3Q0KU31	0	0	0.167	0.651	0.044	0.271	0.198	0.057	0.480
A0A3Q0KND7	A0A3Q0KTP5	6183.A0A3Q0KND7	6183.A0A3Q0KTP5	0	0	0.151	0.601	0	0.218	0.251	0.116	0.501
A0A3Q0KND7	A0A3Q0KT01	6183.A0A3Q0KND7	6183.A0A3Q0KT01	0	0	0	0	0	0.135	0.390	0.135	0.503
A0A3Q0KND7	A0A3Q0KVD3	6183.A0A3Q0KND7	6183.A0A3Q0KVD3	0	0	0	0	0	0.135	0.390	0.135	0.503
A0A3Q0KND7	A0A3Q0KQT7	6183.A0A3Q0KND7	6183.A0A3Q0KQT7	0	0	0.189	0.597	0	0.074	0.399	0	0.509
A0A3Q0KND7	Smp_058790	6183.A0A3Q0KND7	6183.G4VQN8	0	0	0.221	0	0	0.177	0.239	0.114	0.509
A0A3Q0KND7	A0A3Q0KUT9	6183.A0A3Q0KND7	6183.A0A3Q0KUT9	0	0	0	0	0	0.354	0.238	0.086	0.510
A0A3Q0KND7	Smp_014850	6183.A0A3Q0KND7	6183.G4VBX5	0	0	0	0	0	0	0.491	0.108	0.526
A0A3Q0KND7	A0A5K4F9P7	6183.A0A3Q0KND7	6183.A0A5K4F9P7	0	0	0	0	0	0.206	0.344	0.228	0.562
A0A3Q0KND7	Smp_064040.1	6183.A0A3Q0KND7	6183.G4VIN1	0	0	0.155	0.627	0	0.232	0.356	0.077	0.562
A0A3Q0KND7	Smp_073490	6183.A0A3Q0KND7	6183.G4V778	0	0	0.157	0.584	0.056	0.359	0.274	0.074	0.594
A0A3Q0KND7	Smp_062950	6183.A0A3Q0KND7	6183.G4M1G7	0	0	0	0	0	0	0.247	0.485	0.595
A0A3Q0KND7	Smp_073510	6183.A0A3Q0KND7	6183.G4V782	0	0	0.160	0.639	0.043	0.587	0.472	0.129	0.819
A0A3Q0KND7	Smp_053560	6183.A0A3Q0KND7	6183.G4VJ06	0	0	0.179	0.612	0	0.756	0.505	0.138	0.903
A0A3Q0KND7	A0A3Q0KPZ7	6183.A0A3Q0KND7	6183.A0A3Q0KPZ7	0	0	0	0.581	0	0.368	0.930	0.170	0.960
A0A3Q0KND7	A0A5K4FBQ1	6183.A0A3Q0KND7	6183.A0A5K4FBQ1	0	0	0	0.631	0.048	0.416	0.947	0.074	0.969
A0A3Q0KNI6	Q5UES2_SCHMA	6183.A0A3Q0KNI6	6183.Q5UES2	0	0	0	0	0	0.585	0	0.082	0.602
A0A3Q0KNU8	Smp_058790	6183.A0A3Q0KNU8	6183.G4VQN8	0	0	0.338	0	0	0.073	0.209	0.045	0.474
A0A3Q0KNU8	Smp_090890	6183.A0A3Q0KNU8	6183.G4V8L0	0	0	0.181	0.557	0.063	0.232	0.259	0.084	0.527
A0A3Q0KNU8	Smp_094190	6183.A0A3Q0KNU8	6183.G4VR00	0	0	0.192	0.626	0.056	0.232	0.259	0.084	0.529
A0A3Q0KNU8	A0A5K4F157	6183.A0A3Q0KNU8	6183.A0A5K4F157	0	0	0.217	0.581	0	0.232	0.259	0.084	0.537
A0A3Q0KNU8	A0A3Q0KR27	6183.A0A3Q0KNU8	6183.A0A3Q0KR27	0	0	0.170	0.571	0	0.601	0	0.236	0.724
A0A3Q0KNV9	Smp_064040.1	6183.A0A3Q0KNV9	6183.G4VIN1	0	0	0	0	0	0.055	0.412	0	0.420
A0A3Q0KNV9	Smp_014850	6183.A0A3Q0KNV9	6183.G4VBX5	0	0	0	0	0	0	0.506	0	0.506
A0A3Q0KNV9	Smp_062950	6183.A0A3Q0KNV9	6183.G4M1G7	0	0	0	0	0	0	0.586	0.068	0.597
A0A3Q0KNV9	Smp_093230	6183.A0A3Q0KNV9	6183.G4V8Q5	0	0	0	0	0	0.217	0.507	0.053	0.602
A0A3Q0KNV9	A0A5K4F5Q6	6183.A0A3Q0KNV9	6183.A0A5K4F5Q6	0	0	0	0	0.122	0.132	0.448	0.185	0.611
A0A3Q0KNV9	A0A3Q0KUT3	6183.A0A3Q0KNV9	6183.A0A3Q0KUT3	0	0	0	0	0	0.485	0.236	0.099	0.614
A0A3Q0KNV9	A0A3Q0KUY4	6183.A0A3Q0KNV9	6183.A0A3Q0KUY4	0	0	0	0	0	0.485	0.236	0.099	0.614
A0A3Q0KNV9	Smp_072870	6183.A0A3Q0KNV9	6183.G4LW08	0	0	0	0	0	0.444	0.417	0.074	0.673
A0A3Q0KNV9	Smp_183710	6183.A0A3Q0KNV9	6183.G4VLW1	0	0	0	0	0	0.588	0.236	0.116	0.697
A0A3Q0KNV9	ACT1_SCHMA	6183.A0A3Q0KNV9	6183.P53470	0	0	0	0	0	0.588	0.236	0.116	0.697
A0A3Q0KNV9	ACT2_SCHMA	6183.A0A3Q0KNV9	6183.P53471	0	0	0	0	0	0.588	0.236	0.116	0.697
A0A3Q0KNV9	A0A5K4F9V5	6183.A0A3Q0KNV9	6183.A0A5K4F9V5	0	0	0	0.610	0	0	0.900	0	0.900
A0A3Q0KPZ7	Smp_047870.1	6183.A0A3Q0KPZ7	6183.G4VDM2	0	0	0	0	0	0.236	0.185	0.127	0.408
A0A3Q0KPZ7	Smp_064040.1	6183.A0A3Q0KPZ7	6183.G4VIN1	0	0	0.214	0.582	0.091	0.236	0	0.114	0.451
A0A3Q0KPZ7	A0A5K4FEP7	6183.A0A3Q0KPZ7	6183.A0A5K4FEP7	0	0	0.193	0.562	0	0.179	0.262	0.046	0.471
A0A3Q0KPZ7	Smp_090890	6183.A0A3Q0KPZ7	6183.G4V8L0	0	0	0.367	0	0.056	0.180	0	0.058	0.476
A0A3Q0KPZ7	A0A3Q0KU31	6183.A0A3Q0KPZ7	6183.A0A3Q0KU31	0	0	0.376	0	0	0.113	0.101	0.086	0.484
A0A3Q0KPZ7	Smp_058790	6183.A0A3Q0KPZ7	6183.G4VQN8	0	0	0.398	0	0	0.179	0.158	0.046	0.549
A0A3Q0KPZ7	Smp_096640	6183.A0A3Q0KPZ7	6183.G4VR95	0	0	0.175	0.613	0.056	0.242	0.215	0.198	0.560
A0A3Q0KPZ7	Smp_080730	6183.A0A3Q0KPZ7	6183.G4VLX9	0	0	0.179	0.578	0.116	0.148	0.327	0.117	0.565
A0A3Q0KQR2	Smp_062950	6183.A0A3Q0KQR2	6183.G4M1G7	0	0	0	0	0	0.180	0.235	0.152	0.421
A0A3Q0KQR2	A0A3Q0KSP5	6183.A0A3Q0KQR2	6183.A0A3Q0KSP5	0	0	0	0	0	0.112	0.163	0.331	0.459
A0A3Q0KQR2	A0A5K4F4I2	6183.A0A3Q0KQR2	6183.A0A5K4F4I2	0	0	0	0	0	0.112	0.163	0.331	0.459
A0A3Q0KQS2	Smp_058790	6183.A0A3Q0KQS2	6183.G4VQN8	0	0	0.407	0	0.063	0	0	0	0.420
A0A3Q0KQT0	Smp_183710	6183.A0A3Q0KQT0	6183.G4VLW1	0	0	0	0	0	0.222	0.153	0.163	0.400
A0A3Q0KQT0	ACT1_SCHMA	6183.A0A3Q0KQT0	6183.P53470	0	0	0	0	0	0.222	0.153	0.163	0.400
A0A3Q0KQT0	ACT2_SCHMA	6183.A0A3Q0KQT0	6183.P53471	0	0	0	0	0	0.222	0.153	0.163	0.400
A0A3Q0KQT0	A0A3Q0KQT7	6183.A0A3Q0KQT0	6183.A0A3Q0KQT7	0	0	0	0	0	0.208	0.258	0.068	0.404
A0A3Q0KQT0	A0A5K4FCV3	6183.A0A3Q0KQT0	6183.A0A5K4FCV3	0	0	0	0	0.050	0.142	0.255	0.160	0.421
A0A3Q0KQT0	A0A3Q0KSP5	6183.A0A3Q0KQT0	6183.A0A3Q0KSP5	0	0	0	0	0.062	0.187	0.263	0.151	0.458
A0A3Q0KQT0	A0A5K4F4I2	6183.A0A3Q0KQT0	6183.A0A5K4F4I2	0	0	0	0	0.062	0.187	0.263	0.151	0.458
A0A3Q0KQT0	A0A3Q0KVF2	6183.A0A3Q0KQT0	6183.A0A3Q0KVF2	0	0	0	0	0.048	0.148	0.094	0.403	0.502
A0A3Q0KQT0	A0A5K4F2D8	6183.A0A3Q0KQT0	6183.A0A5K4F2D8	0	0	0	0	0.098	0.299	0.259	0.223	0.587
A0A3Q0KQT0	A0A5K4F5L7	6183.A0A3Q0KQT0	6183.A0A5K4F5L7	0	0	0.130	0.618	0.096	0.137	0.540	0.049	0.648
A0A3Q0KQT0	Smp_053420	6183.A0A3Q0KQT0	6183.G4VRK9	0	0	0	0	0.071	0	0	0.639	0.650
A0A3Q0KQT0	Smp_014780.2	6183.A0A3Q0KQT0	6183.G4VBW4	0	0	0	0	0.123	0.665	0	0.269	0.766
A0A3Q0KQT7	Smp_090890	6183.A0A3Q0KQT7	6183.G4V8L0	0	0	0.411	0	0	0	0	0	0.411
A0A3Q0KQT7	Smp_073930.1	6183.A0A3Q0KQT7	6183.G4M056	0	0	0.170	0.562	0	0.144	0.108	0.185	0.414
A0A3Q0KQT7	Smp_053560	6183.A0A3Q0KQT7	6183.G4VJ06	0	0	0.233	0.577	0	0	0.249	0.113	0.444
A0A3Q0KQT7	A0A5K4FEP7	6183.A0A3Q0KQT7	6183.A0A5K4FEP7	0	0	0.232	0.610	0	0.160	0.219	0.047	0.455
A0A3Q0KQT7	A0A3Q0KVD3	6183.A0A3Q0KQT7	6183.A0A3Q0KVD3	0	0	0.166	0.671	0.050	0.209	0.257	0.047	0.475
A0A3Q0KQT7	A0A3Q0KT01	6183.A0A3Q0KQT7	6183.A0A3Q0KT01	0	0	0.170	0.676	0.050	0.209	0.257	0.047	0.477
A0A3Q0KQT7	Smp_014850	6183.A0A3Q0KQT7	6183.G4VBX5	0	0	0	0	0	0.221	0.394	0	0.507
A0A3Q0KQT7	Smp_044530	6183.A0A3Q0KQT7	6183.G4VQT2	0	0	0	0	0	0.342	0.336	0.100	0.572
A0A3Q0KQT7	A0A3Q0KUT9	6183.A0A3Q0KQT7	6183.A0A3Q0KUT9	0	0	0	0	0.050	0.490	0.270	0.198	0.678
A0A3Q0KQT7	Smp_062950	6183.A0A3Q0KQT7	6183.G4M1G7	0	0	0	0	0	0.716	0.485	0.408	0.905
A0A3Q0KR27	A0A5K4FAX4	6183.A0A3Q0KR27	6183.A0A5K4FAX4	0	0	0.351	0	0	0.073	0.084	0	0.400
A0A3Q0KR27	A0A5K4FEP7	6183.A0A3Q0KR27	6183.A0A5K4FEP7	0	0	0.410	0	0	0.073	0.084	0	0.455
A0A3Q0KR27	Smp_090890	6183.A0A3Q0KR27	6183.G4V8L0	0	0	0.178	0.552	0	0.232	0.259	0.084	0.514
A0A3Q0KR27	Smp_094190	6183.A0A3Q0KR27	6183.G4VR00	0	0	0.189	0.568	0	0.232	0.259	0.084	0.520
A0A3Q0KR27	Smp_058790	6183.A0A3Q0KR27	6183.G4VQN8	0	0	0.440	0	0	0.073	0.242	0.046	0.574
A0A3Q0KR27	A0A5K4F157	6183.A0A3Q0KR27	6183.A0A5K4F157	0	0	0.180	0.562	0.050	0.601	0.506	0.193	0.853
A0A3Q0KRK7	A0A5K4FDV5	6183.A0A3Q0KRK7	6183.A0A5K4FDV5	0	0	0	0	0	0.218	0.152	0.189	0.415
A0A3Q0KRK7	Smp_077180	6183.A0A3Q0KRK7	6183.G4VTW8	0	0	0.192	0.632	0.182	0.142	0	0.135	0.443
A0A3Q0KRK7	Smp_063040	6183.A0A3Q0KRK7	6183.G4LXV8	0	0	0	0	0.170	0.118	0.152	0.226	0.455
A0A3Q0KRK7	Smp_080730	6183.A0A3Q0KRK7	6183.G4VLX9	0	0	0.194	0.660	0.313	0.337	0.248	0.146	0.721
A0A3Q0KRK7	Q5UES2_SCHMA	6183.A0A3Q0KRK7	6183.Q5UES2	0	0	0	0	0.351	0.818	0.499	0.316	0.954
A0A3Q0KRT5	A0A3Q0KSP5	6183.A0A3Q0KRT5	6183.A0A3Q0KSP5	0	0	0	0	0	0	0	0.469	0.469
A0A3Q0KRT5	A0A5K4F4I2	6183.A0A3Q0KRT5	6183.A0A5K4F4I2	0	0	0	0	0	0	0	0.469	0.469
A0A3Q0KRT5	A0A5K4FCV3	6183.A0A3Q0KRT5	6183.A0A5K4FCV3	0	0	0	0	0	0	0	0.486	0.486
A0A3Q0KRT5	A0A5K4F2D8	6183.A0A3Q0KRT5	6183.A0A5K4F2D8	0	0	0	0	0.050	0	0	0.484	0.488
A0A3Q0KRT5	Smp_014850	6183.A0A3Q0KRT5	6183.G4VBX5	0	0	0	0	0	0.600	0	0.214	0.672
A0A3Q0KRT5	Smp_053420	6183.A0A3Q0KRT5	6183.G4VRK9	0	0	0	0	0.182	0.781	0	0.808	0.962
A0A3Q0KS26	Q5UES2_SCHMA	6183.A0A3Q0KS26	6183.Q5UES2	0	0	0	0	0	0.234	0.237	0.091	0.422
A0A3Q0KS26	A0A3Q0KSP5	6183.A0A3Q0KS26	6183.A0A3Q0KSP5	0	0	0	0	0	0.113	0.088	0.465	0.529
A0A3Q0KS26	A0A5K4F4I2	6183.A0A3Q0KS26	6183.A0A5K4F4I2	0	0	0	0	0	0.113	0.088	0.465	0.529
A0A3Q0KS26	Smp_062950	6183.A0A3Q0KS26	6183.G4M1G7	0	0	0	0	0	0	0.156	0.554	0.607
A0A3Q0KS26	A0A5K4FDV5	6183.A0A3Q0KS26	6183.A0A5K4FDV5	0	0	0	0	0.525	0.875	0.558	0.624	0.988
A0A3Q0KS26	Smp_148790	6183.A0A3Q0KS26	6183.G4LWP4	0	0	0	0.660	0.850	0.867	0.948	0.334	0.999
A0A3Q0KS78	A0A3Q0KSP5	6183.A0A3Q0KS78	6183.A0A3Q0KSP5	0	0	0	0	0	0.193	0.266	0.132	0.440
A0A3Q0KS78	A0A5K4F4I2	6183.A0A3Q0KS78	6183.A0A5K4F4I2	0	0	0	0	0	0.193	0.266	0.132	0.440
A0A3Q0KS78	Smp_077850	6183.A0A3Q0KS78	6183.G4VL76	0	0	0	0	0	0.088	0.228	0.269	0.440
A0A3Q0KS78	Smp_077860	6183.A0A3Q0KS78	6183.G4VL77	0	0	0	0	0	0.088	0.228	0.269	0.440
A0A3Q0KS78	A0A5K4F2D8	6183.A0A3Q0KS78	6183.A0A5K4F2D8	0	0	0	0	0.191	0.307	0.259	0.131	0.590
A0A3Q0KS78	A0A5K4F5L7	6183.A0A3Q0KS78	6183.A0A5K4F5L7	0	0	0	0	0	0.244	0.463	0.397	0.733
A0A3Q0KS78	A0A5K4FCV3	6183.A0A3Q0KS78	6183.A0A5K4FCV3	0	0	0.216	0.641	0	0	0.900	0	0.918
A0A3Q0KSP5	Smp_053420	6183.A0A3Q0KSP5	6183.G4VRK9	0	0	0	0	0.058	0.081	0	0.365	0.402
A0A3Q0KSP5	A0A5K4F5Q6	6183.A0A3Q0KSP5	6183.A0A5K4F5Q6	0	0	0	0	0	0.046	0.361	0.132	0.424
A0A3Q0KSP5	A0A5K4F2D8	6183.A0A3Q0KSP5	6183.A0A5K4F2D8	0	0	0	0	0.065	0.055	0.370	0.154	0.466
A0A3Q0KSP5	Smp_073930.1	6183.A0A3Q0KSP5	6183.G4M056	0	0	0	0	0	0.063	0.471	0.074	0.500
A0A3Q0KSP5	A0A3Q0KUT9	6183.A0A3Q0KSP5	6183.A0A3Q0KUT9	0	0	0	0	0	0.056	0.383	0.228	0.511
A0A3Q0KSP5	A0A5K4F4I2	6183.A0A3Q0KSP5	6183.A0A5K4F4I2	0	0	0	0.547	0	0	0.540	0	0.540
A0A3Q0KSP5	Smp_062950	6183.A0A3Q0KSP5	6183.G4M1G7	0	0	0	0	0	0.072	0.471	0.181	0.562
A0A3Q0KSP5	A0A5K4FCV3	6183.A0A3Q0KSP5	6183.A0A5K4FCV3	0	0	0	0	0.043	0.220	0.387	0.205	0.587
A0A3Q0KSP5	A0A5K4F5L7	6183.A0A3Q0KSP5	6183.A0A5K4F5L7	0	0	0	0	0	0.284	0.512	0.236	0.709
A0A3Q0KSP5	A0A5K4FDV5	6183.A0A3Q0KSP5	6183.A0A5K4FDV5	0	0	0	0	0.046	0.600	0.230	0.522	0.840
A0A3Q0KSV9	Smp_080730	6183.A0A3Q0KSV9	6183.G4VLX9	0	0	0.169	0.605	0.063	0.411	0	0.253	0.611
A0A3Q0KSV9	Q5UES2_SCHMA	6183.A0A3Q0KSV9	6183.Q5UES2	0	0	0	0	0.146	0.822	0	0.354	0.893
A0A3Q0KSV9	Smp_077180	6183.A0A3Q0KSV9	6183.G4VTW8	0	0	0	0	0.180	0.891	0.502	0.437	0.971
A0A3Q0KSZ5	A0A5K4F8P4	6183.A0A3Q0KSZ5	6183.A0A5K4F8P4	0	0	0	0	0.079	0.055	0.370	0.047	0.407
A0A3Q0KSZ5	Smp_008260	6183.A0A3Q0KSZ5	6183.G4V7H6	0	0	0	0	0	0.232	0.435	0.628	0.824
A0A3Q0KSZ5	A0A3Q0KUC3	6183.A0A3Q0KSZ5	6183.A0A3Q0KUC3	0	0	0	0	0.069	0.767	0.371	0	0.851
A0A3Q0KSZ5	Q5UES2_SCHMA	6183.A0A3Q0KSZ5	6183.Q5UES2	0	0	0	0	0.050	0.083	0.753	0.484	0.874
A0A3Q0KT01	Smp_058790	6183.A0A3Q0KT01	6183.G4VQN8	0	0	0	0	0	0.235	0.254	0.074	0.425
A0A3Q0KT01	Smp_047870.1	6183.A0A3Q0KT01	6183.G4VDM2	0	0	0	0	0	0.173	0.328	0.086	0.447
A0A3Q0KT01	Smp_080730	6183.A0A3Q0KT01	6183.G4VLX9	0	0	0	0	0.050	0.191	0.342	0	0.450
A0A3Q0KT01	Smp_064040.1	6183.A0A3Q0KT01	6183.G4VIN1	0	0	0.152	0.577	0.061	0.096	0.343	0	0.463
A0A3Q0KT01	A0A5K4FBP5	6183.A0A3Q0KT01	6183.A0A5K4FBP5	0	0	0	0	0.062	0.145	0.393	0	0.470
A0A3Q0KT01	A0A5K4F9P7	6183.A0A3Q0KT01	6183.A0A5K4F9P7	0	0	0.167	0.581	0	0.210	0.244	0.074	0.477
A0A3Q0KT01	A0A3Q0KUT9	6183.A0A3Q0KT01	6183.A0A3Q0KUT9	0	0	0	0	0	0.236	0.266	0.146	0.479
A0A3Q0KT01	Smp_053560	6183.A0A3Q0KT01	6183.G4VJ06	0	0	0	0	0	0.080	0.436	0.087	0.484
A0A3Q0KT01	Smp_044530	6183.A0A3Q0KT01	6183.G4VQT2	0	0	0	0	0.059	0.344	0.258	0.075	0.519
A0A3Q0KT01	Smp_073340	6183.A0A3Q0KT01	6183.G4VAB5	0	0	0	0	0	0.162	0.482	0	0.547
A0A3Q0KT01	A0A5K4F9Q1	6183.A0A3Q0KT01	6183.A0A5K4F9Q1	0	0	0.196	0.622	0.062	0.145	0.393	0	0.556
A0A3Q0KT01	Smp_014850	6183.A0A3Q0KT01	6183.G4VBX5	0	0	0	0	0	0.211	0.490	0.068	0.592
A0A3Q0KT01	Smp_139930	6183.A0A3Q0KT01	6183.G4VR77	0	0	0	0	0.056	0.286	0.500	0.112	0.660
A0A3Q0KT01	Smp_073930.1	6183.A0A3Q0KT01	6183.G4M056	0	0	0.219	0.575	0	0.235	0.488	0.077	0.679
A0A3Q0KT01	A0A5K4F5L7	6183.A0A3Q0KT01	6183.A0A5K4F5L7	0	0	0	0	0	0.290	0.504	0.256	0.715
A0A3Q0KT01	Smp_062950	6183.A0A3Q0KT01	6183.G4M1G7	0	0	0	0	0.044	0.600	0.467	0.167	0.807
A0A3Q0KT26	A0A3Q0KUT9	6183.A0A3Q0KT26	6183.A0A3Q0KUT9	0	0	0	0	0.046	0	0	0.402	0.405
A0A3Q0KT26	A0A5K4F5L7	6183.A0A3Q0KT26	6183.A0A5K4F5L7	0	0	0	0	0	0.506	0	0.080	0.526
A0A3Q0KT26	Smp_062950	6183.A0A3Q0KT26	6183.G4M1G7	0	0	0	0	0	0.485	0	0.120	0.527
A0A3Q0KT26	Smp_063040	6183.A0A3Q0KT26	6183.G4LXV8	0	0	0	0	0.043	0.048	0	0.621	0.624
A0A3Q0KT26	Smp_073490	6183.A0A3Q0KT26	6183.G4V778	0	0	0.190	0.578	0.070	0.178	0.491	0.123	0.673
A0A3Q0KT26	Smp_073510	6183.A0A3Q0KT26	6183.G4V782	0	0	0.191	0.615	0.056	0.211	0.554	0.198	0.745
A0A3Q0KT26	Smp_053560	6183.A0A3Q0KT26	6183.G4VJ06	0	0	0.189	0.590	0	0.280	0.604	0.069	0.755
A0A3Q0KT26	Smp_058790	6183.A0A3Q0KT26	6183.G4VQN8	0	0	0.323	0	0.078	0.826	0	0.112	0.890
A0A3Q0KTH6	A0A5K4FEP7	6183.A0A3Q0KTH6	6183.A0A5K4FEP7	0	0	0.182	0.569	0	0.160	0.219	0.047	0.420
A0A3Q0KTH6	Smp_053560	6183.A0A3Q0KTH6	6183.G4VJ06	0	0	0.249	0	0	0	0.249	0.113	0.456
A0A3Q0KTH6	Smp_047870.1	6183.A0A3Q0KTH6	6183.G4VDM2	0	0	0.381	0	0	0.081	0.165	0	0.483
A0A3Q0KTH6	A0A3Q0KUT9	6183.A0A3Q0KTH6	6183.A0A3Q0KUT9	0	0	0	0	0.050	0.297	0.262	0.082	0.486
A0A3Q0KTH6	Smp_058790	6183.A0A3Q0KTH6	6183.G4VQN8	0	0	0.376	0	0	0.112	0.137	0.070	0.495
A0A3Q0KTH6	Smp_014850	6183.A0A3Q0KTH6	6183.G4VBX5	0	0	0	0	0	0.221	0.394	0	0.507
A0A3Q0KTH6	Smp_062950	6183.A0A3Q0KTH6	6183.G4M1G7	0	0	0	0	0	0.342	0.336	0.100	0.572
A0A3Q0KTH6	Smp_044530	6183.A0A3Q0KTH6	6183.G4VQT2	0	0	0	0	0	0.342	0.336	0.100	0.572
A0A3Q0KTP5	A0A5K4FEP7	6183.A0A3Q0KTP5	6183.A0A5K4FEP7	0	0	0.241	0.557	0	0.147	0.156	0	0.405
A0A3Q0KTP5	A0A3Q0KUC3	6183.A0A3Q0KTP5	6183.A0A3Q0KUC3	0	0	0.299	0	0	0	0.204	0	0.418
A0A3Q0KTP5	Smp_080730	6183.A0A3Q0KTP5	6183.G4VLX9	0	0	0.221	0.595	0	0.236	0.070	0.074	0.418
A0A3Q0KTP5	Smp_097940	6183.A0A3Q0KTP5	6183.C1M0Q3	0	0	0.154	0.624	0	0.359	0	0	0.434
A0A3Q0KTP5	A0A5K4F157	6183.A0A3Q0KTP5	6183.A0A5K4F157	0	0	0.235	0.599	0	0.282	0	0.075	0.447
A0A3Q0KTP5	Smp_073930.1	6183.A0A3Q0KTP5	6183.G4M056	0	0	0	0	0.101	0.594	0.508	0.193	0.835
A0A3Q0KU20	A0A5K4F413	6183.A0A3Q0KU20	6183.A0A5K4F413	0	0	0	0	0.097	0.413	0.241	0.310	0.685
A0A3Q0KU20	A0A5K4F1H5	6183.A0A3Q0KU20	6183.A0A5K4F1H5	0	0	0	0	0	0.774	0	0.447	0.869
A0A3Q0KU31	Smp_053560	6183.A0A3Q0KU31	6183.G4VJ06	0	0	0.181	0.704	0	0.113	0.243	0	0.402
A0A3Q0KU31	A0A5K4F157	6183.A0A3Q0KU31	6183.A0A5K4F157	0	0	0.232	0.581	0.050	0.227	0.085	0.050	0.420
A0A3Q0KU31	Smp_047870.1	6183.A0A3Q0KU31	6183.G4VDM2	0	0	0.353	0	0.057	0.112	0.089	0.064	0.453
A0A3Q0KU31	Smp_053420	6183.A0A3Q0KU31	6183.G4VRK9	0	0	0	0	0	0	0.070	0.468	0.484
A0A3Q0KU31	Smp_058790	6183.A0A3Q0KU31	6183.G4VQN8	0	0	0.435	0	0	0.112	0.089	0.053	0.509
A0A3Q0KUC3	Smp_073490	6183.A0A3Q0KUC3	6183.G4V778	0	0	0.435	0	0.066	0	0	0	0.449
A0A3Q0KUC3	A0A5K4F9P7	6183.A0A3Q0KUC3	6183.A0A5K4F9P7	0	0	0.256	0	0	0.149	0.204	0	0.452
A0A3Q0KUC3	Smp_058790	6183.A0A3Q0KUC3	6183.G4VQN8	0	0	0.402	0	0	0.055	0.166	0	0.487
A0A3Q0KUC3	Smp_008260	6183.A0A3Q0KUC3	6183.G4V7H6	0	0	0	0	0	0.235	0.483	0.308	0.702
A0A3Q0KUQ9	Smp_058790	6183.A0A3Q0KUQ9	6183.G4VQN8	0	0	0.414	0	0	0.112	0.089	0.053	0.490
A0A3Q0KUQ9	A0A5K4F4L4	6183.A0A3Q0KUQ9	6183.A0A5K4F4L4	0	0	0.079	0.918	0.122	0.137	0.593	0	0.677
A0A3Q0KUQ9	Smp_164380	6183.A0A3Q0KUQ9	6183.G4VLY7	0	0	0.077	0.921	0.122	0.137	0.593	0	0.677
A0A3Q0KUQ9	C7DPD5_SCHMA	6183.A0A3Q0KUQ9	6183.C7DPD5	0	0	0.074	0.918	0.135	0.137	0.593	0	0.681
A0A3Q0KUT3	A0A5K4F492	6183.A0A3Q0KUT3	6183.A0A5K4F492	0	0	0	0	0	0.175	0.237	0.154	0.420
A0A3Q0KUT3	A0A5K4ENU1	6183.A0A3Q0KUT3	6183.A0A5K4ENU1	0	0	0	0	0	0.413	0	0.074	0.433
A0A3Q0KUT3	A0A5K4FCV3	6183.A0A3Q0KUT3	6183.A0A5K4FCV3	0	0	0	0	0	0.173	0.242	0.187	0.445
A0A3Q0KUT3	A0A5K4F2D8	6183.A0A3Q0KUT3	6183.A0A5K4F2D8	0	0	0	0	0.044	0.176	0.237	0.212	0.462
A0A3Q0KUT3	Smp_072870	6183.A0A3Q0KUT3	6183.G4LW08	0	0	0	0	0	0.487	0	0	0.487
A0A3Q0KUT3	A0A5K4F5Q6	6183.A0A3Q0KUT3	6183.A0A5K4F5Q6	0	0	0	0	0	0.454	0	0.240	0.567
A0A3Q0KUT3	Smp_062950	6183.A0A3Q0KUT3	6183.G4M1G7	0	0	0	0	0	0.143	0.483	0.114	0.573
A0A3Q0KUT3	Smp_014850	6183.A0A3Q0KUT3	6183.G4VBX5	0	0	0	0	0	0.055	0.475	0.237	0.588
A0A3Q0KUT3	Q5UES2_SCHMA	6183.A0A3Q0KUT3	6183.Q5UES2	0	0	0	0	0.050	0.055	0.463	0.256	0.593
A0A3Q0KUT3	A0A5K4F5L7	6183.A0A3Q0KUT3	6183.A0A5K4F5L7	0	0	0	0	0.045	0.206	0.153	0.484	0.624
A0A3Q0KUT3	Smp_014780.2	6183.A0A3Q0KUT3	6183.G4VBW4	0	0	0	0	0.059	0.428	0.237	0.234	0.643
A0A3Q0KUT3	Smp_120700.1	6183.A0A3Q0KUT3	6183.G4LX89	0	0	0	0	0.123	0.508	0	0.266	0.655
A0A3Q0KUT3	Smp_195080	6183.A0A3Q0KUT3	6183.G4LZY0	0	0	0	0	0.123	0.508	0	0.266	0.655
A0A3Q0KUT3	Smp_086590	6183.A0A3Q0KUT3	6183.G4VGX1	0	0	0	0	0.123	0.508	0	0.266	0.655
A0A3Q0KUT3	A0A5K4ELJ0	6183.A0A3Q0KUT3	6183.A0A5K4ELJ0	0	0	0	0	0	0.357	0.454	0.118	0.663
A0A3Q0KUT3	A0A5K4F1H5	6183.A0A3Q0KUT3	6183.A0A5K4F1H5	0	0	0	0	0.050	0.596	0	0.351	0.729
A0A3Q0KUT3	A0A5K4F5T9	6183.A0A3Q0KUT3	6183.A0A5K4F5T9	0	0	0	0	0	0.471	0.485	0.116	0.738
A0A3Q0KUT3	A0A5K4F4J4	6183.A0A3Q0KUT3	6183.A0A5K4F4J4	0	0	0	0	0.061	0.598	0.108	0.360	0.755
A0A3Q0KUT3	Smp_093230	6183.A0A3Q0KUT3	6183.G4V8Q5	0	0	0	0	0	0.600	0.380	0.229	0.792
A0A3Q0KUT3	Smp_063040	6183.A0A3Q0KUT3	6183.G4LXV8	0	0	0	0	0.051	0.600	0.511	0.181	0.827
A0A3Q0KUT3	A0A3Q0KVF2	6183.A0A3Q0KUT3	6183.A0A3Q0KVF2	0	0	0	0	0.129	0.726	0.499	0.134	0.882
A0A3Q0KUT9	Smp_058790	6183.A0A3Q0KUT9	6183.G4VQN8	0	0	0	0	0	0.226	0.240	0.132	0.444
A0A3Q0KUT9	Smp_139930	6183.A0A3Q0KUT9	6183.G4VR77	0	0	0	0	0.057	0.201	0.256	0.130	0.447
A0A3Q0KUT9	Smp_064040.1	6183.A0A3Q0KUT9	6183.G4VIN1	0	0	0	0	0	0.144	0.382	0	0.448
A0A3Q0KUT9	A0A3Q0KVD3	6183.A0A3Q0KUT9	6183.A0A3Q0KVD3	0	0	0	0	0	0.236	0.266	0.146	0.479
A0A3Q0KUT9	A0A5K4F4I2	6183.A0A3Q0KUT9	6183.A0A5K4F4I2	0	0	0	0	0	0.056	0.383	0.228	0.511
A0A3Q0KUT9	Smp_073930.1	6183.A0A3Q0KUT9	6183.G4M056	0	0	0	0	0	0.112	0.153	0.640	0.705
A0A3Q0KUT9	Smp_044530	6183.A0A3Q0KUT9	6183.G4VQT2	0	0	0	0	0	0.596	0.495	0.365	0.859
A0A3Q0KUT9	Smp_062950	6183.A0A3Q0KUT9	6183.G4M1G7	0	0	0	0	0	0.841	0.590	0.696	0.978
A0A3Q0KUY4	A0A5K4F492	6183.A0A3Q0KUY4	6183.A0A5K4F492	0	0	0	0	0	0.175	0.237	0.154	0.420
A0A3Q0KUY4	A0A5K4ENU1	6183.A0A3Q0KUY4	6183.A0A5K4ENU1	0	0	0	0	0	0.413	0	0.074	0.433
A0A3Q0KUY4	A0A5K4FCV3	6183.A0A3Q0KUY4	6183.A0A5K4FCV3	0	0	0	0	0	0.173	0.242	0.187	0.445
A0A3Q0KUY4	A0A5K4F2D8	6183.A0A3Q0KUY4	6183.A0A5K4F2D8	0	0	0	0	0.044	0.176	0.237	0.212	0.462
A0A3Q0KUY4	Smp_072870	6183.A0A3Q0KUY4	6183.G4LW08	0	0	0	0	0	0.487	0	0	0.487
A0A3Q0KUY4	A0A5K4F5Q6	6183.A0A3Q0KUY4	6183.A0A5K4F5Q6	0	0	0	0	0	0.454	0	0.240	0.567
A0A3Q0KUY4	Smp_062950	6183.A0A3Q0KUY4	6183.G4M1G7	0	0	0	0	0	0.143	0.483	0.114	0.573
A0A3Q0KUY4	Smp_014850	6183.A0A3Q0KUY4	6183.G4VBX5	0	0	0	0	0	0.055	0.475	0.237	0.588
A0A3Q0KUY4	Q5UES2_SCHMA	6183.A0A3Q0KUY4	6183.Q5UES2	0	0	0	0	0.050	0.055	0.463	0.256	0.593
A0A3Q0KUY4	A0A5K4F5L7	6183.A0A3Q0KUY4	6183.A0A5K4F5L7	0	0	0	0	0.045	0.206	0.153	0.484	0.624
A0A3Q0KUY4	Smp_014780.2	6183.A0A3Q0KUY4	6183.G4VBW4	0	0	0	0	0.059	0.428	0.237	0.234	0.643
A0A3Q0KUY4	Smp_120700.1	6183.A0A3Q0KUY4	6183.G4LX89	0	0	0	0	0.123	0.508	0	0.266	0.655
A0A3Q0KUY4	Smp_195080	6183.A0A3Q0KUY4	6183.G4LZY0	0	0	0	0	0.123	0.508	0	0.266	0.655
A0A3Q0KUY4	Smp_086590	6183.A0A3Q0KUY4	6183.G4VGX1	0	0	0	0	0.123	0.508	0	0.266	0.655
A0A3Q0KUY4	A0A5K4ELJ0	6183.A0A3Q0KUY4	6183.A0A5K4ELJ0	0	0	0	0	0	0.357	0.454	0.118	0.663
A0A3Q0KUY4	A0A5K4F1H5	6183.A0A3Q0KUY4	6183.A0A5K4F1H5	0	0	0	0	0.050	0.596	0	0.351	0.729
A0A3Q0KUY4	A0A5K4F5T9	6183.A0A3Q0KUY4	6183.A0A5K4F5T9	0	0	0	0	0	0.471	0.485	0.116	0.738
A0A3Q0KUY4	A0A5K4F4J4	6183.A0A3Q0KUY4	6183.A0A5K4F4J4	0	0	0	0	0.061	0.598	0.108	0.360	0.755
A0A3Q0KUY4	Smp_093230	6183.A0A3Q0KUY4	6183.G4V8Q5	0	0	0	0	0	0.600	0.380	0.229	0.792
A0A3Q0KUY4	Smp_063040	6183.A0A3Q0KUY4	6183.G4LXV8	0	0	0	0	0.051	0.600	0.511	0.181	0.827
A0A3Q0KUY4	A0A3Q0KVF2	6183.A0A3Q0KUY4	6183.A0A3Q0KVF2	0	0	0	0.872	0.129	0.726	0.817	0.134	0.957
A0A3Q0KVD3	Smp_047870.1	6183.A0A3Q0KVD3	6183.G4VDM2	0	0	0	0	0	0.173	0.328	0.086	0.447
A0A3Q0KVD3	Smp_080730	6183.A0A3Q0KVD3	6183.G4VLX9	0	0	0	0	0.050	0.191	0.342	0	0.450
A0A3Q0KVD3	A0A5K4F9P7	6183.A0A3Q0KVD3	6183.A0A5K4F9P7	0	0	0.151	0.583	0	0.210	0.244	0.074	0.467
A0A3Q0KVD3	A0A5K4FBP5	6183.A0A3Q0KVD3	6183.A0A5K4FBP5	0	0	0	0	0.062	0.145	0.393	0	0.470
A0A3Q0KVD3	Smp_053560	6183.A0A3Q0KVD3	6183.G4VJ06	0	0	0	0	0	0.080	0.436	0.087	0.484
A0A3Q0KVD3	Smp_044530	6183.A0A3Q0KVD3	6183.G4VQT2	0	0	0	0	0.059	0.344	0.258	0.075	0.519
A0A3Q0KVD3	Smp_058790	6183.A0A3Q0KVD3	6183.G4VQN8	0	0	0.231	0	0	0.235	0.254	0.074	0.539
A0A3Q0KVD3	A0A5K4F9Q1	6183.A0A3Q0KVD3	6183.A0A5K4F9Q1	0	0	0.168	0.695	0.062	0.145	0.393	0	0.540
A0A3Q0KVD3	Smp_073340	6183.A0A3Q0KVD3	6183.G4VAB5	0	0	0	0	0	0.162	0.482	0	0.547
A0A3Q0KVD3	Smp_014850	6183.A0A3Q0KVD3	6183.G4VBX5	0	0	0	0	0	0.211	0.490	0.068	0.592
A0A3Q0KVD3	Smp_139930	6183.A0A3Q0KVD3	6183.G4VR77	0	0	0	0	0.056	0.286	0.500	0.112	0.660
A0A3Q0KVD3	Smp_073930.1	6183.A0A3Q0KVD3	6183.G4M056	0	0	0.220	0.564	0.056	0.235	0.488	0.077	0.685
A0A3Q0KVD3	A0A5K4F5L7	6183.A0A3Q0KVD3	6183.A0A5K4F5L7	0	0	0	0	0	0.290	0.504	0.256	0.715
A0A3Q0KVD3	Smp_062950	6183.A0A3Q0KVD3	6183.G4M1G7	0	0	0	0	0.044	0.600	0.467	0.167	0.807
A0A3Q0KVF2	Smp_014780.2	6183.A0A3Q0KVF2	6183.G4VBW4	0	0	0	0	0	0.173	0.152	0.215	0.401
A0A3Q0KVF2	A0A5K4ENU1	6183.A0A3Q0KVF2	6183.A0A5K4ENU1	0	0	0	0	0.067	0.201	0	0.347	0.470
A0A3Q0KVF2	A0A5K4ELJ0	6183.A0A3Q0KVF2	6183.A0A5K4ELJ0	0	0	0	0	0	0.209	0.235	0.231	0.494
A0A3Q0KVF2	Smp_044530	6183.A0A3Q0KVF2	6183.G4VQT2	0	0	0	0	0	0.112	0.497	0.044	0.535
A0A3Q0KVF2	A0A5K4F413	6183.A0A3Q0KVF2	6183.A0A5K4F413	0	0	0	0	0	0.568	0	0.135	0.610
A0A3Q0KVF2	Smp_062950	6183.A0A3Q0KVF2	6183.G4M1G7	0	0	0	0	0	0.112	0.594	0.044	0.625
A0A3Q0KVF2	Smp_014850	6183.A0A3Q0KVF2	6183.G4VBX5	0	0	0	0	0	0.055	0.590	0.114	0.626
A0A3Q0KVF2	Smp_120700.1	6183.A0A3Q0KVF2	6183.G4LX89	0	0	0	0	0.175	0.225	0	0.495	0.648
A0A3Q0KVF2	Smp_195080	6183.A0A3Q0KVF2	6183.G4LZY0	0	0	0	0	0.175	0.225	0	0.495	0.648
A0A3Q0KVF2	Smp_086590	6183.A0A3Q0KVF2	6183.G4VGX1	0	0	0	0	0.175	0.225	0	0.495	0.648
A0A3Q0KVF2	Smp_077850	6183.A0A3Q0KVF2	6183.G4VL76	0	0	0	0	0.063	0.411	0.361	0.134	0.653
A0A3Q0KVF2	Smp_077860	6183.A0A3Q0KVF2	6183.G4VL77	0	0	0	0	0.063	0.411	0.361	0.134	0.653
A0A3Q0KVF2	A0A5K4F4J4	6183.A0A3Q0KVF2	6183.A0A5K4F4J4	0	0	0	0	0.245	0.250	0.081	0.487	0.697
A0A3Q0KVF2	Smp_072870	6183.A0A3Q0KVF2	6183.G4LW08	0	0	0	0	0.208	0.600	0.476	0.134	0.837
A0A3Q0KVF2	Smp_093230	6183.A0A3Q0KVF2	6183.G4V8Q5	0	0	0	0	0.063	0.411	0.361	0.641	0.856
A0A3Q0KVF2	A0A5K4F1H5	6183.A0A3Q0KVF2	6183.A0A5K4F1H5	0	0	0	0	0.230	0.710	0	0.573	0.896
A0A3Q0KVF2	A0A5K4FAN3	6183.A0A3Q0KVF2	6183.A0A5K4FAN3	0	0	0	0	0.096	0.848	0	0.486	0.923
A0A3Q0KVF2	Smp_183710	6183.A0A3Q0KVF2	6183.G4VLW1	0	0	0	0.877	0.129	0.826	0.824	0.134	0.973
A0A3Q0KVF2	ACT1_SCHMA	6183.A0A3Q0KVF2	6183.P53470	0	0	0	0.877	0.129	0.826	0.824	0.134	0.973
A0A3Q0KVF2	ACT2_SCHMA	6183.A0A3Q0KVF2	6183.P53471	0	0	0	0.875	0.129	0.826	0.824	0.134	0.973
A0A5K4EI30	Smp_080730	6183.A0A5K4EI30	6183.G4VLX9	0	0	0	0	0	0.358	0.372	0.105	0.607
A0A5K4EI30	Smp_003000	6183.A0A5K4EI30	6183.G4VJ86	0	0	0	0	0	0.406	0.486	0.212	0.738
A0A5K4EI30	Smp_094760	6183.A0A5K4EI30	6183.G4VTU1	0	0	0	0	0	0.406	0.486	0.212	0.738
A0A5K4ELJ0	Smp_077850	6183.A0A5K4ELJ0	6183.G4VL76	0	0	0	0	0	0.211	0.253	0.118	0.434
A0A5K4ELJ0	Smp_077860	6183.A0A5K4ELJ0	6183.G4VL77	0	0	0	0	0	0.211	0.253	0.118	0.434
A0A5K4ELJ0	Smp_093230	6183.A0A5K4ELJ0	6183.G4V8Q5	0	0	0	0	0	0.211	0.253	0.166	0.465
A0A5K4ELJ0	Smp_072870	6183.A0A5K4ELJ0	6183.G4LW08	0	0	0	0	0	0.357	0.363	0.118	0.607
A0A5K4ELJ0	Smp_183710	6183.A0A5K4ELJ0	6183.G4VLW1	0	0	0	0	0	0.357	0.491	0.118	0.686
A0A5K4ELJ0	ACT1_SCHMA	6183.A0A5K4ELJ0	6183.P53470	0	0	0	0	0	0.357	0.491	0.118	0.686
A0A5K4ELJ0	ACT2_SCHMA	6183.A0A5K4ELJ0	6183.P53471	0	0	0	0	0	0.357	0.491	0.118	0.686
A0A5K4ELJ0	A0A5K4F5T9	6183.A0A5K4ELJ0	6183.A0A5K4F5T9	0	0	0	0	0.096	0.600	0.506	0.485	0.895
A0A5K4ELJ0	Smp_063040	6183.A0A5K4ELJ0	6183.G4LXV8	0	0	0	0	0	0.774	0.576	0.367	0.934
A0A5K4ENU1	Smp_183710	6183.A0A5K4ENU1	6183.G4VLW1	0	0	0	0	0	0.413	0	0.074	0.433
A0A5K4ENU1	ACT1_SCHMA	6183.A0A5K4ENU1	6183.P53470	0	0	0	0	0	0.413	0	0.074	0.433
A0A5K4ENU1	ACT2_SCHMA	6183.A0A5K4ENU1	6183.P53471	0	0	0	0	0	0.413	0	0.074	0.433
A0A5K4ENU1	Smp_072870	6183.A0A5K4ENU1	6183.G4LW08	0	0	0	0	0.074	0.413	0	0.074	0.452
A0A5K4ENU1	Smp_063040	6183.A0A5K4ENU1	6183.G4LXV8	0	0	0	0	0.103	0.746	0	0.227	0.808
A0A5K4EZW8	A0A5K4F8C3	6183.A0A5K4EZW8	6183.A0A5K4F8C3	0	0	0	0	0.405	0	0	0	0.405
A0A5K4EZW8	Q5UES2_SCHMA	6183.A0A5K4EZW8	6183.Q5UES2	0	0	0	0	0	0.493	0	0.046	0.495
A0A5K4F0F8	Smp_080730	6183.A0A5K4F0F8	6183.G4VLX9	0	0	0.208	0.607	0	0.236	0.070	0.074	0.409
A0A5K4F0F8	A0A5K4F157	6183.A0A5K4F0F8	6183.A0A5K4F157	0	0	0.212	0.620	0	0.282	0	0.075	0.430
A0A5K4F0F8	Smp_058790	6183.A0A5K4F0F8	6183.G4VQN8	0	0	0.378	0	0.042	0.147	0.156	0	0.513
A0A5K4F0F8	Smp_073930.1	6183.A0A5K4F0F8	6183.G4M056	0	0	0	0	0.101	0.594	0.508	0.193	0.835
A0A5K4F157	A0A5K4FEP7	6183.A0A5K4F157	6183.A0A5K4FEP7	0	0	0.236	0.559	0	0.127	0.153	0.068	0.403
A0A5K4F157	Smp_156990	6183.A0A5K4F157	6183.G4VNR0	0	0	0	0	0	0.402	0	0.086	0.430
A0A5K4F157	A0A5K4F3N1	6183.A0A5K4F157	6183.A0A5K4F3N1	0	0	0.243	0.567	0.126	0.222	0	0.045	0.442
A0A5K4F157	Smp_008260	6183.A0A5K4F157	6183.G4V7H6	0	0	0	0	0.050	0.359	0.153	0.090	0.467
A0A5K4F157	Smp_131800	6183.A0A5K4F157	6183.G4LW63	0	0	0.206	0.586	0	0.233	0.239	0.070	0.511
A0A5K4F157	A0A5K4F8P4	6183.A0A5K4F157	6183.A0A5K4F8P4	0	0	0	0	0.521	0	0	0.066	0.533
A0A5K4F157	Smp_080730	6183.A0A5K4F157	6183.G4VLX9	0	0	0.208	0.611	0.315	0.208	0	0.074	0.548
A0A5K4F157	Smp_058790	6183.A0A5K4F157	6183.G4VQN8	0	0	0.438	0	0.047	0.137	0.153	0.070	0.569
A0A5K4F157	A0A5K4F9P7	6183.A0A5K4F157	6183.A0A5K4F9P7	0	0	0.186	0.672	0	0.490	0	0.073	0.581
A0A5K4F157	Q5UES2_SCHMA	6183.A0A5K4F157	6183.Q5UES2	0	0	0	0	0.546	0.173	0	0.075	0.622
A0A5K4F157	Smp_073930.1	6183.A0A5K4F157	6183.G4M056	0	0	0	0	0	0.544	0.508	0.117	0.784
A0A5K4F157	Smp_077180	6183.A0A5K4F157	6183.G4VTW8	0	0	0.212	0.599	0.697	0.171	0	0.068	0.790
A0A5K4F186	A0A5K4F492	6183.A0A5K4F186	6183.A0A5K4F492	0	0	0	0	0.051	0.184	0.374	0.086	0.497
A0A5K4F186	A0A5K4FAW4	6183.A0A5K4F186	6183.A0A5K4FAW4	0	0	0	0	0	0.056	0	0.519	0.526
A0A5K4F186	Smp_053420	6183.A0A5K4F186	6183.G4VRK9	0	0	0	0	0	0.233	0.500	0.291	0.704
A0A5K4F1H5	Smp_093230	6183.A0A5K4F1H5	6183.G4V8Q5	0	0	0	0	0.050	0.376	0	0.174	0.467
A0A5K4F1H5	Smp_077850	6183.A0A5K4F1H5	6183.G4VL76	0	0	0	0	0.050	0.376	0	0.174	0.467
A0A5K4F1H5	Smp_077860	6183.A0A5K4F1H5	6183.G4VL77	0	0	0	0	0.050	0.376	0	0.174	0.467
A0A5K4F1H5	Smp_120700.1	6183.A0A5K4F1H5	6183.G4LX89	0	0	0	0	0.096	0.113	0	0.500	0.564
A0A5K4F1H5	Smp_195080	6183.A0A5K4F1H5	6183.G4LZY0	0	0	0	0	0.096	0.113	0	0.500	0.564
A0A5K4F1H5	Smp_086590	6183.A0A5K4F1H5	6183.G4VGX1	0	0	0	0	0.096	0.113	0	0.500	0.564
A0A5K4F1H5	Smp_073930.1	6183.A0A5K4F1H5	6183.G4M056	0	0	0	0	0	0.111	0	0.641	0.667
A0A5K4F1H5	A0A5K4FAN3	6183.A0A5K4F1H5	6183.A0A5K4FAN3	0	0	0	0	0.124	0	0	0.691	0.717
A0A5K4F1H5	Smp_072870	6183.A0A5K4F1H5	6183.G4LW08	0	0	0	0	0.059	0.596	0	0.351	0.731
A0A5K4F1H5	Smp_183710	6183.A0A5K4F1H5	6183.G4VLW1	0	0	0	0	0.050	0.600	0	0.351	0.731
A0A5K4F1H5	ACT1_SCHMA	6183.A0A5K4F1H5	6183.P53470	0	0	0	0	0.050	0.600	0	0.351	0.731
A0A5K4F1H5	ACT2_SCHMA	6183.A0A5K4F1H5	6183.P53471	0	0	0	0	0.050	0.600	0	0.351	0.731
A0A5K4F1H5	A0A5K4F413	6183.A0A5K4F1H5	6183.A0A5K4F413	0	0	0	0	0	0.599	0	0.393	0.746
A0A5K4F1H5	A0A5K4F4J4	6183.A0A5K4F1H5	6183.A0A5K4F4J4	0	0	0	0	0.117	0.236	0	0.721	0.795
A0A5K4F2D8	A0A5K4F492	6183.A0A5K4F2D8	6183.A0A5K4F492	0	0	0	0	0.170	0	0.237	0.164	0.424
A0A5K4F2D8	A0A5K4F4I2	6183.A0A5K4F2D8	6183.A0A5K4F4I2	0	0	0	0	0.065	0.055	0.370	0.154	0.466
A0A5K4F2D8	Smp_183710	6183.A0A5K4F2D8	6183.G4VLW1	0	0	0	0	0.045	0.197	0.240	0.243	0.499
A0A5K4F2D8	ACT1_SCHMA	6183.A0A5K4F2D8	6183.P53470	0	0	0	0	0.045	0.197	0.240	0.243	0.499
A0A5K4F2D8	ACT2_SCHMA	6183.A0A5K4F2D8	6183.P53471	0	0	0	0	0.045	0.197	0.240	0.243	0.499
A0A5K4F2D8	Smp_014780.2	6183.A0A5K4F2D8	6183.G4VBW4	0	0	0	0	0.169	0.460	0	0.234	0.626
A0A5K4F2D8	Smp_053420	6183.A0A5K4F2D8	6183.G4VRK9	0	0	0	0	0.061	0.299	0	0.485	0.631
A0A5K4F2D8	A0A5K4FCV3	6183.A0A5K4F2D8	6183.A0A5K4FCV3	0	0	0	0	0.219	0.370	0.361	0.203	0.715
A0A5K4F2D8	A0A5K4F5L7	6183.A0A5K4F2D8	6183.A0A5K4F5L7	0	0	0	0	0.050	0.693	0.506	0.518	0.921
A0A5K4F2I7	Smp_170340	6183.A0A5K4F2I7	6183.G4V8A8	0	0	0.136	0.807	0.074	0	0.900	0	0.913
A0A5K4F3N1	Q5UES2_SCHMA	6183.A0A5K4F3N1	6183.Q5UES2	0	0	0	0	0.137	0.075	0.345	0.046	0.434
A0A5K4F3N1	Smp_097940	6183.A0A5K4F3N1	6183.C1M0Q3	0	0	0.152	0.738	0	0.196	0.262	0.055	0.460
A0A5K4F3N1	Smp_077180	6183.A0A5K4F3N1	6183.G4VTW8	0	0	0.233	0.558	0.057	0.058	0.355	0	0.501
A0A5K4F492	A0A5K4FCV3	6183.A0A5K4F492	6183.A0A5K4FCV3	0	0	0	0	0.168	0	0.245	0.166	0.430
A0A5K4F492	Smp_064040.1	6183.A0A5K4F492	6183.G4VIN1	0	0	0	0	0	0.191	0.360	0.048	0.464
A0A5K4F492	Smp_183710	6183.A0A5K4F492	6183.G4VLW1	0	0	0	0	0.045	0.201	0.240	0.198	0.472
A0A5K4F492	ACT1_SCHMA	6183.A0A5K4F492	6183.P53470	0	0	0	0	0.045	0.201	0.240	0.198	0.472
A0A5K4F492	ACT2_SCHMA	6183.A0A5K4F492	6183.P53471	0	0	0	0	0.045	0.201	0.240	0.198	0.472
A0A5K4F492	Smp_146200.2	6183.A0A5K4F492	6183.G4VQS1	0	0	0	0	0.051	0.184	0.374	0.086	0.497
A0A5K4F4I2	Smp_053420	6183.A0A5K4F4I2	6183.G4VRK9	0	0	0	0	0.058	0.081	0	0.365	0.402
A0A5K4F4I2	A0A5K4F5Q6	6183.A0A5K4F4I2	6183.A0A5K4F5Q6	0	0	0	0	0	0.046	0.361	0.132	0.424
A0A5K4F4I2	Smp_077860	6183.A0A5K4F4I2	6183.G4VL77	0	0	0	0	0	0	0.084	0.418	0.444
A0A5K4F4I2	Smp_073930.1	6183.A0A5K4F4I2	6183.G4M056	0	0	0	0	0	0.063	0.471	0.074	0.500
A0A5K4F4I2	Smp_062950	6183.A0A5K4F4I2	6183.G4M1G7	0	0	0	0	0	0.072	0.471	0.181	0.562
A0A5K4F4I2	A0A5K4FCV3	6183.A0A5K4F4I2	6183.A0A5K4FCV3	0	0	0	0	0.043	0.220	0.387	0.205	0.587
A0A5K4F4I2	A0A5K4F5L7	6183.A0A5K4F4I2	6183.A0A5K4F5L7	0	0	0	0	0	0.284	0.512	0.236	0.709
A0A5K4F4I2	A0A5K4FDV5	6183.A0A5K4F4I2	6183.A0A5K4FDV5	0	0	0	0	0.046	0.600	0.230	0.522	0.840
A0A5K4F4J4	Smp_063040	6183.A0A5K4F4J4	6183.G4LXV8	0	0	0	0	0.061	0.250	0.081	0.258	0.455
A0A5K4F4J4	Smp_093230	6183.A0A5K4F4J4	6183.G4V8Q5	0	0	0	0	0.061	0.384	0.108	0.204	0.534
A0A5K4F4J4	Smp_077850	6183.A0A5K4F4J4	6183.G4VL76	0	0	0	0	0.061	0.384	0.108	0.204	0.534
A0A5K4F4J4	Smp_077860	6183.A0A5K4F4J4	6183.G4VL77	0	0	0	0	0.061	0.384	0.108	0.204	0.534
A0A5K4F4J4	Smp_072870	6183.A0A5K4F4J4	6183.G4LW08	0	0	0	0	0.127	0.598	0.108	0.360	0.772
A0A5K4F4J4	Smp_183710	6183.A0A5K4F4J4	6183.G4VLW1	0	0	0	0	0.061	0.622	0.108	0.368	0.773
A0A5K4F4J4	ACT1_SCHMA	6183.A0A5K4F4J4	6183.P53470	0	0	0	0	0.061	0.622	0.108	0.368	0.773
A0A5K4F4J4	ACT2_SCHMA	6183.A0A5K4F4J4	6183.P53471	0	0	0	0	0.061	0.622	0.108	0.368	0.773
A0A5K4F4J4	Smp_120700.1	6183.A0A5K4F4J4	6183.G4LX89	0	0	0	0	0	0.488	0	0.638	0.806
A0A5K4F4J4	Smp_195080	6183.A0A5K4F4J4	6183.G4LZY0	0	0	0	0	0	0.488	0	0.638	0.806
A0A5K4F4J4	Smp_086590	6183.A0A5K4F4J4	6183.G4VGX1	0	0	0	0	0	0.488	0	0.638	0.806
A0A5K4F4J4	A0A5K4FAN3	6183.A0A5K4F4J4	6183.A0A5K4FAN3	0	0	0	0	0.109	0.070	0	0.803	0.822
A0A5K4F4L4	Smp_008260	6183.A0A5K4F4L4	6183.G4V7H6	0	0	0	0	0.082	0.233	0.237	0.106	0.455
A0A5K4F4L4	Q5UES2_SCHMA	6183.A0A5K4F4L4	6183.Q5UES2	0	0	0	0	0	0.055	0.496	0	0.503
A0A5K4F4L4	C7DPD5_SCHMA	6183.A0A5K4F4L4	6183.C7DPD5	0	0	0.054	0.972	0	0	0.540	0	0.546
A0A5K4F4L4	Smp_164380	6183.A0A5K4F4L4	6183.G4VLY7	0	0	0.057	0.966	0	0	0.540	0	0.547
A0A5K4F4L4	Smp_053560	6183.A0A5K4F4L4	6183.G4VJ06	0	0	0	0	0.050	0.349	0.417	0	0.607
A0A5K4F5L7	Smp_014850	6183.A0A5K4F5L7	6183.G4VBX5	0	0	0	0	0	0.111	0	0.442	0.482
A0A5K4F5L7	Smp_064040.1	6183.A0A5K4F5L7	6183.G4VIN1	0	0	0	0	0.061	0.233	0	0.344	0.486
A0A5K4F5L7	Smp_072870	6183.A0A5K4F5L7	6183.G4LW08	0	0	0	0	0	0.206	0.153	0.356	0.529
A0A5K4F5L7	Smp_063040	6183.A0A5K4F5L7	6183.G4LXV8	0	0	0	0	0	0.148	0.094	0.484	0.566
A0A5K4F5L7	Smp_073930.1	6183.A0A5K4F5L7	6183.G4M056	0	0	0	0	0	0.072	0.154	0.549	0.615
A0A5K4F5L7	Smp_077850	6183.A0A5K4F5L7	6183.G4VL76	0	0	0	0	0	0.206	0.153	0.484	0.622
A0A5K4F5L7	Smp_077860	6183.A0A5K4F5L7	6183.G4VL77	0	0	0	0	0	0.206	0.153	0.484	0.622
A0A5K4F5L7	Smp_120700.1	6183.A0A5K4F5L7	6183.G4LX89	0	0	0	0	0.090	0.112	0	0.629	0.674
A0A5K4F5L7	Smp_195080	6183.A0A5K4F5L7	6183.G4LZY0	0	0	0	0	0.090	0.112	0	0.629	0.674
A0A5K4F5L7	Smp_086590	6183.A0A5K4F5L7	6183.G4VGX1	0	0	0	0	0.090	0.112	0	0.629	0.674
A0A5K4F5L7	Smp_183710	6183.A0A5K4F5L7	6183.G4VLW1	0	0	0	0	0.046	0.206	0.153	0.584	0.697
A0A5K4F5L7	ACT1_SCHMA	6183.A0A5K4F5L7	6183.P53470	0	0	0	0	0.046	0.206	0.153	0.584	0.697
A0A5K4F5L7	ACT2_SCHMA	6183.A0A5K4F5L7	6183.P53471	0	0	0	0	0.046	0.206	0.153	0.584	0.697
A0A5K4F5L7	Smp_014780.2	6183.A0A5K4F5L7	6183.G4VBW4	0	0	0	0	0.068	0.278	0	0.613	0.716
A0A5K4F5L7	Smp_062950	6183.A0A5K4F5L7	6183.G4M1G7	0	0	0	0	0	0.113	0.463	0.576	0.780
A0A5K4F5L7	Smp_053420	6183.A0A5K4F5L7	6183.G4VRK9	0	0	0	0	0	0	0	0.789	0.789
A0A5K4F5L7	A0A5K4FCV3	6183.A0A5K4F5L7	6183.A0A5K4FCV3	0	0	0	0	0	0.345	0.505	0.518	0.830
A0A5K4F5Q6	Smp_064040.1	6183.A0A5K4F5Q6	6183.G4VIN1	0	0	0	0	0	0	0.405	0.048	0.409
A0A5K4F5Q6	Smp_062950	6183.A0A5K4F5Q6	6183.G4M1G7	0	0	0	0	0	0	0.490	0.074	0.507
A0A5K4F5Q6	Smp_063040	6183.A0A5K4F5Q6	6183.G4LXV8	0	0	0	0	0	0.111	0	0.483	0.520
A0A5K4F5Q6	Smp_014850	6183.A0A5K4F5Q6	6183.G4VBX5	0	0	0	0	0	0.055	0.501	0.395	0.689
A0A5K4F5Q6	Smp_183710	6183.A0A5K4F5Q6	6183.G4VLW1	0	0	0	0	0	0.555	0	0.354	0.700
A0A5K4F5Q6	ACT1_SCHMA	6183.A0A5K4F5Q6	6183.P53470	0	0	0	0	0	0.555	0	0.354	0.700
A0A5K4F5Q6	ACT2_SCHMA	6183.A0A5K4F5Q6	6183.P53471	0	0	0	0	0	0.555	0	0.354	0.700
A0A5K4F5T9	Smp_077850	6183.A0A5K4F5T9	6183.G4VL76	0	0	0	0	0	0.338	0.265	0.116	0.532
A0A5K4F5T9	Smp_077860	6183.A0A5K4F5T9	6183.G4VL77	0	0	0	0	0	0.338	0.265	0.116	0.532
A0A5K4F5T9	Smp_072870	6183.A0A5K4F5T9	6183.G4LW08	0	0	0	0	0	0.471	0.407	0.116	0.698
A0A5K4F5T9	Smp_093230	6183.A0A5K4F5T9	6183.G4V8Q5	0	0	0	0	0	0.338	0.265	0.488	0.729
A0A5K4F5T9	Smp_183710	6183.A0A5K4F5T9	6183.G4VLW1	0	0	0	0	0	0.471	0.503	0.116	0.747
A0A5K4F5T9	ACT1_SCHMA	6183.A0A5K4F5T9	6183.P53470	0	0	0	0	0	0.471	0.503	0.116	0.747
A0A5K4F5T9	ACT2_SCHMA	6183.A0A5K4F5T9	6183.P53471	0	0	0	0	0	0.471	0.503	0.116	0.747
A0A5K4F5T9	Smp_063040	6183.A0A5K4F5T9	6183.G4LXV8	0	0	0	0	0	0.831	0.594	0.573	0.968
A0A5K4F8C3	Smp_044530	6183.A0A5K4F8C3	6183.G4VQT2	0	0	0	0	0	0.294	0.488	0	0.623
A0A5K4F8C3	Smp_062950	6183.A0A5K4F8C3	6183.G4M1G7	0	0	0	0	0	0.601	0.585	0	0.827
A0A5K4F8P4	Smp_058790	6183.A0A5K4F8P4	6183.G4VQN8	0	0	0.433	0	0.079	0.081	0	0	0.478
A0A5K4F8P4	Smp_077180	6183.A0A5K4F8P4	6183.G4VTW8	0	0	0.169	0.674	0.264	0.142	0	0.169	0.505
A0A5K4F8P4	A0A5K4FEP7	6183.A0A5K4F8P4	6183.A0A5K4FEP7	0	0	0.486	0	0	0.081	0	0	0.507
A0A5K4F8P4	Smp_063040	6183.A0A5K4F8P4	6183.G4LXV8	0	0	0	0	0.185	0.118	0.152	0.290	0.509
A0A5K4F8P4	A0A5K4FDV5	6183.A0A5K4F8P4	6183.A0A5K4FDV5	0	0	0	0	0	0.218	0.152	0.367	0.543
A0A5K4F8P4	Smp_072870	6183.A0A5K4F8P4	6183.G4LW08	0	0	0	0	0	0.118	0.484	0.118	0.563
A0A5K4F8P4	Smp_080730	6183.A0A5K4F8P4	6183.G4VLX9	0	0	0.178	0.686	0.604	0.337	0.488	0.230	0.899
A0A5K4F8P4	Q5UES2_SCHMA	6183.A0A5K4F8P4	6183.Q5UES2	0	0	0	0	0.496	0.893	0.594	0.316	0.983
A0A5K4F9P7	A0A5K4FBA4	6183.A0A5K4F9P7	6183.A0A5K4FBA4	0	0	0	0	0	0.210	0.244	0.081	0.403
A0A5K4F9P7	Smp_080730	6183.A0A5K4F9P7	6183.G4VLX9	0	0	0.184	0.604	0	0.227	0.070	0.106	0.405
A0A5K4F9P7	Smp_047870.1	6183.A0A5K4F9P7	6183.G4VDM2	0	0	0	0	0	0.210	0.244	0.100	0.415
A0A5K4F9P7	Smp_049760	6183.A0A5K4F9P7	6183.G4LWP9	0	0	0	0	0.044	0.210	0.244	0.110	0.423
A0A5K4F9P7	Smp_008260	6183.A0A5K4F9P7	6183.G4V7H6	0	0	0	0	0	0.236	0.244	0.086	0.425
A0A5K4F9P7	A0A5K4FBP5	6183.A0A5K4F9P7	6183.A0A5K4FBP5	0	0	0.168	0.578	0	0.210	0.244	0.074	0.478
A0A5K4F9P7	A0A5K4FBQ1	6183.A0A5K4F9P7	6183.A0A5K4FBQ1	0	0	0	0	0	0.195	0.325	0.117	0.478
A0A5K4F9P7	A0A5K4FAX4	6183.A0A5K4F9P7	6183.A0A5K4FAX4	0	0	0.182	0.627	0	0.210	0.244	0.074	0.487
A0A5K4F9P7	A0A5K4FEP7	6183.A0A5K4F9P7	6183.A0A5K4FEP7	0	0	0.231	0.568	0	0.210	0.244	0.074	0.517
A0A5K4F9P7	Smp_090890	6183.A0A5K4F9P7	6183.G4V8L0	0	0	0.180	0.575	0	0.490	0	0.073	0.578
A0A5K4F9P7	Smp_094190	6183.A0A5K4F9P7	6183.G4VR00	0	0	0.198	0.656	0	0.490	0	0.073	0.587
A0A5K4F9P7	Smp_058790	6183.A0A5K4F9P7	6183.G4VQN8	0	0	0.376	0	0	0.210	0.244	0.163	0.646
A0A5K4F9P7	Smp_073930.1	6183.A0A5K4F9P7	6183.G4M056	0	0	0	0	0.050	0.780	0.480	0.112	0.890
A0A5K4F9Q1	A0A5K4FEP7	6183.A0A5K4F9Q1	6183.A0A5K4FEP7	0	0	0.212	0.608	0.043	0.113	0.241	0	0.424
A0A5K4F9Q1	Smp_062950	6183.A0A5K4F9Q1	6183.G4M1G7	0	0	0	0	0.059	0.163	0.165	0.228	0.424
A0A5K4F9Q1	Smp_047870.1	6183.A0A5K4F9Q1	6183.G4VDM2	0	0	0	0	0	0.055	0.449	0	0.457
A0A5K4F9Q1	Smp_053560	6183.A0A5K4F9Q1	6183.G4VJ06	0	0	0	0	0	0.080	0.165	0.437	0.529
A0A5K4F9Q1	Smp_064040.1	6183.A0A5K4F9Q1	6183.G4VIN1	0	0	0.168	0.586	0	0.096	0.427	0	0.531
A0A5K4FAN3	Smp_120700.1	6183.A0A5K4FAN3	6183.G4LX89	0	0	0	0	0.115	0.182	0	0.525	0.626
A0A5K4FAN3	Smp_195080	6183.A0A5K4FAN3	6183.G4LZY0	0	0	0	0	0.115	0.182	0	0.525	0.626
A0A5K4FAN3	Smp_086590	6183.A0A5K4FAN3	6183.G4VGX1	0	0	0	0	0.115	0.182	0	0.525	0.626
A0A5K4FAW4	Smp_073930.1	6183.A0A5K4FAW4	6183.G4M056	0	0	0.145	0.584	0.060	0.464	0.091	0.233	0.644
A0A5K4FAX4	Smp_064040.1	6183.A0A5K4FAX4	6183.G4VIN1	0	0	0.199	0.625	0	0.096	0.261	0	0.418
A0A5K4FAX4	Smp_090890	6183.A0A5K4FAX4	6183.G4V8L0	0	0	0.310	0	0	0.127	0.153	0	0.445
A0A5K4FBA4	Smp_073930.1	6183.A0A5K4FBA4	6183.G4M056	0	0	0	0	0.072	0	0	0.531	0.546
A0A5K4FBA4	Smp_049760	6183.A0A5K4FBA4	6183.G4LWP9	0	0	0	0	0.215	0.820	0.523	0.224	0.940
A0A5K4FBP5	Smp_062950	6183.A0A5K4FBP5	6183.G4M1G7	0	0	0	0	0.059	0.163	0.165	0.206	0.407
A0A5K4FBP5	Smp_047870.1	6183.A0A5K4FBP5	6183.G4VDM2	0	0	0	0	0	0.055	0.449	0	0.457
A0A5K4FBP5	Smp_064040.1	6183.A0A5K4FBP5	6183.G4VIN1	0	0	0.173	0.582	0	0.096	0.427	0	0.534
A0A5K4FC09	Smp_047870.1	6183.A0A5K4FC09	6183.G4VDM2	0	0	0.355	0	0.057	0.112	0.089	0	0.442
A0A5K4FC09	Smp_073490	6183.A0A5K4FC09	6183.G4V778	0	0	0.506	0	0	0	0	0	0.506
A0A5K4FC09	Smp_073510	6183.A0A5K4FC09	6183.G4V782	0	0	0.513	0	0	0	0	0	0.513
A0A5K4FC09	Smp_058790	6183.A0A5K4FC09	6183.G4VQN8	0	0	0.480	0	0	0.112	0.089	0.053	0.548
A0A5K4FCV3	Smp_062950	6183.A0A5K4FCV3	6183.G4M1G7	0	0	0	0	0	0	0.448	0.074	0.466
A0A5K4FCV3	Smp_053420	6183.A0A5K4FCV3	6183.G4VRK9	0	0	0	0	0.049	0	0	0.486	0.490
A0A5K4FCV3	Smp_183710	6183.A0A5K4FCV3	6183.G4VLW1	0	0	0	0	0	0.194	0.257	0.231	0.499
A0A5K4FCV3	ACT1_SCHMA	6183.A0A5K4FCV3	6183.P53470	0	0	0	0	0	0.194	0.257	0.231	0.499
A0A5K4FCV3	ACT2_SCHMA	6183.A0A5K4FCV3	6183.P53471	0	0	0	0	0	0.194	0.257	0.231	0.499
A0A5K4FDV5	Q5UES2_SCHMA	6183.A0A5K4FDV5	6183.Q5UES2	0	0	0	0	0	0.234	0.237	0.091	0.422
A0A5K4FDV5	Smp_148790	6183.A0A5K4FDV5	6183.G4LWP4	0	0	0	0	0.407	0.834	0.502	0.445	0.969
A0A5K4FEC6	Smp_008260	6183.A0A5K4FEC6	6183.G4V7H6	0	0	0	0	0	0.112	0	0.354	0.401
A0A5K4FEP7	Smp_094190	6183.A0A5K4FEP7	6183.G4VR00	0	0	0.239	0.569	0	0.127	0.153	0.068	0.405
A0A5K4FEP7	Smp_080730	6183.A0A5K4FEP7	6183.G4VLX9	0	0	0.207	0.581	0.050	0.113	0.235	0	0.420
A0A5K4FEP7	Smp_040190	6183.A0A5K4FEP7	6183.G4VAW0	0	0	0.250	0.559	0	0.079	0.231	0	0.422
A0A5K4FEP7	Smp_064040.1	6183.A0A5K4FEP7	6183.G4VIN1	0	0	0.224	0.594	0.061	0.096	0.239	0	0.431
A0A5K4FEP7	Smp_053560	6183.A0A5K4FEP7	6183.G4VJ06	0	0	0.233	0.572	0	0.080	0.258	0.087	0.457
A0A5K4FEP7	Smp_014850	6183.A0A5K4FEP7	6183.G4VBX5	0	0	0	0	0	0.190	0.357	0.046	0.459
A0A5K4FEP7	Smp_047870.1	6183.A0A5K4FEP7	6183.G4VDM2	0	0	0.189	0.585	0	0.173	0.235	0.086	0.468
A0A5K4FEP7	Smp_073340	6183.A0A5K4FEP7	6183.G4VAB5	0	0	0.164	0.602	0	0.112	0.343	0	0.469
A0A5K4FEP7	Smp_058790	6183.A0A5K4FEP7	6183.G4VQN8	0	0	0.212	0.589	0	0.205	0.241	0.074	0.500
A0A5K4FEP7	Smp_062950	6183.A0A5K4FEP7	6183.G4M1G7	0	0	0	0	0.044	0.344	0.258	0.075	0.511
A0A5K4FEP7	Smp_044530	6183.A0A5K4FEP7	6183.G4VQT2	0	0	0	0	0.044	0.344	0.258	0.075	0.511
A0A5K4FEP7	Smp_090890	6183.A0A5K4FEP7	6183.G4V8L0	0	0	0.386	0	0	0.127	0.153	0.068	0.520
A0A5K4FEP7	Smp_073930.1	6183.A0A5K4FEP7	6183.G4M056	0	0	0.210	0.562	0	0.180	0.353	0.055	0.550
ACT1_SCHMA	Smp_072870	6183.P53470	6183.G4LW08	0	0	0	0	0	0.590	0	0	0.590
ACT1_SCHMA	Smp_120700.1	6183.P53470	6183.G4LX89	0	0	0	0	0.123	0.599	0	0.366	0.757
ACT1_SCHMA	Smp_063040	6183.P53470	6183.G4LXV8	0	0	0	0	0.051	0.602	0.575	0.181	0.850
ACT1_SCHMA	Smp_195080	6183.P53470	6183.G4LZY0	0	0	0	0	0.123	0.599	0	0.366	0.757
ACT1_SCHMA	Smp_062950	6183.P53470	6183.G4M1G7	0	0	0	0	0	0.143	0.503	0.129	0.596
ACT1_SCHMA	Smp_093230	6183.P53470	6183.G4V8Q5	0	0	0	0	0	0.662	0.380	0.229	0.824
ACT1_SCHMA	Smp_073340	6183.P53470	6183.G4VAB5	0	0	0	0	0	0	0	0.415	0.415
ACT1_SCHMA	Smp_014780.2	6183.P53470	6183.G4VBW4	0	0	0	0	0.059	0.428	0.237	0.234	0.643
ACT1_SCHMA	Smp_014850	6183.P53470	6183.G4VBX5	0	0	0	0	0	0.055	0.499	0.351	0.665
ACT1_SCHMA	Smp_086590	6183.P53470	6183.G4VGX1	0	0	0	0	0.123	0.599	0	0.366	0.757
ACT1_SCHMA	Q5UES2_SCHMA	6183.P53470	6183.Q5UES2	0	0	0	0	0.050	0.055	0.463	0.256	0.593
ACT2_SCHMA	Smp_072870	6183.P53471	6183.G4LW08	0	0	0	0	0	0.590	0	0	0.590
ACT2_SCHMA	Smp_120700.1	6183.P53471	6183.G4LX89	0	0	0	0	0.123	0.599	0	0.366	0.757
ACT2_SCHMA	Smp_063040	6183.P53471	6183.G4LXV8	0	0	0	0	0.051	0.602	0.575	0.181	0.850
ACT2_SCHMA	Smp_195080	6183.P53471	6183.G4LZY0	0	0	0	0	0.123	0.599	0	0.366	0.757
ACT2_SCHMA	Smp_062950	6183.P53471	6183.G4M1G7	0	0	0	0	0	0.143	0.503	0.129	0.596
ACT2_SCHMA	Smp_093230	6183.P53471	6183.G4V8Q5	0	0	0	0	0	0.662	0.380	0.229	0.824
ACT2_SCHMA	Smp_073340	6183.P53471	6183.G4VAB5	0	0	0	0	0	0	0	0.415	0.415
ACT2_SCHMA	Smp_014780.2	6183.P53471	6183.G4VBW4	0	0	0	0	0.059	0.428	0.237	0.234	0.643
ACT2_SCHMA	Smp_014850	6183.P53471	6183.G4VBX5	0	0	0	0	0	0.055	0.499	0.351	0.665
ACT2_SCHMA	Smp_086590	6183.P53471	6183.G4VGX1	0	0	0	0	0.123	0.599	0	0.366	0.757
ACT2_SCHMA	Q5UES2_SCHMA	6183.P53471	6183.Q5UES2	0	0	0	0	0.050	0.055	0.463	0.256	0.593
C7DPD5_SCHMA	Q5UES2_SCHMA	6183.C7DPD5	6183.Q5UES2	0	0	0	0	0	0.055	0.496	0	0.503
C7DPD5_SCHMA	Smp_053560	6183.C7DPD5	6183.G4VJ06	0	0	0	0	0.050	0.349	0.417	0	0.607
C7DPD5_SCHMA	Smp_164380	6183.C7DPD5	6183.G4VLY7	0	0	0.052	0.976	0	0	0.900	0	0.901
C7DPD5_SCHMA	Smp_008260	6183.C7DPD5	6183.G4V7H6	0	0	0	0.620	0.096	0.233	0.920	0.106	0.943
Q5UES2_SCHMA	Smp_072870	6183.Q5UES2	6183.G4LW08	0	0	0	0	0.125	0.055	0.711	0.256	0.798
Q5UES2_SCHMA	Smp_063040	6183.Q5UES2	6183.G4LXV8	0	0	0	0	0	0.052	0.228	0.250	0.403
Q5UES2_SCHMA	Smp_183710	6183.Q5UES2	6183.G4VLW1	0	0	0	0	0.050	0.055	0.463	0.256	0.593
Q5UES2_SCHMA	Smp_080730	6183.Q5UES2	6183.G4VLX9	0	0	0.113	0.596	0.566	0.522	0.590	0.382	0.944
Q5UES2_SCHMA	Smp_164380	6183.Q5UES2	6183.G4VLY7	0	0	0	0	0	0.055	0.496	0	0.503
Smp_003000	Smp_150040.2	6183.G4VJ86	6183.G4VI20	0	0	0	0	0	0.406	0.486	0.212	0.738
Smp_003000	Smp_156990	6183.G4VJ86	6183.G4VNR0	0	0	0	0	0	0.377	0.517	0.161	0.725
Smp_003000	Smp_094760	6183.G4VJ86	6183.G4VTU1	0	0	0.060	0.961	0	0	0.900	0	0.901
Smp_008260	Smp_073930.1	6183.G4V7H6	6183.G4M056	0	0	0	0	0.054	0.822	0.344	0.357	0.919
Smp_008260	Smp_058790	6183.G4V7H6	6183.G4VQN8	0	0	0	0	0	0.511	0.070	0	0.525
Smp_008260	Smp_073340	6183.G4V7H6	6183.G4VAB5	0	0	0	0	0	0.112	0.490	0.088	0.550
Smp_008260	Smp_164380	6183.G4V7H6	6183.G4VLY7	0	0	0	0.597	0.082	0.233	0.920	0.106	0.942
Smp_014780.2	Smp_072870	6183.G4VBW4	6183.G4LW08	0	0	0	0	0.059	0.428	0.237	0.234	0.643
Smp_014780.2	Smp_195080	6183.G4VBW4	6183.G4LZY0	0	0	0	0	0	0.055	0	0.438	0.446
Smp_014780.2	Smp_053420	6183.G4VBW4	6183.G4VRK9	0	0	0	0	0	0.079	0.159	0.313	0.421
Smp_014780.2	Smp_183710	6183.G4VBW4	6183.G4VLW1	0	0	0	0	0.059	0.428	0.237	0.234	0.643
Smp_014850	Smp_072870	6183.G4VBX5	6183.G4LW08	0	0	0	0	0	0.055	0.390	0.163	0.475
Smp_014850	Smp_063040	6183.G4VBX5	6183.G4LXV8	0	0	0	0	0	0.055	0.236	0.329	0.473
Smp_014850	Smp_073930.1	6183.G4VBX5	6183.G4M056	0	0	0	0	0	0.190	0.182	0.172	0.403
Smp_014850	Smp_062950	6183.G4VBX5	6183.G4M1G7	0	0	0	0	0	0.132	0.577	0.224	0.690
Smp_014850	Smp_044530	6183.G4VBX5	6183.G4VQT2	0	0	0	0	0	0.072	0.478	0.077	0.513
Smp_014850	Smp_053560	6183.G4VBX5	6183.G4VJ06	0	0	0	0	0	0	0.590	0	0.590
Smp_014850	Smp_183710	6183.G4VBX5	6183.G4VLW1	0	0	0	0	0	0.055	0.499	0.351	0.665
Smp_014850	Smp_064040.1	6183.G4VBX5	6183.G4VIN1	0	0	0	0	0	0.784	0.499	0.216	0.907
Smp_014850	Smp_139930	6183.G4VBX5	6183.G4VR77	0	0	0	0	0	0.932	0	0.112	0.937
Smp_040190	Smp_058790	6183.G4VAW0	6183.G4VQN8	0	0	0.460	0	0	0.079	0.171	0.056	0.558
Smp_044530	Smp_062950	6183.G4VQT2	6183.G4M1G7	0	0	0	0	0	0.582	0	0.128	0.619
Smp_044530	Smp_058790	6183.G4VQT2	6183.G4VQN8	0	0	0	0	0.050	0.163	0.244	0.129	0.406
Smp_047870.1	Smp_120700.1	6183.G4VDM2	6183.G4LX89	0	0	0	0	0.057	0.559	0.237	0.385	0.778
Smp_047870.1	Smp_195080	6183.G4VDM2	6183.G4LZY0	0	0	0	0	0.057	0.559	0.237	0.385	0.778
Smp_047870.1	Smp_073490	6183.G4VDM2	6183.G4V778	0	0	0.412	0	0	0.127	0.237	0	0.574
Smp_047870.1	Smp_073510	6183.G4VDM2	6183.G4V782	0	0	0.178	0.578	0	0.127	0.237	0	0.404
Smp_047870.1	Smp_090890	6183.G4VDM2	6183.G4V8L0	0	0	0.336	0	0.056	0.127	0.153	0.068	0.489
Smp_047870.1	Smp_058790	6183.G4VDM2	6183.G4VQN8	0	0	0.338	0	0	0.086	0.234	0.094	0.523
Smp_047870.1	Smp_064040.1	6183.G4VDM2	6183.G4VIN1	0	0	0	0	0	0.197	0.472	0.087	0.579
Smp_047870.1	Smp_086590	6183.G4VDM2	6183.G4VGX1	0	0	0	0	0.057	0.559	0.237	0.385	0.778
Smp_053420	Smp_064040.1	6183.G4VRK9	6183.G4VIN1	0	0	0	0	0.043	0	0.434	0.068	0.451
Smp_053420	Smp_146200.2	6183.G4VRK9	6183.G4VQS1	0	0	0	0	0	0.233	0.500	0.291	0.704
Smp_053560	Smp_073930.1	6183.G4VJ06	6183.G4M056	0	0	0	0	0.055	0.602	0.165	0.113	0.684
Smp_053560	Smp_073490	6183.G4VJ06	6183.G4V778	0	0	0.212	0.588	0	0.071	0.498	0.110	0.629
Smp_053560	Smp_073510	6183.G4VJ06	6183.G4V782	0	0	0.221	0.605	0.050	0.093	0.582	0.172	0.725
Smp_053560	Smp_064040.1	6183.G4VJ06	6183.G4VIN1	0	0	0.192	0.665	0.057	0	0.494	0	0.580
Smp_053560	Smp_058790	6183.G4VJ06	6183.G4VQN8	0	0	0.397	0	0	0.080	0.235	0.148	0.590
Smp_053560	Smp_164380	6183.G4VJ06	6183.G4VLY7	0	0	0	0	0.050	0.349	0.417	0	0.607
Smp_058790	Smp_131800	6183.G4VQN8	6183.G4LW63	0	0	0.415	0	0.158	0.050	0	0	0.491
Smp_058790	Smp_062950	6183.G4VQN8	6183.G4M1G7	0	0	0	0	0.049	0.218	0.288	0.170	0.501
Smp_058790	Smp_073490	6183.G4VQN8	6183.G4V778	0	0	0.234	0.584	0	0.162	0.921	0.068	0.946
Smp_058790	Smp_073510	6183.G4VQN8	6183.G4V782	0	0	0.217	0.583	0	0.559	0.939	0.185	0.980
Smp_058790	Smp_090890	6183.G4VQN8	6183.G4V8L0	0	0	0.353	0	0.074	0.134	0.153	0.126	0.545
Smp_058790	Smp_073340	6183.G4VQN8	6183.G4VAB5	0	0	0.309	0	0	0.067	0.179	0	0.424
Smp_058790	Smp_064040.1	6183.G4VQN8	6183.G4VIN1	0	0	0.174	0.589	0.061	0.096	0.239	0.049	0.400
Smp_058790	Smp_080730	6183.G4VQN8	6183.G4VLX9	0	0	0.398	0	0.085	0.113	0.152	0.064	0.541
Smp_058790	Smp_094190	6183.G4VQN8	6183.G4VR00	0	0	0.432	0	0.047	0.127	0.153	0.070	0.559
Smp_062950	Smp_072870	6183.G4M1G7	6183.G4LW08	0	0	0	0	0	0.143	0.396	0.078	0.481
Smp_062950	Smp_073930.1	6183.G4M1G7	6183.G4M056	0	0	0	0	0	0.163	0.165	0.577	0.678
Smp_062950	Smp_064040.1	6183.G4M1G7	6183.G4VIN1	0	0	0	0	0	0.080	0.499	0.047	0.522
Smp_062950	Smp_183710	6183.G4M1G7	6183.G4VLW1	0	0	0	0	0	0.143	0.503	0.129	0.596
Smp_062950	Smp_139930	6183.G4M1G7	6183.G4VR77	0	0	0	0	0.059	0.649	0.226	0.216	0.772
Smp_063040	Smp_072870	6183.G4LXV8	6183.G4LW08	0	0	0	0	0.051	0.600	0.480	0.181	0.816
Smp_063040	Smp_120700.1	6183.G4LXV8	6183.G4LX89	0	0	0	0	0.068	0.225	0	0.485	0.595
Smp_063040	Smp_080730	6183.G4LXV8	6183.G4VLX9	0	0	0	0	0.116	0.073	0.344	0.148	0.480
Smp_063040	Smp_195080	6183.G4LXV8	6183.G4LZY0	0	0	0	0	0.068	0.225	0	0.485	0.595
Smp_063040	Smp_086590	6183.G4LXV8	6183.G4VGX1	0	0	0	0	0.068	0.225	0	0.485	0.595
Smp_063040	Smp_077850	6183.G4LXV8	6183.G4VL76	0	0	0	0	0.051	0.411	0.364	0.181	0.669
Smp_063040	Smp_077860	6183.G4LXV8	6183.G4VL77	0	0	0	0	0.051	0.411	0.364	0.181	0.669
Smp_063040	Smp_183710	6183.G4LXV8	6183.G4VLW1	0	0	0	0	0.051	0.602	0.575	0.181	0.850
Smp_063040	Smp_093230	6183.G4LXV8	6183.G4V8Q5	0	0	0	0	0.131	0.411	0.364	0.690	0.885
Smp_064040.1	Smp_073930.1	6183.G4VIN1	6183.G4M056	0	0	0.150	0.636	0.080	0.358	0.157	0.086	0.542
Smp_072870	Smp_120700.1	6183.G4LW08	6183.G4LX89	0	0	0	0	0.123	0.411	0	0.213	0.557
Smp_072870	Smp_195080	6183.G4LW08	6183.G4LZY0	0	0	0	0	0.123	0.411	0	0.213	0.557
Smp_072870	Smp_086590	6183.G4LW08	6183.G4VGX1	0	0	0	0	0.123	0.411	0	0.213	0.557
Smp_072870	Smp_183710	6183.G4LW08	6183.G4VLW1	0	0	0	0	0	0.590	0	0	0.590
Smp_072870	Smp_093230	6183.G4LW08	6183.G4V8Q5	0	0	0	0	0.129	0.930	0.594	0.362	0.982
Smp_073340	Smp_183710	6183.G4VAB5	6183.G4VLW1	0	0	0	0	0	0	0	0.415	0.415
Smp_073340	Smp_156990	6183.G4VAB5	6183.G4VNR0	0	0	0	0	0	0	0.482	0	0.482
Smp_073340	Smp_080730	6183.G4VAB5	6183.G4VLX9	0	0	0	0	0.049	0.638	0	0	0.641
Smp_073490	Smp_090890	6183.G4V778	6183.G4V8L0	0	0	0.448	0	0	0.072	0	0	0.465
Smp_073490	Smp_073510	6183.G4V778	6183.G4V782	0	0	0.121	0.836	0	0	0.900	0	0.908
Smp_073930.1	Smp_096640	6183.G4M056	6183.G4VR95	0	0	0	0	0.173	0.136	0.403	0.045	0.538
Smp_073930.1	Smp_090890	6183.G4M056	6183.G4V8L0	0	0	0	0	0	0.287	0.388	0.069	0.558
Smp_073930.1	Smp_094190	6183.G4M056	6183.G4VR00	0	0	0	0	0	0.287	0.388	0.069	0.558
Smp_073930.1	Smp_139930	6183.G4M056	6183.G4VR77	0	0	0	0	0	0.489	0.112	0.319	0.663
Smp_077180	Smp_090890	6183.G4VTW8	6183.G4V8L0	0	0	0.409	0	0.065	0.171	0	0.068	0.515
Smp_077180	Smp_080730	6183.G4VTW8	6183.G4VLX9	0	0	0.345	0	0.260	0.506	0.458	0.309	0.893
Smp_077180	Smp_094760	6183.G4VTW8	6183.G4VTU1	0	0	0.333	0	0	0	0.175	0	0.426
Smp_080730	Smp_150040.2	6183.G4VLX9	6183.G4VI20	0	0	0	0	0	0.358	0.372	0.105	0.607
Smp_086590	Smp_183710	6183.G4VGX1	6183.G4VLW1	0	0	0	0	0.123	0.599	0	0.366	0.757
Smp_090890	Smp_131800	6183.G4V8L0	6183.G4LW63	0	0	0.190	0.563	0.056	0.233	0.239	0.070	0.509
Smp_093230	Smp_183710	6183.G4V8Q5	6183.G4VLW1	0	0	0	0	0	0.662	0.380	0.229	0.824
Smp_094190	Smp_131800	6183.G4VR00	6183.G4LW63	0	0	0.219	0.585	0	0.233	0.239	0.070	0.519
Smp_094760	Smp_150040.2	6183.G4VTU1	6183.G4VI20	0	0	0	0	0	0.406	0.486	0.212	0.738
Smp_094760	Smp_156990	6183.G4VTU1	6183.G4VNR0	0	0	0	0	0	0.377	0.517	0.161	0.725
Smp_120700.1	Smp_183710	6183.G4LX89	6183.G4VLW1	0	0	0	0	0.123	0.599	0	0.366	0.757
Smp_139930	Smp_156990	6183.G4VR77	6183.G4VNR0	0	0	0	0	0	0	0	0.485	0.485
Smp_183710	Smp_195080	6183.G4VLW1	6183.G4LZY0	0	0	0	0	0.123	0.599	0	0.366	0.757
