#node	identifier	category	term ID	term description
A0A3Q0KB95	6183.A0A3Q0KB95	GO Process	GO:0006996	Organelle organization
A0A3Q0KB95	6183.A0A3Q0KB95	GO Process	GO:0007010	Cytoskeleton organization
A0A3Q0KB95	6183.A0A3Q0KB95	GO Process	GO:0009987	Cellular process
A0A3Q0KB95	6183.A0A3Q0KB95	GO Process	GO:0016043	Cellular component organization
A0A3Q0KB95	6183.A0A3Q0KB95	GO Process	GO:0030029	Actin filament-based process
A0A3Q0KB95	6183.A0A3Q0KB95	GO Process	GO:0030036	Actin cytoskeleton organization
A0A3Q0KB95	6183.A0A3Q0KB95	GO Process	GO:0071840	Cellular component organization or biogenesis
A0A3Q0KB95	6183.A0A3Q0KB95	GO Function	GO:0003779	Actin binding
A0A3Q0KB95	6183.A0A3Q0KB95	GO Function	GO:0005488	Binding
A0A3Q0KB95	6183.A0A3Q0KB95	GO Function	GO:0005515	Protein binding
A0A3Q0KB95	6183.A0A3Q0KB95	GO Function	GO:0008092	Cytoskeletal protein binding
A0A3Q0KB95	6183.A0A3Q0KB95	GO Function	GO:0044877	Protein-containing complex binding
A0A3Q0KB95	6183.A0A3Q0KB95	GO Function	GO:0051015	Actin filament binding
A0A3Q0KB95	6183.A0A3Q0KB95	GO Component	GO:0005622	Intracellular anatomical structure
A0A3Q0KB95	6183.A0A3Q0KB95	GO Component	GO:0005737	Cytoplasm
A0A3Q0KB95	6183.A0A3Q0KB95	GO Component	GO:0005856	Cytoskeleton
A0A3Q0KB95	6183.A0A3Q0KB95	GO Component	GO:0043226	Organelle
A0A3Q0KB95	6183.A0A3Q0KB95	GO Component	GO:0043228	Membraneless organelle
A0A3Q0KB95	6183.A0A3Q0KB95	GO Component	GO:0043229	Intracellular organelle
A0A3Q0KB95	6183.A0A3Q0KB95	GO Component	GO:0043232	Intracellular membraneless organelle
A0A3Q0KB95	6183.A0A3Q0KB95	GO Component	GO:0071944	Cell periphery
A0A3Q0KB95	6183.A0A3Q0KB95	GO Component	GO:0110165	Cellular anatomical structure
A0A3Q0KB95	6183.A0A3Q0KB95	STRING clusters	CL:11459	Mixed, incl. Annexin superfamily, and Collagen biosynthesis and modifying enzymes
A0A3Q0KB95	6183.A0A3Q0KB95	STRING clusters	CL:11651	Mixed, incl. Annexin superfamily, and Serine proteases, trypsin domain
A0A3Q0KB95	6183.A0A3Q0KB95	STRING clusters	CL:11652	Annexin superfamily, and Filamin family
A0A3Q0KB95	6183.A0A3Q0KB95	STRING clusters	CL:11706	Filamin family, and Host cell
A0A3Q0KB95	6183.A0A3Q0KB95	COMPARTMENTS	GOCC:0005622	Intracellular anatomical structure
A0A3Q0KB95	6183.A0A3Q0KB95	COMPARTMENTS	GOCC:0043226	Organelle
A0A3Q0KB95	6183.A0A3Q0KB95	COMPARTMENTS	GOCC:0043229	Intracellular organelle
A0A3Q0KB95	6183.A0A3Q0KB95	COMPARTMENTS	GOCC:0110165	Cellular anatomical structure
A0A3Q0KB95	6183.A0A3Q0KB95	UniProt Keywords	KW-0009	Actin-binding
A0A3Q0KB95	6183.A0A3Q0KB95	UniProt Keywords	KW-0677	Repeat
A0A3Q0KB95	6183.A0A3Q0KB95	InterPro	IPR001298	Filamin/ABP280 repeat
A0A3Q0KB95	6183.A0A3Q0KB95	InterPro	IPR001589	Actinin-type actin-binding domain, conserved site
A0A3Q0KB95	6183.A0A3Q0KB95	InterPro	IPR001715	Calponin homology domain
A0A3Q0KB95	6183.A0A3Q0KB95	InterPro	IPR013783	Immunoglobulin-like fold
A0A3Q0KB95	6183.A0A3Q0KB95	InterPro	IPR014756	Immunoglobulin E-set
A0A3Q0KB95	6183.A0A3Q0KB95	InterPro	IPR017868	Filamin/ABP280 repeat-like
A0A3Q0KB95	6183.A0A3Q0KB95	InterPro	IPR036872	CH domain superfamily
A0A3Q0KB95	6183.A0A3Q0KB95	InterPro	IPR044801	Filamin family
A0A3Q0KB95	6183.A0A3Q0KB95	SMART	SM00033	Calponin homology domain
A0A3Q0KB95	6183.A0A3Q0KB95	SMART	SM00557	Filamin-type immunoglobulin domains
A0A3Q0KBZ0	6183.A0A3Q0KBZ0	GO Process	GO:0007154	Cell communication
A0A3Q0KBZ0	6183.A0A3Q0KBZ0	GO Process	GO:0007165	Signal transduction
A0A3Q0KBZ0	6183.A0A3Q0KBZ0	GO Process	GO:0007166	Cell surface receptor signaling pathway
A0A3Q0KBZ0	6183.A0A3Q0KBZ0	GO Process	GO:0007167	Enzyme-linked receptor protein signaling pathway
A0A3Q0KBZ0	6183.A0A3Q0KBZ0	GO Process	GO:0007169	Cell surface receptor protein tyrosine kinase signaling pathway
A0A3Q0KBZ0	6183.A0A3Q0KBZ0	GO Process	GO:0009987	Cellular process
A0A3Q0KBZ0	6183.A0A3Q0KBZ0	GO Process	GO:0023052	Signaling
A0A3Q0KBZ0	6183.A0A3Q0KBZ0	GO Process	GO:0030154	Cell differentiation
A0A3Q0KBZ0	6183.A0A3Q0KBZ0	GO Process	GO:0032502	Developmental process
A0A3Q0KBZ0	6183.A0A3Q0KBZ0	GO Process	GO:0048518	Positive regulation of biological process
A0A3Q0KBZ0	6183.A0A3Q0KBZ0	GO Process	GO:0048522	Positive regulation of cellular process
A0A3Q0KBZ0	6183.A0A3Q0KBZ0	GO Process	GO:0048869	Cellular developmental process
A0A3Q0KBZ0	6183.A0A3Q0KBZ0	GO Process	GO:0050789	Regulation of biological process
A0A3Q0KBZ0	6183.A0A3Q0KBZ0	GO Process	GO:0050794	Regulation of cellular process
A0A3Q0KBZ0	6183.A0A3Q0KBZ0	GO Process	GO:0050896	Response to stimulus
A0A3Q0KBZ0	6183.A0A3Q0KBZ0	GO Process	GO:0051716	Cellular response to stimulus
A0A3Q0KBZ0	6183.A0A3Q0KBZ0	GO Process	GO:0065007	Biological regulation
A0A3Q0KBZ0	6183.A0A3Q0KBZ0	GO Function	GO:0000166	Nucleotide binding
A0A3Q0KBZ0	6183.A0A3Q0KBZ0	GO Function	GO:0003824	Catalytic activity
A0A3Q0KBZ0	6183.A0A3Q0KBZ0	GO Function	GO:0004672	Protein kinase activity
A0A3Q0KBZ0	6183.A0A3Q0KBZ0	GO Function	GO:0004713	Protein tyrosine kinase activity
A0A3Q0KBZ0	6183.A0A3Q0KBZ0	GO Function	GO:0004715	Non-membrane spanning protein tyrosine kinase activity
A0A3Q0KBZ0	6183.A0A3Q0KBZ0	GO Function	GO:0005102	Signaling receptor binding
A0A3Q0KBZ0	6183.A0A3Q0KBZ0	GO Function	GO:0005488	Binding
A0A3Q0KBZ0	6183.A0A3Q0KBZ0	GO Function	GO:0005515	Protein binding
A0A3Q0KBZ0	6183.A0A3Q0KBZ0	GO Function	GO:0005524	ATP binding
A0A3Q0KBZ0	6183.A0A3Q0KBZ0	GO Function	GO:0016301	Kinase activity
A0A3Q0KBZ0	6183.A0A3Q0KBZ0	GO Function	GO:0016740	Transferase activity
A0A3Q0KBZ0	6183.A0A3Q0KBZ0	GO Function	GO:0016772	Transferase activity, transferring phosphorus-containing groups
A0A3Q0KBZ0	6183.A0A3Q0KBZ0	GO Function	GO:0016773	Phosphotransferase activity, alcohol group as acceptor
A0A3Q0KBZ0	6183.A0A3Q0KBZ0	GO Function	GO:0017076	Purine nucleotide binding
A0A3Q0KBZ0	6183.A0A3Q0KBZ0	GO Function	GO:0030554	Adenyl nucleotide binding
A0A3Q0KBZ0	6183.A0A3Q0KBZ0	GO Function	GO:0032553	Ribonucleotide binding
A0A3Q0KBZ0	6183.A0A3Q0KBZ0	GO Function	GO:0032555	Purine ribonucleotide binding
A0A3Q0KBZ0	6183.A0A3Q0KBZ0	GO Function	GO:0032559	Adenyl ribonucleotide binding
A0A3Q0KBZ0	6183.A0A3Q0KBZ0	GO Function	GO:0035639	Purine ribonucleoside triphosphate binding
A0A3Q0KBZ0	6183.A0A3Q0KBZ0	GO Function	GO:0036094	Small molecule binding
A0A3Q0KBZ0	6183.A0A3Q0KBZ0	GO Function	GO:0043167	Ion binding
A0A3Q0KBZ0	6183.A0A3Q0KBZ0	GO Function	GO:0043168	Anion binding
A0A3Q0KBZ0	6183.A0A3Q0KBZ0	GO Function	GO:0097367	Carbohydrate derivative binding
A0A3Q0KBZ0	6183.A0A3Q0KBZ0	GO Function	GO:0140096	Catalytic activity, acting on a protein
A0A3Q0KBZ0	6183.A0A3Q0KBZ0	GO Function	GO:1901265	Nucleoside phosphate binding
A0A3Q0KBZ0	6183.A0A3Q0KBZ0	GO Function	GO:1901363	Heterocyclic compound binding
A0A3Q0KBZ0	6183.A0A3Q0KBZ0	GO Component	GO:0005622	Intracellular anatomical structure
A0A3Q0KBZ0	6183.A0A3Q0KBZ0	GO Component	GO:0005737	Cytoplasm
A0A3Q0KBZ0	6183.A0A3Q0KBZ0	GO Component	GO:0005829	Cytosol
A0A3Q0KBZ0	6183.A0A3Q0KBZ0	GO Component	GO:0005886	Plasma membrane
A0A3Q0KBZ0	6183.A0A3Q0KBZ0	GO Component	GO:0016020	Membrane
A0A3Q0KBZ0	6183.A0A3Q0KBZ0	GO Component	GO:0043226	Organelle
A0A3Q0KBZ0	6183.A0A3Q0KBZ0	GO Component	GO:0043229	Intracellular organelle
A0A3Q0KBZ0	6183.A0A3Q0KBZ0	GO Component	GO:0071944	Cell periphery
A0A3Q0KBZ0	6183.A0A3Q0KBZ0	GO Component	GO:0110165	Cellular anatomical structure
A0A3Q0KBZ0	6183.A0A3Q0KBZ0	STRING clusters	CL:11812	Mixed, incl. Actin filament-based process, and Cell-substrate junction
A0A3Q0KBZ0	6183.A0A3Q0KBZ0	STRING clusters	CL:12039	Cell-substrate junction, and Non-membrane spanning protein tyrosine kinase activity
A0A3Q0KBZ0	6183.A0A3Q0KBZ0	STRING clusters	CL:12041	Focal adhesion, and Non-membrane spanning protein tyrosine kinase activity
A0A3Q0KBZ0	6183.A0A3Q0KBZ0	STRING clusters	CL:12042	Non-membrane spanning protein tyrosine kinase activity, and CAS family
A0A3Q0KBZ0	6183.A0A3Q0KBZ0	KEGG	smm04081	Hormone signaling
A0A3Q0KBZ0	6183.A0A3Q0KBZ0	KEGG	smm04137	Mitophagy - animal
A0A3Q0KBZ0	6183.A0A3Q0KBZ0	KEGG	smm04144	Endocytosis
A0A3Q0KBZ0	6183.A0A3Q0KBZ0	KEGG	smm05100	Bacterial invasion of epithelial cells
A0A3Q0KBZ0	6183.A0A3Q0KBZ0	Reactome	MAP-162582	Signal Transduction
A0A3Q0KBZ0	6183.A0A3Q0KBZ0	Reactome	MAP-168249	Innate Immune System
A0A3Q0KBZ0	6183.A0A3Q0KBZ0	Reactome	MAP-168256	Immune System
A0A3Q0KBZ0	6183.A0A3Q0KBZ0	COMPARTMENTS	GOCC:0005622	Intracellular anatomical structure
A0A3Q0KBZ0	6183.A0A3Q0KBZ0	COMPARTMENTS	GOCC:0005737	Cytoplasm
A0A3Q0KBZ0	6183.A0A3Q0KBZ0	COMPARTMENTS	GOCC:0110165	Cellular anatomical structure
A0A3Q0KBZ0	6183.A0A3Q0KBZ0	UniProt Keywords	KW-0067	ATP-binding
A0A3Q0KBZ0	6183.A0A3Q0KBZ0	UniProt Keywords	KW-0418	Kinase
A0A3Q0KBZ0	6183.A0A3Q0KBZ0	UniProt Keywords	KW-0460	Magnesium
A0A3Q0KBZ0	6183.A0A3Q0KBZ0	UniProt Keywords	KW-0479	Metal-binding
A0A3Q0KBZ0	6183.A0A3Q0KBZ0	UniProt Keywords	KW-0547	Nucleotide-binding
A0A3Q0KBZ0	6183.A0A3Q0KBZ0	UniProt Keywords	KW-0597	Phosphoprotein
A0A3Q0KBZ0	6183.A0A3Q0KBZ0	UniProt Keywords	KW-0727	SH2 domain
A0A3Q0KBZ0	6183.A0A3Q0KBZ0	UniProt Keywords	KW-0728	SH3 domain
A0A3Q0KBZ0	6183.A0A3Q0KBZ0	UniProt Keywords	KW-0808	Transferase
A0A3Q0KBZ0	6183.A0A3Q0KBZ0	UniProt Keywords	KW-0829	Tyrosine-protein kinase
A0A3Q0KBZ0	6183.A0A3Q0KBZ0	InterPro	IPR000719	Protein kinase domain
A0A3Q0KBZ0	6183.A0A3Q0KBZ0	InterPro	IPR000980	SH2 domain
A0A3Q0KBZ0	6183.A0A3Q0KBZ0	InterPro	IPR001245	Serine-threonine/tyrosine-protein kinase, catalytic domain
A0A3Q0KBZ0	6183.A0A3Q0KBZ0	InterPro	IPR001452	SH3 domain
A0A3Q0KBZ0	6183.A0A3Q0KBZ0	InterPro	IPR011009	Protein kinase-like domain superfamily
A0A3Q0KBZ0	6183.A0A3Q0KBZ0	InterPro	IPR017441	Protein kinase, ATP binding site
A0A3Q0KBZ0	6183.A0A3Q0KBZ0	InterPro	IPR020635	Tyrosine-protein kinase, catalytic domain
A0A3Q0KBZ0	6183.A0A3Q0KBZ0	InterPro	IPR036028	SH3-like domain superfamily
A0A3Q0KBZ0	6183.A0A3Q0KBZ0	InterPro	IPR036860	SH2 domain superfamily
A0A3Q0KBZ0	6183.A0A3Q0KBZ0	InterPro	IPR050198	Non-receptor tyrosine kinases involved in cell signaling
A0A3Q0KBZ0	6183.A0A3Q0KBZ0	SMART	SM00219	Tyrosine kinase, catalytic domain
A0A3Q0KBZ0	6183.A0A3Q0KBZ0	SMART	SM00252	Src homology 2 domains
A0A3Q0KBZ0	6183.A0A3Q0KBZ0	SMART	SM00326	Src homology 3 domains
A0A3Q0KD53	6183.A0A3Q0KD53	GO Process	GO:0007155	Cell adhesion
A0A3Q0KD53	6183.A0A3Q0KD53	GO Process	GO:0009966	Regulation of signal transduction
A0A3Q0KD53	6183.A0A3Q0KD53	GO Process	GO:0009967	Positive regulation of signal transduction
A0A3Q0KD53	6183.A0A3Q0KD53	GO Process	GO:0009987	Cellular process
A0A3Q0KD53	6183.A0A3Q0KD53	GO Process	GO:0010646	Regulation of cell communication
A0A3Q0KD53	6183.A0A3Q0KD53	GO Process	GO:0010647	Positive regulation of cell communication
A0A3Q0KD53	6183.A0A3Q0KD53	GO Process	GO:0010810	Regulation of cell-substrate adhesion
A0A3Q0KD53	6183.A0A3Q0KD53	GO Process	GO:0010811	Positive regulation of cell-substrate adhesion
A0A3Q0KD53	6183.A0A3Q0KD53	GO Process	GO:0016043	Cellular component organization
A0A3Q0KD53	6183.A0A3Q0KD53	GO Process	GO:0023051	Regulation of signaling
A0A3Q0KD53	6183.A0A3Q0KD53	GO Process	GO:0023056	Positive regulation of signaling
A0A3Q0KD53	6183.A0A3Q0KD53	GO Process	GO:0030155	Regulation of cell adhesion
A0A3Q0KD53	6183.A0A3Q0KD53	GO Process	GO:0034330	Cell junction organization
A0A3Q0KD53	6183.A0A3Q0KD53	GO Process	GO:0045216	Cell-cell junction organization
A0A3Q0KD53	6183.A0A3Q0KD53	GO Process	GO:0045785	Positive regulation of cell adhesion
A0A3Q0KD53	6183.A0A3Q0KD53	GO Process	GO:0048518	Positive regulation of biological process
A0A3Q0KD53	6183.A0A3Q0KD53	GO Process	GO:0048522	Positive regulation of cellular process
A0A3Q0KD53	6183.A0A3Q0KD53	GO Process	GO:0048583	Regulation of response to stimulus
A0A3Q0KD53	6183.A0A3Q0KD53	GO Process	GO:0048584	Positive regulation of response to stimulus
A0A3Q0KD53	6183.A0A3Q0KD53	GO Process	GO:0050789	Regulation of biological process
A0A3Q0KD53	6183.A0A3Q0KD53	GO Process	GO:0050794	Regulation of cellular process
A0A3Q0KD53	6183.A0A3Q0KD53	GO Process	GO:0065007	Biological regulation
A0A3Q0KD53	6183.A0A3Q0KD53	GO Process	GO:0071840	Cellular component organization or biogenesis
A0A3Q0KD53	6183.A0A3Q0KD53	GO Process	GO:0098609	Cell-cell adhesion
A0A3Q0KD53	6183.A0A3Q0KD53	GO Process	GO:1900024	Regulation of substrate adhesion-dependent cell spreading
A0A3Q0KD53	6183.A0A3Q0KD53	GO Process	GO:1900026	Positive regulation of substrate adhesion-dependent cell spreading
A0A3Q0KD53	6183.A0A3Q0KD53	GO Function	GO:0005488	Binding
A0A3Q0KD53	6183.A0A3Q0KD53	GO Function	GO:0036094	Small molecule binding
A0A3Q0KD53	6183.A0A3Q0KD53	GO Function	GO:0043167	Ion binding
A0A3Q0KD53	6183.A0A3Q0KD53	GO Function	GO:0043169	Cation binding
A0A3Q0KD53	6183.A0A3Q0KD53	GO Function	GO:0046872	Metal ion binding
A0A3Q0KD53	6183.A0A3Q0KD53	GO Component	GO:0005622	Intracellular anatomical structure
A0A3Q0KD53	6183.A0A3Q0KD53	GO Component	GO:0005737	Cytoplasm
A0A3Q0KD53	6183.A0A3Q0KD53	GO Component	GO:0005911	Cell-cell junction
A0A3Q0KD53	6183.A0A3Q0KD53	GO Component	GO:0005925	Focal adhesion
A0A3Q0KD53	6183.A0A3Q0KD53	GO Component	GO:0030054	Cell junction
A0A3Q0KD53	6183.A0A3Q0KD53	GO Component	GO:0030055	Cell-substrate junction
A0A3Q0KD53	6183.A0A3Q0KD53	GO Component	GO:0070161	Anchoring junction
A0A3Q0KD53	6183.A0A3Q0KD53	GO Component	GO:0110165	Cellular anatomical structure
A0A3Q0KD53	6183.A0A3Q0KD53	STRING clusters	CL:11812	Mixed, incl. Actin filament-based process, and Cell-substrate junction
A0A3Q0KD53	6183.A0A3Q0KD53	STRING clusters	CL:12039	Cell-substrate junction, and Non-membrane spanning protein tyrosine kinase activity
A0A3Q0KD53	6183.A0A3Q0KD53	STRING clusters	CL:12116	Cell-extracellular matrix interactions
A0A3Q0KD53	6183.A0A3Q0KD53	Reactome	MAP-1500931	Cell-Cell communication
A0A3Q0KD53	6183.A0A3Q0KD53	Reactome	MAP-446353	Cell-extracellular matrix interactions
A0A3Q0KD53	6183.A0A3Q0KD53	Reactome	MAP-446728	Cell junction organization
A0A3Q0KD53	6183.A0A3Q0KD53	COMPARTMENTS	GOCC:0005925	Focal adhesion
A0A3Q0KD53	6183.A0A3Q0KD53	COMPARTMENTS	GOCC:0030054	Cell junction
A0A3Q0KD53	6183.A0A3Q0KD53	COMPARTMENTS	GOCC:0030055	Cell-substrate junction
A0A3Q0KD53	6183.A0A3Q0KD53	COMPARTMENTS	GOCC:0070161	Anchoring junction
A0A3Q0KD53	6183.A0A3Q0KD53	COMPARTMENTS	GOCC:0110165	Cellular anatomical structure
A0A3Q0KD53	6183.A0A3Q0KD53	UniProt Keywords	KW-0440	LIM domain
A0A3Q0KD53	6183.A0A3Q0KD53	UniProt Keywords	KW-0479	Metal-binding
A0A3Q0KD53	6183.A0A3Q0KD53	UniProt Keywords	KW-0862	Zinc
A0A3Q0KD53	6183.A0A3Q0KD53	InterPro	IPR001781	Zinc finger, LIM-type
A0A3Q0KD53	6183.A0A3Q0KD53	InterPro	IPR017351	LIM and senescent cell antigen-like-containing domain protein 1-4-like
A0A3Q0KD53	6183.A0A3Q0KD53	InterPro	IPR047944	LIMS1/2-like, LIM domain 1
A0A3Q0KD53	6183.A0A3Q0KD53	SMART	SM00132	Zinc-binding domain present in Lin-11, Isl-1, Mec-3.
A0A3Q0KE94	6183.A0A3Q0KE94	GO Process	GO:0006996	Organelle organization
A0A3Q0KE94	6183.A0A3Q0KE94	GO Process	GO:0007010	Cytoskeleton organization
A0A3Q0KE94	6183.A0A3Q0KE94	GO Process	GO:0009987	Cellular process
A0A3Q0KE94	6183.A0A3Q0KE94	GO Process	GO:0016043	Cellular component organization
A0A3Q0KE94	6183.A0A3Q0KE94	GO Process	GO:0030029	Actin filament-based process
A0A3Q0KE94	6183.A0A3Q0KE94	GO Process	GO:0030036	Actin cytoskeleton organization
A0A3Q0KE94	6183.A0A3Q0KE94	GO Process	GO:0030154	Cell differentiation
A0A3Q0KE94	6183.A0A3Q0KE94	GO Process	GO:0032502	Developmental process
A0A3Q0KE94	6183.A0A3Q0KE94	GO Process	GO:0042692	Muscle cell differentiation
A0A3Q0KE94	6183.A0A3Q0KE94	GO Process	GO:0048468	Cell development
A0A3Q0KE94	6183.A0A3Q0KE94	GO Process	GO:0048856	Anatomical structure development
A0A3Q0KE94	6183.A0A3Q0KE94	GO Process	GO:0048869	Cellular developmental process
A0A3Q0KE94	6183.A0A3Q0KE94	GO Process	GO:0055001	Muscle cell development
A0A3Q0KE94	6183.A0A3Q0KE94	GO Process	GO:0061061	Muscle structure development
A0A3Q0KE94	6183.A0A3Q0KE94	GO Process	GO:0071840	Cellular component organization or biogenesis
A0A3Q0KE94	6183.A0A3Q0KE94	GO Function	GO:0003779	Actin binding
A0A3Q0KE94	6183.A0A3Q0KE94	GO Function	GO:0005488	Binding
A0A3Q0KE94	6183.A0A3Q0KE94	GO Function	GO:0005509	Calcium ion binding
A0A3Q0KE94	6183.A0A3Q0KE94	GO Function	GO:0005515	Protein binding
A0A3Q0KE94	6183.A0A3Q0KE94	GO Function	GO:0008092	Cytoskeletal protein binding
A0A3Q0KE94	6183.A0A3Q0KE94	GO Function	GO:0036094	Small molecule binding
A0A3Q0KE94	6183.A0A3Q0KE94	GO Function	GO:0043167	Ion binding
A0A3Q0KE94	6183.A0A3Q0KE94	GO Function	GO:0043169	Cation binding
A0A3Q0KE94	6183.A0A3Q0KE94	GO Function	GO:0044877	Protein-containing complex binding
A0A3Q0KE94	6183.A0A3Q0KE94	GO Function	GO:0046872	Metal ion binding
A0A3Q0KE94	6183.A0A3Q0KE94	GO Function	GO:0051015	Actin filament binding
A0A3Q0KE94	6183.A0A3Q0KE94	GO Component	GO:0005622	Intracellular anatomical structure
A0A3Q0KE94	6183.A0A3Q0KE94	GO Component	GO:0005737	Cytoplasm
A0A3Q0KE94	6183.A0A3Q0KE94	GO Component	GO:0005856	Cytoskeleton
A0A3Q0KE94	6183.A0A3Q0KE94	GO Component	GO:0005886	Plasma membrane
A0A3Q0KE94	6183.A0A3Q0KE94	GO Component	GO:0005938	Cell cortex
A0A3Q0KE94	6183.A0A3Q0KE94	GO Component	GO:0015629	Actin cytoskeleton
A0A3Q0KE94	6183.A0A3Q0KE94	GO Component	GO:0016020	Membrane
A0A3Q0KE94	6183.A0A3Q0KE94	GO Component	GO:0030016	Myofibril
A0A3Q0KE94	6183.A0A3Q0KE94	GO Component	GO:0030017	Sarcomere
A0A3Q0KE94	6183.A0A3Q0KE94	GO Component	GO:0030018	Z disc
A0A3Q0KE94	6183.A0A3Q0KE94	GO Component	GO:0030054	Cell junction
A0A3Q0KE94	6183.A0A3Q0KE94	GO Component	GO:0030863	Cortical cytoskeleton
A0A3Q0KE94	6183.A0A3Q0KE94	GO Component	GO:0030864	Cortical actin cytoskeleton
A0A3Q0KE94	6183.A0A3Q0KE94	GO Component	GO:0031674	I band
A0A3Q0KE94	6183.A0A3Q0KE94	GO Component	GO:0042995	Cell projection
A0A3Q0KE94	6183.A0A3Q0KE94	GO Component	GO:0043226	Organelle
A0A3Q0KE94	6183.A0A3Q0KE94	GO Component	GO:0043228	Membraneless organelle
A0A3Q0KE94	6183.A0A3Q0KE94	GO Component	GO:0043229	Intracellular organelle
A0A3Q0KE94	6183.A0A3Q0KE94	GO Component	GO:0043232	Intracellular membraneless organelle
A0A3Q0KE94	6183.A0A3Q0KE94	GO Component	GO:0043292	Contractile muscle fiber
A0A3Q0KE94	6183.A0A3Q0KE94	GO Component	GO:0070161	Anchoring junction
A0A3Q0KE94	6183.A0A3Q0KE94	GO Component	GO:0071944	Cell periphery
A0A3Q0KE94	6183.A0A3Q0KE94	GO Component	GO:0099080	Supramolecular complex
A0A3Q0KE94	6183.A0A3Q0KE94	GO Component	GO:0099081	Supramolecular polymer
A0A3Q0KE94	6183.A0A3Q0KE94	GO Component	GO:0099512	Supramolecular fiber
A0A3Q0KE94	6183.A0A3Q0KE94	GO Component	GO:0110165	Cellular anatomical structure
A0A3Q0KE94	6183.A0A3Q0KE94	STRING clusters	CL:11812	Mixed, incl. Actin filament-based process, and Cell-substrate junction
A0A3Q0KE94	6183.A0A3Q0KE94	STRING clusters	CL:12039	Cell-substrate junction, and Non-membrane spanning protein tyrosine kinase activity
A0A3Q0KE94	6183.A0A3Q0KE94	STRING clusters	CL:12041	Focal adhesion, and Non-membrane spanning protein tyrosine kinase activity
A0A3Q0KE94	6183.A0A3Q0KE94	STRING clusters	CL:12077	Alpha-catenin/vinculin-like superfamily, and Filamentous actin
A0A3Q0KE94	6183.A0A3Q0KE94	STRING clusters	CL:12080	Filamentous actin, and Ca2+ insensitive EF hand
A0A3Q0KE94	6183.A0A3Q0KE94	Reactome	MAP-109582	Hemostasis
A0A3Q0KE94	6183.A0A3Q0KE94	Reactome	MAP-114608	Platelet degranulation
A0A3Q0KE94	6183.A0A3Q0KE94	Reactome	MAP-76002	Platelet activation, signaling and aggregation
A0A3Q0KE94	6183.A0A3Q0KE94	Reactome	MAP-76005	Response to elevated platelet cytosolic Ca2+
A0A3Q0KE94	6183.A0A3Q0KE94	COMPARTMENTS	GOCC:0005622	Intracellular anatomical structure
A0A3Q0KE94	6183.A0A3Q0KE94	COMPARTMENTS	GOCC:0005737	Cytoplasm
A0A3Q0KE94	6183.A0A3Q0KE94	COMPARTMENTS	GOCC:0005856	Cytoskeleton
A0A3Q0KE94	6183.A0A3Q0KE94	COMPARTMENTS	GOCC:0015629	Actin cytoskeleton
A0A3Q0KE94	6183.A0A3Q0KE94	COMPARTMENTS	GOCC:0043226	Organelle
A0A3Q0KE94	6183.A0A3Q0KE94	COMPARTMENTS	GOCC:0043228	Membraneless organelle
A0A3Q0KE94	6183.A0A3Q0KE94	COMPARTMENTS	GOCC:0043229	Intracellular organelle
A0A3Q0KE94	6183.A0A3Q0KE94	COMPARTMENTS	GOCC:0043232	Intracellular membraneless organelle
A0A3Q0KE94	6183.A0A3Q0KE94	COMPARTMENTS	GOCC:0043292	Contractile muscle fiber
A0A3Q0KE94	6183.A0A3Q0KE94	COMPARTMENTS	GOCC:0099080	Supramolecular complex
A0A3Q0KE94	6183.A0A3Q0KE94	COMPARTMENTS	GOCC:0099081	Supramolecular polymer
A0A3Q0KE94	6183.A0A3Q0KE94	COMPARTMENTS	GOCC:0099512	Supramolecular fiber
A0A3Q0KE94	6183.A0A3Q0KE94	COMPARTMENTS	GOCC:0110165	Cellular anatomical structure
A0A3Q0KE94	6183.A0A3Q0KE94	UniProt Keywords	KW-0009	Actin-binding
A0A3Q0KE94	6183.A0A3Q0KE94	UniProt Keywords	KW-0106	Calcium
A0A3Q0KE94	6183.A0A3Q0KE94	UniProt Keywords	KW-0175	Coiled coil
A0A3Q0KE94	6183.A0A3Q0KE94	UniProt Keywords	KW-0479	Metal-binding
A0A3Q0KE94	6183.A0A3Q0KE94	UniProt Keywords	KW-0677	Repeat
A0A3Q0KE94	6183.A0A3Q0KE94	Pfam	PF00435	Spectrin repeat
A0A3Q0KE94	6183.A0A3Q0KE94	InterPro	IPR001589	Actinin-type actin-binding domain, conserved site
A0A3Q0KE94	6183.A0A3Q0KE94	InterPro	IPR001715	Calponin homology domain
A0A3Q0KE94	6183.A0A3Q0KE94	InterPro	IPR002017	Spectrin repeat
A0A3Q0KE94	6183.A0A3Q0KE94	InterPro	IPR002048	EF-hand domain
A0A3Q0KE94	6183.A0A3Q0KE94	InterPro	IPR011992	EF-hand domain pair
A0A3Q0KE94	6183.A0A3Q0KE94	InterPro	IPR014837	EF-hand, Ca insensitive
A0A3Q0KE94	6183.A0A3Q0KE94	InterPro	IPR018159	Spectrin/alpha-actinin
A0A3Q0KE94	6183.A0A3Q0KE94	InterPro	IPR036872	CH domain superfamily
A0A3Q0KE94	6183.A0A3Q0KE94	SMART	SM00033	Calponin homology domain
A0A3Q0KE94	6183.A0A3Q0KE94	SMART	SM00054	EF-hand, calcium binding motif
A0A3Q0KE94	6183.A0A3Q0KE94	SMART	SM00150	Spectrin repeats
A0A3Q0KE94	6183.A0A3Q0KE94	SMART	SM01184	Ca2+ insensitive EF hand
A0A3Q0KHF0	6183.A0A3Q0KHF0	GO Process	GO:0007154	Cell communication
A0A3Q0KHF0	6183.A0A3Q0KHF0	GO Process	GO:0007155	Cell adhesion
A0A3Q0KHF0	6183.A0A3Q0KHF0	GO Process	GO:0007160	Cell-matrix adhesion
A0A3Q0KHF0	6183.A0A3Q0KHF0	GO Process	GO:0007165	Signal transduction
A0A3Q0KHF0	6183.A0A3Q0KHF0	GO Process	GO:0007166	Cell surface receptor signaling pathway
A0A3Q0KHF0	6183.A0A3Q0KHF0	GO Process	GO:0007229	Integrin-mediated signaling pathway
A0A3Q0KHF0	6183.A0A3Q0KHF0	GO Process	GO:0009987	Cellular process
A0A3Q0KHF0	6183.A0A3Q0KHF0	GO Process	GO:0023052	Signaling
A0A3Q0KHF0	6183.A0A3Q0KHF0	GO Process	GO:0031589	Cell-substrate adhesion
A0A3Q0KHF0	6183.A0A3Q0KHF0	GO Process	GO:0050789	Regulation of biological process
A0A3Q0KHF0	6183.A0A3Q0KHF0	GO Process	GO:0050794	Regulation of cellular process
A0A3Q0KHF0	6183.A0A3Q0KHF0	GO Process	GO:0050896	Response to stimulus
A0A3Q0KHF0	6183.A0A3Q0KHF0	GO Process	GO:0051716	Cellular response to stimulus
A0A3Q0KHF0	6183.A0A3Q0KHF0	GO Process	GO:0065007	Biological regulation
A0A3Q0KHF0	6183.A0A3Q0KHF0	GO Function	GO:0005102	Signaling receptor binding
A0A3Q0KHF0	6183.A0A3Q0KHF0	GO Function	GO:0005488	Binding
A0A3Q0KHF0	6183.A0A3Q0KHF0	GO Function	GO:0005515	Protein binding
A0A3Q0KHF0	6183.A0A3Q0KHF0	GO Function	GO:0044877	Protein-containing complex binding
A0A3Q0KHF0	6183.A0A3Q0KHF0	GO Function	GO:0050839	Cell adhesion molecule binding
A0A3Q0KHF0	6183.A0A3Q0KHF0	GO Component	GO:0030054	Cell junction
A0A3Q0KHF0	6183.A0A3Q0KHF0	GO Component	GO:0030055	Cell-substrate junction
A0A3Q0KHF0	6183.A0A3Q0KHF0	GO Component	GO:0070161	Anchoring junction
A0A3Q0KHF0	6183.A0A3Q0KHF0	GO Component	GO:0110165	Cellular anatomical structure
A0A3Q0KHF0	6183.A0A3Q0KHF0	STRING clusters	CL:11812	Mixed, incl. Actin filament-based process, and Cell-substrate junction
A0A3Q0KHF0	6183.A0A3Q0KHF0	STRING clusters	CL:12039	Cell-substrate junction, and Non-membrane spanning protein tyrosine kinase activity
A0A3Q0KHF0	6183.A0A3Q0KHF0	STRING clusters	CL:12116	Cell-extracellular matrix interactions
A0A3Q0KHF0	6183.A0A3Q0KHF0	COMPARTMENTS	GOCC:0005622	Intracellular anatomical structure
A0A3Q0KHF0	6183.A0A3Q0KHF0	COMPARTMENTS	GOCC:0110165	Cellular anatomical structure
A0A3Q0KHF0	6183.A0A3Q0KHF0	InterPro	IPR011993	PH-like domain superfamily
A0A3Q0KHF0	6183.A0A3Q0KHF0	InterPro	IPR014352	FERM/acyl-CoA-binding protein superfamily
A0A3Q0KHF0	6183.A0A3Q0KHF0	InterPro	IPR019748	FERM central domain
A0A3Q0KHF0	6183.A0A3Q0KHF0	InterPro	IPR019749	Band 4.1 domain
A0A3Q0KHF0	6183.A0A3Q0KHF0	InterPro	IPR035963	FERM superfamily, second domain
A0A3Q0KHF0	6183.A0A3Q0KHF0	InterPro	IPR037843	Kindlin/fermitin
A0A3Q0KHF0	6183.A0A3Q0KHF0	InterPro	IPR040790	Kindlin-2, N-terminal
A0A3Q0KHF0	6183.A0A3Q0KHF0	SMART	SM00295	Band 4.1 homologues
A0A3Q0KIA3	6183.A0A3Q0KIA3	GO Process	GO:0006996	Organelle organization
A0A3Q0KIA3	6183.A0A3Q0KIA3	GO Process	GO:0007010	Cytoskeleton organization
A0A3Q0KIA3	6183.A0A3Q0KIA3	GO Process	GO:0007154	Cell communication
A0A3Q0KIA3	6183.A0A3Q0KIA3	GO Process	GO:0007155	Cell adhesion
A0A3Q0KIA3	6183.A0A3Q0KIA3	GO Process	GO:0007160	Cell-matrix adhesion
A0A3Q0KIA3	6183.A0A3Q0KIA3	GO Process	GO:0007165	Signal transduction
A0A3Q0KIA3	6183.A0A3Q0KIA3	GO Process	GO:0007166	Cell surface receptor signaling pathway
A0A3Q0KIA3	6183.A0A3Q0KIA3	GO Process	GO:0007229	Integrin-mediated signaling pathway
A0A3Q0KIA3	6183.A0A3Q0KIA3	GO Process	GO:0007275	Multicellular organism development
A0A3Q0KIA3	6183.A0A3Q0KIA3	GO Process	GO:0009653	Anatomical structure morphogenesis
A0A3Q0KIA3	6183.A0A3Q0KIA3	GO Process	GO:0009987	Cellular process
A0A3Q0KIA3	6183.A0A3Q0KIA3	GO Process	GO:0016043	Cellular component organization
A0A3Q0KIA3	6183.A0A3Q0KIA3	GO Process	GO:0022607	Cellular component assembly
A0A3Q0KIA3	6183.A0A3Q0KIA3	GO Process	GO:0023052	Signaling
A0A3Q0KIA3	6183.A0A3Q0KIA3	GO Process	GO:0030154	Cell differentiation
A0A3Q0KIA3	6183.A0A3Q0KIA3	GO Process	GO:0031589	Cell-substrate adhesion
A0A3Q0KIA3	6183.A0A3Q0KIA3	GO Process	GO:0032501	Multicellular organismal process
A0A3Q0KIA3	6183.A0A3Q0KIA3	GO Process	GO:0032502	Developmental process
A0A3Q0KIA3	6183.A0A3Q0KIA3	GO Process	GO:0034446	Substrate adhesion-dependent cell spreading
A0A3Q0KIA3	6183.A0A3Q0KIA3	GO Process	GO:0044085	Cellular component biogenesis
A0A3Q0KIA3	6183.A0A3Q0KIA3	GO Process	GO:0048856	Anatomical structure development
A0A3Q0KIA3	6183.A0A3Q0KIA3	GO Process	GO:0048869	Cellular developmental process
A0A3Q0KIA3	6183.A0A3Q0KIA3	GO Process	GO:0050789	Regulation of biological process
A0A3Q0KIA3	6183.A0A3Q0KIA3	GO Process	GO:0050794	Regulation of cellular process
A0A3Q0KIA3	6183.A0A3Q0KIA3	GO Process	GO:0050896	Response to stimulus
A0A3Q0KIA3	6183.A0A3Q0KIA3	GO Process	GO:0051716	Cellular response to stimulus
A0A3Q0KIA3	6183.A0A3Q0KIA3	GO Process	GO:0065007	Biological regulation
A0A3Q0KIA3	6183.A0A3Q0KIA3	GO Process	GO:0071840	Cellular component organization or biogenesis
A0A3Q0KIA3	6183.A0A3Q0KIA3	GO Function	GO:0000166	Nucleotide binding
A0A3Q0KIA3	6183.A0A3Q0KIA3	GO Function	GO:0003824	Catalytic activity
A0A3Q0KIA3	6183.A0A3Q0KIA3	GO Function	GO:0004672	Protein kinase activity
A0A3Q0KIA3	6183.A0A3Q0KIA3	GO Function	GO:0004674	Protein serine/threonine kinase activity
A0A3Q0KIA3	6183.A0A3Q0KIA3	GO Function	GO:0005102	Signaling receptor binding
A0A3Q0KIA3	6183.A0A3Q0KIA3	GO Function	GO:0005178	Integrin binding
A0A3Q0KIA3	6183.A0A3Q0KIA3	GO Function	GO:0005488	Binding
A0A3Q0KIA3	6183.A0A3Q0KIA3	GO Function	GO:0005515	Protein binding
A0A3Q0KIA3	6183.A0A3Q0KIA3	GO Function	GO:0005524	ATP binding
A0A3Q0KIA3	6183.A0A3Q0KIA3	GO Function	GO:0016301	Kinase activity
A0A3Q0KIA3	6183.A0A3Q0KIA3	GO Function	GO:0016740	Transferase activity
A0A3Q0KIA3	6183.A0A3Q0KIA3	GO Function	GO:0016772	Transferase activity, transferring phosphorus-containing groups
A0A3Q0KIA3	6183.A0A3Q0KIA3	GO Function	GO:0016773	Phosphotransferase activity, alcohol group as acceptor
A0A3Q0KIA3	6183.A0A3Q0KIA3	GO Function	GO:0017076	Purine nucleotide binding
A0A3Q0KIA3	6183.A0A3Q0KIA3	GO Function	GO:0030554	Adenyl nucleotide binding
A0A3Q0KIA3	6183.A0A3Q0KIA3	GO Function	GO:0032553	Ribonucleotide binding
A0A3Q0KIA3	6183.A0A3Q0KIA3	GO Function	GO:0032555	Purine ribonucleotide binding
A0A3Q0KIA3	6183.A0A3Q0KIA3	GO Function	GO:0032559	Adenyl ribonucleotide binding
A0A3Q0KIA3	6183.A0A3Q0KIA3	GO Function	GO:0035639	Purine ribonucleoside triphosphate binding
A0A3Q0KIA3	6183.A0A3Q0KIA3	GO Function	GO:0036094	Small molecule binding
A0A3Q0KIA3	6183.A0A3Q0KIA3	GO Function	GO:0043167	Ion binding
A0A3Q0KIA3	6183.A0A3Q0KIA3	GO Function	GO:0043168	Anion binding
A0A3Q0KIA3	6183.A0A3Q0KIA3	GO Function	GO:0044877	Protein-containing complex binding
A0A3Q0KIA3	6183.A0A3Q0KIA3	GO Function	GO:0050839	Cell adhesion molecule binding
A0A3Q0KIA3	6183.A0A3Q0KIA3	GO Function	GO:0097367	Carbohydrate derivative binding
A0A3Q0KIA3	6183.A0A3Q0KIA3	GO Function	GO:0140096	Catalytic activity, acting on a protein
A0A3Q0KIA3	6183.A0A3Q0KIA3	GO Function	GO:1901265	Nucleoside phosphate binding
A0A3Q0KIA3	6183.A0A3Q0KIA3	GO Function	GO:1901363	Heterocyclic compound binding
A0A3Q0KIA3	6183.A0A3Q0KIA3	GO Component	GO:0005622	Intracellular anatomical structure
A0A3Q0KIA3	6183.A0A3Q0KIA3	GO Component	GO:0005737	Cytoplasm
A0A3Q0KIA3	6183.A0A3Q0KIA3	GO Component	GO:0005886	Plasma membrane
A0A3Q0KIA3	6183.A0A3Q0KIA3	GO Component	GO:0005925	Focal adhesion
A0A3Q0KIA3	6183.A0A3Q0KIA3	GO Component	GO:0016020	Membrane
A0A3Q0KIA3	6183.A0A3Q0KIA3	GO Component	GO:0030016	Myofibril
A0A3Q0KIA3	6183.A0A3Q0KIA3	GO Component	GO:0030017	Sarcomere
A0A3Q0KIA3	6183.A0A3Q0KIA3	GO Component	GO:0030054	Cell junction
A0A3Q0KIA3	6183.A0A3Q0KIA3	GO Component	GO:0030055	Cell-substrate junction
A0A3Q0KIA3	6183.A0A3Q0KIA3	GO Component	GO:0043226	Organelle
A0A3Q0KIA3	6183.A0A3Q0KIA3	GO Component	GO:0043228	Membraneless organelle
A0A3Q0KIA3	6183.A0A3Q0KIA3	GO Component	GO:0043229	Intracellular organelle
A0A3Q0KIA3	6183.A0A3Q0KIA3	GO Component	GO:0043232	Intracellular membraneless organelle
A0A3Q0KIA3	6183.A0A3Q0KIA3	GO Component	GO:0043292	Contractile muscle fiber
A0A3Q0KIA3	6183.A0A3Q0KIA3	GO Component	GO:0070161	Anchoring junction
A0A3Q0KIA3	6183.A0A3Q0KIA3	GO Component	GO:0071944	Cell periphery
A0A3Q0KIA3	6183.A0A3Q0KIA3	GO Component	GO:0099080	Supramolecular complex
A0A3Q0KIA3	6183.A0A3Q0KIA3	GO Component	GO:0099081	Supramolecular polymer
A0A3Q0KIA3	6183.A0A3Q0KIA3	GO Component	GO:0099512	Supramolecular fiber
A0A3Q0KIA3	6183.A0A3Q0KIA3	GO Component	GO:0110165	Cellular anatomical structure
A0A3Q0KIA3	6183.A0A3Q0KIA3	STRING clusters	CL:11812	Mixed, incl. Actin filament-based process, and Cell-substrate junction
A0A3Q0KIA3	6183.A0A3Q0KIA3	STRING clusters	CL:12039	Cell-substrate junction, and Non-membrane spanning protein tyrosine kinase activity
A0A3Q0KIA3	6183.A0A3Q0KIA3	STRING clusters	CL:12116	Cell-extracellular matrix interactions
A0A3Q0KIA3	6183.A0A3Q0KIA3	STRING clusters	CL:12120	Cell-extracellular matrix interactions
A0A3Q0KIA3	6183.A0A3Q0KIA3	KEGG	smm05100	Bacterial invasion of epithelial cells
A0A3Q0KIA3	6183.A0A3Q0KIA3	Reactome	MAP-1500931	Cell-Cell communication
A0A3Q0KIA3	6183.A0A3Q0KIA3	Reactome	MAP-446343	Localization of the PINCH-ILK-PARVIN complex to focal adhesions
A0A3Q0KIA3	6183.A0A3Q0KIA3	Reactome	MAP-446353	Cell-extracellular matrix interactions
A0A3Q0KIA3	6183.A0A3Q0KIA3	Reactome	MAP-446728	Cell junction organization
A0A3Q0KIA3	6183.A0A3Q0KIA3	COMPARTMENTS	GOCC:0005622	Intracellular anatomical structure
A0A3Q0KIA3	6183.A0A3Q0KIA3	COMPARTMENTS	GOCC:0043226	Organelle
A0A3Q0KIA3	6183.A0A3Q0KIA3	COMPARTMENTS	GOCC:0043228	Membraneless organelle
A0A3Q0KIA3	6183.A0A3Q0KIA3	COMPARTMENTS	GOCC:0043229	Intracellular organelle
A0A3Q0KIA3	6183.A0A3Q0KIA3	COMPARTMENTS	GOCC:0043232	Intracellular membraneless organelle
A0A3Q0KIA3	6183.A0A3Q0KIA3	COMPARTMENTS	GOCC:0110165	Cellular anatomical structure
A0A3Q0KIA3	6183.A0A3Q0KIA3	UniProt Keywords	KW-0040	ANK repeat
A0A3Q0KIA3	6183.A0A3Q0KIA3	UniProt Keywords	KW-0472	Membrane
A0A3Q0KIA3	6183.A0A3Q0KIA3	UniProt Keywords	KW-0963	Cytoplasm
A0A3Q0KIA3	6183.A0A3Q0KIA3	InterPro	IPR000719	Protein kinase domain
A0A3Q0KIA3	6183.A0A3Q0KIA3	InterPro	IPR001245	Serine-threonine/tyrosine-protein kinase, catalytic domain
A0A3Q0KIA3	6183.A0A3Q0KIA3	InterPro	IPR002110	Ankyrin repeat
A0A3Q0KIA3	6183.A0A3Q0KIA3	InterPro	IPR011009	Protein kinase-like domain superfamily
A0A3Q0KIA3	6183.A0A3Q0KIA3	InterPro	IPR036770	Ankyrin repeat-containing domain superfamily
A0A3Q0KIA3	6183.A0A3Q0KIA3	InterPro	IPR051681	Serine/Threonine Kinases and Pseudokinases
A0A3Q0KIZ6	6183.A0A3Q0KIZ6	GO Process	GO:0007154	Cell communication
A0A3Q0KIZ6	6183.A0A3Q0KIZ6	GO Process	GO:0007155	Cell adhesion
A0A3Q0KIZ6	6183.A0A3Q0KIZ6	GO Process	GO:0007160	Cell-matrix adhesion
A0A3Q0KIZ6	6183.A0A3Q0KIZ6	GO Process	GO:0007165	Signal transduction
A0A3Q0KIZ6	6183.A0A3Q0KIZ6	GO Process	GO:0007166	Cell surface receptor signaling pathway
A0A3Q0KIZ6	6183.A0A3Q0KIZ6	GO Process	GO:0007229	Integrin-mediated signaling pathway
A0A3Q0KIZ6	6183.A0A3Q0KIZ6	GO Process	GO:0009987	Cellular process
A0A3Q0KIZ6	6183.A0A3Q0KIZ6	GO Process	GO:0016477	Cell migration
A0A3Q0KIZ6	6183.A0A3Q0KIZ6	GO Process	GO:0023052	Signaling
A0A3Q0KIZ6	6183.A0A3Q0KIZ6	GO Process	GO:0031589	Cell-substrate adhesion
A0A3Q0KIZ6	6183.A0A3Q0KIZ6	GO Process	GO:0048870	Cell motility
A0A3Q0KIZ6	6183.A0A3Q0KIZ6	GO Process	GO:0050789	Regulation of biological process
A0A3Q0KIZ6	6183.A0A3Q0KIZ6	GO Process	GO:0050794	Regulation of cellular process
A0A3Q0KIZ6	6183.A0A3Q0KIZ6	GO Process	GO:0050896	Response to stimulus
A0A3Q0KIZ6	6183.A0A3Q0KIZ6	GO Process	GO:0051716	Cellular response to stimulus
A0A3Q0KIZ6	6183.A0A3Q0KIZ6	GO Process	GO:0065007	Biological regulation
A0A3Q0KIZ6	6183.A0A3Q0KIZ6	GO Process	GO:0098609	Cell-cell adhesion
A0A3Q0KIZ6	6183.A0A3Q0KIZ6	GO Function	GO:0005102	Signaling receptor binding
A0A3Q0KIZ6	6183.A0A3Q0KIZ6	GO Function	GO:0005178	Integrin binding
A0A3Q0KIZ6	6183.A0A3Q0KIZ6	GO Function	GO:0005488	Binding
A0A3Q0KIZ6	6183.A0A3Q0KIZ6	GO Function	GO:0005515	Protein binding
A0A3Q0KIZ6	6183.A0A3Q0KIZ6	GO Function	GO:0036094	Small molecule binding
A0A3Q0KIZ6	6183.A0A3Q0KIZ6	GO Function	GO:0043167	Ion binding
A0A3Q0KIZ6	6183.A0A3Q0KIZ6	GO Function	GO:0043169	Cation binding
A0A3Q0KIZ6	6183.A0A3Q0KIZ6	GO Function	GO:0044877	Protein-containing complex binding
A0A3Q0KIZ6	6183.A0A3Q0KIZ6	GO Function	GO:0046872	Metal ion binding
A0A3Q0KIZ6	6183.A0A3Q0KIZ6	GO Function	GO:0050839	Cell adhesion molecule binding
A0A3Q0KIZ6	6183.A0A3Q0KIZ6	GO Component	GO:0005886	Plasma membrane
A0A3Q0KIZ6	6183.A0A3Q0KIZ6	GO Component	GO:0005925	Focal adhesion
A0A3Q0KIZ6	6183.A0A3Q0KIZ6	GO Component	GO:0008305	Integrin complex
A0A3Q0KIZ6	6183.A0A3Q0KIZ6	GO Component	GO:0009986	Cell surface
A0A3Q0KIZ6	6183.A0A3Q0KIZ6	GO Component	GO:0016020	Membrane
A0A3Q0KIZ6	6183.A0A3Q0KIZ6	GO Component	GO:0030054	Cell junction
A0A3Q0KIZ6	6183.A0A3Q0KIZ6	GO Component	GO:0030055	Cell-substrate junction
A0A3Q0KIZ6	6183.A0A3Q0KIZ6	GO Component	GO:0032991	Protein-containing complex
A0A3Q0KIZ6	6183.A0A3Q0KIZ6	GO Component	GO:0043235	Receptor complex
A0A3Q0KIZ6	6183.A0A3Q0KIZ6	GO Component	GO:0070161	Anchoring junction
A0A3Q0KIZ6	6183.A0A3Q0KIZ6	GO Component	GO:0071944	Cell periphery
A0A3Q0KIZ6	6183.A0A3Q0KIZ6	GO Component	GO:0098636	Protein complex involved in cell adhesion
A0A3Q0KIZ6	6183.A0A3Q0KIZ6	GO Component	GO:0098796	Membrane protein complex
A0A3Q0KIZ6	6183.A0A3Q0KIZ6	GO Component	GO:0098797	Plasma membrane protein complex
A0A3Q0KIZ6	6183.A0A3Q0KIZ6	GO Component	GO:0098802	Plasma membrane signaling receptor complex
A0A3Q0KIZ6	6183.A0A3Q0KIZ6	GO Component	GO:0110165	Cellular anatomical structure
A0A3Q0KIZ6	6183.A0A3Q0KIZ6	STRING clusters	CL:11459	Mixed, incl. Annexin superfamily, and Collagen biosynthesis and modifying enzymes
A0A3Q0KIZ6	6183.A0A3Q0KIZ6	STRING clusters	CL:11460	Mixed, incl. Collagen biosynthesis and modifying enzymes, and Calcium-binding EGF-like domain
A0A3Q0KIZ6	6183.A0A3Q0KIZ6	STRING clusters	CL:11572	Mixed, incl. Collagen trimer, and Integrin
A0A3Q0KIZ6	6183.A0A3Q0KIZ6	STRING clusters	CL:11573	Mixed, incl. Collagen trimer, and Integrin
A0A3Q0KIZ6	6183.A0A3Q0KIZ6	STRING clusters	CL:11576	Collagen triple helix repeat, and Integrin
A0A3Q0KIZ6	6183.A0A3Q0KIZ6	STRING clusters	CL:11577	Collagen triple helix repeat, and Integrin
A0A3Q0KIZ6	6183.A0A3Q0KIZ6	STRING clusters	CL:11581	Mixed, incl. Integrin, and Basement membrane
A0A3Q0KIZ6	6183.A0A3Q0KIZ6	STRING clusters	CL:11586	Integrin, and Laminin, N-terminal
A0A3Q0KIZ6	6183.A0A3Q0KIZ6	STRING clusters	CL:11589	Integrin complex
A0A3Q0KIZ6	6183.A0A3Q0KIZ6	Reactome	MAP-1474244	Extracellular matrix organization
A0A3Q0KIZ6	6183.A0A3Q0KIZ6	Reactome	MAP-216083	Integrin cell surface interactions
A0A3Q0KIZ6	6183.A0A3Q0KIZ6	COMPARTMENTS	GOCC:0005886	Plasma membrane
A0A3Q0KIZ6	6183.A0A3Q0KIZ6	COMPARTMENTS	GOCC:0016020	Membrane
A0A3Q0KIZ6	6183.A0A3Q0KIZ6	COMPARTMENTS	GOCC:0071944	Cell periphery
A0A3Q0KIZ6	6183.A0A3Q0KIZ6	COMPARTMENTS	GOCC:0110165	Cellular anatomical structure
A0A3Q0KIZ6	6183.A0A3Q0KIZ6	UniProt Keywords	KW-0130	Cell adhesion
A0A3Q0KIZ6	6183.A0A3Q0KIZ6	UniProt Keywords	KW-0325	Glycoprotein
A0A3Q0KIZ6	6183.A0A3Q0KIZ6	UniProt Keywords	KW-0401	Integrin
A0A3Q0KIZ6	6183.A0A3Q0KIZ6	UniProt Keywords	KW-0472	Membrane
A0A3Q0KIZ6	6183.A0A3Q0KIZ6	UniProt Keywords	KW-0677	Repeat
A0A3Q0KIZ6	6183.A0A3Q0KIZ6	UniProt Keywords	KW-0812	Transmembrane
A0A3Q0KIZ6	6183.A0A3Q0KIZ6	UniProt Keywords	KW-1003	Cell membrane
A0A3Q0KIZ6	6183.A0A3Q0KIZ6	UniProt Keywords	KW-1015	Disulfide bond
A0A3Q0KIZ6	6183.A0A3Q0KIZ6	UniProt Keywords	KW-1133	Transmembrane helix
A0A3Q0KIZ6	6183.A0A3Q0KIZ6	InterPro	IPR000742	EGF-like domain
A0A3Q0KIZ6	6183.A0A3Q0KIZ6	InterPro	IPR002049	Laminin-type EGF domain
A0A3Q0KIZ6	6183.A0A3Q0KIZ6	InterPro	IPR032695	Integrin domain superfamily
A0A3Q0KIZ6	6183.A0A3Q0KIZ6	InterPro	IPR036465	Von Willebrand factor A-like domain superfamily
A0A3Q0KIZ6	6183.A0A3Q0KIZ6	SMART	SM00181	Epidermal growth factor-like domain.
A0A3Q0KIZ6	6183.A0A3Q0KIZ6	SMART	SM00327	Von Willebrand factor (vWF) type A domain
A0A3Q0KJS3	6183.A0A3Q0KJS3	GO Process	GO:0000018	Regulation of DNA recombination
A0A3Q0KJS3	6183.A0A3Q0KJS3	GO Process	GO:0006282	Regulation of DNA repair
A0A3Q0KJS3	6183.A0A3Q0KJS3	GO Process	GO:0006355	Regulation of DNA-templated transcription
A0A3Q0KJS3	6183.A0A3Q0KJS3	GO Process	GO:0006357	Regulation of transcription by RNA polymerase II
A0A3Q0KJS3	6183.A0A3Q0KJS3	GO Process	GO:0006996	Organelle organization
A0A3Q0KJS3	6183.A0A3Q0KJS3	GO Process	GO:0007010	Cytoskeleton organization
A0A3Q0KJS3	6183.A0A3Q0KJS3	GO Process	GO:0007015	Actin filament organization
A0A3Q0KJS3	6183.A0A3Q0KJS3	GO Process	GO:0009889	Regulation of biosynthetic process
A0A3Q0KJS3	6183.A0A3Q0KJS3	GO Process	GO:0009891	Positive regulation of biosynthetic process
A0A3Q0KJS3	6183.A0A3Q0KJS3	GO Process	GO:0009893	Positive regulation of metabolic process
A0A3Q0KJS3	6183.A0A3Q0KJS3	GO Process	GO:0009987	Cellular process
A0A3Q0KJS3	6183.A0A3Q0KJS3	GO Process	GO:0010468	Regulation of gene expression
A0A3Q0KJS3	6183.A0A3Q0KJS3	GO Process	GO:0010556	Regulation of macromolecule biosynthetic process
A0A3Q0KJS3	6183.A0A3Q0KJS3	GO Process	GO:0010557	Positive regulation of macromolecule biosynthetic process
A0A3Q0KJS3	6183.A0A3Q0KJS3	GO Process	GO:0010569	Regulation of double-strand break repair via homologous recombination
A0A3Q0KJS3	6183.A0A3Q0KJS3	GO Process	GO:0010604	Positive regulation of macromolecule metabolic process
A0A3Q0KJS3	6183.A0A3Q0KJS3	GO Process	GO:0016043	Cellular component organization
A0A3Q0KJS3	6183.A0A3Q0KJS3	GO Process	GO:0019219	Regulation of nucleobase-containing compound metabolic process
A0A3Q0KJS3	6183.A0A3Q0KJS3	GO Process	GO:0019222	Regulation of metabolic process
A0A3Q0KJS3	6183.A0A3Q0KJS3	GO Process	GO:0030029	Actin filament-based process
A0A3Q0KJS3	6183.A0A3Q0KJS3	GO Process	GO:0030036	Actin cytoskeleton organization
A0A3Q0KJS3	6183.A0A3Q0KJS3	GO Process	GO:0034314	Arp2/3 complex-mediated actin nucleation
A0A3Q0KJS3	6183.A0A3Q0KJS3	GO Process	GO:0045010	Actin nucleation
A0A3Q0KJS3	6183.A0A3Q0KJS3	GO Process	GO:0045739	Positive regulation of DNA repair
A0A3Q0KJS3	6183.A0A3Q0KJS3	GO Process	GO:0045893	Positive regulation of DNA-templated transcription
A0A3Q0KJS3	6183.A0A3Q0KJS3	GO Process	GO:0045911	Positive regulation of DNA recombination
A0A3Q0KJS3	6183.A0A3Q0KJS3	GO Process	GO:0045935	Positive regulation of nucleobase-containing compound metabolic process
A0A3Q0KJS3	6183.A0A3Q0KJS3	GO Process	GO:0045944	Positive regulation of transcription by RNA polymerase II
A0A3Q0KJS3	6183.A0A3Q0KJS3	GO Process	GO:0048518	Positive regulation of biological process
A0A3Q0KJS3	6183.A0A3Q0KJS3	GO Process	GO:0048522	Positive regulation of cellular process
A0A3Q0KJS3	6183.A0A3Q0KJS3	GO Process	GO:0048583	Regulation of response to stimulus
A0A3Q0KJS3	6183.A0A3Q0KJS3	GO Process	GO:0048584	Positive regulation of response to stimulus
A0A3Q0KJS3	6183.A0A3Q0KJS3	GO Process	GO:0050789	Regulation of biological process
A0A3Q0KJS3	6183.A0A3Q0KJS3	GO Process	GO:0050794	Regulation of cellular process
A0A3Q0KJS3	6183.A0A3Q0KJS3	GO Process	GO:0051052	Regulation of DNA metabolic process
A0A3Q0KJS3	6183.A0A3Q0KJS3	GO Process	GO:0051054	Positive regulation of DNA metabolic process
A0A3Q0KJS3	6183.A0A3Q0KJS3	GO Process	GO:0051252	Regulation of RNA metabolic process
A0A3Q0KJS3	6183.A0A3Q0KJS3	GO Process	GO:0051254	Positive regulation of RNA metabolic process
A0A3Q0KJS3	6183.A0A3Q0KJS3	GO Process	GO:0060255	Regulation of macromolecule metabolic process
A0A3Q0KJS3	6183.A0A3Q0KJS3	GO Process	GO:0065007	Biological regulation
A0A3Q0KJS3	6183.A0A3Q0KJS3	GO Process	GO:0071840	Cellular component organization or biogenesis
A0A3Q0KJS3	6183.A0A3Q0KJS3	GO Process	GO:0080090	Regulation of primary metabolic process
A0A3Q0KJS3	6183.A0A3Q0KJS3	GO Process	GO:0080134	Regulation of response to stress
A0A3Q0KJS3	6183.A0A3Q0KJS3	GO Process	GO:0080135	Regulation of cellular response to stress
A0A3Q0KJS3	6183.A0A3Q0KJS3	GO Process	GO:0097435	Supramolecular fiber organization
A0A3Q0KJS3	6183.A0A3Q0KJS3	GO Process	GO:1902680	Positive regulation of RNA biosynthetic process
A0A3Q0KJS3	6183.A0A3Q0KJS3	GO Process	GO:1905168	Positive regulation of double-strand break repair via homologous recombination
A0A3Q0KJS3	6183.A0A3Q0KJS3	GO Process	GO:2000779	Regulation of double-strand break repair
A0A3Q0KJS3	6183.A0A3Q0KJS3	GO Process	GO:2000781	Positive regulation of double-strand break repair
A0A3Q0KJS3	6183.A0A3Q0KJS3	GO Process	GO:2001032	Regulation of double-strand break repair via nonhomologous end joining
A0A3Q0KJS3	6183.A0A3Q0KJS3	GO Process	GO:2001141	Regulation of RNA biosynthetic process
A0A3Q0KJS3	6183.A0A3Q0KJS3	GO Function	GO:0000166	Nucleotide binding
A0A3Q0KJS3	6183.A0A3Q0KJS3	GO Function	GO:0003779	Actin binding
A0A3Q0KJS3	6183.A0A3Q0KJS3	GO Function	GO:0005488	Binding
A0A3Q0KJS3	6183.A0A3Q0KJS3	GO Function	GO:0005515	Protein binding
A0A3Q0KJS3	6183.A0A3Q0KJS3	GO Function	GO:0005524	ATP binding
A0A3Q0KJS3	6183.A0A3Q0KJS3	GO Function	GO:0008092	Cytoskeletal protein binding
A0A3Q0KJS3	6183.A0A3Q0KJS3	GO Function	GO:0017076	Purine nucleotide binding
A0A3Q0KJS3	6183.A0A3Q0KJS3	GO Function	GO:0030554	Adenyl nucleotide binding
A0A3Q0KJS3	6183.A0A3Q0KJS3	GO Function	GO:0032553	Ribonucleotide binding
A0A3Q0KJS3	6183.A0A3Q0KJS3	GO Function	GO:0032555	Purine ribonucleotide binding
A0A3Q0KJS3	6183.A0A3Q0KJS3	GO Function	GO:0032559	Adenyl ribonucleotide binding
A0A3Q0KJS3	6183.A0A3Q0KJS3	GO Function	GO:0035639	Purine ribonucleoside triphosphate binding
A0A3Q0KJS3	6183.A0A3Q0KJS3	GO Function	GO:0036094	Small molecule binding
A0A3Q0KJS3	6183.A0A3Q0KJS3	GO Function	GO:0043167	Ion binding
A0A3Q0KJS3	6183.A0A3Q0KJS3	GO Function	GO:0043168	Anion binding
A0A3Q0KJS3	6183.A0A3Q0KJS3	GO Function	GO:0044877	Protein-containing complex binding
A0A3Q0KJS3	6183.A0A3Q0KJS3	GO Function	GO:0051015	Actin filament binding
A0A3Q0KJS3	6183.A0A3Q0KJS3	GO Function	GO:0097367	Carbohydrate derivative binding
A0A3Q0KJS3	6183.A0A3Q0KJS3	GO Function	GO:1901265	Nucleoside phosphate binding
A0A3Q0KJS3	6183.A0A3Q0KJS3	GO Function	GO:1901363	Heterocyclic compound binding
A0A3Q0KJS3	6183.A0A3Q0KJS3	GO Component	GO:0005622	Intracellular anatomical structure
A0A3Q0KJS3	6183.A0A3Q0KJS3	GO Component	GO:0005634	Nucleus
A0A3Q0KJS3	6183.A0A3Q0KJS3	GO Component	GO:0005694	Chromosome
A0A3Q0KJS3	6183.A0A3Q0KJS3	GO Component	GO:0005737	Cytoplasm
A0A3Q0KJS3	6183.A0A3Q0KJS3	GO Component	GO:0005856	Cytoskeleton
A0A3Q0KJS3	6183.A0A3Q0KJS3	GO Component	GO:0005885	Arp2/3 protein complex
A0A3Q0KJS3	6183.A0A3Q0KJS3	GO Component	GO:0005938	Cell cortex
A0A3Q0KJS3	6183.A0A3Q0KJS3	GO Component	GO:0015629	Actin cytoskeleton
A0A3Q0KJS3	6183.A0A3Q0KJS3	GO Component	GO:0032991	Protein-containing complex
A0A3Q0KJS3	6183.A0A3Q0KJS3	GO Component	GO:0035861	Site of double-strand break
A0A3Q0KJS3	6183.A0A3Q0KJS3	GO Component	GO:0042995	Cell projection
A0A3Q0KJS3	6183.A0A3Q0KJS3	GO Component	GO:0043226	Organelle
A0A3Q0KJS3	6183.A0A3Q0KJS3	GO Component	GO:0043227	Membrane-bounded organelle
A0A3Q0KJS3	6183.A0A3Q0KJS3	GO Component	GO:0043228	Membraneless organelle
A0A3Q0KJS3	6183.A0A3Q0KJS3	GO Component	GO:0043229	Intracellular organelle
A0A3Q0KJS3	6183.A0A3Q0KJS3	GO Component	GO:0043231	Intracellular membrane-bounded organelle
A0A3Q0KJS3	6183.A0A3Q0KJS3	GO Component	GO:0043232	Intracellular membraneless organelle
A0A3Q0KJS3	6183.A0A3Q0KJS3	GO Component	GO:0071944	Cell periphery
A0A3Q0KJS3	6183.A0A3Q0KJS3	GO Component	GO:0090734	Site of DNA damage
A0A3Q0KJS3	6183.A0A3Q0KJS3	GO Component	GO:0110165	Cellular anatomical structure
A0A3Q0KJS3	6183.A0A3Q0KJS3	STRING clusters	CL:11812	Mixed, incl. Actin filament-based process, and Cell-substrate junction
A0A3Q0KJS3	6183.A0A3Q0KJS3	STRING clusters	CL:11813	Mixed, incl. Actin filament organization, and Regulation of actin filament organization
A0A3Q0KJS3	6183.A0A3Q0KJS3	STRING clusters	CL:11940	Mixed, incl. RHO GTPases Activate WASPs and WAVEs, and Actin-depolymerising factor homology domain
A0A3Q0KJS3	6183.A0A3Q0KJS3	STRING clusters	CL:11945	RHO GTPases Activate WASPs and WAVEs, and Positive regulation of actin filament polymerization
A0A3Q0KJS3	6183.A0A3Q0KJS3	STRING clusters	CL:11947	RHO GTPases Activate WASPs and WAVEs
A0A3Q0KJS3	6183.A0A3Q0KJS3	STRING clusters	CL:11949	Actin nucleation
A0A3Q0KJS3	6183.A0A3Q0KJS3	KEGG	smm04144	Endocytosis
A0A3Q0KJS3	6183.A0A3Q0KJS3	KEGG	smm05100	Bacterial invasion of epithelial cells
A0A3Q0KJS3	6183.A0A3Q0KJS3	Reactome	MAP-1266738	Developmental Biology
A0A3Q0KJS3	6183.A0A3Q0KJS3	Reactome	MAP-162582	Signal Transduction
A0A3Q0KJS3	6183.A0A3Q0KJS3	Reactome	MAP-168249	Innate Immune System
A0A3Q0KJS3	6183.A0A3Q0KJS3	Reactome	MAP-168256	Immune System
A0A3Q0KJS3	6183.A0A3Q0KJS3	Reactome	MAP-194315	Signaling by Rho GTPases
A0A3Q0KJS3	6183.A0A3Q0KJS3	Reactome	MAP-195258	RHO GTPase Effectors
A0A3Q0KJS3	6183.A0A3Q0KJS3	Reactome	MAP-199991	Membrane Trafficking
A0A3Q0KJS3	6183.A0A3Q0KJS3	Reactome	MAP-2029480	Fcgamma receptor (FCGR) dependent phagocytosis
A0A3Q0KJS3	6183.A0A3Q0KJS3	Reactome	MAP-2029482	Regulation of actin dynamics for phagocytic cup formation
A0A3Q0KJS3	6183.A0A3Q0KJS3	Reactome	MAP-2682334	EPH-Ephrin signaling
A0A3Q0KJS3	6183.A0A3Q0KJS3	Reactome	MAP-3928662	EPHB-mediated forward signaling
A0A3Q0KJS3	6183.A0A3Q0KJS3	Reactome	MAP-422475	Axon guidance
A0A3Q0KJS3	6183.A0A3Q0KJS3	Reactome	MAP-5653656	Vesicle-mediated transport
A0A3Q0KJS3	6183.A0A3Q0KJS3	Reactome	MAP-5663213	RHO GTPases Activate WASPs and WAVEs
A0A3Q0KJS3	6183.A0A3Q0KJS3	Reactome	MAP-6798695	Neutrophil degranulation
A0A3Q0KJS3	6183.A0A3Q0KJS3	Reactome	MAP-8856828	Clathrin-mediated endocytosis
A0A3Q0KJS3	6183.A0A3Q0KJS3	Reactome	MAP-9675108	Nervous system development
A0A3Q0KJS3	6183.A0A3Q0KJS3	Reactome	MAP-9716542	Signaling by Rho GTPases, Miro GTPases and RHOBTB3
A0A3Q0KJS3	6183.A0A3Q0KJS3	COMPARTMENTS	GOCC:0005622	Intracellular anatomical structure
A0A3Q0KJS3	6183.A0A3Q0KJS3	COMPARTMENTS	GOCC:0005856	Cytoskeleton
A0A3Q0KJS3	6183.A0A3Q0KJS3	COMPARTMENTS	GOCC:0005885	Arp2/3 protein complex
A0A3Q0KJS3	6183.A0A3Q0KJS3	COMPARTMENTS	GOCC:0015629	Actin cytoskeleton
A0A3Q0KJS3	6183.A0A3Q0KJS3	COMPARTMENTS	GOCC:0032991	Protein-containing complex
A0A3Q0KJS3	6183.A0A3Q0KJS3	COMPARTMENTS	GOCC:0043226	Organelle
A0A3Q0KJS3	6183.A0A3Q0KJS3	COMPARTMENTS	GOCC:0043228	Membraneless organelle
A0A3Q0KJS3	6183.A0A3Q0KJS3	COMPARTMENTS	GOCC:0043229	Intracellular organelle
A0A3Q0KJS3	6183.A0A3Q0KJS3	COMPARTMENTS	GOCC:0043232	Intracellular membraneless organelle
A0A3Q0KJS3	6183.A0A3Q0KJS3	COMPARTMENTS	GOCC:0110165	Cellular anatomical structure
A0A3Q0KJS3	6183.A0A3Q0KJS3	UniProt Keywords	KW-0009	Actin-binding
A0A3Q0KJS3	6183.A0A3Q0KJS3	UniProt Keywords	KW-0067	ATP-binding
A0A3Q0KJS3	6183.A0A3Q0KJS3	UniProt Keywords	KW-0206	Cytoskeleton
A0A3Q0KJS3	6183.A0A3Q0KJS3	UniProt Keywords	KW-0547	Nucleotide-binding
A0A3Q0KJS3	6183.A0A3Q0KJS3	UniProt Keywords	KW-0963	Cytoplasm
A0A3Q0KJS3	6183.A0A3Q0KJS3	InterPro	IPR004000	Actin family
A0A3Q0KJS3	6183.A0A3Q0KJS3	InterPro	IPR020902	Actin/actin-like conserved site
A0A3Q0KJS3	6183.A0A3Q0KJS3	InterPro	IPR043129	ATPase, nucleotide binding domain
A0A3Q0KJS3	6183.A0A3Q0KJS3	SMART	SM00268	Actin
A0A3Q0KKN8	6183.A0A3Q0KKN8	GO Process	GO:0009987	Cellular process
A0A3Q0KKN8	6183.A0A3Q0KKN8	GO Function	GO:0005198	Structural molecule activity
A0A3Q0KKN8	6183.A0A3Q0KKN8	GO Component	GO:0005581	Collagen trimer
A0A3Q0KKN8	6183.A0A3Q0KKN8	GO Component	GO:0032991	Protein-containing complex
A0A3Q0KKN8	6183.A0A3Q0KKN8	STRING clusters	CL:11459	Mixed, incl. Annexin superfamily, and Collagen biosynthesis and modifying enzymes
A0A3Q0KKN8	6183.A0A3Q0KKN8	STRING clusters	CL:11460	Mixed, incl. Collagen biosynthesis and modifying enzymes, and Calcium-binding EGF-like domain
A0A3Q0KKN8	6183.A0A3Q0KKN8	STRING clusters	CL:11572	Mixed, incl. Collagen trimer, and Integrin
A0A3Q0KKN8	6183.A0A3Q0KKN8	STRING clusters	CL:11573	Mixed, incl. Collagen trimer, and Integrin
A0A3Q0KKN8	6183.A0A3Q0KKN8	STRING clusters	CL:11576	Collagen triple helix repeat, and Integrin
A0A3Q0KKN8	6183.A0A3Q0KKN8	STRING clusters	CL:11577	Collagen triple helix repeat, and Integrin
A0A3Q0KKN8	6183.A0A3Q0KKN8	KEGG	smm04820	Cytoskeleton in muscle cells
A0A3Q0KKN8	6183.A0A3Q0KKN8	Reactome	MAP-1474244	Extracellular matrix organization
A0A3Q0KKN8	6183.A0A3Q0KKN8	Reactome	MAP-1474290	Collagen formation
A0A3Q0KKN8	6183.A0A3Q0KKN8	Reactome	MAP-1650814	Collagen biosynthesis and modifying enzymes
A0A3Q0KKN8	6183.A0A3Q0KKN8	Reactome	MAP-8948216	Collagen chain trimerization
A0A3Q0KKN8	6183.A0A3Q0KKN8	COMPARTMENTS	GOCC:0005581	Collagen trimer
A0A3Q0KKN8	6183.A0A3Q0KKN8	COMPARTMENTS	GOCC:0032991	Protein-containing complex
A0A3Q0KKN8	6183.A0A3Q0KKN8	UniProt Keywords	KW-0176	Collagen
A0A3Q0KKN8	6183.A0A3Q0KKN8	UniProt Keywords	KW-0732	Signal
A0A3Q0KKN8	6183.A0A3Q0KKN8	UniProt Keywords	KW-0964	Secreted
A0A3Q0KKN8	6183.A0A3Q0KKN8	Pfam	PF01391	Collagen triple helix repeat (20 copies)
A0A3Q0KKN8	6183.A0A3Q0KKN8	InterPro	IPR000885	Fibrillar collagen, C-terminal
A0A3Q0KKN8	6183.A0A3Q0KKN8	InterPro	IPR008160	Collagen triple helix repeat
A0A3Q0KKN8	6183.A0A3Q0KKN8	InterPro	IPR013320	Concanavalin A-like lectin/glucanase domain superfamily
A0A3Q0KKN8	6183.A0A3Q0KKN8	InterPro	IPR048287	Thrombospondin-like, N-terminal domain
A0A3Q0KKN8	6183.A0A3Q0KKN8	InterPro	IPR050149	Collagen superfamily
A0A3Q0KKN8	6183.A0A3Q0KKN8	SMART	SM00038	Fibrillar collagens C-terminal domain
A0A3Q0KKN8	6183.A0A3Q0KKN8	SMART	SM00210	Thrombospondin N-terminal -like domains.
A0A3Q0KL07	6183.A0A3Q0KL07	GO Process	GO:0007154	Cell communication
A0A3Q0KL07	6183.A0A3Q0KL07	GO Process	GO:0007155	Cell adhesion
A0A3Q0KL07	6183.A0A3Q0KL07	GO Process	GO:0007165	Signal transduction
A0A3Q0KL07	6183.A0A3Q0KL07	GO Process	GO:0007166	Cell surface receptor signaling pathway
A0A3Q0KL07	6183.A0A3Q0KL07	GO Process	GO:0007229	Integrin-mediated signaling pathway
A0A3Q0KL07	6183.A0A3Q0KL07	GO Process	GO:0007275	Multicellular organism development
A0A3Q0KL07	6183.A0A3Q0KL07	GO Process	GO:0009987	Cellular process
A0A3Q0KL07	6183.A0A3Q0KL07	GO Process	GO:0023052	Signaling
A0A3Q0KL07	6183.A0A3Q0KL07	GO Process	GO:0032501	Multicellular organismal process
A0A3Q0KL07	6183.A0A3Q0KL07	GO Process	GO:0032502	Developmental process
A0A3Q0KL07	6183.A0A3Q0KL07	GO Process	GO:0048856	Anatomical structure development
A0A3Q0KL07	6183.A0A3Q0KL07	GO Process	GO:0050789	Regulation of biological process
A0A3Q0KL07	6183.A0A3Q0KL07	GO Process	GO:0050794	Regulation of cellular process
A0A3Q0KL07	6183.A0A3Q0KL07	GO Process	GO:0050896	Response to stimulus
A0A3Q0KL07	6183.A0A3Q0KL07	GO Process	GO:0051716	Cellular response to stimulus
A0A3Q0KL07	6183.A0A3Q0KL07	GO Process	GO:0065007	Biological regulation
A0A3Q0KL07	6183.A0A3Q0KL07	GO Process	GO:0098609	Cell-cell adhesion
A0A3Q0KL07	6183.A0A3Q0KL07	GO Function	GO:0005488	Binding
A0A3Q0KL07	6183.A0A3Q0KL07	GO Function	GO:0036094	Small molecule binding
A0A3Q0KL07	6183.A0A3Q0KL07	GO Function	GO:0038023	Signaling receptor activity
A0A3Q0KL07	6183.A0A3Q0KL07	GO Function	GO:0043167	Ion binding
A0A3Q0KL07	6183.A0A3Q0KL07	GO Function	GO:0043169	Cation binding
A0A3Q0KL07	6183.A0A3Q0KL07	GO Function	GO:0046872	Metal ion binding
A0A3Q0KL07	6183.A0A3Q0KL07	GO Function	GO:0060089	Molecular transducer activity
A0A3Q0KL07	6183.A0A3Q0KL07	GO Component	GO:0005886	Plasma membrane
A0A3Q0KL07	6183.A0A3Q0KL07	GO Component	GO:0008305	Integrin complex
A0A3Q0KL07	6183.A0A3Q0KL07	GO Component	GO:0009986	Cell surface
A0A3Q0KL07	6183.A0A3Q0KL07	GO Component	GO:0016020	Membrane
A0A3Q0KL07	6183.A0A3Q0KL07	GO Component	GO:0032991	Protein-containing complex
A0A3Q0KL07	6183.A0A3Q0KL07	GO Component	GO:0043235	Receptor complex
A0A3Q0KL07	6183.A0A3Q0KL07	GO Component	GO:0071944	Cell periphery
A0A3Q0KL07	6183.A0A3Q0KL07	GO Component	GO:0098636	Protein complex involved in cell adhesion
A0A3Q0KL07	6183.A0A3Q0KL07	GO Component	GO:0098796	Membrane protein complex
A0A3Q0KL07	6183.A0A3Q0KL07	GO Component	GO:0098797	Plasma membrane protein complex
A0A3Q0KL07	6183.A0A3Q0KL07	GO Component	GO:0098802	Plasma membrane signaling receptor complex
A0A3Q0KL07	6183.A0A3Q0KL07	GO Component	GO:0110165	Cellular anatomical structure
A0A3Q0KL07	6183.A0A3Q0KL07	STRING clusters	CL:11459	Mixed, incl. Annexin superfamily, and Collagen biosynthesis and modifying enzymes
A0A3Q0KL07	6183.A0A3Q0KL07	STRING clusters	CL:11460	Mixed, incl. Collagen biosynthesis and modifying enzymes, and Calcium-binding EGF-like domain
A0A3Q0KL07	6183.A0A3Q0KL07	STRING clusters	CL:11572	Mixed, incl. Collagen trimer, and Integrin
A0A3Q0KL07	6183.A0A3Q0KL07	STRING clusters	CL:11573	Mixed, incl. Collagen trimer, and Integrin
A0A3Q0KL07	6183.A0A3Q0KL07	STRING clusters	CL:11576	Collagen triple helix repeat, and Integrin
A0A3Q0KL07	6183.A0A3Q0KL07	STRING clusters	CL:11577	Collagen triple helix repeat, and Integrin
A0A3Q0KL07	6183.A0A3Q0KL07	STRING clusters	CL:11581	Mixed, incl. Integrin, and Basement membrane
A0A3Q0KL07	6183.A0A3Q0KL07	STRING clusters	CL:11586	Integrin, and Laminin, N-terminal
A0A3Q0KL07	6183.A0A3Q0KL07	STRING clusters	CL:11589	Integrin complex
A0A3Q0KL07	6183.A0A3Q0KL07	KEGG	smm04512	ECM-receptor interaction
A0A3Q0KL07	6183.A0A3Q0KL07	KEGG	smm04820	Cytoskeleton in muscle cells
A0A3Q0KL07	6183.A0A3Q0KL07	Reactome	MAP-1474244	Extracellular matrix organization
A0A3Q0KL07	6183.A0A3Q0KL07	Reactome	MAP-216083	Integrin cell surface interactions
A0A3Q0KL07	6183.A0A3Q0KL07	COMPARTMENTS	GOCC:0005886	Plasma membrane
A0A3Q0KL07	6183.A0A3Q0KL07	COMPARTMENTS	GOCC:0008305	Integrin complex
A0A3Q0KL07	6183.A0A3Q0KL07	COMPARTMENTS	GOCC:0016020	Membrane
A0A3Q0KL07	6183.A0A3Q0KL07	COMPARTMENTS	GOCC:0032991	Protein-containing complex
A0A3Q0KL07	6183.A0A3Q0KL07	COMPARTMENTS	GOCC:0071944	Cell periphery
A0A3Q0KL07	6183.A0A3Q0KL07	COMPARTMENTS	GOCC:0098797	Plasma membrane protein complex
A0A3Q0KL07	6183.A0A3Q0KL07	COMPARTMENTS	GOCC:0098802	Plasma membrane signaling receptor complex
A0A3Q0KL07	6183.A0A3Q0KL07	COMPARTMENTS	GOCC:0110165	Cellular anatomical structure
A0A3Q0KL07	6183.A0A3Q0KL07	UniProt Keywords	KW-0130	Cell adhesion
A0A3Q0KL07	6183.A0A3Q0KL07	UniProt Keywords	KW-0325	Glycoprotein
A0A3Q0KL07	6183.A0A3Q0KL07	UniProt Keywords	KW-0401	Integrin
A0A3Q0KL07	6183.A0A3Q0KL07	UniProt Keywords	KW-0472	Membrane
A0A3Q0KL07	6183.A0A3Q0KL07	UniProt Keywords	KW-0675	Receptor
A0A3Q0KL07	6183.A0A3Q0KL07	UniProt Keywords	KW-0677	Repeat
A0A3Q0KL07	6183.A0A3Q0KL07	UniProt Keywords	KW-0732	Signal
A0A3Q0KL07	6183.A0A3Q0KL07	UniProt Keywords	KW-0812	Transmembrane
A0A3Q0KL07	6183.A0A3Q0KL07	UniProt Keywords	KW-1133	Transmembrane helix
A0A3Q0KL07	6183.A0A3Q0KL07	InterPro	IPR000413	Integrin alpha chain
A0A3Q0KL07	6183.A0A3Q0KL07	InterPro	IPR013517	FG-GAP repeat
A0A3Q0KL07	6183.A0A3Q0KL07	InterPro	IPR013519	Integrin alpha beta-propellor
A0A3Q0KL07	6183.A0A3Q0KL07	InterPro	IPR018184	Integrin alpha chain, C-terminal cytoplasmic region, conserved site
A0A3Q0KL07	6183.A0A3Q0KL07	InterPro	IPR028994	Integrin alpha, N-terminal
A0A3Q0KL07	6183.A0A3Q0KL07	InterPro	IPR032695	Integrin domain superfamily
A0A3Q0KL07	6183.A0A3Q0KL07	InterPro	IPR048286	Integrin alpha, third immunoglobulin-like domain
A0A3Q0KL07	6183.A0A3Q0KL07	SMART	SM00191	Integrin alpha (beta-propellor repeats).
A0A3Q0KLP6	6183.A0A3Q0KLP6	GO Process	GO:0007155	Cell adhesion
A0A3Q0KLP6	6183.A0A3Q0KLP6	GO Process	GO:0009987	Cellular process
A0A3Q0KLP6	6183.A0A3Q0KLP6	GO Process	GO:0016477	Cell migration
A0A3Q0KLP6	6183.A0A3Q0KLP6	GO Process	GO:0048870	Cell motility
A0A3Q0KLP6	6183.A0A3Q0KLP6	GO Process	GO:0098609	Cell-cell adhesion
A0A3Q0KLP6	6183.A0A3Q0KLP6	GO Function	GO:0003779	Actin binding
A0A3Q0KLP6	6183.A0A3Q0KLP6	GO Function	GO:0005488	Binding
A0A3Q0KLP6	6183.A0A3Q0KLP6	GO Function	GO:0005515	Protein binding
A0A3Q0KLP6	6183.A0A3Q0KLP6	GO Function	GO:0008013	Beta-catenin binding
A0A3Q0KLP6	6183.A0A3Q0KLP6	GO Function	GO:0008092	Cytoskeletal protein binding
A0A3Q0KLP6	6183.A0A3Q0KLP6	GO Function	GO:0044877	Protein-containing complex binding
A0A3Q0KLP6	6183.A0A3Q0KLP6	GO Function	GO:0045296	Cadherin binding
A0A3Q0KLP6	6183.A0A3Q0KLP6	GO Function	GO:0050839	Cell adhesion molecule binding
A0A3Q0KLP6	6183.A0A3Q0KLP6	GO Function	GO:0051015	Actin filament binding
A0A3Q0KLP6	6183.A0A3Q0KLP6	GO Component	GO:0005622	Intracellular anatomical structure
A0A3Q0KLP6	6183.A0A3Q0KLP6	GO Component	GO:0005856	Cytoskeleton
A0A3Q0KLP6	6183.A0A3Q0KLP6	GO Component	GO:0005886	Plasma membrane
A0A3Q0KLP6	6183.A0A3Q0KLP6	GO Component	GO:0005911	Cell-cell junction
A0A3Q0KLP6	6183.A0A3Q0KLP6	GO Component	GO:0005912	Adherens junction
A0A3Q0KLP6	6183.A0A3Q0KLP6	GO Component	GO:0016020	Membrane
A0A3Q0KLP6	6183.A0A3Q0KLP6	GO Component	GO:0030054	Cell junction
A0A3Q0KLP6	6183.A0A3Q0KLP6	GO Component	GO:0043226	Organelle
A0A3Q0KLP6	6183.A0A3Q0KLP6	GO Component	GO:0043228	Membraneless organelle
A0A3Q0KLP6	6183.A0A3Q0KLP6	GO Component	GO:0043229	Intracellular organelle
A0A3Q0KLP6	6183.A0A3Q0KLP6	GO Component	GO:0043232	Intracellular membraneless organelle
A0A3Q0KLP6	6183.A0A3Q0KLP6	GO Component	GO:0070161	Anchoring junction
A0A3Q0KLP6	6183.A0A3Q0KLP6	GO Component	GO:0071944	Cell periphery
A0A3Q0KLP6	6183.A0A3Q0KLP6	GO Component	GO:0110165	Cellular anatomical structure
A0A3Q0KLP6	6183.A0A3Q0KLP6	STRING clusters	CL:16741	Mixed, incl. HS-GAG biosynthesis, and Immunoglobulin domain subtype
A0A3Q0KLP6	6183.A0A3Q0KLP6	STRING clusters	CL:16742	Mixed, incl. Immunoglobulin domain subtype, and Afadin
A0A3Q0KLP6	6183.A0A3Q0KLP6	STRING clusters	CL:16743	Mixed, incl. Cellular adhesion and signaling domain-containing protein, and Afadin
A0A3Q0KLP6	6183.A0A3Q0KLP6	STRING clusters	CL:16744	Mixed, incl. Cellular adhesion and signaling domain-containing protein, and Afadin
A0A3Q0KLP6	6183.A0A3Q0KLP6	STRING clusters	CL:16745	Cellular adhesion and signaling domain-containing protein, and Afadin
A0A3Q0KLP6	6183.A0A3Q0KLP6	STRING clusters	CL:16746	Nephrin family interactions, and Afadin
A0A3Q0KLP6	6183.A0A3Q0KLP6	STRING clusters	CL:16748	Afadin, and Cadherin binding
A0A3Q0KLP6	6183.A0A3Q0KLP6	STRING clusters	CL:16752	Cadherin binding, and Endothelial cell development
A0A3Q0KLP6	6183.A0A3Q0KLP6	KEGG	smm05100	Bacterial invasion of epithelial cells
A0A3Q0KLP6	6183.A0A3Q0KLP6	Reactome	MAP-1266738	Developmental Biology
A0A3Q0KLP6	6183.A0A3Q0KLP6	Reactome	MAP-525793	Myogenesis
A0A3Q0KLP6	6183.A0A3Q0KLP6	COMPARTMENTS	GOCC:0005911	Cell-cell junction
A0A3Q0KLP6	6183.A0A3Q0KLP6	COMPARTMENTS	GOCC:0005912	Adherens junction
A0A3Q0KLP6	6183.A0A3Q0KLP6	COMPARTMENTS	GOCC:0030054	Cell junction
A0A3Q0KLP6	6183.A0A3Q0KLP6	COMPARTMENTS	GOCC:0070161	Anchoring junction
A0A3Q0KLP6	6183.A0A3Q0KLP6	COMPARTMENTS	GOCC:0110165	Cellular anatomical structure
A0A3Q0KLP6	6183.A0A3Q0KLP6	UniProt Keywords	KW-0130	Cell adhesion
A0A3Q0KLP6	6183.A0A3Q0KLP6	UniProt Keywords	KW-0963	Cytoplasm
A0A3Q0KLP6	6183.A0A3Q0KLP6	UniProt Keywords	KW-0965	Cell junction
A0A3Q0KLP6	6183.A0A3Q0KLP6	Pfam	PF01044	Vinculin family
A0A3Q0KLP6	6183.A0A3Q0KLP6	InterPro	IPR006077	Vinculin/alpha-catenin
A0A3Q0KLP6	6183.A0A3Q0KLP6	InterPro	IPR036723	Alpha-catenin/vinculin-like superfamily
A0A3Q0KME1	6183.A0A3Q0KME1	GO Process	GO:0009987	Cellular process
A0A3Q0KME1	6183.A0A3Q0KME1	GO Function	GO:0005198	Structural molecule activity
A0A3Q0KME1	6183.A0A3Q0KME1	GO Component	GO:0005581	Collagen trimer
A0A3Q0KME1	6183.A0A3Q0KME1	GO Component	GO:0032991	Protein-containing complex
A0A3Q0KME1	6183.A0A3Q0KME1	STRING clusters	CL:11459	Mixed, incl. Annexin superfamily, and Collagen biosynthesis and modifying enzymes
A0A3Q0KME1	6183.A0A3Q0KME1	STRING clusters	CL:11460	Mixed, incl. Collagen biosynthesis and modifying enzymes, and Calcium-binding EGF-like domain
A0A3Q0KME1	6183.A0A3Q0KME1	STRING clusters	CL:11572	Mixed, incl. Collagen trimer, and Integrin
A0A3Q0KME1	6183.A0A3Q0KME1	STRING clusters	CL:11573	Mixed, incl. Collagen trimer, and Integrin
A0A3Q0KME1	6183.A0A3Q0KME1	STRING clusters	CL:11576	Collagen triple helix repeat, and Integrin
A0A3Q0KME1	6183.A0A3Q0KME1	STRING clusters	CL:11577	Collagen triple helix repeat, and Integrin
A0A3Q0KME1	6183.A0A3Q0KME1	KEGG	smm04512	ECM-receptor interaction
A0A3Q0KME1	6183.A0A3Q0KME1	KEGG	smm04820	Cytoskeleton in muscle cells
A0A3Q0KME1	6183.A0A3Q0KME1	Reactome	MAP-1474244	Extracellular matrix organization
A0A3Q0KME1	6183.A0A3Q0KME1	Reactome	MAP-1474290	Collagen formation
A0A3Q0KME1	6183.A0A3Q0KME1	Reactome	MAP-1650814	Collagen biosynthesis and modifying enzymes
A0A3Q0KME1	6183.A0A3Q0KME1	Reactome	MAP-8948216	Collagen chain trimerization
A0A3Q0KME1	6183.A0A3Q0KME1	COMPARTMENTS	GOCC:0005581	Collagen trimer
A0A3Q0KME1	6183.A0A3Q0KME1	COMPARTMENTS	GOCC:0032991	Protein-containing complex
A0A3Q0KME1	6183.A0A3Q0KME1	UniProt Keywords	KW-0176	Collagen
A0A3Q0KME1	6183.A0A3Q0KME1	UniProt Keywords	KW-0732	Signal
A0A3Q0KME1	6183.A0A3Q0KME1	UniProt Keywords	KW-0964	Secreted
A0A3Q0KME1	6183.A0A3Q0KME1	Pfam	PF01391	Collagen triple helix repeat (20 copies)
A0A3Q0KME1	6183.A0A3Q0KME1	InterPro	IPR000885	Fibrillar collagen, C-terminal
A0A3Q0KME1	6183.A0A3Q0KME1	InterPro	IPR008160	Collagen triple helix repeat
A0A3Q0KME1	6183.A0A3Q0KME1	InterPro	IPR050149	Collagen superfamily
A0A3Q0KME1	6183.A0A3Q0KME1	SMART	SM00038	Fibrillar collagens C-terminal domain
A0A3Q0KMP3	6183.A0A3Q0KMP3	GO Process	GO:0007172	Signal complex assembly
A0A3Q0KMP3	6183.A0A3Q0KMP3	GO Process	GO:0007275	Multicellular organism development
A0A3Q0KMP3	6183.A0A3Q0KMP3	GO Process	GO:0007399	Nervous system development
A0A3Q0KMP3	6183.A0A3Q0KMP3	GO Process	GO:0008284	Positive regulation of cell population proliferation
A0A3Q0KMP3	6183.A0A3Q0KMP3	GO Process	GO:0009653	Anatomical structure morphogenesis
A0A3Q0KMP3	6183.A0A3Q0KMP3	GO Process	GO:0009966	Regulation of signal transduction
A0A3Q0KMP3	6183.A0A3Q0KMP3	GO Process	GO:0009987	Cellular process
A0A3Q0KMP3	6183.A0A3Q0KMP3	GO Process	GO:0010646	Regulation of cell communication
A0A3Q0KMP3	6183.A0A3Q0KMP3	GO Process	GO:0016043	Cellular component organization
A0A3Q0KMP3	6183.A0A3Q0KMP3	GO Process	GO:0019222	Regulation of metabolic process
A0A3Q0KMP3	6183.A0A3Q0KMP3	GO Process	GO:0022008	Neurogenesis
A0A3Q0KMP3	6183.A0A3Q0KMP3	GO Process	GO:0022607	Cellular component assembly
A0A3Q0KMP3	6183.A0A3Q0KMP3	GO Process	GO:0023051	Regulation of signaling
A0A3Q0KMP3	6183.A0A3Q0KMP3	GO Process	GO:0030154	Cell differentiation
A0A3Q0KMP3	6183.A0A3Q0KMP3	GO Process	GO:0032501	Multicellular organismal process
A0A3Q0KMP3	6183.A0A3Q0KMP3	GO Process	GO:0032502	Developmental process
A0A3Q0KMP3	6183.A0A3Q0KMP3	GO Process	GO:0042127	Regulation of cell population proliferation
A0A3Q0KMP3	6183.A0A3Q0KMP3	GO Process	GO:0043933	Protein-containing complex organization
A0A3Q0KMP3	6183.A0A3Q0KMP3	GO Process	GO:0044085	Cellular component biogenesis
A0A3Q0KMP3	6183.A0A3Q0KMP3	GO Process	GO:0044087	Regulation of cellular component biogenesis
A0A3Q0KMP3	6183.A0A3Q0KMP3	GO Process	GO:0048518	Positive regulation of biological process
A0A3Q0KMP3	6183.A0A3Q0KMP3	GO Process	GO:0048519	Negative regulation of biological process
A0A3Q0KMP3	6183.A0A3Q0KMP3	GO Process	GO:0048522	Positive regulation of cellular process
A0A3Q0KMP3	6183.A0A3Q0KMP3	GO Process	GO:0048523	Negative regulation of cellular process
A0A3Q0KMP3	6183.A0A3Q0KMP3	GO Process	GO:0048583	Regulation of response to stimulus
A0A3Q0KMP3	6183.A0A3Q0KMP3	GO Process	GO:0048699	Generation of neurons
A0A3Q0KMP3	6183.A0A3Q0KMP3	GO Process	GO:0048731	System development
A0A3Q0KMP3	6183.A0A3Q0KMP3	GO Process	GO:0048856	Anatomical structure development
A0A3Q0KMP3	6183.A0A3Q0KMP3	GO Process	GO:0048869	Cellular developmental process
A0A3Q0KMP3	6183.A0A3Q0KMP3	GO Process	GO:0050789	Regulation of biological process
A0A3Q0KMP3	6183.A0A3Q0KMP3	GO Process	GO:0050793	Regulation of developmental process
A0A3Q0KMP3	6183.A0A3Q0KMP3	GO Process	GO:0050794	Regulation of cellular process
A0A3Q0KMP3	6183.A0A3Q0KMP3	GO Process	GO:0051128	Regulation of cellular component organization
A0A3Q0KMP3	6183.A0A3Q0KMP3	GO Process	GO:0051239	Regulation of multicellular organismal process
A0A3Q0KMP3	6183.A0A3Q0KMP3	GO Process	GO:0060255	Regulation of macromolecule metabolic process
A0A3Q0KMP3	6183.A0A3Q0KMP3	GO Process	GO:0065003	Protein-containing complex assembly
A0A3Q0KMP3	6183.A0A3Q0KMP3	GO Process	GO:0065007	Biological regulation
A0A3Q0KMP3	6183.A0A3Q0KMP3	GO Process	GO:0071840	Cellular component organization or biogenesis
A0A3Q0KMP3	6183.A0A3Q0KMP3	GO Process	GO:1901888	Regulation of cell junction assembly
A0A3Q0KMP3	6183.A0A3Q0KMP3	GO Function	GO:0000166	Nucleotide binding
A0A3Q0KMP3	6183.A0A3Q0KMP3	GO Function	GO:0003824	Catalytic activity
A0A3Q0KMP3	6183.A0A3Q0KMP3	GO Function	GO:0004672	Protein kinase activity
A0A3Q0KMP3	6183.A0A3Q0KMP3	GO Function	GO:0004713	Protein tyrosine kinase activity
A0A3Q0KMP3	6183.A0A3Q0KMP3	GO Function	GO:0004715	Non-membrane spanning protein tyrosine kinase activity
A0A3Q0KMP3	6183.A0A3Q0KMP3	GO Function	GO:0005488	Binding
A0A3Q0KMP3	6183.A0A3Q0KMP3	GO Function	GO:0005524	ATP binding
A0A3Q0KMP3	6183.A0A3Q0KMP3	GO Function	GO:0016301	Kinase activity
A0A3Q0KMP3	6183.A0A3Q0KMP3	GO Function	GO:0016740	Transferase activity
A0A3Q0KMP3	6183.A0A3Q0KMP3	GO Function	GO:0016772	Transferase activity, transferring phosphorus-containing groups
A0A3Q0KMP3	6183.A0A3Q0KMP3	GO Function	GO:0016773	Phosphotransferase activity, alcohol group as acceptor
A0A3Q0KMP3	6183.A0A3Q0KMP3	GO Function	GO:0017076	Purine nucleotide binding
A0A3Q0KMP3	6183.A0A3Q0KMP3	GO Function	GO:0030554	Adenyl nucleotide binding
A0A3Q0KMP3	6183.A0A3Q0KMP3	GO Function	GO:0032553	Ribonucleotide binding
A0A3Q0KMP3	6183.A0A3Q0KMP3	GO Function	GO:0032555	Purine ribonucleotide binding
A0A3Q0KMP3	6183.A0A3Q0KMP3	GO Function	GO:0032559	Adenyl ribonucleotide binding
A0A3Q0KMP3	6183.A0A3Q0KMP3	GO Function	GO:0035639	Purine ribonucleoside triphosphate binding
A0A3Q0KMP3	6183.A0A3Q0KMP3	GO Function	GO:0036094	Small molecule binding
A0A3Q0KMP3	6183.A0A3Q0KMP3	GO Function	GO:0043167	Ion binding
A0A3Q0KMP3	6183.A0A3Q0KMP3	GO Function	GO:0043168	Anion binding
A0A3Q0KMP3	6183.A0A3Q0KMP3	GO Function	GO:0097367	Carbohydrate derivative binding
A0A3Q0KMP3	6183.A0A3Q0KMP3	GO Function	GO:0140096	Catalytic activity, acting on a protein
A0A3Q0KMP3	6183.A0A3Q0KMP3	GO Function	GO:1901265	Nucleoside phosphate binding
A0A3Q0KMP3	6183.A0A3Q0KMP3	GO Function	GO:1901363	Heterocyclic compound binding
A0A3Q0KMP3	6183.A0A3Q0KMP3	GO Component	GO:0005622	Intracellular anatomical structure
A0A3Q0KMP3	6183.A0A3Q0KMP3	GO Component	GO:0005737	Cytoplasm
A0A3Q0KMP3	6183.A0A3Q0KMP3	GO Component	GO:0005886	Plasma membrane
A0A3Q0KMP3	6183.A0A3Q0KMP3	GO Component	GO:0005925	Focal adhesion
A0A3Q0KMP3	6183.A0A3Q0KMP3	GO Component	GO:0005938	Cell cortex
A0A3Q0KMP3	6183.A0A3Q0KMP3	GO Component	GO:0016020	Membrane
A0A3Q0KMP3	6183.A0A3Q0KMP3	GO Component	GO:0030054	Cell junction
A0A3Q0KMP3	6183.A0A3Q0KMP3	GO Component	GO:0030055	Cell-substrate junction
A0A3Q0KMP3	6183.A0A3Q0KMP3	GO Component	GO:0042995	Cell projection
A0A3Q0KMP3	6183.A0A3Q0KMP3	GO Component	GO:0070161	Anchoring junction
A0A3Q0KMP3	6183.A0A3Q0KMP3	GO Component	GO:0071944	Cell periphery
A0A3Q0KMP3	6183.A0A3Q0KMP3	GO Component	GO:0110165	Cellular anatomical structure
A0A3Q0KMP3	6183.A0A3Q0KMP3	GO Component	GO:0120025	Plasma membrane bounded cell projection
A0A3Q0KMP3	6183.A0A3Q0KMP3	STRING clusters	CL:11812	Mixed, incl. Actin filament-based process, and Cell-substrate junction
A0A3Q0KMP3	6183.A0A3Q0KMP3	STRING clusters	CL:12039	Cell-substrate junction, and Non-membrane spanning protein tyrosine kinase activity
A0A3Q0KMP3	6183.A0A3Q0KMP3	STRING clusters	CL:12041	Focal adhesion, and Non-membrane spanning protein tyrosine kinase activity
A0A3Q0KMP3	6183.A0A3Q0KMP3	STRING clusters	CL:12042	Non-membrane spanning protein tyrosine kinase activity, and CAS family
A0A3Q0KMP3	6183.A0A3Q0KMP3	STRING clusters	CL:12044	Non-receptor tyrosine kinases involved in cell signaling, and CAS family
A0A3Q0KMP3	6183.A0A3Q0KMP3	Reactome	MAP-162582	Signal Transduction
A0A3Q0KMP3	6183.A0A3Q0KMP3	Reactome	MAP-168256	Immune System
A0A3Q0KMP3	6183.A0A3Q0KMP3	Reactome	MAP-194138	Signaling by VEGF
A0A3Q0KMP3	6183.A0A3Q0KMP3	Reactome	MAP-194315	Signaling by Rho GTPases
A0A3Q0KMP3	6183.A0A3Q0KMP3	Reactome	MAP-4420097	VEGFA-VEGFR2 Pathway
A0A3Q0KMP3	6183.A0A3Q0KMP3	Reactome	MAP-9006934	Signaling by Receptor Tyrosine Kinases
A0A3Q0KMP3	6183.A0A3Q0KMP3	Reactome	MAP-9716542	Signaling by Rho GTPases, Miro GTPases and RHOBTB3
A0A3Q0KMP3	6183.A0A3Q0KMP3	COMPARTMENTS	GOCC:0005925	Focal adhesion
A0A3Q0KMP3	6183.A0A3Q0KMP3	COMPARTMENTS	GOCC:0030054	Cell junction
A0A3Q0KMP3	6183.A0A3Q0KMP3	COMPARTMENTS	GOCC:0030055	Cell-substrate junction
A0A3Q0KMP3	6183.A0A3Q0KMP3	COMPARTMENTS	GOCC:0070161	Anchoring junction
A0A3Q0KMP3	6183.A0A3Q0KMP3	COMPARTMENTS	GOCC:0110165	Cellular anatomical structure
A0A3Q0KMP3	6183.A0A3Q0KMP3	UniProt Keywords	KW-0067	ATP-binding
A0A3Q0KMP3	6183.A0A3Q0KMP3	UniProt Keywords	KW-0418	Kinase
A0A3Q0KMP3	6183.A0A3Q0KMP3	UniProt Keywords	KW-0472	Membrane
A0A3Q0KMP3	6183.A0A3Q0KMP3	UniProt Keywords	KW-0547	Nucleotide-binding
A0A3Q0KMP3	6183.A0A3Q0KMP3	UniProt Keywords	KW-0808	Transferase
A0A3Q0KMP3	6183.A0A3Q0KMP3	UniProt Keywords	KW-0829	Tyrosine-protein kinase
A0A3Q0KMP3	6183.A0A3Q0KMP3	Pfam	PF03623	Focal adhesion targeting region
A0A3Q0KMP3	6183.A0A3Q0KMP3	InterPro	IPR000299	FERM domain
A0A3Q0KMP3	6183.A0A3Q0KMP3	InterPro	IPR000719	Protein kinase domain
A0A3Q0KMP3	6183.A0A3Q0KMP3	InterPro	IPR001245	Serine-threonine/tyrosine-protein kinase, catalytic domain
A0A3Q0KMP3	6183.A0A3Q0KMP3	InterPro	IPR005189	Focal adhesion kinase, targeting (FAT) domain
A0A3Q0KMP3	6183.A0A3Q0KMP3	InterPro	IPR008266	Tyrosine-protein kinase, active site
A0A3Q0KMP3	6183.A0A3Q0KMP3	InterPro	IPR011009	Protein kinase-like domain superfamily
A0A3Q0KMP3	6183.A0A3Q0KMP3	InterPro	IPR011993	PH-like domain superfamily
A0A3Q0KMP3	6183.A0A3Q0KMP3	InterPro	IPR014352	FERM/acyl-CoA-binding protein superfamily
A0A3Q0KMP3	6183.A0A3Q0KMP3	InterPro	IPR020635	Tyrosine-protein kinase, catalytic domain
A0A3Q0KMP3	6183.A0A3Q0KMP3	InterPro	IPR035963	FERM superfamily, second domain
A0A3Q0KMP3	6183.A0A3Q0KMP3	InterPro	IPR036137	Focal adhesion kinase, targeting (FAT) domain superfamily
A0A3Q0KMP3	6183.A0A3Q0KMP3	InterPro	IPR049385	FAK1-like, FERM domain C-lobe
A0A3Q0KMP3	6183.A0A3Q0KMP3	InterPro	IPR050198	Non-receptor tyrosine kinases involved in cell signaling
A0A3Q0KMP3	6183.A0A3Q0KMP3	SMART	SM00219	Tyrosine kinase, catalytic domain
A0A3Q0KMQ4	6183.A0A3Q0KMQ4	GO Process	GO:0007154	Cell communication
A0A3Q0KMQ4	6183.A0A3Q0KMQ4	GO Process	GO:0007165	Signal transduction
A0A3Q0KMQ4	6183.A0A3Q0KMQ4	GO Process	GO:0007166	Cell surface receptor signaling pathway
A0A3Q0KMQ4	6183.A0A3Q0KMQ4	GO Process	GO:0007167	Enzyme-linked receptor protein signaling pathway
A0A3Q0KMQ4	6183.A0A3Q0KMQ4	GO Process	GO:0007169	Cell surface receptor protein tyrosine kinase signaling pathway
A0A3Q0KMQ4	6183.A0A3Q0KMQ4	GO Process	GO:0009987	Cellular process
A0A3Q0KMQ4	6183.A0A3Q0KMQ4	GO Process	GO:0023052	Signaling
A0A3Q0KMQ4	6183.A0A3Q0KMQ4	GO Process	GO:0030154	Cell differentiation
A0A3Q0KMQ4	6183.A0A3Q0KMQ4	GO Process	GO:0032502	Developmental process
A0A3Q0KMQ4	6183.A0A3Q0KMQ4	GO Process	GO:0048518	Positive regulation of biological process
A0A3Q0KMQ4	6183.A0A3Q0KMQ4	GO Process	GO:0048522	Positive regulation of cellular process
A0A3Q0KMQ4	6183.A0A3Q0KMQ4	GO Process	GO:0048869	Cellular developmental process
A0A3Q0KMQ4	6183.A0A3Q0KMQ4	GO Process	GO:0050789	Regulation of biological process
A0A3Q0KMQ4	6183.A0A3Q0KMQ4	GO Process	GO:0050794	Regulation of cellular process
A0A3Q0KMQ4	6183.A0A3Q0KMQ4	GO Process	GO:0050896	Response to stimulus
A0A3Q0KMQ4	6183.A0A3Q0KMQ4	GO Process	GO:0051716	Cellular response to stimulus
A0A3Q0KMQ4	6183.A0A3Q0KMQ4	GO Process	GO:0065007	Biological regulation
A0A3Q0KMQ4	6183.A0A3Q0KMQ4	GO Function	GO:0000166	Nucleotide binding
A0A3Q0KMQ4	6183.A0A3Q0KMQ4	GO Function	GO:0003824	Catalytic activity
A0A3Q0KMQ4	6183.A0A3Q0KMQ4	GO Function	GO:0004672	Protein kinase activity
A0A3Q0KMQ4	6183.A0A3Q0KMQ4	GO Function	GO:0004713	Protein tyrosine kinase activity
A0A3Q0KMQ4	6183.A0A3Q0KMQ4	GO Function	GO:0004715	Non-membrane spanning protein tyrosine kinase activity
A0A3Q0KMQ4	6183.A0A3Q0KMQ4	GO Function	GO:0005102	Signaling receptor binding
A0A3Q0KMQ4	6183.A0A3Q0KMQ4	GO Function	GO:0005488	Binding
A0A3Q0KMQ4	6183.A0A3Q0KMQ4	GO Function	GO:0005515	Protein binding
A0A3Q0KMQ4	6183.A0A3Q0KMQ4	GO Function	GO:0005524	ATP binding
A0A3Q0KMQ4	6183.A0A3Q0KMQ4	GO Function	GO:0016301	Kinase activity
A0A3Q0KMQ4	6183.A0A3Q0KMQ4	GO Function	GO:0016740	Transferase activity
A0A3Q0KMQ4	6183.A0A3Q0KMQ4	GO Function	GO:0016772	Transferase activity, transferring phosphorus-containing groups
A0A3Q0KMQ4	6183.A0A3Q0KMQ4	GO Function	GO:0016773	Phosphotransferase activity, alcohol group as acceptor
A0A3Q0KMQ4	6183.A0A3Q0KMQ4	GO Function	GO:0017076	Purine nucleotide binding
A0A3Q0KMQ4	6183.A0A3Q0KMQ4	GO Function	GO:0030554	Adenyl nucleotide binding
A0A3Q0KMQ4	6183.A0A3Q0KMQ4	GO Function	GO:0032553	Ribonucleotide binding
A0A3Q0KMQ4	6183.A0A3Q0KMQ4	GO Function	GO:0032555	Purine ribonucleotide binding
A0A3Q0KMQ4	6183.A0A3Q0KMQ4	GO Function	GO:0032559	Adenyl ribonucleotide binding
A0A3Q0KMQ4	6183.A0A3Q0KMQ4	GO Function	GO:0035639	Purine ribonucleoside triphosphate binding
A0A3Q0KMQ4	6183.A0A3Q0KMQ4	GO Function	GO:0036094	Small molecule binding
A0A3Q0KMQ4	6183.A0A3Q0KMQ4	GO Function	GO:0043167	Ion binding
A0A3Q0KMQ4	6183.A0A3Q0KMQ4	GO Function	GO:0043168	Anion binding
A0A3Q0KMQ4	6183.A0A3Q0KMQ4	GO Function	GO:0097367	Carbohydrate derivative binding
A0A3Q0KMQ4	6183.A0A3Q0KMQ4	GO Function	GO:0140096	Catalytic activity, acting on a protein
A0A3Q0KMQ4	6183.A0A3Q0KMQ4	GO Function	GO:1901265	Nucleoside phosphate binding
A0A3Q0KMQ4	6183.A0A3Q0KMQ4	GO Function	GO:1901363	Heterocyclic compound binding
A0A3Q0KMQ4	6183.A0A3Q0KMQ4	GO Component	GO:0005622	Intracellular anatomical structure
A0A3Q0KMQ4	6183.A0A3Q0KMQ4	GO Component	GO:0005737	Cytoplasm
A0A3Q0KMQ4	6183.A0A3Q0KMQ4	GO Component	GO:0005829	Cytosol
A0A3Q0KMQ4	6183.A0A3Q0KMQ4	GO Component	GO:0005886	Plasma membrane
A0A3Q0KMQ4	6183.A0A3Q0KMQ4	GO Component	GO:0016020	Membrane
A0A3Q0KMQ4	6183.A0A3Q0KMQ4	GO Component	GO:0043226	Organelle
A0A3Q0KMQ4	6183.A0A3Q0KMQ4	GO Component	GO:0043229	Intracellular organelle
A0A3Q0KMQ4	6183.A0A3Q0KMQ4	GO Component	GO:0071944	Cell periphery
A0A3Q0KMQ4	6183.A0A3Q0KMQ4	GO Component	GO:0110165	Cellular anatomical structure
A0A3Q0KMQ4	6183.A0A3Q0KMQ4	STRING clusters	CL:11812	Mixed, incl. Actin filament-based process, and Cell-substrate junction
A0A3Q0KMQ4	6183.A0A3Q0KMQ4	STRING clusters	CL:12039	Cell-substrate junction, and Non-membrane spanning protein tyrosine kinase activity
A0A3Q0KMQ4	6183.A0A3Q0KMQ4	STRING clusters	CL:12041	Focal adhesion, and Non-membrane spanning protein tyrosine kinase activity
A0A3Q0KMQ4	6183.A0A3Q0KMQ4	STRING clusters	CL:12042	Non-membrane spanning protein tyrosine kinase activity, and CAS family
A0A3Q0KMQ4	6183.A0A3Q0KMQ4	STRING clusters	CL:12044	Non-receptor tyrosine kinases involved in cell signaling, and CAS family
A0A3Q0KMQ4	6183.A0A3Q0KMQ4	Reactome	MAP-162582	Signal Transduction
A0A3Q0KMQ4	6183.A0A3Q0KMQ4	Reactome	MAP-168249	Innate Immune System
A0A3Q0KMQ4	6183.A0A3Q0KMQ4	Reactome	MAP-168256	Immune System
A0A3Q0KMQ4	6183.A0A3Q0KMQ4	COMPARTMENTS	GOCC:0005622	Intracellular anatomical structure
A0A3Q0KMQ4	6183.A0A3Q0KMQ4	COMPARTMENTS	GOCC:0005737	Cytoplasm
A0A3Q0KMQ4	6183.A0A3Q0KMQ4	COMPARTMENTS	GOCC:0110165	Cellular anatomical structure
A0A3Q0KMQ4	6183.A0A3Q0KMQ4	UniProt Keywords	KW-0067	ATP-binding
A0A3Q0KMQ4	6183.A0A3Q0KMQ4	UniProt Keywords	KW-0418	Kinase
A0A3Q0KMQ4	6183.A0A3Q0KMQ4	UniProt Keywords	KW-0449	Lipoprotein
A0A3Q0KMQ4	6183.A0A3Q0KMQ4	UniProt Keywords	KW-0519	Myristate
A0A3Q0KMQ4	6183.A0A3Q0KMQ4	UniProt Keywords	KW-0547	Nucleotide-binding
A0A3Q0KMQ4	6183.A0A3Q0KMQ4	UniProt Keywords	KW-0597	Phosphoprotein
A0A3Q0KMQ4	6183.A0A3Q0KMQ4	UniProt Keywords	KW-0727	SH2 domain
A0A3Q0KMQ4	6183.A0A3Q0KMQ4	UniProt Keywords	KW-0728	SH3 domain
A0A3Q0KMQ4	6183.A0A3Q0KMQ4	UniProt Keywords	KW-0808	Transferase
A0A3Q0KMQ4	6183.A0A3Q0KMQ4	UniProt Keywords	KW-0829	Tyrosine-protein kinase
A0A3Q0KMQ4	6183.A0A3Q0KMQ4	InterPro	IPR000719	Protein kinase domain
A0A3Q0KMQ4	6183.A0A3Q0KMQ4	InterPro	IPR000980	SH2 domain
A0A3Q0KMQ4	6183.A0A3Q0KMQ4	InterPro	IPR001245	Serine-threonine/tyrosine-protein kinase, catalytic domain
A0A3Q0KMQ4	6183.A0A3Q0KMQ4	InterPro	IPR001452	SH3 domain
A0A3Q0KMQ4	6183.A0A3Q0KMQ4	InterPro	IPR008266	Tyrosine-protein kinase, active site
A0A3Q0KMQ4	6183.A0A3Q0KMQ4	InterPro	IPR011009	Protein kinase-like domain superfamily
A0A3Q0KMQ4	6183.A0A3Q0KMQ4	InterPro	IPR017441	Protein kinase, ATP binding site
A0A3Q0KMQ4	6183.A0A3Q0KMQ4	InterPro	IPR020635	Tyrosine-protein kinase, catalytic domain
A0A3Q0KMQ4	6183.A0A3Q0KMQ4	InterPro	IPR036028	SH3-like domain superfamily
A0A3Q0KMQ4	6183.A0A3Q0KMQ4	InterPro	IPR036860	SH2 domain superfamily
A0A3Q0KMQ4	6183.A0A3Q0KMQ4	InterPro	IPR050198	Non-receptor tyrosine kinases involved in cell signaling
A0A3Q0KMQ4	6183.A0A3Q0KMQ4	SMART	SM00219	Tyrosine kinase, catalytic domain
A0A3Q0KMQ4	6183.A0A3Q0KMQ4	SMART	SM00252	Src homology 2 domains
A0A3Q0KMQ4	6183.A0A3Q0KMQ4	SMART	SM00326	Src homology 3 domains
A0A3Q0KNU4	6183.A0A3Q0KNU4	GO Function	GO:0003712	Transcription coregulator activity
A0A3Q0KNU4	6183.A0A3Q0KNU4	GO Function	GO:0005488	Binding
A0A3Q0KNU4	6183.A0A3Q0KNU4	GO Function	GO:0008270	Zinc ion binding
A0A3Q0KNU4	6183.A0A3Q0KNU4	GO Function	GO:0030674	Protein-macromolecule adaptor activity
A0A3Q0KNU4	6183.A0A3Q0KNU4	GO Function	GO:0036094	Small molecule binding
A0A3Q0KNU4	6183.A0A3Q0KNU4	GO Function	GO:0043167	Ion binding
A0A3Q0KNU4	6183.A0A3Q0KNU4	GO Function	GO:0043169	Cation binding
A0A3Q0KNU4	6183.A0A3Q0KNU4	GO Function	GO:0046872	Metal ion binding
A0A3Q0KNU4	6183.A0A3Q0KNU4	GO Function	GO:0046914	Transition metal ion binding
A0A3Q0KNU4	6183.A0A3Q0KNU4	GO Function	GO:0060090	Molecular adaptor activity
A0A3Q0KNU4	6183.A0A3Q0KNU4	GO Function	GO:0140110	Transcription regulator activity
A0A3Q0KNU4	6183.A0A3Q0KNU4	GO Component	GO:0005622	Intracellular anatomical structure
A0A3Q0KNU4	6183.A0A3Q0KNU4	GO Component	GO:0005634	Nucleus
A0A3Q0KNU4	6183.A0A3Q0KNU4	GO Component	GO:0005737	Cytoplasm
A0A3Q0KNU4	6183.A0A3Q0KNU4	GO Component	GO:0030016	Myofibril
A0A3Q0KNU4	6183.A0A3Q0KNU4	GO Component	GO:0030017	Sarcomere
A0A3Q0KNU4	6183.A0A3Q0KNU4	GO Component	GO:0030018	Z disc
A0A3Q0KNU4	6183.A0A3Q0KNU4	GO Component	GO:0031674	I band
A0A3Q0KNU4	6183.A0A3Q0KNU4	GO Component	GO:0043226	Organelle
A0A3Q0KNU4	6183.A0A3Q0KNU4	GO Component	GO:0043227	Membrane-bounded organelle
A0A3Q0KNU4	6183.A0A3Q0KNU4	GO Component	GO:0043228	Membraneless organelle
A0A3Q0KNU4	6183.A0A3Q0KNU4	GO Component	GO:0043229	Intracellular organelle
A0A3Q0KNU4	6183.A0A3Q0KNU4	GO Component	GO:0043231	Intracellular membrane-bounded organelle
A0A3Q0KNU4	6183.A0A3Q0KNU4	GO Component	GO:0043232	Intracellular membraneless organelle
A0A3Q0KNU4	6183.A0A3Q0KNU4	GO Component	GO:0043292	Contractile muscle fiber
A0A3Q0KNU4	6183.A0A3Q0KNU4	GO Component	GO:0099080	Supramolecular complex
A0A3Q0KNU4	6183.A0A3Q0KNU4	GO Component	GO:0099081	Supramolecular polymer
A0A3Q0KNU4	6183.A0A3Q0KNU4	GO Component	GO:0099512	Supramolecular fiber
A0A3Q0KNU4	6183.A0A3Q0KNU4	GO Component	GO:0110165	Cellular anatomical structure
A0A3Q0KNU4	6183.A0A3Q0KNU4	STRING clusters	CL:16064	Mixed, incl. Wnt signaling pathway, and Cell surface receptor protein serine/threonine kinase signaling pathway
A0A3Q0KNU4	6183.A0A3Q0KNU4	STRING clusters	CL:16065	Mixed, incl. Wnt signaling pathway, and Regulation of canonical Wnt signaling pathway
A0A3Q0KNU4	6183.A0A3Q0KNU4	STRING clusters	CL:16067	Wnt signaling pathway, and Protein Tyrosine Phosphatase
A0A3Q0KNU4	6183.A0A3Q0KNU4	Reactome	MAP-1430728	Metabolism
A0A3Q0KNU4	6183.A0A3Q0KNU4	Reactome	MAP-400206	Regulation of lipid metabolism by PPARalpha
A0A3Q0KNU4	6183.A0A3Q0KNU4	Reactome	MAP-556833	Metabolism of lipids
A0A3Q0KNU4	6183.A0A3Q0KNU4	COMPARTMENTS	GOCC:0005622	Intracellular anatomical structure
A0A3Q0KNU4	6183.A0A3Q0KNU4	COMPARTMENTS	GOCC:0005737	Cytoplasm
A0A3Q0KNU4	6183.A0A3Q0KNU4	COMPARTMENTS	GOCC:0030016	Myofibril
A0A3Q0KNU4	6183.A0A3Q0KNU4	COMPARTMENTS	GOCC:0030017	Sarcomere
A0A3Q0KNU4	6183.A0A3Q0KNU4	COMPARTMENTS	GOCC:0030018	Z disc
A0A3Q0KNU4	6183.A0A3Q0KNU4	COMPARTMENTS	GOCC:0031674	I band
A0A3Q0KNU4	6183.A0A3Q0KNU4	COMPARTMENTS	GOCC:0043226	Organelle
A0A3Q0KNU4	6183.A0A3Q0KNU4	COMPARTMENTS	GOCC:0043228	Membraneless organelle
A0A3Q0KNU4	6183.A0A3Q0KNU4	COMPARTMENTS	GOCC:0043229	Intracellular organelle
A0A3Q0KNU4	6183.A0A3Q0KNU4	COMPARTMENTS	GOCC:0043232	Intracellular membraneless organelle
A0A3Q0KNU4	6183.A0A3Q0KNU4	COMPARTMENTS	GOCC:0043292	Contractile muscle fiber
A0A3Q0KNU4	6183.A0A3Q0KNU4	COMPARTMENTS	GOCC:0099080	Supramolecular complex
A0A3Q0KNU4	6183.A0A3Q0KNU4	COMPARTMENTS	GOCC:0099081	Supramolecular polymer
A0A3Q0KNU4	6183.A0A3Q0KNU4	COMPARTMENTS	GOCC:0099512	Supramolecular fiber
A0A3Q0KNU4	6183.A0A3Q0KNU4	COMPARTMENTS	GOCC:0110165	Cellular anatomical structure
A0A3Q0KNU4	6183.A0A3Q0KNU4	UniProt Keywords	KW-0440	LIM domain
A0A3Q0KNU4	6183.A0A3Q0KNU4	UniProt Keywords	KW-0479	Metal-binding
A0A3Q0KNU4	6183.A0A3Q0KNU4	UniProt Keywords	KW-0539	Nucleus
A0A3Q0KNU4	6183.A0A3Q0KNU4	UniProt Keywords	KW-0862	Zinc
A0A3Q0KNU4	6183.A0A3Q0KNU4	UniProt Keywords	KW-0863	Zinc-finger
A0A3Q0KNU4	6183.A0A3Q0KNU4	InterPro	IPR001781	Zinc finger, LIM-type
A0A3Q0KNU4	6183.A0A3Q0KNU4	InterPro	IPR056807	FHL1/2/3/5, N-terminal LIM domain
A0A3Q0KNU4	6183.A0A3Q0KNU4	SMART	SM00132	Zinc-binding domain present in Lin-11, Isl-1, Mec-3.
A0A3Q0KNU4	6183.A0A3Q0KNU4	SMART	SM00208	Tumor necrosis factor receptor / nerve growth factor receptor repeats.
A0A3Q0KQT0	6183.A0A3Q0KQT0	GO Process	GO:0006996	Organelle organization
A0A3Q0KQT0	6183.A0A3Q0KQT0	GO Process	GO:0007010	Cytoskeleton organization
A0A3Q0KQT0	6183.A0A3Q0KQT0	GO Process	GO:0009987	Cellular process
A0A3Q0KQT0	6183.A0A3Q0KQT0	GO Process	GO:0016043	Cellular component organization
A0A3Q0KQT0	6183.A0A3Q0KQT0	GO Process	GO:0030029	Actin filament-based process
A0A3Q0KQT0	6183.A0A3Q0KQT0	GO Process	GO:0030036	Actin cytoskeleton organization
A0A3Q0KQT0	6183.A0A3Q0KQT0	GO Process	GO:0032501	Multicellular organismal process
A0A3Q0KQT0	6183.A0A3Q0KQT0	GO Process	GO:0032502	Developmental process
A0A3Q0KQT0	6183.A0A3Q0KQT0	GO Process	GO:0048856	Anatomical structure development
A0A3Q0KQT0	6183.A0A3Q0KQT0	GO Process	GO:0061061	Muscle structure development
A0A3Q0KQT0	6183.A0A3Q0KQT0	GO Process	GO:0071840	Cellular component organization or biogenesis
A0A3Q0KQT0	6183.A0A3Q0KQT0	GO Function	GO:0005488	Binding
A0A3Q0KQT0	6183.A0A3Q0KQT0	GO Function	GO:0036094	Small molecule binding
A0A3Q0KQT0	6183.A0A3Q0KQT0	GO Function	GO:0043167	Ion binding
A0A3Q0KQT0	6183.A0A3Q0KQT0	GO Function	GO:0043169	Cation binding
A0A3Q0KQT0	6183.A0A3Q0KQT0	GO Function	GO:0046872	Metal ion binding
A0A3Q0KQT0	6183.A0A3Q0KQT0	GO Component	GO:0001725	Stress fiber
A0A3Q0KQT0	6183.A0A3Q0KQT0	GO Component	GO:0005622	Intracellular anatomical structure
A0A3Q0KQT0	6183.A0A3Q0KQT0	GO Component	GO:0005737	Cytoplasm
A0A3Q0KQT0	6183.A0A3Q0KQT0	GO Component	GO:0005856	Cytoskeleton
A0A3Q0KQT0	6183.A0A3Q0KQT0	GO Component	GO:0005884	Actin filament
A0A3Q0KQT0	6183.A0A3Q0KQT0	GO Component	GO:0005911	Cell-cell junction
A0A3Q0KQT0	6183.A0A3Q0KQT0	GO Component	GO:0005912	Adherens junction
A0A3Q0KQT0	6183.A0A3Q0KQT0	GO Component	GO:0015629	Actin cytoskeleton
A0A3Q0KQT0	6183.A0A3Q0KQT0	GO Component	GO:0030016	Myofibril
A0A3Q0KQT0	6183.A0A3Q0KQT0	GO Component	GO:0030017	Sarcomere
A0A3Q0KQT0	6183.A0A3Q0KQT0	GO Component	GO:0030018	Z disc
A0A3Q0KQT0	6183.A0A3Q0KQT0	GO Component	GO:0030054	Cell junction
A0A3Q0KQT0	6183.A0A3Q0KQT0	GO Component	GO:0031674	I band
A0A3Q0KQT0	6183.A0A3Q0KQT0	GO Component	GO:0031941	Filamentous actin
A0A3Q0KQT0	6183.A0A3Q0KQT0	GO Component	GO:0032432	Actin filament bundle
A0A3Q0KQT0	6183.A0A3Q0KQT0	GO Component	GO:0032991	Protein-containing complex
A0A3Q0KQT0	6183.A0A3Q0KQT0	GO Component	GO:0042641	Actomyosin
A0A3Q0KQT0	6183.A0A3Q0KQT0	GO Component	GO:0043226	Organelle
A0A3Q0KQT0	6183.A0A3Q0KQT0	GO Component	GO:0043228	Membraneless organelle
A0A3Q0KQT0	6183.A0A3Q0KQT0	GO Component	GO:0043229	Intracellular organelle
A0A3Q0KQT0	6183.A0A3Q0KQT0	GO Component	GO:0043232	Intracellular membraneless organelle
A0A3Q0KQT0	6183.A0A3Q0KQT0	GO Component	GO:0043292	Contractile muscle fiber
A0A3Q0KQT0	6183.A0A3Q0KQT0	GO Component	GO:0070161	Anchoring junction
A0A3Q0KQT0	6183.A0A3Q0KQT0	GO Component	GO:0097517	Contractile actin filament bundle
A0A3Q0KQT0	6183.A0A3Q0KQT0	GO Component	GO:0099080	Supramolecular complex
A0A3Q0KQT0	6183.A0A3Q0KQT0	GO Component	GO:0099081	Supramolecular polymer
A0A3Q0KQT0	6183.A0A3Q0KQT0	GO Component	GO:0099512	Supramolecular fiber
A0A3Q0KQT0	6183.A0A3Q0KQT0	GO Component	GO:0099513	Polymeric cytoskeletal fiber
A0A3Q0KQT0	6183.A0A3Q0KQT0	GO Component	GO:0110165	Cellular anatomical structure
A0A3Q0KQT0	6183.A0A3Q0KQT0	STRING clusters	CL:11812	Mixed, incl. Actin filament-based process, and Cell-substrate junction
A0A3Q0KQT0	6183.A0A3Q0KQT0	STRING clusters	CL:12039	Cell-substrate junction, and Non-membrane spanning protein tyrosine kinase activity
A0A3Q0KQT0	6183.A0A3Q0KQT0	STRING clusters	CL:12041	Focal adhesion, and Non-membrane spanning protein tyrosine kinase activity
A0A3Q0KQT0	6183.A0A3Q0KQT0	STRING clusters	CL:12077	Alpha-catenin/vinculin-like superfamily, and Filamentous actin
A0A3Q0KQT0	6183.A0A3Q0KQT0	STRING clusters	CL:12080	Filamentous actin, and Ca2+ insensitive EF hand
A0A3Q0KQT0	6183.A0A3Q0KQT0	KEGG	smm04820	Cytoskeleton in muscle cells
A0A3Q0KQT0	6183.A0A3Q0KQT0	Reactome	MAP-1266738	Developmental Biology
A0A3Q0KQT0	6183.A0A3Q0KQT0	Reactome	MAP-422475	Axon guidance
A0A3Q0KQT0	6183.A0A3Q0KQT0	Reactome	MAP-8853659	RET signaling
A0A3Q0KQT0	6183.A0A3Q0KQT0	Reactome	MAP-9675108	Nervous system development
A0A3Q0KQT0	6183.A0A3Q0KQT0	COMPARTMENTS	GOCC:0005622	Intracellular anatomical structure
A0A3Q0KQT0	6183.A0A3Q0KQT0	COMPARTMENTS	GOCC:0005737	Cytoplasm
A0A3Q0KQT0	6183.A0A3Q0KQT0	COMPARTMENTS	GOCC:0030016	Myofibril
A0A3Q0KQT0	6183.A0A3Q0KQT0	COMPARTMENTS	GOCC:0030017	Sarcomere
A0A3Q0KQT0	6183.A0A3Q0KQT0	COMPARTMENTS	GOCC:0030018	Z disc
A0A3Q0KQT0	6183.A0A3Q0KQT0	COMPARTMENTS	GOCC:0031674	I band
A0A3Q0KQT0	6183.A0A3Q0KQT0	COMPARTMENTS	GOCC:0043226	Organelle
A0A3Q0KQT0	6183.A0A3Q0KQT0	COMPARTMENTS	GOCC:0043228	Membraneless organelle
A0A3Q0KQT0	6183.A0A3Q0KQT0	COMPARTMENTS	GOCC:0043229	Intracellular organelle
A0A3Q0KQT0	6183.A0A3Q0KQT0	COMPARTMENTS	GOCC:0043232	Intracellular membraneless organelle
A0A3Q0KQT0	6183.A0A3Q0KQT0	COMPARTMENTS	GOCC:0043292	Contractile muscle fiber
A0A3Q0KQT0	6183.A0A3Q0KQT0	COMPARTMENTS	GOCC:0099080	Supramolecular complex
A0A3Q0KQT0	6183.A0A3Q0KQT0	COMPARTMENTS	GOCC:0099081	Supramolecular polymer
A0A3Q0KQT0	6183.A0A3Q0KQT0	COMPARTMENTS	GOCC:0099512	Supramolecular fiber
A0A3Q0KQT0	6183.A0A3Q0KQT0	COMPARTMENTS	GOCC:0110165	Cellular anatomical structure
A0A3Q0KQT0	6183.A0A3Q0KQT0	UniProt Keywords	KW-0440	LIM domain
A0A3Q0KQT0	6183.A0A3Q0KQT0	UniProt Keywords	KW-0479	Metal-binding
A0A3Q0KQT0	6183.A0A3Q0KQT0	UniProt Keywords	KW-0862	Zinc
A0A3Q0KQT0	6183.A0A3Q0KQT0	InterPro	IPR001478	PDZ domain
A0A3Q0KQT0	6183.A0A3Q0KQT0	InterPro	IPR001781	Zinc finger, LIM-type
A0A3Q0KQT0	6183.A0A3Q0KQT0	InterPro	IPR036034	PDZ superfamily
A0A3Q0KQT0	6183.A0A3Q0KQT0	InterPro	IPR050604	PDZ and LIM domain-containing
A0A3Q0KQT0	6183.A0A3Q0KQT0	SMART	SM00132	Zinc-binding domain present in Lin-11, Isl-1, Mec-3.
A0A3Q0KQT0	6183.A0A3Q0KQT0	SMART	SM00184	Ring finger
A0A3Q0KQT0	6183.A0A3Q0KQT0	SMART	SM00228	Domain present in PSD-95, Dlg, and ZO-1/2.
A0A3Q0KRT5	6183.A0A3Q0KRT5	GO Process	GO:0007155	Cell adhesion
A0A3Q0KRT5	6183.A0A3Q0KRT5	GO Process	GO:0009966	Regulation of signal transduction
A0A3Q0KRT5	6183.A0A3Q0KRT5	GO Process	GO:0009967	Positive regulation of signal transduction
A0A3Q0KRT5	6183.A0A3Q0KRT5	GO Process	GO:0009987	Cellular process
A0A3Q0KRT5	6183.A0A3Q0KRT5	GO Process	GO:0010646	Regulation of cell communication
A0A3Q0KRT5	6183.A0A3Q0KRT5	GO Process	GO:0010647	Positive regulation of cell communication
A0A3Q0KRT5	6183.A0A3Q0KRT5	GO Process	GO:0010810	Regulation of cell-substrate adhesion
A0A3Q0KRT5	6183.A0A3Q0KRT5	GO Process	GO:0010811	Positive regulation of cell-substrate adhesion
A0A3Q0KRT5	6183.A0A3Q0KRT5	GO Process	GO:0016043	Cellular component organization
A0A3Q0KRT5	6183.A0A3Q0KRT5	GO Process	GO:0023051	Regulation of signaling
A0A3Q0KRT5	6183.A0A3Q0KRT5	GO Process	GO:0023056	Positive regulation of signaling
A0A3Q0KRT5	6183.A0A3Q0KRT5	GO Process	GO:0030155	Regulation of cell adhesion
A0A3Q0KRT5	6183.A0A3Q0KRT5	GO Process	GO:0034330	Cell junction organization
A0A3Q0KRT5	6183.A0A3Q0KRT5	GO Process	GO:0045216	Cell-cell junction organization
A0A3Q0KRT5	6183.A0A3Q0KRT5	GO Process	GO:0045785	Positive regulation of cell adhesion
A0A3Q0KRT5	6183.A0A3Q0KRT5	GO Process	GO:0048518	Positive regulation of biological process
A0A3Q0KRT5	6183.A0A3Q0KRT5	GO Process	GO:0048519	Negative regulation of biological process
A0A3Q0KRT5	6183.A0A3Q0KRT5	GO Process	GO:0048522	Positive regulation of cellular process
A0A3Q0KRT5	6183.A0A3Q0KRT5	GO Process	GO:0048523	Negative regulation of cellular process
A0A3Q0KRT5	6183.A0A3Q0KRT5	GO Process	GO:0048583	Regulation of response to stimulus
A0A3Q0KRT5	6183.A0A3Q0KRT5	GO Process	GO:0048584	Positive regulation of response to stimulus
A0A3Q0KRT5	6183.A0A3Q0KRT5	GO Process	GO:0050789	Regulation of biological process
A0A3Q0KRT5	6183.A0A3Q0KRT5	GO Process	GO:0050794	Regulation of cellular process
A0A3Q0KRT5	6183.A0A3Q0KRT5	GO Process	GO:0065007	Biological regulation
A0A3Q0KRT5	6183.A0A3Q0KRT5	GO Process	GO:0071840	Cellular component organization or biogenesis
A0A3Q0KRT5	6183.A0A3Q0KRT5	GO Process	GO:0098609	Cell-cell adhesion
A0A3Q0KRT5	6183.A0A3Q0KRT5	GO Process	GO:1900024	Regulation of substrate adhesion-dependent cell spreading
A0A3Q0KRT5	6183.A0A3Q0KRT5	GO Process	GO:1900026	Positive regulation of substrate adhesion-dependent cell spreading
A0A3Q0KRT5	6183.A0A3Q0KRT5	GO Function	GO:0005488	Binding
A0A3Q0KRT5	6183.A0A3Q0KRT5	GO Function	GO:0036094	Small molecule binding
A0A3Q0KRT5	6183.A0A3Q0KRT5	GO Function	GO:0043167	Ion binding
A0A3Q0KRT5	6183.A0A3Q0KRT5	GO Function	GO:0043169	Cation binding
A0A3Q0KRT5	6183.A0A3Q0KRT5	GO Function	GO:0046872	Metal ion binding
A0A3Q0KRT5	6183.A0A3Q0KRT5	GO Component	GO:0005622	Intracellular anatomical structure
A0A3Q0KRT5	6183.A0A3Q0KRT5	GO Component	GO:0005737	Cytoplasm
A0A3Q0KRT5	6183.A0A3Q0KRT5	GO Component	GO:0005886	Plasma membrane
A0A3Q0KRT5	6183.A0A3Q0KRT5	GO Component	GO:0005911	Cell-cell junction
A0A3Q0KRT5	6183.A0A3Q0KRT5	GO Component	GO:0005925	Focal adhesion
A0A3Q0KRT5	6183.A0A3Q0KRT5	GO Component	GO:0016020	Membrane
A0A3Q0KRT5	6183.A0A3Q0KRT5	GO Component	GO:0030054	Cell junction
A0A3Q0KRT5	6183.A0A3Q0KRT5	GO Component	GO:0030055	Cell-substrate junction
A0A3Q0KRT5	6183.A0A3Q0KRT5	GO Component	GO:0070161	Anchoring junction
A0A3Q0KRT5	6183.A0A3Q0KRT5	GO Component	GO:0071944	Cell periphery
A0A3Q0KRT5	6183.A0A3Q0KRT5	GO Component	GO:0110165	Cellular anatomical structure
A0A3Q0KRT5	6183.A0A3Q0KRT5	STRING clusters	CL:11812	Mixed, incl. Actin filament-based process, and Cell-substrate junction
A0A3Q0KRT5	6183.A0A3Q0KRT5	STRING clusters	CL:12039	Cell-substrate junction, and Non-membrane spanning protein tyrosine kinase activity
A0A3Q0KRT5	6183.A0A3Q0KRT5	STRING clusters	CL:12116	Cell-extracellular matrix interactions
A0A3Q0KRT5	6183.A0A3Q0KRT5	STRING clusters	CL:12120	Cell-extracellular matrix interactions
A0A3Q0KRT5	6183.A0A3Q0KRT5	Reactome	MAP-1500931	Cell-Cell communication
A0A3Q0KRT5	6183.A0A3Q0KRT5	Reactome	MAP-446353	Cell-extracellular matrix interactions
A0A3Q0KRT5	6183.A0A3Q0KRT5	Reactome	MAP-446728	Cell junction organization
A0A3Q0KRT5	6183.A0A3Q0KRT5	COMPARTMENTS	GOCC:0005925	Focal adhesion
A0A3Q0KRT5	6183.A0A3Q0KRT5	COMPARTMENTS	GOCC:0030054	Cell junction
A0A3Q0KRT5	6183.A0A3Q0KRT5	COMPARTMENTS	GOCC:0030055	Cell-substrate junction
A0A3Q0KRT5	6183.A0A3Q0KRT5	COMPARTMENTS	GOCC:0070161	Anchoring junction
A0A3Q0KRT5	6183.A0A3Q0KRT5	COMPARTMENTS	GOCC:0110165	Cellular anatomical structure
A0A3Q0KRT5	6183.A0A3Q0KRT5	UniProt Keywords	KW-0440	LIM domain
A0A3Q0KRT5	6183.A0A3Q0KRT5	UniProt Keywords	KW-0479	Metal-binding
A0A3Q0KRT5	6183.A0A3Q0KRT5	UniProt Keywords	KW-0677	Repeat
A0A3Q0KRT5	6183.A0A3Q0KRT5	UniProt Keywords	KW-0862	Zinc
A0A3Q0KRT5	6183.A0A3Q0KRT5	UniProt Keywords	KW-0965	Cell junction
A0A3Q0KRT5	6183.A0A3Q0KRT5	InterPro	IPR001781	Zinc finger, LIM-type
A0A3Q0KRT5	6183.A0A3Q0KRT5	InterPro	IPR013087	Zinc finger C2H2-type
A0A3Q0KRT5	6183.A0A3Q0KRT5	InterPro	IPR017351	LIM and senescent cell antigen-like-containing domain protein 1-4-like
A0A3Q0KRT5	6183.A0A3Q0KRT5	InterPro	IPR047944	LIMS1/2-like, LIM domain 1
A0A3Q0KRT5	6183.A0A3Q0KRT5	SMART	SM00132	Zinc-binding domain present in Lin-11, Isl-1, Mec-3.
A0A3Q0KS63	6183.A0A3Q0KS63	GO Process	GO:0009987	Cellular process
A0A3Q0KS63	6183.A0A3Q0KS63	GO Function	GO:0005198	Structural molecule activity
A0A3Q0KS63	6183.A0A3Q0KS63	GO Component	GO:0005581	Collagen trimer
A0A3Q0KS63	6183.A0A3Q0KS63	GO Component	GO:0032991	Protein-containing complex
A0A3Q0KS63	6183.A0A3Q0KS63	STRING clusters	CL:11459	Mixed, incl. Annexin superfamily, and Collagen biosynthesis and modifying enzymes
A0A3Q0KS63	6183.A0A3Q0KS63	STRING clusters	CL:11460	Mixed, incl. Collagen biosynthesis and modifying enzymes, and Calcium-binding EGF-like domain
A0A3Q0KS63	6183.A0A3Q0KS63	STRING clusters	CL:11572	Mixed, incl. Collagen trimer, and Integrin
A0A3Q0KS63	6183.A0A3Q0KS63	STRING clusters	CL:11573	Mixed, incl. Collagen trimer, and Integrin
A0A3Q0KS63	6183.A0A3Q0KS63	STRING clusters	CL:11576	Collagen triple helix repeat, and Integrin
A0A3Q0KS63	6183.A0A3Q0KS63	STRING clusters	CL:11577	Collagen triple helix repeat, and Integrin
A0A3Q0KS63	6183.A0A3Q0KS63	KEGG	smm04820	Cytoskeleton in muscle cells
A0A3Q0KS63	6183.A0A3Q0KS63	Reactome	MAP-1474244	Extracellular matrix organization
A0A3Q0KS63	6183.A0A3Q0KS63	Reactome	MAP-1474290	Collagen formation
A0A3Q0KS63	6183.A0A3Q0KS63	Reactome	MAP-1650814	Collagen biosynthesis and modifying enzymes
A0A3Q0KS63	6183.A0A3Q0KS63	Reactome	MAP-8948216	Collagen chain trimerization
A0A3Q0KS63	6183.A0A3Q0KS63	COMPARTMENTS	GOCC:0005581	Collagen trimer
A0A3Q0KS63	6183.A0A3Q0KS63	COMPARTMENTS	GOCC:0032991	Protein-containing complex
A0A3Q0KS63	6183.A0A3Q0KS63	UniProt Keywords	KW-0106	Calcium
A0A3Q0KS63	6183.A0A3Q0KS63	UniProt Keywords	KW-0176	Collagen
A0A3Q0KS63	6183.A0A3Q0KS63	UniProt Keywords	KW-0325	Glycoprotein
A0A3Q0KS63	6183.A0A3Q0KS63	UniProt Keywords	KW-0479	Metal-binding
A0A3Q0KS63	6183.A0A3Q0KS63	UniProt Keywords	KW-0964	Secreted
A0A3Q0KS63	6183.A0A3Q0KS63	Pfam	PF01391	Collagen triple helix repeat (20 copies)
A0A3Q0KS63	6183.A0A3Q0KS63	InterPro	IPR000885	Fibrillar collagen, C-terminal
A0A3Q0KS63	6183.A0A3Q0KS63	InterPro	IPR001007	VWFC domain
A0A3Q0KS63	6183.A0A3Q0KS63	InterPro	IPR008160	Collagen triple helix repeat
A0A3Q0KS63	6183.A0A3Q0KS63	InterPro	IPR050149	Collagen superfamily
A0A3Q0KS63	6183.A0A3Q0KS63	SMART	SM00038	Fibrillar collagens C-terminal domain
A0A3Q0KS63	6183.A0A3Q0KS63	SMART	SM00214	Von Willebrand factor (vWF) type C domain
A0A3Q0KS78	6183.A0A3Q0KS78	GO Process	GO:0006996	Organelle organization
A0A3Q0KS78	6183.A0A3Q0KS78	GO Process	GO:0007010	Cytoskeleton organization
A0A3Q0KS78	6183.A0A3Q0KS78	GO Process	GO:0007155	Cell adhesion
A0A3Q0KS78	6183.A0A3Q0KS78	GO Process	GO:0009987	Cellular process
A0A3Q0KS78	6183.A0A3Q0KS78	GO Process	GO:0016043	Cellular component organization
A0A3Q0KS78	6183.A0A3Q0KS78	GO Process	GO:0030029	Actin filament-based process
A0A3Q0KS78	6183.A0A3Q0KS78	GO Process	GO:0030036	Actin cytoskeleton organization
A0A3Q0KS78	6183.A0A3Q0KS78	GO Process	GO:0071840	Cellular component organization or biogenesis
A0A3Q0KS78	6183.A0A3Q0KS78	GO Process	GO:0098609	Cell-cell adhesion
A0A3Q0KS78	6183.A0A3Q0KS78	GO Function	GO:0003779	Actin binding
A0A3Q0KS78	6183.A0A3Q0KS78	GO Function	GO:0005102	Signaling receptor binding
A0A3Q0KS78	6183.A0A3Q0KS78	GO Function	GO:0005178	Integrin binding
A0A3Q0KS78	6183.A0A3Q0KS78	GO Function	GO:0005198	Structural molecule activity
A0A3Q0KS78	6183.A0A3Q0KS78	GO Function	GO:0005200	Structural constituent of cytoskeleton
A0A3Q0KS78	6183.A0A3Q0KS78	GO Function	GO:0005488	Binding
A0A3Q0KS78	6183.A0A3Q0KS78	GO Function	GO:0005515	Protein binding
A0A3Q0KS78	6183.A0A3Q0KS78	GO Function	GO:0008092	Cytoskeletal protein binding
A0A3Q0KS78	6183.A0A3Q0KS78	GO Function	GO:0044877	Protein-containing complex binding
A0A3Q0KS78	6183.A0A3Q0KS78	GO Function	GO:0050839	Cell adhesion molecule binding
A0A3Q0KS78	6183.A0A3Q0KS78	GO Function	GO:0051015	Actin filament binding
A0A3Q0KS78	6183.A0A3Q0KS78	GO Component	GO:0001726	Ruffle
A0A3Q0KS78	6183.A0A3Q0KS78	GO Component	GO:0005622	Intracellular anatomical structure
A0A3Q0KS78	6183.A0A3Q0KS78	GO Component	GO:0005737	Cytoplasm
A0A3Q0KS78	6183.A0A3Q0KS78	GO Component	GO:0005856	Cytoskeleton
A0A3Q0KS78	6183.A0A3Q0KS78	GO Component	GO:0005886	Plasma membrane
A0A3Q0KS78	6183.A0A3Q0KS78	GO Component	GO:0005925	Focal adhesion
A0A3Q0KS78	6183.A0A3Q0KS78	GO Component	GO:0016020	Membrane
A0A3Q0KS78	6183.A0A3Q0KS78	GO Component	GO:0030054	Cell junction
A0A3Q0KS78	6183.A0A3Q0KS78	GO Component	GO:0030055	Cell-substrate junction
A0A3Q0KS78	6183.A0A3Q0KS78	GO Component	GO:0031252	Cell leading edge
A0A3Q0KS78	6183.A0A3Q0KS78	GO Component	GO:0042995	Cell projection
A0A3Q0KS78	6183.A0A3Q0KS78	GO Component	GO:0043226	Organelle
A0A3Q0KS78	6183.A0A3Q0KS78	GO Component	GO:0043228	Membraneless organelle
A0A3Q0KS78	6183.A0A3Q0KS78	GO Component	GO:0043229	Intracellular organelle
A0A3Q0KS78	6183.A0A3Q0KS78	GO Component	GO:0043232	Intracellular membraneless organelle
A0A3Q0KS78	6183.A0A3Q0KS78	GO Component	GO:0070161	Anchoring junction
A0A3Q0KS78	6183.A0A3Q0KS78	GO Component	GO:0071944	Cell periphery
A0A3Q0KS78	6183.A0A3Q0KS78	GO Component	GO:0110165	Cellular anatomical structure
A0A3Q0KS78	6183.A0A3Q0KS78	GO Component	GO:0120025	Plasma membrane bounded cell projection
A0A3Q0KS78	6183.A0A3Q0KS78	STRING clusters	CL:11812	Mixed, incl. Actin filament-based process, and Cell-substrate junction
A0A3Q0KS78	6183.A0A3Q0KS78	STRING clusters	CL:12039	Cell-substrate junction, and Non-membrane spanning protein tyrosine kinase activity
A0A3Q0KS78	6183.A0A3Q0KS78	KEGG	smm04820	Cytoskeleton in muscle cells
A0A3Q0KS78	6183.A0A3Q0KS78	Reactome	MAP-109582	Hemostasis
A0A3Q0KS78	6183.A0A3Q0KS78	Reactome	MAP-114608	Platelet degranulation
A0A3Q0KS78	6183.A0A3Q0KS78	Reactome	MAP-1266738	Developmental Biology
A0A3Q0KS78	6183.A0A3Q0KS78	Reactome	MAP-162582	Signal Transduction
A0A3Q0KS78	6183.A0A3Q0KS78	Reactome	MAP-354192	Integrin signaling
A0A3Q0KS78	6183.A0A3Q0KS78	Reactome	MAP-373755	Semaphorin interactions
A0A3Q0KS78	6183.A0A3Q0KS78	Reactome	MAP-397014	Muscle contraction
A0A3Q0KS78	6183.A0A3Q0KS78	Reactome	MAP-422475	Axon guidance
A0A3Q0KS78	6183.A0A3Q0KS78	Reactome	MAP-445355	Smooth Muscle Contraction
A0A3Q0KS78	6183.A0A3Q0KS78	Reactome	MAP-5673001	RAF/MAP kinase cascade
A0A3Q0KS78	6183.A0A3Q0KS78	Reactome	MAP-5674135	MAP2K and MAPK activation
A0A3Q0KS78	6183.A0A3Q0KS78	Reactome	MAP-5683057	MAPK family signaling cascades
A0A3Q0KS78	6183.A0A3Q0KS78	Reactome	MAP-5684996	MAPK1/MAPK3 signaling
A0A3Q0KS78	6183.A0A3Q0KS78	Reactome	MAP-76002	Platelet activation, signaling and aggregation
A0A3Q0KS78	6183.A0A3Q0KS78	Reactome	MAP-76005	Response to elevated platelet cytosolic Ca2+
A0A3Q0KS78	6183.A0A3Q0KS78	Reactome	MAP-76009	Platelet Aggregation (Plug Formation)
A0A3Q0KS78	6183.A0A3Q0KS78	Reactome	MAP-9675108	Nervous system development
A0A3Q0KS78	6183.A0A3Q0KS78	COMPARTMENTS	GOCC:0001726	Ruffle
A0A3Q0KS78	6183.A0A3Q0KS78	COMPARTMENTS	GOCC:0031252	Cell leading edge
A0A3Q0KS78	6183.A0A3Q0KS78	COMPARTMENTS	GOCC:0042995	Cell projection
A0A3Q0KS78	6183.A0A3Q0KS78	COMPARTMENTS	GOCC:0110165	Cellular anatomical structure
A0A3Q0KS78	6183.A0A3Q0KS78	COMPARTMENTS	GOCC:0120025	Plasma membrane bounded cell projection
A0A3Q0KS78	6183.A0A3Q0KS78	UniProt Keywords	KW-0206	Cytoskeleton
A0A3Q0KS78	6183.A0A3Q0KS78	UniProt Keywords	KW-0963	Cytoplasm
A0A3Q0KS78	6183.A0A3Q0KS78	Pfam	PF01608	I/LWEQ domain
A0A3Q0KS78	6183.A0A3Q0KS78	Pfam	PF09141	Talin, middle domain
A0A3Q0KS78	6183.A0A3Q0KS78	InterPro	IPR000299	FERM domain
A0A3Q0KS78	6183.A0A3Q0KS78	InterPro	IPR002404	IRS-type PTB domain
A0A3Q0KS78	6183.A0A3Q0KS78	InterPro	IPR002558	I/LWEQ domain
A0A3Q0KS78	6183.A0A3Q0KS78	InterPro	IPR011993	PH-like domain superfamily
A0A3Q0KS78	6183.A0A3Q0KS78	InterPro	IPR014352	FERM/acyl-CoA-binding protein superfamily
A0A3Q0KS78	6183.A0A3Q0KS78	InterPro	IPR015224	Talin, central
A0A3Q0KS78	6183.A0A3Q0KS78	InterPro	IPR019747	FERM conserved site
A0A3Q0KS78	6183.A0A3Q0KS78	InterPro	IPR019748	FERM central domain
A0A3Q0KS78	6183.A0A3Q0KS78	InterPro	IPR019749	Band 4.1 domain
A0A3Q0KS78	6183.A0A3Q0KS78	InterPro	IPR032425	Talin, N-terminal F0 domain
A0A3Q0KS78	6183.A0A3Q0KS78	InterPro	IPR035963	FERM superfamily, second domain
A0A3Q0KS78	6183.A0A3Q0KS78	InterPro	IPR035964	I/LWEQ domain superfamily
A0A3Q0KS78	6183.A0A3Q0KS78	InterPro	IPR036476	Talin, central domain superfamily
A0A3Q0KS78	6183.A0A3Q0KS78	InterPro	IPR049108	Talin, R4 domain
A0A3Q0KS78	6183.A0A3Q0KS78	InterPro	IPR054060	Talin 1-like, rod-segment domain
A0A3Q0KS78	6183.A0A3Q0KS78	SMART	SM00295	Band 4.1 homologues
A0A3Q0KS78	6183.A0A3Q0KS78	SMART	SM01244	Phosphotyrosine-binding domain
A0A3Q0KT01	6183.A0A3Q0KT01	GO Process	GO:0007154	Cell communication
A0A3Q0KT01	6183.A0A3Q0KT01	GO Process	GO:0007165	Signal transduction
A0A3Q0KT01	6183.A0A3Q0KT01	GO Process	GO:0007166	Cell surface receptor signaling pathway
A0A3Q0KT01	6183.A0A3Q0KT01	GO Process	GO:0007167	Enzyme-linked receptor protein signaling pathway
A0A3Q0KT01	6183.A0A3Q0KT01	GO Process	GO:0007169	Cell surface receptor protein tyrosine kinase signaling pathway
A0A3Q0KT01	6183.A0A3Q0KT01	GO Process	GO:0009987	Cellular process
A0A3Q0KT01	6183.A0A3Q0KT01	GO Process	GO:0023052	Signaling
A0A3Q0KT01	6183.A0A3Q0KT01	GO Process	GO:0030154	Cell differentiation
A0A3Q0KT01	6183.A0A3Q0KT01	GO Process	GO:0032502	Developmental process
A0A3Q0KT01	6183.A0A3Q0KT01	GO Process	GO:0048518	Positive regulation of biological process
A0A3Q0KT01	6183.A0A3Q0KT01	GO Process	GO:0048522	Positive regulation of cellular process
A0A3Q0KT01	6183.A0A3Q0KT01	GO Process	GO:0048869	Cellular developmental process
A0A3Q0KT01	6183.A0A3Q0KT01	GO Process	GO:0050789	Regulation of biological process
A0A3Q0KT01	6183.A0A3Q0KT01	GO Process	GO:0050794	Regulation of cellular process
A0A3Q0KT01	6183.A0A3Q0KT01	GO Process	GO:0050896	Response to stimulus
A0A3Q0KT01	6183.A0A3Q0KT01	GO Process	GO:0051716	Cellular response to stimulus
A0A3Q0KT01	6183.A0A3Q0KT01	GO Process	GO:0065007	Biological regulation
A0A3Q0KT01	6183.A0A3Q0KT01	GO Function	GO:0000166	Nucleotide binding
A0A3Q0KT01	6183.A0A3Q0KT01	GO Function	GO:0003824	Catalytic activity
A0A3Q0KT01	6183.A0A3Q0KT01	GO Function	GO:0004672	Protein kinase activity
A0A3Q0KT01	6183.A0A3Q0KT01	GO Function	GO:0004713	Protein tyrosine kinase activity
A0A3Q0KT01	6183.A0A3Q0KT01	GO Function	GO:0004715	Non-membrane spanning protein tyrosine kinase activity
A0A3Q0KT01	6183.A0A3Q0KT01	GO Function	GO:0005102	Signaling receptor binding
A0A3Q0KT01	6183.A0A3Q0KT01	GO Function	GO:0005488	Binding
A0A3Q0KT01	6183.A0A3Q0KT01	GO Function	GO:0005515	Protein binding
A0A3Q0KT01	6183.A0A3Q0KT01	GO Function	GO:0005524	ATP binding
A0A3Q0KT01	6183.A0A3Q0KT01	GO Function	GO:0016301	Kinase activity
A0A3Q0KT01	6183.A0A3Q0KT01	GO Function	GO:0016740	Transferase activity
A0A3Q0KT01	6183.A0A3Q0KT01	GO Function	GO:0016772	Transferase activity, transferring phosphorus-containing groups
A0A3Q0KT01	6183.A0A3Q0KT01	GO Function	GO:0016773	Phosphotransferase activity, alcohol group as acceptor
A0A3Q0KT01	6183.A0A3Q0KT01	GO Function	GO:0017076	Purine nucleotide binding
A0A3Q0KT01	6183.A0A3Q0KT01	GO Function	GO:0030554	Adenyl nucleotide binding
A0A3Q0KT01	6183.A0A3Q0KT01	GO Function	GO:0032553	Ribonucleotide binding
A0A3Q0KT01	6183.A0A3Q0KT01	GO Function	GO:0032555	Purine ribonucleotide binding
A0A3Q0KT01	6183.A0A3Q0KT01	GO Function	GO:0032559	Adenyl ribonucleotide binding
A0A3Q0KT01	6183.A0A3Q0KT01	GO Function	GO:0035639	Purine ribonucleoside triphosphate binding
A0A3Q0KT01	6183.A0A3Q0KT01	GO Function	GO:0036094	Small molecule binding
A0A3Q0KT01	6183.A0A3Q0KT01	GO Function	GO:0043167	Ion binding
A0A3Q0KT01	6183.A0A3Q0KT01	GO Function	GO:0043168	Anion binding
A0A3Q0KT01	6183.A0A3Q0KT01	GO Function	GO:0097367	Carbohydrate derivative binding
A0A3Q0KT01	6183.A0A3Q0KT01	GO Function	GO:0140096	Catalytic activity, acting on a protein
A0A3Q0KT01	6183.A0A3Q0KT01	GO Function	GO:1901265	Nucleoside phosphate binding
A0A3Q0KT01	6183.A0A3Q0KT01	GO Function	GO:1901363	Heterocyclic compound binding
A0A3Q0KT01	6183.A0A3Q0KT01	GO Component	GO:0005622	Intracellular anatomical structure
A0A3Q0KT01	6183.A0A3Q0KT01	GO Component	GO:0005737	Cytoplasm
A0A3Q0KT01	6183.A0A3Q0KT01	GO Component	GO:0005829	Cytosol
A0A3Q0KT01	6183.A0A3Q0KT01	GO Component	GO:0005886	Plasma membrane
A0A3Q0KT01	6183.A0A3Q0KT01	GO Component	GO:0016020	Membrane
A0A3Q0KT01	6183.A0A3Q0KT01	GO Component	GO:0043226	Organelle
A0A3Q0KT01	6183.A0A3Q0KT01	GO Component	GO:0043229	Intracellular organelle
A0A3Q0KT01	6183.A0A3Q0KT01	GO Component	GO:0071944	Cell periphery
A0A3Q0KT01	6183.A0A3Q0KT01	GO Component	GO:0110165	Cellular anatomical structure
A0A3Q0KT01	6183.A0A3Q0KT01	STRING clusters	CL:11812	Mixed, incl. Actin filament-based process, and Cell-substrate junction
A0A3Q0KT01	6183.A0A3Q0KT01	STRING clusters	CL:12039	Cell-substrate junction, and Non-membrane spanning protein tyrosine kinase activity
A0A3Q0KT01	6183.A0A3Q0KT01	STRING clusters	CL:12041	Focal adhesion, and Non-membrane spanning protein tyrosine kinase activity
A0A3Q0KT01	6183.A0A3Q0KT01	STRING clusters	CL:12042	Non-membrane spanning protein tyrosine kinase activity, and CAS family
A0A3Q0KT01	6183.A0A3Q0KT01	STRING clusters	CL:12044	Non-receptor tyrosine kinases involved in cell signaling, and CAS family
A0A3Q0KT01	6183.A0A3Q0KT01	Reactome	MAP-162582	Signal Transduction
A0A3Q0KT01	6183.A0A3Q0KT01	Reactome	MAP-168249	Innate Immune System
A0A3Q0KT01	6183.A0A3Q0KT01	Reactome	MAP-168256	Immune System
A0A3Q0KT01	6183.A0A3Q0KT01	COMPARTMENTS	GOCC:0005622	Intracellular anatomical structure
A0A3Q0KT01	6183.A0A3Q0KT01	COMPARTMENTS	GOCC:0005737	Cytoplasm
A0A3Q0KT01	6183.A0A3Q0KT01	COMPARTMENTS	GOCC:0110165	Cellular anatomical structure
A0A3Q0KT01	6183.A0A3Q0KT01	UniProt Keywords	KW-0067	ATP-binding
A0A3Q0KT01	6183.A0A3Q0KT01	UniProt Keywords	KW-0418	Kinase
A0A3Q0KT01	6183.A0A3Q0KT01	UniProt Keywords	KW-0449	Lipoprotein
A0A3Q0KT01	6183.A0A3Q0KT01	UniProt Keywords	KW-0519	Myristate
A0A3Q0KT01	6183.A0A3Q0KT01	UniProt Keywords	KW-0547	Nucleotide-binding
A0A3Q0KT01	6183.A0A3Q0KT01	UniProt Keywords	KW-0597	Phosphoprotein
A0A3Q0KT01	6183.A0A3Q0KT01	UniProt Keywords	KW-0727	SH2 domain
A0A3Q0KT01	6183.A0A3Q0KT01	UniProt Keywords	KW-0728	SH3 domain
A0A3Q0KT01	6183.A0A3Q0KT01	UniProt Keywords	KW-0808	Transferase
A0A3Q0KT01	6183.A0A3Q0KT01	UniProt Keywords	KW-0829	Tyrosine-protein kinase
A0A3Q0KT01	6183.A0A3Q0KT01	InterPro	IPR000719	Protein kinase domain
A0A3Q0KT01	6183.A0A3Q0KT01	InterPro	IPR000980	SH2 domain
A0A3Q0KT01	6183.A0A3Q0KT01	InterPro	IPR001245	Serine-threonine/tyrosine-protein kinase, catalytic domain
A0A3Q0KT01	6183.A0A3Q0KT01	InterPro	IPR001452	SH3 domain
A0A3Q0KT01	6183.A0A3Q0KT01	InterPro	IPR008266	Tyrosine-protein kinase, active site
A0A3Q0KT01	6183.A0A3Q0KT01	InterPro	IPR011009	Protein kinase-like domain superfamily
A0A3Q0KT01	6183.A0A3Q0KT01	InterPro	IPR017441	Protein kinase, ATP binding site
A0A3Q0KT01	6183.A0A3Q0KT01	InterPro	IPR020635	Tyrosine-protein kinase, catalytic domain
A0A3Q0KT01	6183.A0A3Q0KT01	InterPro	IPR036028	SH3-like domain superfamily
A0A3Q0KT01	6183.A0A3Q0KT01	InterPro	IPR036860	SH2 domain superfamily
A0A3Q0KT01	6183.A0A3Q0KT01	InterPro	IPR050198	Non-receptor tyrosine kinases involved in cell signaling
A0A3Q0KT01	6183.A0A3Q0KT01	SMART	SM00219	Tyrosine kinase, catalytic domain
A0A3Q0KT01	6183.A0A3Q0KT01	SMART	SM00252	Src homology 2 domains
A0A3Q0KT01	6183.A0A3Q0KT01	SMART	SM00326	Src homology 3 domains
A0A3Q0KUI3	6183.A0A3Q0KUI3	GO Process	GO:0009987	Cellular process
A0A3Q0KUI3	6183.A0A3Q0KUI3	GO Function	GO:0005198	Structural molecule activity
A0A3Q0KUI3	6183.A0A3Q0KUI3	GO Component	GO:0005581	Collagen trimer
A0A3Q0KUI3	6183.A0A3Q0KUI3	GO Component	GO:0032991	Protein-containing complex
A0A3Q0KUI3	6183.A0A3Q0KUI3	STRING clusters	CL:11459	Mixed, incl. Annexin superfamily, and Collagen biosynthesis and modifying enzymes
A0A3Q0KUI3	6183.A0A3Q0KUI3	STRING clusters	CL:11460	Mixed, incl. Collagen biosynthesis and modifying enzymes, and Calcium-binding EGF-like domain
A0A3Q0KUI3	6183.A0A3Q0KUI3	STRING clusters	CL:11572	Mixed, incl. Collagen trimer, and Integrin
A0A3Q0KUI3	6183.A0A3Q0KUI3	STRING clusters	CL:11573	Mixed, incl. Collagen trimer, and Integrin
A0A3Q0KUI3	6183.A0A3Q0KUI3	STRING clusters	CL:11576	Collagen triple helix repeat, and Integrin
A0A3Q0KUI3	6183.A0A3Q0KUI3	STRING clusters	CL:11577	Collagen triple helix repeat, and Integrin
A0A3Q0KUI3	6183.A0A3Q0KUI3	KEGG	smm04820	Cytoskeleton in muscle cells
A0A3Q0KUI3	6183.A0A3Q0KUI3	Reactome	MAP-1474244	Extracellular matrix organization
A0A3Q0KUI3	6183.A0A3Q0KUI3	Reactome	MAP-1474290	Collagen formation
A0A3Q0KUI3	6183.A0A3Q0KUI3	Reactome	MAP-1650814	Collagen biosynthesis and modifying enzymes
A0A3Q0KUI3	6183.A0A3Q0KUI3	Reactome	MAP-8948216	Collagen chain trimerization
A0A3Q0KUI3	6183.A0A3Q0KUI3	COMPARTMENTS	GOCC:0005581	Collagen trimer
A0A3Q0KUI3	6183.A0A3Q0KUI3	COMPARTMENTS	GOCC:0032991	Protein-containing complex
A0A3Q0KUI3	6183.A0A3Q0KUI3	UniProt Keywords	KW-0176	Collagen
A0A3Q0KUI3	6183.A0A3Q0KUI3	UniProt Keywords	KW-0472	Membrane
A0A3Q0KUI3	6183.A0A3Q0KUI3	UniProt Keywords	KW-0812	Transmembrane
A0A3Q0KUI3	6183.A0A3Q0KUI3	UniProt Keywords	KW-0964	Secreted
A0A3Q0KUI3	6183.A0A3Q0KUI3	UniProt Keywords	KW-1133	Transmembrane helix
A0A3Q0KUI3	6183.A0A3Q0KUI3	Pfam	PF01391	Collagen triple helix repeat (20 copies)
A0A3Q0KUI3	6183.A0A3Q0KUI3	InterPro	IPR000885	Fibrillar collagen, C-terminal
A0A3Q0KUI3	6183.A0A3Q0KUI3	InterPro	IPR008160	Collagen triple helix repeat
A0A3Q0KUI3	6183.A0A3Q0KUI3	InterPro	IPR013320	Concanavalin A-like lectin/glucanase domain superfamily
A0A3Q0KUI3	6183.A0A3Q0KUI3	InterPro	IPR048287	Thrombospondin-like, N-terminal domain
A0A3Q0KUI3	6183.A0A3Q0KUI3	InterPro	IPR050938	Collagen and Collagen-like Structural Proteins
A0A3Q0KUI3	6183.A0A3Q0KUI3	SMART	SM00038	Fibrillar collagens C-terminal domain
A0A3Q0KUI3	6183.A0A3Q0KUI3	SMART	SM00210	Thrombospondin N-terminal -like domains.
A0A3Q0KUT3	6183.A0A3Q0KUT3	GO Process	GO:0009653	Anatomical structure morphogenesis
A0A3Q0KUT3	6183.A0A3Q0KUT3	GO Process	GO:0009987	Cellular process
A0A3Q0KUT3	6183.A0A3Q0KUT3	GO Process	GO:0032502	Developmental process
A0A3Q0KUT3	6183.A0A3Q0KUT3	GO Process	GO:0048856	Anatomical structure development
A0A3Q0KUT3	6183.A0A3Q0KUT3	GO Function	GO:0000166	Nucleotide binding
A0A3Q0KUT3	6183.A0A3Q0KUT3	GO Function	GO:0005488	Binding
A0A3Q0KUT3	6183.A0A3Q0KUT3	GO Function	GO:0005524	ATP binding
A0A3Q0KUT3	6183.A0A3Q0KUT3	GO Function	GO:0017076	Purine nucleotide binding
A0A3Q0KUT3	6183.A0A3Q0KUT3	GO Function	GO:0030554	Adenyl nucleotide binding
A0A3Q0KUT3	6183.A0A3Q0KUT3	GO Function	GO:0032553	Ribonucleotide binding
A0A3Q0KUT3	6183.A0A3Q0KUT3	GO Function	GO:0032555	Purine ribonucleotide binding
A0A3Q0KUT3	6183.A0A3Q0KUT3	GO Function	GO:0032559	Adenyl ribonucleotide binding
A0A3Q0KUT3	6183.A0A3Q0KUT3	GO Function	GO:0035639	Purine ribonucleoside triphosphate binding
A0A3Q0KUT3	6183.A0A3Q0KUT3	GO Function	GO:0036094	Small molecule binding
A0A3Q0KUT3	6183.A0A3Q0KUT3	GO Function	GO:0043167	Ion binding
A0A3Q0KUT3	6183.A0A3Q0KUT3	GO Function	GO:0043168	Anion binding
A0A3Q0KUT3	6183.A0A3Q0KUT3	GO Function	GO:0097367	Carbohydrate derivative binding
A0A3Q0KUT3	6183.A0A3Q0KUT3	GO Function	GO:1901265	Nucleoside phosphate binding
A0A3Q0KUT3	6183.A0A3Q0KUT3	GO Function	GO:1901363	Heterocyclic compound binding
A0A3Q0KUT3	6183.A0A3Q0KUT3	GO Component	GO:0005622	Intracellular anatomical structure
A0A3Q0KUT3	6183.A0A3Q0KUT3	GO Component	GO:0005856	Cytoskeleton
A0A3Q0KUT3	6183.A0A3Q0KUT3	GO Component	GO:0015629	Actin cytoskeleton
A0A3Q0KUT3	6183.A0A3Q0KUT3	GO Component	GO:0043226	Organelle
A0A3Q0KUT3	6183.A0A3Q0KUT3	GO Component	GO:0043228	Membraneless organelle
A0A3Q0KUT3	6183.A0A3Q0KUT3	GO Component	GO:0043229	Intracellular organelle
A0A3Q0KUT3	6183.A0A3Q0KUT3	GO Component	GO:0043232	Intracellular membraneless organelle
A0A3Q0KUT3	6183.A0A3Q0KUT3	GO Component	GO:0110165	Cellular anatomical structure
A0A3Q0KUT3	6183.A0A3Q0KUT3	STRING clusters	CL:11812	Mixed, incl. Actin filament-based process, and Cell-substrate junction
A0A3Q0KUT3	6183.A0A3Q0KUT3	STRING clusters	CL:11813	Mixed, incl. Actin filament organization, and Regulation of actin filament organization
A0A3Q0KUT3	6183.A0A3Q0KUT3	STRING clusters	CL:11940	Mixed, incl. RHO GTPases Activate WASPs and WAVEs, and Actin-depolymerising factor homology domain
A0A3Q0KUT3	6183.A0A3Q0KUT3	STRING clusters	CL:12002	Mixed, incl. Actin filament depolymerization, and Fimbrin/Plastin
A0A3Q0KUT3	6183.A0A3Q0KUT3	Reactome	MAP-1500931	Cell-Cell communication
A0A3Q0KUT3	6183.A0A3Q0KUT3	Reactome	MAP-418990	Adherens junctions interactions
A0A3Q0KUT3	6183.A0A3Q0KUT3	Reactome	MAP-421270	Cell-cell junction organization
A0A3Q0KUT3	6183.A0A3Q0KUT3	Reactome	MAP-446728	Cell junction organization
A0A3Q0KUT3	6183.A0A3Q0KUT3	Reactome	MAP-9759476	Regulation of Homotypic Cell-Cell Adhesion
A0A3Q0KUT3	6183.A0A3Q0KUT3	Reactome	MAP-9764265	Regulation of CDH1 Expression and Function
A0A3Q0KUT3	6183.A0A3Q0KUT3	Reactome	MAP-9764274	Regulation of Expression and Function of Type I Classical Cadherins
A0A3Q0KUT3	6183.A0A3Q0KUT3	COMPARTMENTS	GOCC:0005622	Intracellular anatomical structure
A0A3Q0KUT3	6183.A0A3Q0KUT3	COMPARTMENTS	GOCC:0110165	Cellular anatomical structure
A0A3Q0KUT3	6183.A0A3Q0KUT3	InterPro	IPR004000	Actin family
A0A3Q0KUT3	6183.A0A3Q0KUT3	InterPro	IPR004001	Actin, conserved site
A0A3Q0KUT3	6183.A0A3Q0KUT3	InterPro	IPR020902	Actin/actin-like conserved site
A0A3Q0KUT3	6183.A0A3Q0KUT3	InterPro	IPR043129	ATPase, nucleotide binding domain
A0A3Q0KUT3	6183.A0A3Q0KUT3	SMART	SM00268	Actin
A0A3Q0KUY4	6183.A0A3Q0KUY4	GO Process	GO:0009653	Anatomical structure morphogenesis
A0A3Q0KUY4	6183.A0A3Q0KUY4	GO Process	GO:0009987	Cellular process
A0A3Q0KUY4	6183.A0A3Q0KUY4	GO Process	GO:0032502	Developmental process
A0A3Q0KUY4	6183.A0A3Q0KUY4	GO Process	GO:0048856	Anatomical structure development
A0A3Q0KUY4	6183.A0A3Q0KUY4	GO Function	GO:0000166	Nucleotide binding
A0A3Q0KUY4	6183.A0A3Q0KUY4	GO Function	GO:0005488	Binding
A0A3Q0KUY4	6183.A0A3Q0KUY4	GO Function	GO:0005524	ATP binding
A0A3Q0KUY4	6183.A0A3Q0KUY4	GO Function	GO:0017076	Purine nucleotide binding
A0A3Q0KUY4	6183.A0A3Q0KUY4	GO Function	GO:0030554	Adenyl nucleotide binding
A0A3Q0KUY4	6183.A0A3Q0KUY4	GO Function	GO:0032553	Ribonucleotide binding
A0A3Q0KUY4	6183.A0A3Q0KUY4	GO Function	GO:0032555	Purine ribonucleotide binding
A0A3Q0KUY4	6183.A0A3Q0KUY4	GO Function	GO:0032559	Adenyl ribonucleotide binding
A0A3Q0KUY4	6183.A0A3Q0KUY4	GO Function	GO:0035639	Purine ribonucleoside triphosphate binding
A0A3Q0KUY4	6183.A0A3Q0KUY4	GO Function	GO:0036094	Small molecule binding
A0A3Q0KUY4	6183.A0A3Q0KUY4	GO Function	GO:0043167	Ion binding
A0A3Q0KUY4	6183.A0A3Q0KUY4	GO Function	GO:0043168	Anion binding
A0A3Q0KUY4	6183.A0A3Q0KUY4	GO Function	GO:0097367	Carbohydrate derivative binding
A0A3Q0KUY4	6183.A0A3Q0KUY4	GO Function	GO:1901265	Nucleoside phosphate binding
A0A3Q0KUY4	6183.A0A3Q0KUY4	GO Function	GO:1901363	Heterocyclic compound binding
A0A3Q0KUY4	6183.A0A3Q0KUY4	GO Component	GO:0005622	Intracellular anatomical structure
A0A3Q0KUY4	6183.A0A3Q0KUY4	GO Component	GO:0005856	Cytoskeleton
A0A3Q0KUY4	6183.A0A3Q0KUY4	GO Component	GO:0015629	Actin cytoskeleton
A0A3Q0KUY4	6183.A0A3Q0KUY4	GO Component	GO:0043226	Organelle
A0A3Q0KUY4	6183.A0A3Q0KUY4	GO Component	GO:0043228	Membraneless organelle
A0A3Q0KUY4	6183.A0A3Q0KUY4	GO Component	GO:0043229	Intracellular organelle
A0A3Q0KUY4	6183.A0A3Q0KUY4	GO Component	GO:0043232	Intracellular membraneless organelle
A0A3Q0KUY4	6183.A0A3Q0KUY4	GO Component	GO:0110165	Cellular anatomical structure
A0A3Q0KUY4	6183.A0A3Q0KUY4	STRING clusters	CL:11812	Mixed, incl. Actin filament-based process, and Cell-substrate junction
A0A3Q0KUY4	6183.A0A3Q0KUY4	STRING clusters	CL:11813	Mixed, incl. Actin filament organization, and Regulation of actin filament organization
A0A3Q0KUY4	6183.A0A3Q0KUY4	STRING clusters	CL:11940	Mixed, incl. RHO GTPases Activate WASPs and WAVEs, and Actin-depolymerising factor homology domain
A0A3Q0KUY4	6183.A0A3Q0KUY4	STRING clusters	CL:11945	RHO GTPases Activate WASPs and WAVEs, and Positive regulation of actin filament polymerization
A0A3Q0KUY4	6183.A0A3Q0KUY4	STRING clusters	CL:11947	RHO GTPases Activate WASPs and WAVEs
A0A3Q0KUY4	6183.A0A3Q0KUY4	KEGG	smm03082	ATP-dependent chromatin remodeling
A0A3Q0KUY4	6183.A0A3Q0KUY4	KEGG	smm04145	Phagosome
A0A3Q0KUY4	6183.A0A3Q0KUY4	KEGG	smm04814	Motor proteins
A0A3Q0KUY4	6183.A0A3Q0KUY4	KEGG	smm04820	Cytoskeleton in muscle cells
A0A3Q0KUY4	6183.A0A3Q0KUY4	KEGG	smm05100	Bacterial invasion of epithelial cells
A0A3Q0KUY4	6183.A0A3Q0KUY4	Reactome	MAP-1500931	Cell-Cell communication
A0A3Q0KUY4	6183.A0A3Q0KUY4	Reactome	MAP-418990	Adherens junctions interactions
A0A3Q0KUY4	6183.A0A3Q0KUY4	Reactome	MAP-421270	Cell-cell junction organization
A0A3Q0KUY4	6183.A0A3Q0KUY4	Reactome	MAP-446728	Cell junction organization
A0A3Q0KUY4	6183.A0A3Q0KUY4	Reactome	MAP-9759476	Regulation of Homotypic Cell-Cell Adhesion
A0A3Q0KUY4	6183.A0A3Q0KUY4	Reactome	MAP-9764265	Regulation of CDH1 Expression and Function
A0A3Q0KUY4	6183.A0A3Q0KUY4	Reactome	MAP-9764274	Regulation of Expression and Function of Type I Classical Cadherins
A0A3Q0KUY4	6183.A0A3Q0KUY4	COMPARTMENTS	GOCC:0005622	Intracellular anatomical structure
A0A3Q0KUY4	6183.A0A3Q0KUY4	COMPARTMENTS	GOCC:0110165	Cellular anatomical structure
A0A3Q0KUY4	6183.A0A3Q0KUY4	InterPro	IPR004000	Actin family
A0A3Q0KUY4	6183.A0A3Q0KUY4	InterPro	IPR004001	Actin, conserved site
A0A3Q0KUY4	6183.A0A3Q0KUY4	InterPro	IPR020902	Actin/actin-like conserved site
A0A3Q0KUY4	6183.A0A3Q0KUY4	InterPro	IPR043129	ATPase, nucleotide binding domain
A0A3Q0KUY4	6183.A0A3Q0KUY4	SMART	SM00268	Actin
A0A3Q0KVD3	6183.A0A3Q0KVD3	GO Process	GO:0007154	Cell communication
A0A3Q0KVD3	6183.A0A3Q0KVD3	GO Process	GO:0007165	Signal transduction
A0A3Q0KVD3	6183.A0A3Q0KVD3	GO Process	GO:0007166	Cell surface receptor signaling pathway
A0A3Q0KVD3	6183.A0A3Q0KVD3	GO Process	GO:0007167	Enzyme-linked receptor protein signaling pathway
A0A3Q0KVD3	6183.A0A3Q0KVD3	GO Process	GO:0007169	Cell surface receptor protein tyrosine kinase signaling pathway
A0A3Q0KVD3	6183.A0A3Q0KVD3	GO Process	GO:0009987	Cellular process
A0A3Q0KVD3	6183.A0A3Q0KVD3	GO Process	GO:0023052	Signaling
A0A3Q0KVD3	6183.A0A3Q0KVD3	GO Process	GO:0030154	Cell differentiation
A0A3Q0KVD3	6183.A0A3Q0KVD3	GO Process	GO:0032502	Developmental process
A0A3Q0KVD3	6183.A0A3Q0KVD3	GO Process	GO:0048518	Positive regulation of biological process
A0A3Q0KVD3	6183.A0A3Q0KVD3	GO Process	GO:0048522	Positive regulation of cellular process
A0A3Q0KVD3	6183.A0A3Q0KVD3	GO Process	GO:0048869	Cellular developmental process
A0A3Q0KVD3	6183.A0A3Q0KVD3	GO Process	GO:0050789	Regulation of biological process
A0A3Q0KVD3	6183.A0A3Q0KVD3	GO Process	GO:0050794	Regulation of cellular process
A0A3Q0KVD3	6183.A0A3Q0KVD3	GO Process	GO:0050896	Response to stimulus
A0A3Q0KVD3	6183.A0A3Q0KVD3	GO Process	GO:0051716	Cellular response to stimulus
A0A3Q0KVD3	6183.A0A3Q0KVD3	GO Process	GO:0065007	Biological regulation
A0A3Q0KVD3	6183.A0A3Q0KVD3	GO Function	GO:0000166	Nucleotide binding
A0A3Q0KVD3	6183.A0A3Q0KVD3	GO Function	GO:0003824	Catalytic activity
A0A3Q0KVD3	6183.A0A3Q0KVD3	GO Function	GO:0004672	Protein kinase activity
A0A3Q0KVD3	6183.A0A3Q0KVD3	GO Function	GO:0004713	Protein tyrosine kinase activity
A0A3Q0KVD3	6183.A0A3Q0KVD3	GO Function	GO:0004715	Non-membrane spanning protein tyrosine kinase activity
A0A3Q0KVD3	6183.A0A3Q0KVD3	GO Function	GO:0005102	Signaling receptor binding
A0A3Q0KVD3	6183.A0A3Q0KVD3	GO Function	GO:0005488	Binding
A0A3Q0KVD3	6183.A0A3Q0KVD3	GO Function	GO:0005515	Protein binding
A0A3Q0KVD3	6183.A0A3Q0KVD3	GO Function	GO:0005524	ATP binding
A0A3Q0KVD3	6183.A0A3Q0KVD3	GO Function	GO:0016301	Kinase activity
A0A3Q0KVD3	6183.A0A3Q0KVD3	GO Function	GO:0016740	Transferase activity
A0A3Q0KVD3	6183.A0A3Q0KVD3	GO Function	GO:0016772	Transferase activity, transferring phosphorus-containing groups
A0A3Q0KVD3	6183.A0A3Q0KVD3	GO Function	GO:0016773	Phosphotransferase activity, alcohol group as acceptor
A0A3Q0KVD3	6183.A0A3Q0KVD3	GO Function	GO:0017076	Purine nucleotide binding
A0A3Q0KVD3	6183.A0A3Q0KVD3	GO Function	GO:0030554	Adenyl nucleotide binding
A0A3Q0KVD3	6183.A0A3Q0KVD3	GO Function	GO:0032553	Ribonucleotide binding
A0A3Q0KVD3	6183.A0A3Q0KVD3	GO Function	GO:0032555	Purine ribonucleotide binding
A0A3Q0KVD3	6183.A0A3Q0KVD3	GO Function	GO:0032559	Adenyl ribonucleotide binding
A0A3Q0KVD3	6183.A0A3Q0KVD3	GO Function	GO:0035639	Purine ribonucleoside triphosphate binding
A0A3Q0KVD3	6183.A0A3Q0KVD3	GO Function	GO:0036094	Small molecule binding
A0A3Q0KVD3	6183.A0A3Q0KVD3	GO Function	GO:0043167	Ion binding
A0A3Q0KVD3	6183.A0A3Q0KVD3	GO Function	GO:0043168	Anion binding
A0A3Q0KVD3	6183.A0A3Q0KVD3	GO Function	GO:0097367	Carbohydrate derivative binding
A0A3Q0KVD3	6183.A0A3Q0KVD3	GO Function	GO:0140096	Catalytic activity, acting on a protein
A0A3Q0KVD3	6183.A0A3Q0KVD3	GO Function	GO:1901265	Nucleoside phosphate binding
A0A3Q0KVD3	6183.A0A3Q0KVD3	GO Function	GO:1901363	Heterocyclic compound binding
A0A3Q0KVD3	6183.A0A3Q0KVD3	GO Component	GO:0005622	Intracellular anatomical structure
A0A3Q0KVD3	6183.A0A3Q0KVD3	GO Component	GO:0005737	Cytoplasm
A0A3Q0KVD3	6183.A0A3Q0KVD3	GO Component	GO:0005829	Cytosol
A0A3Q0KVD3	6183.A0A3Q0KVD3	GO Component	GO:0005886	Plasma membrane
A0A3Q0KVD3	6183.A0A3Q0KVD3	GO Component	GO:0016020	Membrane
A0A3Q0KVD3	6183.A0A3Q0KVD3	GO Component	GO:0043226	Organelle
A0A3Q0KVD3	6183.A0A3Q0KVD3	GO Component	GO:0043229	Intracellular organelle
A0A3Q0KVD3	6183.A0A3Q0KVD3	GO Component	GO:0071944	Cell periphery
A0A3Q0KVD3	6183.A0A3Q0KVD3	GO Component	GO:0110165	Cellular anatomical structure
A0A3Q0KVD3	6183.A0A3Q0KVD3	STRING clusters	CL:11812	Mixed, incl. Actin filament-based process, and Cell-substrate junction
A0A3Q0KVD3	6183.A0A3Q0KVD3	STRING clusters	CL:12039	Cell-substrate junction, and Non-membrane spanning protein tyrosine kinase activity
A0A3Q0KVD3	6183.A0A3Q0KVD3	STRING clusters	CL:12041	Focal adhesion, and Non-membrane spanning protein tyrosine kinase activity
A0A3Q0KVD3	6183.A0A3Q0KVD3	STRING clusters	CL:12042	Non-membrane spanning protein tyrosine kinase activity, and CAS family
A0A3Q0KVD3	6183.A0A3Q0KVD3	STRING clusters	CL:12044	Non-receptor tyrosine kinases involved in cell signaling, and CAS family
A0A3Q0KVD3	6183.A0A3Q0KVD3	STRING clusters	CL:12046	Mixed, incl. CAS family, and GAB1 signalosome
A0A3Q0KVD3	6183.A0A3Q0KVD3	Reactome	MAP-162582	Signal Transduction
A0A3Q0KVD3	6183.A0A3Q0KVD3	Reactome	MAP-168249	Innate Immune System
A0A3Q0KVD3	6183.A0A3Q0KVD3	Reactome	MAP-168256	Immune System
A0A3Q0KVD3	6183.A0A3Q0KVD3	COMPARTMENTS	GOCC:0005622	Intracellular anatomical structure
A0A3Q0KVD3	6183.A0A3Q0KVD3	COMPARTMENTS	GOCC:0005737	Cytoplasm
A0A3Q0KVD3	6183.A0A3Q0KVD3	COMPARTMENTS	GOCC:0110165	Cellular anatomical structure
A0A3Q0KVD3	6183.A0A3Q0KVD3	UniProt Keywords	KW-0067	ATP-binding
A0A3Q0KVD3	6183.A0A3Q0KVD3	UniProt Keywords	KW-0418	Kinase
A0A3Q0KVD3	6183.A0A3Q0KVD3	UniProt Keywords	KW-0547	Nucleotide-binding
A0A3Q0KVD3	6183.A0A3Q0KVD3	UniProt Keywords	KW-0727	SH2 domain
A0A3Q0KVD3	6183.A0A3Q0KVD3	UniProt Keywords	KW-0728	SH3 domain
A0A3Q0KVD3	6183.A0A3Q0KVD3	UniProt Keywords	KW-0808	Transferase
A0A3Q0KVD3	6183.A0A3Q0KVD3	UniProt Keywords	KW-0829	Tyrosine-protein kinase
A0A3Q0KVD3	6183.A0A3Q0KVD3	InterPro	IPR000719	Protein kinase domain
A0A3Q0KVD3	6183.A0A3Q0KVD3	InterPro	IPR000980	SH2 domain
A0A3Q0KVD3	6183.A0A3Q0KVD3	InterPro	IPR001245	Serine-threonine/tyrosine-protein kinase, catalytic domain
A0A3Q0KVD3	6183.A0A3Q0KVD3	InterPro	IPR001452	SH3 domain
A0A3Q0KVD3	6183.A0A3Q0KVD3	InterPro	IPR011009	Protein kinase-like domain superfamily
A0A3Q0KVD3	6183.A0A3Q0KVD3	InterPro	IPR017441	Protein kinase, ATP binding site
A0A3Q0KVD3	6183.A0A3Q0KVD3	InterPro	IPR020635	Tyrosine-protein kinase, catalytic domain
A0A3Q0KVD3	6183.A0A3Q0KVD3	InterPro	IPR036028	SH3-like domain superfamily
A0A3Q0KVD3	6183.A0A3Q0KVD3	InterPro	IPR036860	SH2 domain superfamily
A0A3Q0KVD3	6183.A0A3Q0KVD3	InterPro	IPR050198	Non-receptor tyrosine kinases involved in cell signaling
A0A3Q0KVD3	6183.A0A3Q0KVD3	SMART	SM00219	Tyrosine kinase, catalytic domain
A0A3Q0KVD3	6183.A0A3Q0KVD3	SMART	SM00252	Src homology 2 domains
A0A3Q0KVD3	6183.A0A3Q0KVD3	SMART	SM00326	Src homology 3 domains
A0A3Q0KVF2	6183.A0A3Q0KVF2	GO Process	GO:0006996	Organelle organization
A0A3Q0KVF2	6183.A0A3Q0KVF2	GO Process	GO:0007010	Cytoskeleton organization
A0A3Q0KVF2	6183.A0A3Q0KVF2	GO Process	GO:0007015	Actin filament organization
A0A3Q0KVF2	6183.A0A3Q0KVF2	GO Process	GO:0009987	Cellular process
A0A3Q0KVF2	6183.A0A3Q0KVF2	GO Process	GO:0016043	Cellular component organization
A0A3Q0KVF2	6183.A0A3Q0KVF2	GO Process	GO:0030029	Actin filament-based process
A0A3Q0KVF2	6183.A0A3Q0KVF2	GO Process	GO:0030036	Actin cytoskeleton organization
A0A3Q0KVF2	6183.A0A3Q0KVF2	GO Process	GO:0034314	Arp2/3 complex-mediated actin nucleation
A0A3Q0KVF2	6183.A0A3Q0KVF2	GO Process	GO:0045010	Actin nucleation
A0A3Q0KVF2	6183.A0A3Q0KVF2	GO Process	GO:0071840	Cellular component organization or biogenesis
A0A3Q0KVF2	6183.A0A3Q0KVF2	GO Process	GO:0097435	Supramolecular fiber organization
A0A3Q0KVF2	6183.A0A3Q0KVF2	GO Function	GO:0000166	Nucleotide binding
A0A3Q0KVF2	6183.A0A3Q0KVF2	GO Function	GO:0003779	Actin binding
A0A3Q0KVF2	6183.A0A3Q0KVF2	GO Function	GO:0005488	Binding
A0A3Q0KVF2	6183.A0A3Q0KVF2	GO Function	GO:0005515	Protein binding
A0A3Q0KVF2	6183.A0A3Q0KVF2	GO Function	GO:0005524	ATP binding
A0A3Q0KVF2	6183.A0A3Q0KVF2	GO Function	GO:0008092	Cytoskeletal protein binding
A0A3Q0KVF2	6183.A0A3Q0KVF2	GO Function	GO:0017076	Purine nucleotide binding
A0A3Q0KVF2	6183.A0A3Q0KVF2	GO Function	GO:0030554	Adenyl nucleotide binding
A0A3Q0KVF2	6183.A0A3Q0KVF2	GO Function	GO:0032553	Ribonucleotide binding
A0A3Q0KVF2	6183.A0A3Q0KVF2	GO Function	GO:0032555	Purine ribonucleotide binding
A0A3Q0KVF2	6183.A0A3Q0KVF2	GO Function	GO:0032559	Adenyl ribonucleotide binding
A0A3Q0KVF2	6183.A0A3Q0KVF2	GO Function	GO:0035639	Purine ribonucleoside triphosphate binding
A0A3Q0KVF2	6183.A0A3Q0KVF2	GO Function	GO:0036094	Small molecule binding
A0A3Q0KVF2	6183.A0A3Q0KVF2	GO Function	GO:0043167	Ion binding
A0A3Q0KVF2	6183.A0A3Q0KVF2	GO Function	GO:0043168	Anion binding
A0A3Q0KVF2	6183.A0A3Q0KVF2	GO Function	GO:0044877	Protein-containing complex binding
A0A3Q0KVF2	6183.A0A3Q0KVF2	GO Function	GO:0051015	Actin filament binding
A0A3Q0KVF2	6183.A0A3Q0KVF2	GO Function	GO:0097367	Carbohydrate derivative binding
A0A3Q0KVF2	6183.A0A3Q0KVF2	GO Function	GO:1901265	Nucleoside phosphate binding
A0A3Q0KVF2	6183.A0A3Q0KVF2	GO Function	GO:1901363	Heterocyclic compound binding
A0A3Q0KVF2	6183.A0A3Q0KVF2	GO Component	GO:0005622	Intracellular anatomical structure
A0A3Q0KVF2	6183.A0A3Q0KVF2	GO Component	GO:0005856	Cytoskeleton
A0A3Q0KVF2	6183.A0A3Q0KVF2	GO Component	GO:0043226	Organelle
A0A3Q0KVF2	6183.A0A3Q0KVF2	GO Component	GO:0043228	Membraneless organelle
A0A3Q0KVF2	6183.A0A3Q0KVF2	GO Component	GO:0043229	Intracellular organelle
A0A3Q0KVF2	6183.A0A3Q0KVF2	GO Component	GO:0043232	Intracellular membraneless organelle
A0A3Q0KVF2	6183.A0A3Q0KVF2	GO Component	GO:0110165	Cellular anatomical structure
A0A3Q0KVF2	6183.A0A3Q0KVF2	STRING clusters	CL:11812	Mixed, incl. Actin filament-based process, and Cell-substrate junction
A0A3Q0KVF2	6183.A0A3Q0KVF2	STRING clusters	CL:11813	Mixed, incl. Actin filament organization, and Regulation of actin filament organization
A0A3Q0KVF2	6183.A0A3Q0KVF2	STRING clusters	CL:11940	Mixed, incl. RHO GTPases Activate WASPs and WAVEs, and Actin-depolymerising factor homology domain
A0A3Q0KVF2	6183.A0A3Q0KVF2	STRING clusters	CL:11945	RHO GTPases Activate WASPs and WAVEs, and Positive regulation of actin filament polymerization
A0A3Q0KVF2	6183.A0A3Q0KVF2	STRING clusters	CL:11947	RHO GTPases Activate WASPs and WAVEs
A0A3Q0KVF2	6183.A0A3Q0KVF2	STRING clusters	CL:11949	Actin nucleation
A0A3Q0KVF2	6183.A0A3Q0KVF2	STRING clusters	CL:11954	Actin nucleation
A0A3Q0KVF2	6183.A0A3Q0KVF2	KEGG	smm04144	Endocytosis
A0A3Q0KVF2	6183.A0A3Q0KVF2	KEGG	smm05100	Bacterial invasion of epithelial cells
A0A3Q0KVF2	6183.A0A3Q0KVF2	Reactome	MAP-1266738	Developmental Biology
A0A3Q0KVF2	6183.A0A3Q0KVF2	Reactome	MAP-162582	Signal Transduction
A0A3Q0KVF2	6183.A0A3Q0KVF2	Reactome	MAP-168249	Innate Immune System
A0A3Q0KVF2	6183.A0A3Q0KVF2	Reactome	MAP-168256	Immune System
A0A3Q0KVF2	6183.A0A3Q0KVF2	Reactome	MAP-194315	Signaling by Rho GTPases
A0A3Q0KVF2	6183.A0A3Q0KVF2	Reactome	MAP-195258	RHO GTPase Effectors
A0A3Q0KVF2	6183.A0A3Q0KVF2	Reactome	MAP-199991	Membrane Trafficking
A0A3Q0KVF2	6183.A0A3Q0KVF2	Reactome	MAP-2029480	Fcgamma receptor (FCGR) dependent phagocytosis
A0A3Q0KVF2	6183.A0A3Q0KVF2	Reactome	MAP-2029482	Regulation of actin dynamics for phagocytic cup formation
A0A3Q0KVF2	6183.A0A3Q0KVF2	Reactome	MAP-2682334	EPH-Ephrin signaling
A0A3Q0KVF2	6183.A0A3Q0KVF2	Reactome	MAP-3928662	EPHB-mediated forward signaling
A0A3Q0KVF2	6183.A0A3Q0KVF2	Reactome	MAP-422475	Axon guidance
A0A3Q0KVF2	6183.A0A3Q0KVF2	Reactome	MAP-5653656	Vesicle-mediated transport
A0A3Q0KVF2	6183.A0A3Q0KVF2	Reactome	MAP-5663213	RHO GTPases Activate WASPs and WAVEs
A0A3Q0KVF2	6183.A0A3Q0KVF2	Reactome	MAP-8856828	Clathrin-mediated endocytosis
A0A3Q0KVF2	6183.A0A3Q0KVF2	Reactome	MAP-9675108	Nervous system development
A0A3Q0KVF2	6183.A0A3Q0KVF2	Reactome	MAP-9716542	Signaling by Rho GTPases, Miro GTPases and RHOBTB3
A0A3Q0KVF2	6183.A0A3Q0KVF2	COMPARTMENTS	GOCC:0005622	Intracellular anatomical structure
A0A3Q0KVF2	6183.A0A3Q0KVF2	COMPARTMENTS	GOCC:0005856	Cytoskeleton
A0A3Q0KVF2	6183.A0A3Q0KVF2	COMPARTMENTS	GOCC:0005885	Arp2/3 protein complex
A0A3Q0KVF2	6183.A0A3Q0KVF2	COMPARTMENTS	GOCC:0015629	Actin cytoskeleton
A0A3Q0KVF2	6183.A0A3Q0KVF2	COMPARTMENTS	GOCC:0032991	Protein-containing complex
A0A3Q0KVF2	6183.A0A3Q0KVF2	COMPARTMENTS	GOCC:0043226	Organelle
A0A3Q0KVF2	6183.A0A3Q0KVF2	COMPARTMENTS	GOCC:0043228	Membraneless organelle
A0A3Q0KVF2	6183.A0A3Q0KVF2	COMPARTMENTS	GOCC:0043229	Intracellular organelle
A0A3Q0KVF2	6183.A0A3Q0KVF2	COMPARTMENTS	GOCC:0043232	Intracellular membraneless organelle
A0A3Q0KVF2	6183.A0A3Q0KVF2	COMPARTMENTS	GOCC:0110165	Cellular anatomical structure
A0A3Q0KVF2	6183.A0A3Q0KVF2	UniProt Keywords	KW-0009	Actin-binding
A0A3Q0KVF2	6183.A0A3Q0KVF2	UniProt Keywords	KW-0067	ATP-binding
A0A3Q0KVF2	6183.A0A3Q0KVF2	UniProt Keywords	KW-0206	Cytoskeleton
A0A3Q0KVF2	6183.A0A3Q0KVF2	UniProt Keywords	KW-0547	Nucleotide-binding
A0A3Q0KVF2	6183.A0A3Q0KVF2	UniProt Keywords	KW-0963	Cytoplasm
A0A3Q0KVF2	6183.A0A3Q0KVF2	InterPro	IPR004000	Actin family
A0A3Q0KVF2	6183.A0A3Q0KVF2	InterPro	IPR020902	Actin/actin-like conserved site
A0A3Q0KVF2	6183.A0A3Q0KVF2	InterPro	IPR043129	ATPase, nucleotide binding domain
A0A3Q0KVF2	6183.A0A3Q0KVF2	SMART	SM00268	Actin
A0A5K4ENU1	6183.A0A5K4ENU1	GO Process	GO:0006996	Organelle organization
A0A5K4ENU1	6183.A0A5K4ENU1	GO Process	GO:0006997	Nucleus organization
A0A5K4ENU1	6183.A0A5K4ENU1	GO Process	GO:0007000	Nucleolus organization
A0A5K4ENU1	6183.A0A5K4ENU1	GO Process	GO:0009987	Cellular process
A0A5K4ENU1	6183.A0A5K4ENU1	GO Process	GO:0016043	Cellular component organization
A0A5K4ENU1	6183.A0A5K4ENU1	GO Process	GO:0071840	Cellular component organization or biogenesis
A0A5K4ENU1	6183.A0A5K4ENU1	GO Function	GO:0003682	Chromatin binding
A0A5K4ENU1	6183.A0A5K4ENU1	GO Function	GO:0005488	Binding
A0A5K4ENU1	6183.A0A5K4ENU1	GO Function	GO:0031491	Nucleosome binding
A0A5K4ENU1	6183.A0A5K4ENU1	GO Function	GO:0044877	Protein-containing complex binding
A0A5K4ENU1	6183.A0A5K4ENU1	GO Component	GO:0000118	Histone deacetylase complex
A0A5K4ENU1	6183.A0A5K4ENU1	GO Component	GO:0000228	Nuclear chromosome
A0A5K4ENU1	6183.A0A5K4ENU1	GO Component	GO:0000785	Chromatin
A0A5K4ENU1	6183.A0A5K4ENU1	GO Component	GO:0000812	Swr1 complex
A0A5K4ENU1	6183.A0A5K4ENU1	GO Component	GO:0005622	Intracellular anatomical structure
A0A5K4ENU1	6183.A0A5K4ENU1	GO Component	GO:0005634	Nucleus
A0A5K4ENU1	6183.A0A5K4ENU1	GO Component	GO:0005654	Nucleoplasm
A0A5K4ENU1	6183.A0A5K4ENU1	GO Component	GO:0005694	Chromosome
A0A5K4ENU1	6183.A0A5K4ENU1	GO Component	GO:0005730	Nucleolus
A0A5K4ENU1	6183.A0A5K4ENU1	GO Component	GO:0005856	Cytoskeleton
A0A5K4ENU1	6183.A0A5K4ENU1	GO Component	GO:0031974	Membrane-enclosed lumen
A0A5K4ENU1	6183.A0A5K4ENU1	GO Component	GO:0031981	Nuclear lumen
A0A5K4ENU1	6183.A0A5K4ENU1	GO Component	GO:0032991	Protein-containing complex
A0A5K4ENU1	6183.A0A5K4ENU1	GO Component	GO:0043226	Organelle
A0A5K4ENU1	6183.A0A5K4ENU1	GO Component	GO:0043227	Membrane-bounded organelle
A0A5K4ENU1	6183.A0A5K4ENU1	GO Component	GO:0043228	Membraneless organelle
A0A5K4ENU1	6183.A0A5K4ENU1	GO Component	GO:0043229	Intracellular organelle
A0A5K4ENU1	6183.A0A5K4ENU1	GO Component	GO:0043231	Intracellular membrane-bounded organelle
A0A5K4ENU1	6183.A0A5K4ENU1	GO Component	GO:0043232	Intracellular membraneless organelle
A0A5K4ENU1	6183.A0A5K4ENU1	GO Component	GO:0043233	Organelle lumen
A0A5K4ENU1	6183.A0A5K4ENU1	GO Component	GO:0070013	Intracellular organelle lumen
A0A5K4ENU1	6183.A0A5K4ENU1	GO Component	GO:0070603	SWI/SNF superfamily-type complex
A0A5K4ENU1	6183.A0A5K4ENU1	GO Component	GO:0097346	INO80-type complex
A0A5K4ENU1	6183.A0A5K4ENU1	GO Component	GO:0110165	Cellular anatomical structure
A0A5K4ENU1	6183.A0A5K4ENU1	GO Component	GO:0140513	Nuclear protein-containing complex
A0A5K4ENU1	6183.A0A5K4ENU1	GO Component	GO:1902494	Catalytic complex
A0A5K4ENU1	6183.A0A5K4ENU1	GO Component	GO:1904949	ATPase complex
A0A5K4ENU1	6183.A0A5K4ENU1	STRING clusters	CL:629	Mixed, incl. HATs acetylate histones, and INO80-type complex
A0A5K4ENU1	6183.A0A5K4ENU1	STRING clusters	CL:631	Histone acetyltransferase complex, and Swr1 complex
A0A5K4ENU1	6183.A0A5K4ENU1	STRING clusters	CL:636	Mixed, incl. NuA4 histone acetyltransferase complex, and Swr1 complex
A0A5K4ENU1	6183.A0A5K4ENU1	STRING clusters	CL:684	Swr1 complex, and Coiled-coil domain-containing protein 170-like
A0A5K4ENU1	6183.A0A5K4ENU1	Reactome	MAP-168249	Innate Immune System
A0A5K4ENU1	6183.A0A5K4ENU1	Reactome	MAP-168256	Immune System
A0A5K4ENU1	6183.A0A5K4ENU1	Reactome	MAP-2262752	Cellular responses to stress
A0A5K4ENU1	6183.A0A5K4ENU1	Reactome	MAP-3371497	HSP90 chaperone cycle for steroid hormone receptors (SHR) in the presence of ligand
A0A5K4ENU1	6183.A0A5K4ENU1	Reactome	MAP-6798695	Neutrophil degranulation
A0A5K4ENU1	6183.A0A5K4ENU1	Reactome	MAP-8953897	Cellular responses to stimuli
A0A5K4ENU1	6183.A0A5K4ENU1	COMPARTMENTS	GOCC:0000228	Nuclear chromosome
A0A5K4ENU1	6183.A0A5K4ENU1	COMPARTMENTS	GOCC:0000785	Chromatin
A0A5K4ENU1	6183.A0A5K4ENU1	COMPARTMENTS	GOCC:0000812	Swr1 complex
A0A5K4ENU1	6183.A0A5K4ENU1	COMPARTMENTS	GOCC:0005622	Intracellular anatomical structure
A0A5K4ENU1	6183.A0A5K4ENU1	COMPARTMENTS	GOCC:0005634	Nucleus
A0A5K4ENU1	6183.A0A5K4ENU1	COMPARTMENTS	GOCC:0005654	Nucleoplasm
A0A5K4ENU1	6183.A0A5K4ENU1	COMPARTMENTS	GOCC:0005694	Chromosome
A0A5K4ENU1	6183.A0A5K4ENU1	COMPARTMENTS	GOCC:0031974	Membrane-enclosed lumen
A0A5K4ENU1	6183.A0A5K4ENU1	COMPARTMENTS	GOCC:0031981	Nuclear lumen
A0A5K4ENU1	6183.A0A5K4ENU1	COMPARTMENTS	GOCC:0032991	Protein-containing complex
A0A5K4ENU1	6183.A0A5K4ENU1	COMPARTMENTS	GOCC:0043226	Organelle
A0A5K4ENU1	6183.A0A5K4ENU1	COMPARTMENTS	GOCC:0043227	Membrane-bounded organelle
A0A5K4ENU1	6183.A0A5K4ENU1	COMPARTMENTS	GOCC:0043228	Membraneless organelle
A0A5K4ENU1	6183.A0A5K4ENU1	COMPARTMENTS	GOCC:0043229	Intracellular organelle
A0A5K4ENU1	6183.A0A5K4ENU1	COMPARTMENTS	GOCC:0043231	Intracellular membrane-bounded organelle
A0A5K4ENU1	6183.A0A5K4ENU1	COMPARTMENTS	GOCC:0043232	Intracellular membraneless organelle
A0A5K4ENU1	6183.A0A5K4ENU1	COMPARTMENTS	GOCC:0043233	Organelle lumen
A0A5K4ENU1	6183.A0A5K4ENU1	COMPARTMENTS	GOCC:0070013	Intracellular organelle lumen
A0A5K4ENU1	6183.A0A5K4ENU1	COMPARTMENTS	GOCC:0070603	SWI/SNF superfamily-type complex
A0A5K4ENU1	6183.A0A5K4ENU1	COMPARTMENTS	GOCC:0097346	INO80-type complex
A0A5K4ENU1	6183.A0A5K4ENU1	COMPARTMENTS	GOCC:0110165	Cellular anatomical structure
A0A5K4ENU1	6183.A0A5K4ENU1	COMPARTMENTS	GOCC:1904949	ATPase complex
A0A5K4ENU1	6183.A0A5K4ENU1	UniProt Keywords	KW-0963	Cytoplasm
A0A5K4ENU1	6183.A0A5K4ENU1	InterPro	IPR004000	Actin family
A0A5K4ENU1	6183.A0A5K4ENU1	InterPro	IPR043129	ATPase, nucleotide binding domain
A0A5K4ENU1	6183.A0A5K4ENU1	SMART	SM00268	Actin
A0A5K4EV73	6183.A0A5K4EV73	GO Process	GO:0009987	Cellular process
A0A5K4EV73	6183.A0A5K4EV73	GO Function	GO:0005198	Structural molecule activity
A0A5K4EV73	6183.A0A5K4EV73	GO Component	GO:0005581	Collagen trimer
A0A5K4EV73	6183.A0A5K4EV73	GO Component	GO:0032991	Protein-containing complex
A0A5K4EV73	6183.A0A5K4EV73	STRING clusters	CL:11459	Mixed, incl. Annexin superfamily, and Collagen biosynthesis and modifying enzymes
A0A5K4EV73	6183.A0A5K4EV73	STRING clusters	CL:11460	Mixed, incl. Collagen biosynthesis and modifying enzymes, and Calcium-binding EGF-like domain
A0A5K4EV73	6183.A0A5K4EV73	STRING clusters	CL:11572	Mixed, incl. Collagen trimer, and Integrin
A0A5K4EV73	6183.A0A5K4EV73	STRING clusters	CL:11573	Mixed, incl. Collagen trimer, and Integrin
A0A5K4EV73	6183.A0A5K4EV73	STRING clusters	CL:11576	Collagen triple helix repeat, and Integrin
A0A5K4EV73	6183.A0A5K4EV73	STRING clusters	CL:11577	Collagen triple helix repeat, and Integrin
A0A5K4EV73	6183.A0A5K4EV73	STRING clusters	CL:11581	Mixed, incl. Integrin, and Basement membrane
A0A5K4EV73	6183.A0A5K4EV73	Reactome	MAP-1474244	Extracellular matrix organization
A0A5K4EV73	6183.A0A5K4EV73	Reactome	MAP-1474290	Collagen formation
A0A5K4EV73	6183.A0A5K4EV73	Reactome	MAP-1650814	Collagen biosynthesis and modifying enzymes
A0A5K4EV73	6183.A0A5K4EV73	Reactome	MAP-8948216	Collagen chain trimerization
A0A5K4EV73	6183.A0A5K4EV73	COMPARTMENTS	GOCC:0005581	Collagen trimer
A0A5K4EV73	6183.A0A5K4EV73	COMPARTMENTS	GOCC:0005604	Basement membrane
A0A5K4EV73	6183.A0A5K4EV73	COMPARTMENTS	GOCC:0030312	External encapsulating structure
A0A5K4EV73	6183.A0A5K4EV73	COMPARTMENTS	GOCC:0031012	Extracellular matrix
A0A5K4EV73	6183.A0A5K4EV73	COMPARTMENTS	GOCC:0032991	Protein-containing complex
A0A5K4EV73	6183.A0A5K4EV73	COMPARTMENTS	GOCC:0062023	Collagen-containing extracellular matrix
A0A5K4EV73	6183.A0A5K4EV73	COMPARTMENTS	GOCC:0071944	Cell periphery
A0A5K4EV73	6183.A0A5K4EV73	COMPARTMENTS	GOCC:0110165	Cellular anatomical structure
A0A5K4EV73	6183.A0A5K4EV73	UniProt Keywords	KW-0084	Basement membrane
A0A5K4EV73	6183.A0A5K4EV73	UniProt Keywords	KW-0176	Collagen
A0A5K4EV73	6183.A0A5K4EV73	UniProt Keywords	KW-0272	Extracellular matrix
A0A5K4EV73	6183.A0A5K4EV73	UniProt Keywords	KW-0732	Signal
A0A5K4EV73	6183.A0A5K4EV73	UniProt Keywords	KW-0964	Secreted
A0A5K4EV73	6183.A0A5K4EV73	Pfam	PF01391	Collagen triple helix repeat (20 copies)
A0A5K4EV73	6183.A0A5K4EV73	InterPro	IPR001442	Collagen IV, non-collagenous
A0A5K4EV73	6183.A0A5K4EV73	InterPro	IPR008160	Collagen triple helix repeat
A0A5K4EV73	6183.A0A5K4EV73	InterPro	IPR016187	C-type lectin fold
A0A5K4EV73	6183.A0A5K4EV73	InterPro	IPR036954	Collagen IV, non-collagenous domain superfamily
A0A5K4EV73	6183.A0A5K4EV73	InterPro	IPR050938	Collagen and Collagen-like Structural Proteins
A0A5K4EV73	6183.A0A5K4EV73	SMART	SM00111	C-terminal tandem repeated domain in type 4 procollagens
A0A5K4EZW0	6183.A0A5K4EZW0	GO Process	GO:0009987	Cellular process
A0A5K4EZW0	6183.A0A5K4EZW0	GO Function	GO:0005198	Structural molecule activity
A0A5K4EZW0	6183.A0A5K4EZW0	GO Component	GO:0005581	Collagen trimer
A0A5K4EZW0	6183.A0A5K4EZW0	GO Component	GO:0032991	Protein-containing complex
A0A5K4EZW0	6183.A0A5K4EZW0	STRING clusters	CL:11459	Mixed, incl. Annexin superfamily, and Collagen biosynthesis and modifying enzymes
A0A5K4EZW0	6183.A0A5K4EZW0	STRING clusters	CL:11460	Mixed, incl. Collagen biosynthesis and modifying enzymes, and Calcium-binding EGF-like domain
A0A5K4EZW0	6183.A0A5K4EZW0	STRING clusters	CL:11572	Mixed, incl. Collagen trimer, and Integrin
A0A5K4EZW0	6183.A0A5K4EZW0	STRING clusters	CL:11573	Mixed, incl. Collagen trimer, and Integrin
A0A5K4EZW0	6183.A0A5K4EZW0	STRING clusters	CL:11576	Collagen triple helix repeat, and Integrin
A0A5K4EZW0	6183.A0A5K4EZW0	STRING clusters	CL:11577	Collagen triple helix repeat, and Integrin
A0A5K4EZW0	6183.A0A5K4EZW0	STRING clusters	CL:11581	Mixed, incl. Integrin, and Basement membrane
A0A5K4EZW0	6183.A0A5K4EZW0	Reactome	MAP-1474244	Extracellular matrix organization
A0A5K4EZW0	6183.A0A5K4EZW0	Reactome	MAP-1474290	Collagen formation
A0A5K4EZW0	6183.A0A5K4EZW0	Reactome	MAP-1650814	Collagen biosynthesis and modifying enzymes
A0A5K4EZW0	6183.A0A5K4EZW0	Reactome	MAP-8948216	Collagen chain trimerization
A0A5K4EZW0	6183.A0A5K4EZW0	COMPARTMENTS	GOCC:0005581	Collagen trimer
A0A5K4EZW0	6183.A0A5K4EZW0	COMPARTMENTS	GOCC:0005604	Basement membrane
A0A5K4EZW0	6183.A0A5K4EZW0	COMPARTMENTS	GOCC:0030312	External encapsulating structure
A0A5K4EZW0	6183.A0A5K4EZW0	COMPARTMENTS	GOCC:0031012	Extracellular matrix
A0A5K4EZW0	6183.A0A5K4EZW0	COMPARTMENTS	GOCC:0032991	Protein-containing complex
A0A5K4EZW0	6183.A0A5K4EZW0	COMPARTMENTS	GOCC:0062023	Collagen-containing extracellular matrix
A0A5K4EZW0	6183.A0A5K4EZW0	COMPARTMENTS	GOCC:0071944	Cell periphery
A0A5K4EZW0	6183.A0A5K4EZW0	COMPARTMENTS	GOCC:0110165	Cellular anatomical structure
A0A5K4EZW0	6183.A0A5K4EZW0	UniProt Keywords	KW-0084	Basement membrane
A0A5K4EZW0	6183.A0A5K4EZW0	UniProt Keywords	KW-0176	Collagen
A0A5K4EZW0	6183.A0A5K4EZW0	UniProt Keywords	KW-0272	Extracellular matrix
A0A5K4EZW0	6183.A0A5K4EZW0	UniProt Keywords	KW-0964	Secreted
A0A5K4EZW0	6183.A0A5K4EZW0	Pfam	PF01391	Collagen triple helix repeat (20 copies)
A0A5K4EZW0	6183.A0A5K4EZW0	Pfam	PF01413	C-terminal tandem repeated domain in type 4 procollagen
A0A5K4EZW0	6183.A0A5K4EZW0	InterPro	IPR001442	Collagen IV, non-collagenous
A0A5K4EZW0	6183.A0A5K4EZW0	InterPro	IPR008160	Collagen triple helix repeat
A0A5K4EZW0	6183.A0A5K4EZW0	InterPro	IPR016187	C-type lectin fold
A0A5K4EZW0	6183.A0A5K4EZW0	InterPro	IPR036954	Collagen IV, non-collagenous domain superfamily
A0A5K4EZW0	6183.A0A5K4EZW0	InterPro	IPR050149	Collagen superfamily
A0A5K4F186	6183.A0A5K4F186	GO Process	GO:0001666	Response to hypoxia
A0A5K4F186	6183.A0A5K4F186	GO Process	GO:0006355	Regulation of DNA-templated transcription
A0A5K4F186	6183.A0A5K4F186	GO Process	GO:0006950	Response to stress
A0A5K4F186	6183.A0A5K4F186	GO Process	GO:0006996	Organelle organization
A0A5K4F186	6183.A0A5K4F186	GO Process	GO:0007010	Cytoskeleton organization
A0A5K4F186	6183.A0A5K4F186	GO Process	GO:0009628	Response to abiotic stimulus
A0A5K4F186	6183.A0A5K4F186	GO Process	GO:0009889	Regulation of biosynthetic process
A0A5K4F186	6183.A0A5K4F186	GO Process	GO:0009890	Negative regulation of biosynthetic process
A0A5K4F186	6183.A0A5K4F186	GO Process	GO:0009892	Negative regulation of metabolic process
A0A5K4F186	6183.A0A5K4F186	GO Process	GO:0009966	Regulation of signal transduction
A0A5K4F186	6183.A0A5K4F186	GO Process	GO:0009968	Negative regulation of signal transduction
A0A5K4F186	6183.A0A5K4F186	GO Process	GO:0009987	Cellular process
A0A5K4F186	6183.A0A5K4F186	GO Process	GO:0010468	Regulation of gene expression
A0A5K4F186	6183.A0A5K4F186	GO Process	GO:0010556	Regulation of macromolecule biosynthetic process
A0A5K4F186	6183.A0A5K4F186	GO Process	GO:0010558	Negative regulation of macromolecule biosynthetic process
A0A5K4F186	6183.A0A5K4F186	GO Process	GO:0010605	Negative regulation of macromolecule metabolic process
A0A5K4F186	6183.A0A5K4F186	GO Process	GO:0010646	Regulation of cell communication
A0A5K4F186	6183.A0A5K4F186	GO Process	GO:0010648	Negative regulation of cell communication
A0A5K4F186	6183.A0A5K4F186	GO Process	GO:0016043	Cellular component organization
A0A5K4F186	6183.A0A5K4F186	GO Process	GO:0019219	Regulation of nucleobase-containing compound metabolic process
A0A5K4F186	6183.A0A5K4F186	GO Process	GO:0019222	Regulation of metabolic process
A0A5K4F186	6183.A0A5K4F186	GO Process	GO:0023051	Regulation of signaling
A0A5K4F186	6183.A0A5K4F186	GO Process	GO:0023057	Negative regulation of signaling
A0A5K4F186	6183.A0A5K4F186	GO Process	GO:0035330	Regulation of hippo signaling
A0A5K4F186	6183.A0A5K4F186	GO Process	GO:0035331	Negative regulation of hippo signaling
A0A5K4F186	6183.A0A5K4F186	GO Process	GO:0036293	Response to decreased oxygen levels
A0A5K4F186	6183.A0A5K4F186	GO Process	GO:0045892	Negative regulation of DNA-templated transcription
A0A5K4F186	6183.A0A5K4F186	GO Process	GO:0045934	Negative regulation of nucleobase-containing compound metabolic process
A0A5K4F186	6183.A0A5K4F186	GO Process	GO:0048519	Negative regulation of biological process
A0A5K4F186	6183.A0A5K4F186	GO Process	GO:0048523	Negative regulation of cellular process
A0A5K4F186	6183.A0A5K4F186	GO Process	GO:0048583	Regulation of response to stimulus
A0A5K4F186	6183.A0A5K4F186	GO Process	GO:0048585	Negative regulation of response to stimulus
A0A5K4F186	6183.A0A5K4F186	GO Process	GO:0050789	Regulation of biological process
A0A5K4F186	6183.A0A5K4F186	GO Process	GO:0050794	Regulation of cellular process
A0A5K4F186	6183.A0A5K4F186	GO Process	GO:0050896	Response to stimulus
A0A5K4F186	6183.A0A5K4F186	GO Process	GO:0051252	Regulation of RNA metabolic process
A0A5K4F186	6183.A0A5K4F186	GO Process	GO:0051253	Negative regulation of RNA metabolic process
A0A5K4F186	6183.A0A5K4F186	GO Process	GO:0060255	Regulation of macromolecule metabolic process
A0A5K4F186	6183.A0A5K4F186	GO Process	GO:0065007	Biological regulation
A0A5K4F186	6183.A0A5K4F186	GO Process	GO:0070482	Response to oxygen levels
A0A5K4F186	6183.A0A5K4F186	GO Process	GO:0071840	Cellular component organization or biogenesis
A0A5K4F186	6183.A0A5K4F186	GO Process	GO:0080090	Regulation of primary metabolic process
A0A5K4F186	6183.A0A5K4F186	GO Process	GO:1902531	Regulation of intracellular signal transduction
A0A5K4F186	6183.A0A5K4F186	GO Process	GO:1902532	Negative regulation of intracellular signal transduction
A0A5K4F186	6183.A0A5K4F186	GO Process	GO:1902679	Negative regulation of RNA biosynthetic process
A0A5K4F186	6183.A0A5K4F186	GO Process	GO:2001141	Regulation of RNA biosynthetic process
A0A5K4F186	6183.A0A5K4F186	GO Function	GO:0003712	Transcription coregulator activity
A0A5K4F186	6183.A0A5K4F186	GO Function	GO:0003714	Transcription corepressor activity
A0A5K4F186	6183.A0A5K4F186	GO Function	GO:0005488	Binding
A0A5K4F186	6183.A0A5K4F186	GO Function	GO:0030674	Protein-macromolecule adaptor activity
A0A5K4F186	6183.A0A5K4F186	GO Function	GO:0036094	Small molecule binding
A0A5K4F186	6183.A0A5K4F186	GO Function	GO:0043167	Ion binding
A0A5K4F186	6183.A0A5K4F186	GO Function	GO:0043169	Cation binding
A0A5K4F186	6183.A0A5K4F186	GO Function	GO:0046872	Metal ion binding
A0A5K4F186	6183.A0A5K4F186	GO Function	GO:0060090	Molecular adaptor activity
A0A5K4F186	6183.A0A5K4F186	GO Function	GO:0140110	Transcription regulator activity
A0A5K4F186	6183.A0A5K4F186	GO Component	GO:0000932	P-body
A0A5K4F186	6183.A0A5K4F186	GO Component	GO:0005622	Intracellular anatomical structure
A0A5K4F186	6183.A0A5K4F186	GO Component	GO:0005634	Nucleus
A0A5K4F186	6183.A0A5K4F186	GO Component	GO:0005667	Transcription regulator complex
A0A5K4F186	6183.A0A5K4F186	GO Component	GO:0005737	Cytoplasm
A0A5K4F186	6183.A0A5K4F186	GO Component	GO:0005911	Cell-cell junction
A0A5K4F186	6183.A0A5K4F186	GO Component	GO:0005912	Adherens junction
A0A5K4F186	6183.A0A5K4F186	GO Component	GO:0030054	Cell junction
A0A5K4F186	6183.A0A5K4F186	GO Component	GO:0032991	Protein-containing complex
A0A5K4F186	6183.A0A5K4F186	GO Component	GO:0035770	Ribonucleoprotein granule
A0A5K4F186	6183.A0A5K4F186	GO Component	GO:0036464	Cytoplasmic ribonucleoprotein granule
A0A5K4F186	6183.A0A5K4F186	GO Component	GO:0043226	Organelle
A0A5K4F186	6183.A0A5K4F186	GO Component	GO:0043227	Membrane-bounded organelle
A0A5K4F186	6183.A0A5K4F186	GO Component	GO:0043228	Membraneless organelle
A0A5K4F186	6183.A0A5K4F186	GO Component	GO:0043229	Intracellular organelle
A0A5K4F186	6183.A0A5K4F186	GO Component	GO:0043231	Intracellular membrane-bounded organelle
A0A5K4F186	6183.A0A5K4F186	GO Component	GO:0043232	Intracellular membraneless organelle
A0A5K4F186	6183.A0A5K4F186	GO Component	GO:0070161	Anchoring junction
A0A5K4F186	6183.A0A5K4F186	GO Component	GO:0099080	Supramolecular complex
A0A5K4F186	6183.A0A5K4F186	GO Component	GO:0110165	Cellular anatomical structure
A0A5K4F186	6183.A0A5K4F186	STRING clusters	CL:22156	Mostly uncharacterized, incl. Macoilin family, and Regulator of K+ conductance, N-terminal lobe
A0A5K4F186	6183.A0A5K4F186	STRING clusters	CL:22161	Mostly uncharacterized, incl. ATPase binding, and Chloride ion homeostasis
A0A5K4F186	6183.A0A5K4F186	STRING clusters	CL:22164	Mixed, incl. ATPase binding, and Chloride ion homeostasis
A0A5K4F186	6183.A0A5K4F186	STRING clusters	CL:22165	Mixed, incl. Chloride ion homeostasis, and ATPase binding
A0A5K4F186	6183.A0A5K4F186	STRING clusters	CL:22167	Mixed, incl. Torsin-1A-interacting protein 1/2, and Adapter and Engulfment Domain-Containing Protein
A0A5K4F186	6183.A0A5K4F186	STRING clusters	CL:22170	Adapter and Engulfment Domain-Containing Protein, and Response to hypoxia
A0A5K4F186	6183.A0A5K4F186	Reactome	MAP-1234174	Cellular response to hypoxia
A0A5K4F186	6183.A0A5K4F186	Reactome	MAP-1234176	Oxygen-dependent proline hydroxylation of Hypoxia-inducible Factor Alpha
A0A5K4F186	6183.A0A5K4F186	Reactome	MAP-2262752	Cellular responses to stress
A0A5K4F186	6183.A0A5K4F186	Reactome	MAP-8953897	Cellular responses to stimuli
A0A5K4F186	6183.A0A5K4F186	COMPARTMENTS	GOCC:0005622	Intracellular anatomical structure
A0A5K4F186	6183.A0A5K4F186	COMPARTMENTS	GOCC:0005737	Cytoplasm
A0A5K4F186	6183.A0A5K4F186	COMPARTMENTS	GOCC:0043226	Organelle
A0A5K4F186	6183.A0A5K4F186	COMPARTMENTS	GOCC:0043228	Membraneless organelle
A0A5K4F186	6183.A0A5K4F186	COMPARTMENTS	GOCC:0043229	Intracellular organelle
A0A5K4F186	6183.A0A5K4F186	COMPARTMENTS	GOCC:0043232	Intracellular membraneless organelle
A0A5K4F186	6183.A0A5K4F186	COMPARTMENTS	GOCC:0110165	Cellular anatomical structure
A0A5K4F186	6183.A0A5K4F186	UniProt Keywords	KW-0440	LIM domain
A0A5K4F186	6183.A0A5K4F186	UniProt Keywords	KW-0479	Metal-binding
A0A5K4F186	6183.A0A5K4F186	UniProt Keywords	KW-0862	Zinc
A0A5K4F186	6183.A0A5K4F186	InterPro	IPR001781	Zinc finger, LIM-type
A0A5K4F186	6183.A0A5K4F186	SMART	SM00132	Zinc-binding domain present in Lin-11, Isl-1, Mec-3.
A0A5K4F2D8	6183.A0A5K4F2D8	GO Process	GO:0007155	Cell adhesion
A0A5K4F2D8	6183.A0A5K4F2D8	GO Process	GO:0009987	Cellular process
A0A5K4F2D8	6183.A0A5K4F2D8	GO Function	GO:0003779	Actin binding
A0A5K4F2D8	6183.A0A5K4F2D8	GO Function	GO:0005198	Structural molecule activity
A0A5K4F2D8	6183.A0A5K4F2D8	GO Function	GO:0005488	Binding
A0A5K4F2D8	6183.A0A5K4F2D8	GO Function	GO:0005515	Protein binding
A0A5K4F2D8	6183.A0A5K4F2D8	GO Function	GO:0008092	Cytoskeletal protein binding
A0A5K4F2D8	6183.A0A5K4F2D8	GO Function	GO:0044877	Protein-containing complex binding
A0A5K4F2D8	6183.A0A5K4F2D8	GO Function	GO:0051015	Actin filament binding
A0A5K4F2D8	6183.A0A5K4F2D8	GO Component	GO:0005622	Intracellular anatomical structure
A0A5K4F2D8	6183.A0A5K4F2D8	GO Component	GO:0005737	Cytoplasm
A0A5K4F2D8	6183.A0A5K4F2D8	GO Component	GO:0005856	Cytoskeleton
A0A5K4F2D8	6183.A0A5K4F2D8	GO Component	GO:0005886	Plasma membrane
A0A5K4F2D8	6183.A0A5K4F2D8	GO Component	GO:0005911	Cell-cell junction
A0A5K4F2D8	6183.A0A5K4F2D8	GO Component	GO:0005912	Adherens junction
A0A5K4F2D8	6183.A0A5K4F2D8	GO Component	GO:0005925	Focal adhesion
A0A5K4F2D8	6183.A0A5K4F2D8	GO Component	GO:0015629	Actin cytoskeleton
A0A5K4F2D8	6183.A0A5K4F2D8	GO Component	GO:0016020	Membrane
A0A5K4F2D8	6183.A0A5K4F2D8	GO Component	GO:0030054	Cell junction
A0A5K4F2D8	6183.A0A5K4F2D8	GO Component	GO:0030055	Cell-substrate junction
A0A5K4F2D8	6183.A0A5K4F2D8	GO Component	GO:0043226	Organelle
A0A5K4F2D8	6183.A0A5K4F2D8	GO Component	GO:0043228	Membraneless organelle
A0A5K4F2D8	6183.A0A5K4F2D8	GO Component	GO:0043229	Intracellular organelle
A0A5K4F2D8	6183.A0A5K4F2D8	GO Component	GO:0043232	Intracellular membraneless organelle
A0A5K4F2D8	6183.A0A5K4F2D8	GO Component	GO:0043292	Contractile muscle fiber
A0A5K4F2D8	6183.A0A5K4F2D8	GO Component	GO:0044291	Cell-cell contact zone
A0A5K4F2D8	6183.A0A5K4F2D8	GO Component	GO:0070161	Anchoring junction
A0A5K4F2D8	6183.A0A5K4F2D8	GO Component	GO:0071944	Cell periphery
A0A5K4F2D8	6183.A0A5K4F2D8	GO Component	GO:0099080	Supramolecular complex
A0A5K4F2D8	6183.A0A5K4F2D8	GO Component	GO:0099081	Supramolecular polymer
A0A5K4F2D8	6183.A0A5K4F2D8	GO Component	GO:0099512	Supramolecular fiber
A0A5K4F2D8	6183.A0A5K4F2D8	GO Component	GO:0110165	Cellular anatomical structure
A0A5K4F2D8	6183.A0A5K4F2D8	STRING clusters	CL:11812	Mixed, incl. Actin filament-based process, and Cell-substrate junction
A0A5K4F2D8	6183.A0A5K4F2D8	STRING clusters	CL:12039	Cell-substrate junction, and Non-membrane spanning protein tyrosine kinase activity
A0A5K4F2D8	6183.A0A5K4F2D8	STRING clusters	CL:12041	Focal adhesion, and Non-membrane spanning protein tyrosine kinase activity
A0A5K4F2D8	6183.A0A5K4F2D8	STRING clusters	CL:12077	Alpha-catenin/vinculin-like superfamily, and Filamentous actin
A0A5K4F2D8	6183.A0A5K4F2D8	Reactome	MAP-109582	Hemostasis
A0A5K4F2D8	6183.A0A5K4F2D8	Reactome	MAP-114608	Platelet degranulation
A0A5K4F2D8	6183.A0A5K4F2D8	Reactome	MAP-1500931	Cell-Cell communication
A0A5K4F2D8	6183.A0A5K4F2D8	Reactome	MAP-162582	Signal Transduction
A0A5K4F2D8	6183.A0A5K4F2D8	Reactome	MAP-168249	Innate Immune System
A0A5K4F2D8	6183.A0A5K4F2D8	Reactome	MAP-168256	Immune System
A0A5K4F2D8	6183.A0A5K4F2D8	Reactome	MAP-397014	Muscle contraction
A0A5K4F2D8	6183.A0A5K4F2D8	Reactome	MAP-418990	Adherens junctions interactions
A0A5K4F2D8	6183.A0A5K4F2D8	Reactome	MAP-421270	Cell-cell junction organization
A0A5K4F2D8	6183.A0A5K4F2D8	Reactome	MAP-445355	Smooth Muscle Contraction
A0A5K4F2D8	6183.A0A5K4F2D8	Reactome	MAP-446728	Cell junction organization
A0A5K4F2D8	6183.A0A5K4F2D8	Reactome	MAP-5673001	RAF/MAP kinase cascade
A0A5K4F2D8	6183.A0A5K4F2D8	Reactome	MAP-5674135	MAP2K and MAPK activation
A0A5K4F2D8	6183.A0A5K4F2D8	Reactome	MAP-5683057	MAPK family signaling cascades
A0A5K4F2D8	6183.A0A5K4F2D8	Reactome	MAP-5684996	MAPK1/MAPK3 signaling
A0A5K4F2D8	6183.A0A5K4F2D8	Reactome	MAP-6798695	Neutrophil degranulation
A0A5K4F2D8	6183.A0A5K4F2D8	Reactome	MAP-76002	Platelet activation, signaling and aggregation
A0A5K4F2D8	6183.A0A5K4F2D8	Reactome	MAP-76005	Response to elevated platelet cytosolic Ca2+
A0A5K4F2D8	6183.A0A5K4F2D8	Reactome	MAP-9759476	Regulation of Homotypic Cell-Cell Adhesion
A0A5K4F2D8	6183.A0A5K4F2D8	Reactome	MAP-9764265	Regulation of CDH1 Expression and Function
A0A5K4F2D8	6183.A0A5K4F2D8	Reactome	MAP-9764274	Regulation of Expression and Function of Type I Classical Cadherins
A0A5K4F2D8	6183.A0A5K4F2D8	Reactome	MAP-9764561	Regulation of CDH1 Function
A0A5K4F2D8	6183.A0A5K4F2D8	COMPARTMENTS	GOCC:0005911	Cell-cell junction
A0A5K4F2D8	6183.A0A5K4F2D8	COMPARTMENTS	GOCC:0005912	Adherens junction
A0A5K4F2D8	6183.A0A5K4F2D8	COMPARTMENTS	GOCC:0030054	Cell junction
A0A5K4F2D8	6183.A0A5K4F2D8	COMPARTMENTS	GOCC:0070161	Anchoring junction
A0A5K4F2D8	6183.A0A5K4F2D8	COMPARTMENTS	GOCC:0110165	Cellular anatomical structure
A0A5K4F2D8	6183.A0A5K4F2D8	UniProt Keywords	KW-0009	Actin-binding
A0A5K4F2D8	6183.A0A5K4F2D8	UniProt Keywords	KW-0130	Cell adhesion
A0A5K4F2D8	6183.A0A5K4F2D8	UniProt Keywords	KW-0206	Cytoskeleton
A0A5K4F2D8	6183.A0A5K4F2D8	UniProt Keywords	KW-0472	Membrane
A0A5K4F2D8	6183.A0A5K4F2D8	UniProt Keywords	KW-0677	Repeat
A0A5K4F2D8	6183.A0A5K4F2D8	UniProt Keywords	KW-0963	Cytoplasm
A0A5K4F2D8	6183.A0A5K4F2D8	UniProt Keywords	KW-0965	Cell junction
A0A5K4F2D8	6183.A0A5K4F2D8	UniProt Keywords	KW-1003	Cell membrane
A0A5K4F2D8	6183.A0A5K4F2D8	Pfam	PF01044	Vinculin family
A0A5K4F2D8	6183.A0A5K4F2D8	InterPro	IPR000633	Vinculin, conserved site
A0A5K4F2D8	6183.A0A5K4F2D8	InterPro	IPR006077	Vinculin/alpha-catenin
A0A5K4F2D8	6183.A0A5K4F2D8	InterPro	IPR017997	Vinculin
A0A5K4F2D8	6183.A0A5K4F2D8	InterPro	IPR036723	Alpha-catenin/vinculin-like superfamily
A0A5K4F2I7	6183.A0A5K4F2I7	GO Process	GO:0009987	Cellular process
A0A5K4F2I7	6183.A0A5K4F2I7	GO Function	GO:0005198	Structural molecule activity
A0A5K4F2I7	6183.A0A5K4F2I7	GO Component	GO:0005581	Collagen trimer
A0A5K4F2I7	6183.A0A5K4F2I7	GO Component	GO:0032991	Protein-containing complex
A0A5K4F2I7	6183.A0A5K4F2I7	STRING clusters	CL:11459	Mixed, incl. Annexin superfamily, and Collagen biosynthesis and modifying enzymes
A0A5K4F2I7	6183.A0A5K4F2I7	STRING clusters	CL:11460	Mixed, incl. Collagen biosynthesis and modifying enzymes, and Calcium-binding EGF-like domain
A0A5K4F2I7	6183.A0A5K4F2I7	STRING clusters	CL:11572	Mixed, incl. Collagen trimer, and Integrin
A0A5K4F2I7	6183.A0A5K4F2I7	STRING clusters	CL:11573	Mixed, incl. Collagen trimer, and Integrin
A0A5K4F2I7	6183.A0A5K4F2I7	STRING clusters	CL:11576	Collagen triple helix repeat, and Integrin
A0A5K4F2I7	6183.A0A5K4F2I7	STRING clusters	CL:11620	Collagen IV, non-collagenous, and ADAMTS/ADAMTS-like
A0A5K4F2I7	6183.A0A5K4F2I7	KEGG	smm04382	Cornified envelope formation
A0A5K4F2I7	6183.A0A5K4F2I7	KEGG	smm04512	ECM-receptor interaction
A0A5K4F2I7	6183.A0A5K4F2I7	KEGG	smm04820	Cytoskeleton in muscle cells
A0A5K4F2I7	6183.A0A5K4F2I7	Reactome	MAP-1474244	Extracellular matrix organization
A0A5K4F2I7	6183.A0A5K4F2I7	Reactome	MAP-1474290	Collagen formation
A0A5K4F2I7	6183.A0A5K4F2I7	Reactome	MAP-1650814	Collagen biosynthesis and modifying enzymes
A0A5K4F2I7	6183.A0A5K4F2I7	Reactome	MAP-8948216	Collagen chain trimerization
A0A5K4F2I7	6183.A0A5K4F2I7	COMPARTMENTS	GOCC:0005581	Collagen trimer
A0A5K4F2I7	6183.A0A5K4F2I7	COMPARTMENTS	GOCC:0005604	Basement membrane
A0A5K4F2I7	6183.A0A5K4F2I7	COMPARTMENTS	GOCC:0030312	External encapsulating structure
A0A5K4F2I7	6183.A0A5K4F2I7	COMPARTMENTS	GOCC:0031012	Extracellular matrix
A0A5K4F2I7	6183.A0A5K4F2I7	COMPARTMENTS	GOCC:0032991	Protein-containing complex
A0A5K4F2I7	6183.A0A5K4F2I7	COMPARTMENTS	GOCC:0062023	Collagen-containing extracellular matrix
A0A5K4F2I7	6183.A0A5K4F2I7	COMPARTMENTS	GOCC:0071944	Cell periphery
A0A5K4F2I7	6183.A0A5K4F2I7	COMPARTMENTS	GOCC:0110165	Cellular anatomical structure
A0A5K4F2I7	6183.A0A5K4F2I7	UniProt Keywords	KW-0084	Basement membrane
A0A5K4F2I7	6183.A0A5K4F2I7	UniProt Keywords	KW-0176	Collagen
A0A5K4F2I7	6183.A0A5K4F2I7	UniProt Keywords	KW-0272	Extracellular matrix
A0A5K4F2I7	6183.A0A5K4F2I7	UniProt Keywords	KW-0472	Membrane
A0A5K4F2I7	6183.A0A5K4F2I7	UniProt Keywords	KW-0812	Transmembrane
A0A5K4F2I7	6183.A0A5K4F2I7	UniProt Keywords	KW-0964	Secreted
A0A5K4F2I7	6183.A0A5K4F2I7	UniProt Keywords	KW-1133	Transmembrane helix
A0A5K4F2I7	6183.A0A5K4F2I7	Pfam	PF01391	Collagen triple helix repeat (20 copies)
A0A5K4F2I7	6183.A0A5K4F2I7	Pfam	PF01413	C-terminal tandem repeated domain in type 4 procollagen
A0A5K4F2I7	6183.A0A5K4F2I7	InterPro	IPR001442	Collagen IV, non-collagenous
A0A5K4F2I7	6183.A0A5K4F2I7	InterPro	IPR008160	Collagen triple helix repeat
A0A5K4F2I7	6183.A0A5K4F2I7	InterPro	IPR016187	C-type lectin fold
A0A5K4F2I7	6183.A0A5K4F2I7	InterPro	IPR036954	Collagen IV, non-collagenous domain superfamily
A0A5K4F2I7	6183.A0A5K4F2I7	InterPro	IPR050149	Collagen superfamily
A0A5K4F492	6183.A0A5K4F492	GO Process	GO:0006996	Organelle organization
A0A5K4F492	6183.A0A5K4F492	GO Process	GO:0007010	Cytoskeleton organization
A0A5K4F492	6183.A0A5K4F492	GO Process	GO:0009987	Cellular process
A0A5K4F492	6183.A0A5K4F492	GO Process	GO:0016043	Cellular component organization
A0A5K4F492	6183.A0A5K4F492	GO Process	GO:0030029	Actin filament-based process
A0A5K4F492	6183.A0A5K4F492	GO Process	GO:0030036	Actin cytoskeleton organization
A0A5K4F492	6183.A0A5K4F492	GO Process	GO:0071840	Cellular component organization or biogenesis
A0A5K4F492	6183.A0A5K4F492	GO Function	GO:0003779	Actin binding
A0A5K4F492	6183.A0A5K4F492	GO Function	GO:0005488	Binding
A0A5K4F492	6183.A0A5K4F492	GO Function	GO:0005515	Protein binding
A0A5K4F492	6183.A0A5K4F492	GO Function	GO:0008092	Cytoskeletal protein binding
A0A5K4F492	6183.A0A5K4F492	GO Function	GO:0044877	Protein-containing complex binding
A0A5K4F492	6183.A0A5K4F492	GO Function	GO:0051015	Actin filament binding
A0A5K4F492	6183.A0A5K4F492	GO Component	GO:0005622	Intracellular anatomical structure
A0A5K4F492	6183.A0A5K4F492	GO Component	GO:0005737	Cytoplasm
A0A5K4F492	6183.A0A5K4F492	GO Component	GO:0005856	Cytoskeleton
A0A5K4F492	6183.A0A5K4F492	GO Component	GO:0043226	Organelle
A0A5K4F492	6183.A0A5K4F492	GO Component	GO:0043228	Membraneless organelle
A0A5K4F492	6183.A0A5K4F492	GO Component	GO:0043229	Intracellular organelle
A0A5K4F492	6183.A0A5K4F492	GO Component	GO:0043232	Intracellular membraneless organelle
A0A5K4F492	6183.A0A5K4F492	GO Component	GO:0071944	Cell periphery
A0A5K4F492	6183.A0A5K4F492	GO Component	GO:0110165	Cellular anatomical structure
A0A5K4F492	6183.A0A5K4F492	STRING clusters	CL:11459	Mixed, incl. Annexin superfamily, and Collagen biosynthesis and modifying enzymes
A0A5K4F492	6183.A0A5K4F492	STRING clusters	CL:11651	Mixed, incl. Annexin superfamily, and Serine proteases, trypsin domain
A0A5K4F492	6183.A0A5K4F492	STRING clusters	CL:11652	Annexin superfamily, and Filamin family
A0A5K4F492	6183.A0A5K4F492	STRING clusters	CL:11706	Filamin family, and Host cell
A0A5K4F492	6183.A0A5K4F492	STRING clusters	CL:11709	Filamin family, and Host cell
A0A5K4F492	6183.A0A5K4F492	STRING clusters	CL:11712	Mixed, incl. Filamin family, and Calponin/LIMCH1
A0A5K4F492	6183.A0A5K4F492	COMPARTMENTS	GOCC:0005622	Intracellular anatomical structure
A0A5K4F492	6183.A0A5K4F492	COMPARTMENTS	GOCC:0043226	Organelle
A0A5K4F492	6183.A0A5K4F492	COMPARTMENTS	GOCC:0043229	Intracellular organelle
A0A5K4F492	6183.A0A5K4F492	COMPARTMENTS	GOCC:0110165	Cellular anatomical structure
A0A5K4F492	6183.A0A5K4F492	UniProt Keywords	KW-0009	Actin-binding
A0A5K4F492	6183.A0A5K4F492	UniProt Keywords	KW-0677	Repeat
A0A5K4F492	6183.A0A5K4F492	InterPro	IPR001298	Filamin/ABP280 repeat
A0A5K4F492	6183.A0A5K4F492	InterPro	IPR001589	Actinin-type actin-binding domain, conserved site
A0A5K4F492	6183.A0A5K4F492	InterPro	IPR001715	Calponin homology domain
A0A5K4F492	6183.A0A5K4F492	InterPro	IPR013783	Immunoglobulin-like fold
A0A5K4F492	6183.A0A5K4F492	InterPro	IPR014756	Immunoglobulin E-set
A0A5K4F492	6183.A0A5K4F492	InterPro	IPR017868	Filamin/ABP280 repeat-like
A0A5K4F492	6183.A0A5K4F492	InterPro	IPR036872	CH domain superfamily
A0A5K4F492	6183.A0A5K4F492	InterPro	IPR044801	Filamin family
A0A5K4F492	6183.A0A5K4F492	SMART	SM00033	Calponin homology domain
A0A5K4F492	6183.A0A5K4F492	SMART	SM00557	Filamin-type immunoglobulin domains
A0A5K4F4I2	6183.A0A5K4F4I2	GO Process	GO:0007154	Cell communication
A0A5K4F4I2	6183.A0A5K4F4I2	GO Process	GO:0007155	Cell adhesion
A0A5K4F4I2	6183.A0A5K4F4I2	GO Process	GO:0007165	Signal transduction
A0A5K4F4I2	6183.A0A5K4F4I2	GO Process	GO:0007166	Cell surface receptor signaling pathway
A0A5K4F4I2	6183.A0A5K4F4I2	GO Process	GO:0007229	Integrin-mediated signaling pathway
A0A5K4F4I2	6183.A0A5K4F4I2	GO Process	GO:0007275	Multicellular organism development
A0A5K4F4I2	6183.A0A5K4F4I2	GO Process	GO:0009987	Cellular process
A0A5K4F4I2	6183.A0A5K4F4I2	GO Process	GO:0023052	Signaling
A0A5K4F4I2	6183.A0A5K4F4I2	GO Process	GO:0032501	Multicellular organismal process
A0A5K4F4I2	6183.A0A5K4F4I2	GO Process	GO:0032502	Developmental process
A0A5K4F4I2	6183.A0A5K4F4I2	GO Process	GO:0048856	Anatomical structure development
A0A5K4F4I2	6183.A0A5K4F4I2	GO Process	GO:0050789	Regulation of biological process
A0A5K4F4I2	6183.A0A5K4F4I2	GO Process	GO:0050794	Regulation of cellular process
A0A5K4F4I2	6183.A0A5K4F4I2	GO Process	GO:0050896	Response to stimulus
A0A5K4F4I2	6183.A0A5K4F4I2	GO Process	GO:0051716	Cellular response to stimulus
A0A5K4F4I2	6183.A0A5K4F4I2	GO Process	GO:0065007	Biological regulation
A0A5K4F4I2	6183.A0A5K4F4I2	GO Process	GO:0098609	Cell-cell adhesion
A0A5K4F4I2	6183.A0A5K4F4I2	GO Function	GO:0005488	Binding
A0A5K4F4I2	6183.A0A5K4F4I2	GO Function	GO:0036094	Small molecule binding
A0A5K4F4I2	6183.A0A5K4F4I2	GO Function	GO:0038023	Signaling receptor activity
A0A5K4F4I2	6183.A0A5K4F4I2	GO Function	GO:0043167	Ion binding
A0A5K4F4I2	6183.A0A5K4F4I2	GO Function	GO:0043169	Cation binding
A0A5K4F4I2	6183.A0A5K4F4I2	GO Function	GO:0046872	Metal ion binding
A0A5K4F4I2	6183.A0A5K4F4I2	GO Function	GO:0060089	Molecular transducer activity
A0A5K4F4I2	6183.A0A5K4F4I2	GO Component	GO:0005886	Plasma membrane
A0A5K4F4I2	6183.A0A5K4F4I2	GO Component	GO:0008305	Integrin complex
A0A5K4F4I2	6183.A0A5K4F4I2	GO Component	GO:0009986	Cell surface
A0A5K4F4I2	6183.A0A5K4F4I2	GO Component	GO:0016020	Membrane
A0A5K4F4I2	6183.A0A5K4F4I2	GO Component	GO:0032991	Protein-containing complex
A0A5K4F4I2	6183.A0A5K4F4I2	GO Component	GO:0043235	Receptor complex
A0A5K4F4I2	6183.A0A5K4F4I2	GO Component	GO:0071944	Cell periphery
A0A5K4F4I2	6183.A0A5K4F4I2	GO Component	GO:0098636	Protein complex involved in cell adhesion
A0A5K4F4I2	6183.A0A5K4F4I2	GO Component	GO:0098796	Membrane protein complex
A0A5K4F4I2	6183.A0A5K4F4I2	GO Component	GO:0098797	Plasma membrane protein complex
A0A5K4F4I2	6183.A0A5K4F4I2	GO Component	GO:0098802	Plasma membrane signaling receptor complex
A0A5K4F4I2	6183.A0A5K4F4I2	GO Component	GO:0110165	Cellular anatomical structure
A0A5K4F4I2	6183.A0A5K4F4I2	STRING clusters	CL:11459	Mixed, incl. Annexin superfamily, and Collagen biosynthesis and modifying enzymes
A0A5K4F4I2	6183.A0A5K4F4I2	STRING clusters	CL:11460	Mixed, incl. Collagen biosynthesis and modifying enzymes, and Calcium-binding EGF-like domain
A0A5K4F4I2	6183.A0A5K4F4I2	STRING clusters	CL:11572	Mixed, incl. Collagen trimer, and Integrin
A0A5K4F4I2	6183.A0A5K4F4I2	STRING clusters	CL:11573	Mixed, incl. Collagen trimer, and Integrin
A0A5K4F4I2	6183.A0A5K4F4I2	STRING clusters	CL:11576	Collagen triple helix repeat, and Integrin
A0A5K4F4I2	6183.A0A5K4F4I2	STRING clusters	CL:11577	Collagen triple helix repeat, and Integrin
A0A5K4F4I2	6183.A0A5K4F4I2	STRING clusters	CL:11581	Mixed, incl. Integrin, and Basement membrane
A0A5K4F4I2	6183.A0A5K4F4I2	STRING clusters	CL:11586	Integrin, and Laminin, N-terminal
A0A5K4F4I2	6183.A0A5K4F4I2	STRING clusters	CL:11589	Integrin complex
A0A5K4F4I2	6183.A0A5K4F4I2	Reactome	MAP-1474244	Extracellular matrix organization
A0A5K4F4I2	6183.A0A5K4F4I2	Reactome	MAP-216083	Integrin cell surface interactions
A0A5K4F4I2	6183.A0A5K4F4I2	COMPARTMENTS	GOCC:0005886	Plasma membrane
A0A5K4F4I2	6183.A0A5K4F4I2	COMPARTMENTS	GOCC:0008305	Integrin complex
A0A5K4F4I2	6183.A0A5K4F4I2	COMPARTMENTS	GOCC:0016020	Membrane
A0A5K4F4I2	6183.A0A5K4F4I2	COMPARTMENTS	GOCC:0032991	Protein-containing complex
A0A5K4F4I2	6183.A0A5K4F4I2	COMPARTMENTS	GOCC:0071944	Cell periphery
A0A5K4F4I2	6183.A0A5K4F4I2	COMPARTMENTS	GOCC:0098797	Plasma membrane protein complex
A0A5K4F4I2	6183.A0A5K4F4I2	COMPARTMENTS	GOCC:0098802	Plasma membrane signaling receptor complex
A0A5K4F4I2	6183.A0A5K4F4I2	COMPARTMENTS	GOCC:0110165	Cellular anatomical structure
A0A5K4F4I2	6183.A0A5K4F4I2	UniProt Keywords	KW-0130	Cell adhesion
A0A5K4F4I2	6183.A0A5K4F4I2	UniProt Keywords	KW-0325	Glycoprotein
A0A5K4F4I2	6183.A0A5K4F4I2	UniProt Keywords	KW-0401	Integrin
A0A5K4F4I2	6183.A0A5K4F4I2	UniProt Keywords	KW-0472	Membrane
A0A5K4F4I2	6183.A0A5K4F4I2	UniProt Keywords	KW-0675	Receptor
A0A5K4F4I2	6183.A0A5K4F4I2	UniProt Keywords	KW-0677	Repeat
A0A5K4F4I2	6183.A0A5K4F4I2	UniProt Keywords	KW-0732	Signal
A0A5K4F4I2	6183.A0A5K4F4I2	UniProt Keywords	KW-0812	Transmembrane
A0A5K4F4I2	6183.A0A5K4F4I2	UniProt Keywords	KW-1133	Transmembrane helix
A0A5K4F4I2	6183.A0A5K4F4I2	InterPro	IPR000413	Integrin alpha chain
A0A5K4F4I2	6183.A0A5K4F4I2	InterPro	IPR013517	FG-GAP repeat
A0A5K4F4I2	6183.A0A5K4F4I2	InterPro	IPR013519	Integrin alpha beta-propellor
A0A5K4F4I2	6183.A0A5K4F4I2	InterPro	IPR018184	Integrin alpha chain, C-terminal cytoplasmic region, conserved site
A0A5K4F4I2	6183.A0A5K4F4I2	InterPro	IPR028994	Integrin alpha, N-terminal
A0A5K4F4I2	6183.A0A5K4F4I2	InterPro	IPR032695	Integrin domain superfamily
A0A5K4F4I2	6183.A0A5K4F4I2	InterPro	IPR048286	Integrin alpha, third immunoglobulin-like domain
A0A5K4F4I2	6183.A0A5K4F4I2	SMART	SM00191	Integrin alpha (beta-propellor repeats).
A0A5K4F5L7	6183.A0A5K4F5L7	GO Process	GO:0009987	Cellular process
A0A5K4F5L7	6183.A0A5K4F5L7	GO Process	GO:0050789	Regulation of biological process
A0A5K4F5L7	6183.A0A5K4F5L7	GO Process	GO:0050794	Regulation of cellular process
A0A5K4F5L7	6183.A0A5K4F5L7	GO Process	GO:0065007	Biological regulation
A0A5K4F5L7	6183.A0A5K4F5L7	GO Function	GO:0005488	Binding
A0A5K4F5L7	6183.A0A5K4F5L7	GO Function	GO:0036094	Small molecule binding
A0A5K4F5L7	6183.A0A5K4F5L7	GO Function	GO:0043167	Ion binding
A0A5K4F5L7	6183.A0A5K4F5L7	GO Function	GO:0043169	Cation binding
A0A5K4F5L7	6183.A0A5K4F5L7	GO Function	GO:0046872	Metal ion binding
A0A5K4F5L7	6183.A0A5K4F5L7	GO Component	GO:0005622	Intracellular anatomical structure
A0A5K4F5L7	6183.A0A5K4F5L7	GO Component	GO:0005737	Cytoplasm
A0A5K4F5L7	6183.A0A5K4F5L7	GO Component	GO:0005856	Cytoskeleton
A0A5K4F5L7	6183.A0A5K4F5L7	GO Component	GO:0005925	Focal adhesion
A0A5K4F5L7	6183.A0A5K4F5L7	GO Component	GO:0030054	Cell junction
A0A5K4F5L7	6183.A0A5K4F5L7	GO Component	GO:0030055	Cell-substrate junction
A0A5K4F5L7	6183.A0A5K4F5L7	GO Component	GO:0043226	Organelle
A0A5K4F5L7	6183.A0A5K4F5L7	GO Component	GO:0043228	Membraneless organelle
A0A5K4F5L7	6183.A0A5K4F5L7	GO Component	GO:0043229	Intracellular organelle
A0A5K4F5L7	6183.A0A5K4F5L7	GO Component	GO:0043232	Intracellular membraneless organelle
A0A5K4F5L7	6183.A0A5K4F5L7	GO Component	GO:0070161	Anchoring junction
A0A5K4F5L7	6183.A0A5K4F5L7	GO Component	GO:0110165	Cellular anatomical structure
A0A5K4F5L7	6183.A0A5K4F5L7	STRING clusters	CL:11812	Mixed, incl. Actin filament-based process, and Cell-substrate junction
A0A5K4F5L7	6183.A0A5K4F5L7	STRING clusters	CL:12039	Cell-substrate junction, and Non-membrane spanning protein tyrosine kinase activity
A0A5K4F5L7	6183.A0A5K4F5L7	STRING clusters	CL:12041	Focal adhesion, and Non-membrane spanning protein tyrosine kinase activity
A0A5K4F5L7	6183.A0A5K4F5L7	STRING clusters	CL:12042	Non-membrane spanning protein tyrosine kinase activity, and CAS family
A0A5K4F5L7	6183.A0A5K4F5L7	STRING clusters	CL:12044	Non-receptor tyrosine kinases involved in cell signaling, and CAS family
A0A5K4F5L7	6183.A0A5K4F5L7	STRING clusters	CL:12046	Mixed, incl. CAS family, and GAB1 signalosome
A0A5K4F5L7	6183.A0A5K4F5L7	Reactome	MAP-1500931	Cell-Cell communication
A0A5K4F5L7	6183.A0A5K4F5L7	Reactome	MAP-162582	Signal Transduction
A0A5K4F5L7	6183.A0A5K4F5L7	Reactome	MAP-177929	Signaling by EGFR
A0A5K4F5L7	6183.A0A5K4F5L7	Reactome	MAP-180292	GAB1 signalosome
A0A5K4F5L7	6183.A0A5K4F5L7	Reactome	MAP-194138	Signaling by VEGF
A0A5K4F5L7	6183.A0A5K4F5L7	Reactome	MAP-397014	Muscle contraction
A0A5K4F5L7	6183.A0A5K4F5L7	Reactome	MAP-4420097	VEGFA-VEGFR2 Pathway
A0A5K4F5L7	6183.A0A5K4F5L7	Reactome	MAP-445355	Smooth Muscle Contraction
A0A5K4F5L7	6183.A0A5K4F5L7	Reactome	MAP-446343	Localization of the PINCH-ILK-PARVIN complex to focal adhesions
A0A5K4F5L7	6183.A0A5K4F5L7	Reactome	MAP-446353	Cell-extracellular matrix interactions
A0A5K4F5L7	6183.A0A5K4F5L7	Reactome	MAP-446388	Regulation of cytoskeletal remodeling and cell spreading by IPP complex components
A0A5K4F5L7	6183.A0A5K4F5L7	Reactome	MAP-446728	Cell junction organization
A0A5K4F5L7	6183.A0A5K4F5L7	Reactome	MAP-8848021	Signaling by PTK6
A0A5K4F5L7	6183.A0A5K4F5L7	Reactome	MAP-8849471	PTK6 Regulates RHO GTPases, RAS GTPase and MAP kinases
A0A5K4F5L7	6183.A0A5K4F5L7	Reactome	MAP-9006927	Signaling by Non-Receptor Tyrosine Kinases
A0A5K4F5L7	6183.A0A5K4F5L7	Reactome	MAP-9006934	Signaling by Receptor Tyrosine Kinases
A0A5K4F5L7	6183.A0A5K4F5L7	COMPARTMENTS	GOCC:0005622	Intracellular anatomical structure
A0A5K4F5L7	6183.A0A5K4F5L7	COMPARTMENTS	GOCC:0110165	Cellular anatomical structure
A0A5K4F5L7	6183.A0A5K4F5L7	UniProt Keywords	KW-0440	LIM domain
A0A5K4F5L7	6183.A0A5K4F5L7	UniProt Keywords	KW-0479	Metal-binding
A0A5K4F5L7	6183.A0A5K4F5L7	UniProt Keywords	KW-0862	Zinc
A0A5K4F5L7	6183.A0A5K4F5L7	UniProt Keywords	KW-0965	Cell junction
A0A5K4F5L7	6183.A0A5K4F5L7	InterPro	IPR001781	Zinc finger, LIM-type
A0A5K4F5L7	6183.A0A5K4F5L7	InterPro	IPR050604	PDZ and LIM domain-containing
A0A5K4F5L7	6183.A0A5K4F5L7	SMART	SM00132	Zinc-binding domain present in Lin-11, Isl-1, Mec-3.
A0A5K4FCV3	6183.A0A5K4FCV3	GO Process	GO:0006996	Organelle organization
A0A5K4FCV3	6183.A0A5K4FCV3	GO Process	GO:0007010	Cytoskeleton organization
A0A5K4FCV3	6183.A0A5K4FCV3	GO Process	GO:0007155	Cell adhesion
A0A5K4FCV3	6183.A0A5K4FCV3	GO Process	GO:0009987	Cellular process
A0A5K4FCV3	6183.A0A5K4FCV3	GO Process	GO:0016043	Cellular component organization
A0A5K4FCV3	6183.A0A5K4FCV3	GO Process	GO:0030029	Actin filament-based process
A0A5K4FCV3	6183.A0A5K4FCV3	GO Process	GO:0030036	Actin cytoskeleton organization
A0A5K4FCV3	6183.A0A5K4FCV3	GO Process	GO:0071840	Cellular component organization or biogenesis
A0A5K4FCV3	6183.A0A5K4FCV3	GO Process	GO:0098609	Cell-cell adhesion
A0A5K4FCV3	6183.A0A5K4FCV3	GO Function	GO:0003779	Actin binding
A0A5K4FCV3	6183.A0A5K4FCV3	GO Function	GO:0005102	Signaling receptor binding
A0A5K4FCV3	6183.A0A5K4FCV3	GO Function	GO:0005178	Integrin binding
A0A5K4FCV3	6183.A0A5K4FCV3	GO Function	GO:0005198	Structural molecule activity
A0A5K4FCV3	6183.A0A5K4FCV3	GO Function	GO:0005200	Structural constituent of cytoskeleton
A0A5K4FCV3	6183.A0A5K4FCV3	GO Function	GO:0005488	Binding
A0A5K4FCV3	6183.A0A5K4FCV3	GO Function	GO:0005515	Protein binding
A0A5K4FCV3	6183.A0A5K4FCV3	GO Function	GO:0008092	Cytoskeletal protein binding
A0A5K4FCV3	6183.A0A5K4FCV3	GO Function	GO:0044877	Protein-containing complex binding
A0A5K4FCV3	6183.A0A5K4FCV3	GO Function	GO:0050839	Cell adhesion molecule binding
A0A5K4FCV3	6183.A0A5K4FCV3	GO Function	GO:0051015	Actin filament binding
A0A5K4FCV3	6183.A0A5K4FCV3	GO Component	GO:0001726	Ruffle
A0A5K4FCV3	6183.A0A5K4FCV3	GO Component	GO:0005622	Intracellular anatomical structure
A0A5K4FCV3	6183.A0A5K4FCV3	GO Component	GO:0005737	Cytoplasm
A0A5K4FCV3	6183.A0A5K4FCV3	GO Component	GO:0005856	Cytoskeleton
A0A5K4FCV3	6183.A0A5K4FCV3	GO Component	GO:0005886	Plasma membrane
A0A5K4FCV3	6183.A0A5K4FCV3	GO Component	GO:0005925	Focal adhesion
A0A5K4FCV3	6183.A0A5K4FCV3	GO Component	GO:0016020	Membrane
A0A5K4FCV3	6183.A0A5K4FCV3	GO Component	GO:0030054	Cell junction
A0A5K4FCV3	6183.A0A5K4FCV3	GO Component	GO:0030055	Cell-substrate junction
A0A5K4FCV3	6183.A0A5K4FCV3	GO Component	GO:0031252	Cell leading edge
A0A5K4FCV3	6183.A0A5K4FCV3	GO Component	GO:0042995	Cell projection
A0A5K4FCV3	6183.A0A5K4FCV3	GO Component	GO:0043226	Organelle
A0A5K4FCV3	6183.A0A5K4FCV3	GO Component	GO:0043228	Membraneless organelle
A0A5K4FCV3	6183.A0A5K4FCV3	GO Component	GO:0043229	Intracellular organelle
A0A5K4FCV3	6183.A0A5K4FCV3	GO Component	GO:0043232	Intracellular membraneless organelle
A0A5K4FCV3	6183.A0A5K4FCV3	GO Component	GO:0070161	Anchoring junction
A0A5K4FCV3	6183.A0A5K4FCV3	GO Component	GO:0071944	Cell periphery
A0A5K4FCV3	6183.A0A5K4FCV3	GO Component	GO:0110165	Cellular anatomical structure
A0A5K4FCV3	6183.A0A5K4FCV3	GO Component	GO:0120025	Plasma membrane bounded cell projection
A0A5K4FCV3	6183.A0A5K4FCV3	STRING clusters	CL:11812	Mixed, incl. Actin filament-based process, and Cell-substrate junction
A0A5K4FCV3	6183.A0A5K4FCV3	STRING clusters	CL:12039	Cell-substrate junction, and Non-membrane spanning protein tyrosine kinase activity
A0A5K4FCV3	6183.A0A5K4FCV3	KEGG	smm04820	Cytoskeleton in muscle cells
A0A5K4FCV3	6183.A0A5K4FCV3	Reactome	MAP-109582	Hemostasis
A0A5K4FCV3	6183.A0A5K4FCV3	Reactome	MAP-114608	Platelet degranulation
A0A5K4FCV3	6183.A0A5K4FCV3	Reactome	MAP-1266738	Developmental Biology
A0A5K4FCV3	6183.A0A5K4FCV3	Reactome	MAP-162582	Signal Transduction
A0A5K4FCV3	6183.A0A5K4FCV3	Reactome	MAP-354192	Integrin signaling
A0A5K4FCV3	6183.A0A5K4FCV3	Reactome	MAP-373755	Semaphorin interactions
A0A5K4FCV3	6183.A0A5K4FCV3	Reactome	MAP-397014	Muscle contraction
A0A5K4FCV3	6183.A0A5K4FCV3	Reactome	MAP-399955	SEMA3A-Plexin repulsion signaling by inhibiting Integrin adhesion
A0A5K4FCV3	6183.A0A5K4FCV3	Reactome	MAP-422475	Axon guidance
A0A5K4FCV3	6183.A0A5K4FCV3	Reactome	MAP-445355	Smooth Muscle Contraction
A0A5K4FCV3	6183.A0A5K4FCV3	Reactome	MAP-5673001	RAF/MAP kinase cascade
A0A5K4FCV3	6183.A0A5K4FCV3	Reactome	MAP-5674135	MAP2K and MAPK activation
A0A5K4FCV3	6183.A0A5K4FCV3	Reactome	MAP-5683057	MAPK family signaling cascades
A0A5K4FCV3	6183.A0A5K4FCV3	Reactome	MAP-5684996	MAPK1/MAPK3 signaling
A0A5K4FCV3	6183.A0A5K4FCV3	Reactome	MAP-76002	Platelet activation, signaling and aggregation
A0A5K4FCV3	6183.A0A5K4FCV3	Reactome	MAP-76005	Response to elevated platelet cytosolic Ca2+
A0A5K4FCV3	6183.A0A5K4FCV3	Reactome	MAP-76009	Platelet Aggregation (Plug Formation)
A0A5K4FCV3	6183.A0A5K4FCV3	Reactome	MAP-9675108	Nervous system development
A0A5K4FCV3	6183.A0A5K4FCV3	COMPARTMENTS	GOCC:0001726	Ruffle
A0A5K4FCV3	6183.A0A5K4FCV3	COMPARTMENTS	GOCC:0031252	Cell leading edge
A0A5K4FCV3	6183.A0A5K4FCV3	COMPARTMENTS	GOCC:0042995	Cell projection
A0A5K4FCV3	6183.A0A5K4FCV3	COMPARTMENTS	GOCC:0110165	Cellular anatomical structure
A0A5K4FCV3	6183.A0A5K4FCV3	COMPARTMENTS	GOCC:0120025	Plasma membrane bounded cell projection
A0A5K4FCV3	6183.A0A5K4FCV3	UniProt Keywords	KW-0206	Cytoskeleton
A0A5K4FCV3	6183.A0A5K4FCV3	UniProt Keywords	KW-0963	Cytoplasm
A0A5K4FCV3	6183.A0A5K4FCV3	Pfam	PF01608	I/LWEQ domain
A0A5K4FCV3	6183.A0A5K4FCV3	Pfam	PF08913	Vinculin Binding Site
A0A5K4FCV3	6183.A0A5K4FCV3	Pfam	PF09141	Talin, middle domain
A0A5K4FCV3	6183.A0A5K4FCV3	InterPro	IPR000299	FERM domain
A0A5K4FCV3	6183.A0A5K4FCV3	InterPro	IPR002404	IRS-type PTB domain
A0A5K4FCV3	6183.A0A5K4FCV3	InterPro	IPR011993	PH-like domain superfamily
A0A5K4FCV3	6183.A0A5K4FCV3	InterPro	IPR014352	FERM/acyl-CoA-binding protein superfamily
A0A5K4FCV3	6183.A0A5K4FCV3	InterPro	IPR015009	Vinculin-binding site-containing domain
A0A5K4FCV3	6183.A0A5K4FCV3	InterPro	IPR015224	Talin, central
A0A5K4FCV3	6183.A0A5K4FCV3	InterPro	IPR019748	FERM central domain
A0A5K4FCV3	6183.A0A5K4FCV3	InterPro	IPR019749	Band 4.1 domain
A0A5K4FCV3	6183.A0A5K4FCV3	InterPro	IPR029071	Ubiquitin-like domain superfamily
A0A5K4FCV3	6183.A0A5K4FCV3	InterPro	IPR032425	Talin, N-terminal F0 domain
A0A5K4FCV3	6183.A0A5K4FCV3	InterPro	IPR035963	FERM superfamily, second domain
A0A5K4FCV3	6183.A0A5K4FCV3	InterPro	IPR035964	I/LWEQ domain superfamily
A0A5K4FCV3	6183.A0A5K4FCV3	InterPro	IPR036476	Talin, central domain superfamily
A0A5K4FCV3	6183.A0A5K4FCV3	InterPro	IPR036723	Alpha-catenin/vinculin-like superfamily
A0A5K4FCV3	6183.A0A5K4FCV3	InterPro	IPR037438	Talin-1/2, rod-segment
A0A5K4FCV3	6183.A0A5K4FCV3	InterPro	IPR049108	Talin, R4 domain
A0A5K4FCV3	6183.A0A5K4FCV3	InterPro	IPR054060	Talin 1-like, rod-segment domain
A0A5K4FCV3	6183.A0A5K4FCV3	InterPro	IPR054082	Talin, IBS2B domain
A0A5K4FCV3	6183.A0A5K4FCV3	InterPro	IPR057346	Talin-1/2, VBS2 domain
A0A5K4FCV3	6183.A0A5K4FCV3	SMART	SM00295	Band 4.1 homologues
A0A5K4FCV3	6183.A0A5K4FCV3	SMART	SM01244	Phosphotyrosine-binding domain
A0A5K4FDV5	6183.A0A5K4FDV5	GO Process	GO:0007155	Cell adhesion
A0A5K4FDV5	6183.A0A5K4FDV5	GO Process	GO:0007275	Multicellular organism development
A0A5K4FDV5	6183.A0A5K4FDV5	GO Process	GO:0009653	Anatomical structure morphogenesis
A0A5K4FDV5	6183.A0A5K4FDV5	GO Process	GO:0009987	Cellular process
A0A5K4FDV5	6183.A0A5K4FDV5	GO Process	GO:0030154	Cell differentiation
A0A5K4FDV5	6183.A0A5K4FDV5	GO Process	GO:0030155	Regulation of cell adhesion
A0A5K4FDV5	6183.A0A5K4FDV5	GO Process	GO:0030334	Regulation of cell migration
A0A5K4FDV5	6183.A0A5K4FDV5	GO Process	GO:0032501	Multicellular organismal process
A0A5K4FDV5	6183.A0A5K4FDV5	GO Process	GO:0032502	Developmental process
A0A5K4FDV5	6183.A0A5K4FDV5	GO Process	GO:0040012	Regulation of locomotion
A0A5K4FDV5	6183.A0A5K4FDV5	GO Process	GO:0045995	Regulation of embryonic development
A0A5K4FDV5	6183.A0A5K4FDV5	GO Process	GO:0048731	System development
A0A5K4FDV5	6183.A0A5K4FDV5	GO Process	GO:0048856	Anatomical structure development
A0A5K4FDV5	6183.A0A5K4FDV5	GO Process	GO:0048869	Cellular developmental process
A0A5K4FDV5	6183.A0A5K4FDV5	GO Process	GO:0050789	Regulation of biological process
A0A5K4FDV5	6183.A0A5K4FDV5	GO Process	GO:0050793	Regulation of developmental process
A0A5K4FDV5	6183.A0A5K4FDV5	GO Process	GO:0050794	Regulation of cellular process
A0A5K4FDV5	6183.A0A5K4FDV5	GO Process	GO:0051239	Regulation of multicellular organismal process
A0A5K4FDV5	6183.A0A5K4FDV5	GO Process	GO:0065007	Biological regulation
A0A5K4FDV5	6183.A0A5K4FDV5	GO Process	GO:2000026	Regulation of multicellular organismal development
A0A5K4FDV5	6183.A0A5K4FDV5	GO Process	GO:2000145	Regulation of cell motility
A0A5K4FDV5	6183.A0A5K4FDV5	GO Function	GO:0005102	Signaling receptor binding
A0A5K4FDV5	6183.A0A5K4FDV5	GO Function	GO:0005198	Structural molecule activity
A0A5K4FDV5	6183.A0A5K4FDV5	GO Function	GO:0005201	Extracellular matrix structural constituent
A0A5K4FDV5	6183.A0A5K4FDV5	GO Function	GO:0005488	Binding
A0A5K4FDV5	6183.A0A5K4FDV5	GO Function	GO:0005515	Protein binding
A0A5K4FDV5	6183.A0A5K4FDV5	GO Component	GO:0005576	Extracellular region
A0A5K4FDV5	6183.A0A5K4FDV5	GO Component	GO:0005604	Basement membrane
A0A5K4FDV5	6183.A0A5K4FDV5	GO Component	GO:0030312	External encapsulating structure
A0A5K4FDV5	6183.A0A5K4FDV5	GO Component	GO:0031012	Extracellular matrix
A0A5K4FDV5	6183.A0A5K4FDV5	GO Component	GO:0071944	Cell periphery
A0A5K4FDV5	6183.A0A5K4FDV5	GO Component	GO:0110165	Cellular anatomical structure
A0A5K4FDV5	6183.A0A5K4FDV5	STRING clusters	CL:11459	Mixed, incl. Annexin superfamily, and Collagen biosynthesis and modifying enzymes
A0A5K4FDV5	6183.A0A5K4FDV5	STRING clusters	CL:11460	Mixed, incl. Collagen biosynthesis and modifying enzymes, and Calcium-binding EGF-like domain
A0A5K4FDV5	6183.A0A5K4FDV5	STRING clusters	CL:11572	Mixed, incl. Collagen trimer, and Integrin
A0A5K4FDV5	6183.A0A5K4FDV5	STRING clusters	CL:11573	Mixed, incl. Collagen trimer, and Integrin
A0A5K4FDV5	6183.A0A5K4FDV5	STRING clusters	CL:11576	Collagen triple helix repeat, and Integrin
A0A5K4FDV5	6183.A0A5K4FDV5	STRING clusters	CL:11577	Collagen triple helix repeat, and Integrin
A0A5K4FDV5	6183.A0A5K4FDV5	STRING clusters	CL:11581	Mixed, incl. Integrin, and Basement membrane
A0A5K4FDV5	6183.A0A5K4FDV5	STRING clusters	CL:11586	Integrin, and Laminin, N-terminal
A0A5K4FDV5	6183.A0A5K4FDV5	Reactome	MAP-1474244	Extracellular matrix organization
A0A5K4FDV5	6183.A0A5K4FDV5	Reactome	MAP-162582	Signal Transduction
A0A5K4FDV5	6183.A0A5K4FDV5	Reactome	MAP-3000171	Non-integrin membrane-ECM interactions
A0A5K4FDV5	6183.A0A5K4FDV5	Reactome	MAP-9006934	Signaling by Receptor Tyrosine Kinases
A0A5K4FDV5	6183.A0A5K4FDV5	Reactome	MAP-9913351	Formation of the dystrophin-glycoprotein complex (DGC)
A0A5K4FDV5	6183.A0A5K4FDV5	COMPARTMENTS	GOCC:0005604	Basement membrane
A0A5K4FDV5	6183.A0A5K4FDV5	COMPARTMENTS	GOCC:0030312	External encapsulating structure
A0A5K4FDV5	6183.A0A5K4FDV5	COMPARTMENTS	GOCC:0031012	Extracellular matrix
A0A5K4FDV5	6183.A0A5K4FDV5	COMPARTMENTS	GOCC:0062023	Collagen-containing extracellular matrix
A0A5K4FDV5	6183.A0A5K4FDV5	COMPARTMENTS	GOCC:0071944	Cell periphery
A0A5K4FDV5	6183.A0A5K4FDV5	COMPARTMENTS	GOCC:0110165	Cellular anatomical structure
A0A5K4FDV5	6183.A0A5K4FDV5	UniProt Keywords	KW-0084	Basement membrane
A0A5K4FDV5	6183.A0A5K4FDV5	UniProt Keywords	KW-0175	Coiled coil
A0A5K4FDV5	6183.A0A5K4FDV5	UniProt Keywords	KW-0272	Extracellular matrix
A0A5K4FDV5	6183.A0A5K4FDV5	UniProt Keywords	KW-0325	Glycoprotein
A0A5K4FDV5	6183.A0A5K4FDV5	UniProt Keywords	KW-0424	Laminin EGF-like domain
A0A5K4FDV5	6183.A0A5K4FDV5	UniProt Keywords	KW-0677	Repeat
A0A5K4FDV5	6183.A0A5K4FDV5	UniProt Keywords	KW-0732	Signal
A0A5K4FDV5	6183.A0A5K4FDV5	UniProt Keywords	KW-0964	Secreted
A0A5K4FDV5	6183.A0A5K4FDV5	UniProt Keywords	KW-0966	Cell projection
A0A5K4FDV5	6183.A0A5K4FDV5	UniProt Keywords	KW-1015	Disulfide bond
A0A5K4FDV5	6183.A0A5K4FDV5	Pfam	PF00052	Laminin B (Domain IV)
A0A5K4FDV5	6183.A0A5K4FDV5	InterPro	IPR000034	Laminin IV
A0A5K4FDV5	6183.A0A5K4FDV5	InterPro	IPR000742	EGF-like domain
A0A5K4FDV5	6183.A0A5K4FDV5	InterPro	IPR001791	Laminin G domain
A0A5K4FDV5	6183.A0A5K4FDV5	InterPro	IPR002049	Laminin-type EGF domain
A0A5K4FDV5	6183.A0A5K4FDV5	InterPro	IPR008211	Laminin, N-terminal
A0A5K4FDV5	6183.A0A5K4FDV5	InterPro	IPR013320	Concanavalin A-like lectin/glucanase domain superfamily
A0A5K4FDV5	6183.A0A5K4FDV5	InterPro	IPR050440	Laminin/Netrin Extracellular Matrix
A0A5K4FDV5	6183.A0A5K4FDV5	InterPro	IPR056863	Laminin/attractin/netrin-like, EGF domain
A0A5K4FDV5	6183.A0A5K4FDV5	SMART	SM00001	EGF domain, unclasssified subfamily
A0A5K4FDV5	6183.A0A5K4FDV5	SMART	SM00136	Laminin N-terminal domain (domain VI)
A0A5K4FDV5	6183.A0A5K4FDV5	SMART	SM00180	Laminin-type epidermal growth factor-like domai
A0A5K4FDX2	6183.A0A5K4FDX2	GO Process	GO:0009987	Cellular process
A0A5K4FDX2	6183.A0A5K4FDX2	GO Function	GO:0005198	Structural molecule activity
A0A5K4FDX2	6183.A0A5K4FDX2	GO Component	GO:0005581	Collagen trimer
A0A5K4FDX2	6183.A0A5K4FDX2	GO Component	GO:0032991	Protein-containing complex
A0A5K4FDX2	6183.A0A5K4FDX2	STRING clusters	CL:11459	Mixed, incl. Annexin superfamily, and Collagen biosynthesis and modifying enzymes
A0A5K4FDX2	6183.A0A5K4FDX2	STRING clusters	CL:11460	Mixed, incl. Collagen biosynthesis and modifying enzymes, and Calcium-binding EGF-like domain
A0A5K4FDX2	6183.A0A5K4FDX2	STRING clusters	CL:11572	Mixed, incl. Collagen trimer, and Integrin
A0A5K4FDX2	6183.A0A5K4FDX2	STRING clusters	CL:11573	Mixed, incl. Collagen trimer, and Integrin
A0A5K4FDX2	6183.A0A5K4FDX2	STRING clusters	CL:11576	Collagen triple helix repeat, and Integrin
A0A5K4FDX2	6183.A0A5K4FDX2	STRING clusters	CL:11577	Collagen triple helix repeat, and Integrin
A0A5K4FDX2	6183.A0A5K4FDX2	STRING clusters	CL:11581	Mixed, incl. Integrin, and Basement membrane
A0A5K4FDX2	6183.A0A5K4FDX2	KEGG	smm04512	ECM-receptor interaction
A0A5K4FDX2	6183.A0A5K4FDX2	Reactome	MAP-1474244	Extracellular matrix organization
A0A5K4FDX2	6183.A0A5K4FDX2	Reactome	MAP-1474290	Collagen formation
A0A5K4FDX2	6183.A0A5K4FDX2	Reactome	MAP-1650814	Collagen biosynthesis and modifying enzymes
A0A5K4FDX2	6183.A0A5K4FDX2	Reactome	MAP-8948216	Collagen chain trimerization
A0A5K4FDX2	6183.A0A5K4FDX2	COMPARTMENTS	GOCC:0005581	Collagen trimer
A0A5K4FDX2	6183.A0A5K4FDX2	COMPARTMENTS	GOCC:0032991	Protein-containing complex
A0A5K4FDX2	6183.A0A5K4FDX2	UniProt Keywords	KW-0176	Collagen
A0A5K4FDX2	6183.A0A5K4FDX2	UniProt Keywords	KW-0472	Membrane
A0A5K4FDX2	6183.A0A5K4FDX2	UniProt Keywords	KW-0812	Transmembrane
A0A5K4FDX2	6183.A0A5K4FDX2	UniProt Keywords	KW-0964	Secreted
A0A5K4FDX2	6183.A0A5K4FDX2	UniProt Keywords	KW-1133	Transmembrane helix
A0A5K4FDX2	6183.A0A5K4FDX2	Pfam	PF01391	Collagen triple helix repeat (20 copies)
A0A5K4FDX2	6183.A0A5K4FDX2	InterPro	IPR000885	Fibrillar collagen, C-terminal
A0A5K4FDX2	6183.A0A5K4FDX2	InterPro	IPR008160	Collagen triple helix repeat
A0A5K4FDX2	6183.A0A5K4FDX2	InterPro	IPR050938	Collagen and Collagen-like Structural Proteins
A0A5K4FDX2	6183.A0A5K4FDX2	SMART	SM00038	Fibrillar collagens C-terminal domain
ACT1_SCHMA	6183.P53470	GO Process	GO:0009653	Anatomical structure morphogenesis
ACT1_SCHMA	6183.P53470	GO Process	GO:0009987	Cellular process
ACT1_SCHMA	6183.P53470	GO Process	GO:0032502	Developmental process
ACT1_SCHMA	6183.P53470	GO Process	GO:0048856	Anatomical structure development
ACT1_SCHMA	6183.P53470	GO Function	GO:0000166	Nucleotide binding
ACT1_SCHMA	6183.P53470	GO Function	GO:0003824	Catalytic activity
ACT1_SCHMA	6183.P53470	GO Function	GO:0005488	Binding
ACT1_SCHMA	6183.P53470	GO Function	GO:0005524	ATP binding
ACT1_SCHMA	6183.P53470	GO Function	GO:0016787	Hydrolase activity
ACT1_SCHMA	6183.P53470	GO Function	GO:0017076	Purine nucleotide binding
ACT1_SCHMA	6183.P53470	GO Function	GO:0030554	Adenyl nucleotide binding
ACT1_SCHMA	6183.P53470	GO Function	GO:0032553	Ribonucleotide binding
ACT1_SCHMA	6183.P53470	GO Function	GO:0032555	Purine ribonucleotide binding
ACT1_SCHMA	6183.P53470	GO Function	GO:0032559	Adenyl ribonucleotide binding
ACT1_SCHMA	6183.P53470	GO Function	GO:0035639	Purine ribonucleoside triphosphate binding
ACT1_SCHMA	6183.P53470	GO Function	GO:0036094	Small molecule binding
ACT1_SCHMA	6183.P53470	GO Function	GO:0043167	Ion binding
ACT1_SCHMA	6183.P53470	GO Function	GO:0043168	Anion binding
ACT1_SCHMA	6183.P53470	GO Function	GO:0097367	Carbohydrate derivative binding
ACT1_SCHMA	6183.P53470	GO Function	GO:1901265	Nucleoside phosphate binding
ACT1_SCHMA	6183.P53470	GO Function	GO:1901363	Heterocyclic compound binding
ACT1_SCHMA	6183.P53470	GO Component	GO:0005622	Intracellular anatomical structure
ACT1_SCHMA	6183.P53470	GO Component	GO:0005856	Cytoskeleton
ACT1_SCHMA	6183.P53470	GO Component	GO:0043226	Organelle
ACT1_SCHMA	6183.P53470	GO Component	GO:0043228	Membraneless organelle
ACT1_SCHMA	6183.P53470	GO Component	GO:0043229	Intracellular organelle
ACT1_SCHMA	6183.P53470	GO Component	GO:0043232	Intracellular membraneless organelle
ACT1_SCHMA	6183.P53470	GO Component	GO:0110165	Cellular anatomical structure
ACT1_SCHMA	6183.P53470	STRING clusters	CL:11812	Mixed, incl. Actin filament-based process, and Cell-substrate junction
ACT1_SCHMA	6183.P53470	STRING clusters	CL:11813	Mixed, incl. Actin filament organization, and Regulation of actin filament organization
ACT1_SCHMA	6183.P53470	STRING clusters	CL:11940	Mixed, incl. RHO GTPases Activate WASPs and WAVEs, and Actin-depolymerising factor homology domain
ACT1_SCHMA	6183.P53470	STRING clusters	CL:11945	RHO GTPases Activate WASPs and WAVEs, and Positive regulation of actin filament polymerization
ACT1_SCHMA	6183.P53470	STRING clusters	CL:11947	RHO GTPases Activate WASPs and WAVEs
ACT1_SCHMA	6183.P53470	STRING clusters	CL:11949	Actin nucleation
ACT1_SCHMA	6183.P53470	KEGG	smm03082	ATP-dependent chromatin remodeling
ACT1_SCHMA	6183.P53470	KEGG	smm04145	Phagosome
ACT1_SCHMA	6183.P53470	KEGG	smm04814	Motor proteins
ACT1_SCHMA	6183.P53470	KEGG	smm04820	Cytoskeleton in muscle cells
ACT1_SCHMA	6183.P53470	KEGG	smm05100	Bacterial invasion of epithelial cells
ACT1_SCHMA	6183.P53470	Reactome	MAP-1500931	Cell-Cell communication
ACT1_SCHMA	6183.P53470	Reactome	MAP-418990	Adherens junctions interactions
ACT1_SCHMA	6183.P53470	Reactome	MAP-421270	Cell-cell junction organization
ACT1_SCHMA	6183.P53470	Reactome	MAP-446728	Cell junction organization
ACT1_SCHMA	6183.P53470	Reactome	MAP-9759476	Regulation of Homotypic Cell-Cell Adhesion
ACT1_SCHMA	6183.P53470	Reactome	MAP-9764265	Regulation of CDH1 Expression and Function
ACT1_SCHMA	6183.P53470	Reactome	MAP-9764274	Regulation of Expression and Function of Type I Classical Cadherins
ACT1_SCHMA	6183.P53470	Reactome	MAP-9764561	Regulation of CDH1 Function
ACT1_SCHMA	6183.P53470	COMPARTMENTS	GOCC:0005622	Intracellular anatomical structure
ACT1_SCHMA	6183.P53470	COMPARTMENTS	GOCC:0005856	Cytoskeleton
ACT1_SCHMA	6183.P53470	COMPARTMENTS	GOCC:0043226	Organelle
ACT1_SCHMA	6183.P53470	COMPARTMENTS	GOCC:0043228	Membraneless organelle
ACT1_SCHMA	6183.P53470	COMPARTMENTS	GOCC:0043229	Intracellular organelle
ACT1_SCHMA	6183.P53470	COMPARTMENTS	GOCC:0043232	Intracellular membraneless organelle
ACT1_SCHMA	6183.P53470	COMPARTMENTS	GOCC:0110165	Cellular anatomical structure
ACT1_SCHMA	6183.P53470	UniProt Keywords	KW-0067	ATP-binding
ACT1_SCHMA	6183.P53470	UniProt Keywords	KW-0206	Cytoskeleton
ACT1_SCHMA	6183.P53470	UniProt Keywords	KW-0378	Hydrolase
ACT1_SCHMA	6183.P53470	UniProt Keywords	KW-0547	Nucleotide-binding
ACT1_SCHMA	6183.P53470	UniProt Keywords	KW-0963	Cytoplasm
ACT1_SCHMA	6183.P53470	InterPro	IPR004000	Actin family
ACT1_SCHMA	6183.P53470	InterPro	IPR004001	Actin, conserved site
ACT1_SCHMA	6183.P53470	InterPro	IPR020902	Actin/actin-like conserved site
ACT1_SCHMA	6183.P53470	InterPro	IPR043129	ATPase, nucleotide binding domain
ACT1_SCHMA	6183.P53470	SMART	SM00268	Actin
ACT2_SCHMA	6183.P53471	GO Process	GO:0009653	Anatomical structure morphogenesis
ACT2_SCHMA	6183.P53471	GO Process	GO:0009987	Cellular process
ACT2_SCHMA	6183.P53471	GO Process	GO:0032502	Developmental process
ACT2_SCHMA	6183.P53471	GO Process	GO:0048856	Anatomical structure development
ACT2_SCHMA	6183.P53471	GO Function	GO:0000166	Nucleotide binding
ACT2_SCHMA	6183.P53471	GO Function	GO:0003824	Catalytic activity
ACT2_SCHMA	6183.P53471	GO Function	GO:0005488	Binding
ACT2_SCHMA	6183.P53471	GO Function	GO:0005524	ATP binding
ACT2_SCHMA	6183.P53471	GO Function	GO:0016787	Hydrolase activity
ACT2_SCHMA	6183.P53471	GO Function	GO:0017076	Purine nucleotide binding
ACT2_SCHMA	6183.P53471	GO Function	GO:0030554	Adenyl nucleotide binding
ACT2_SCHMA	6183.P53471	GO Function	GO:0032553	Ribonucleotide binding
ACT2_SCHMA	6183.P53471	GO Function	GO:0032555	Purine ribonucleotide binding
ACT2_SCHMA	6183.P53471	GO Function	GO:0032559	Adenyl ribonucleotide binding
ACT2_SCHMA	6183.P53471	GO Function	GO:0035639	Purine ribonucleoside triphosphate binding
ACT2_SCHMA	6183.P53471	GO Function	GO:0036094	Small molecule binding
ACT2_SCHMA	6183.P53471	GO Function	GO:0043167	Ion binding
ACT2_SCHMA	6183.P53471	GO Function	GO:0043168	Anion binding
ACT2_SCHMA	6183.P53471	GO Function	GO:0097367	Carbohydrate derivative binding
ACT2_SCHMA	6183.P53471	GO Function	GO:1901265	Nucleoside phosphate binding
ACT2_SCHMA	6183.P53471	GO Function	GO:1901363	Heterocyclic compound binding
ACT2_SCHMA	6183.P53471	GO Component	GO:0005622	Intracellular anatomical structure
ACT2_SCHMA	6183.P53471	GO Component	GO:0005856	Cytoskeleton
ACT2_SCHMA	6183.P53471	GO Component	GO:0043226	Organelle
ACT2_SCHMA	6183.P53471	GO Component	GO:0043228	Membraneless organelle
ACT2_SCHMA	6183.P53471	GO Component	GO:0043229	Intracellular organelle
ACT2_SCHMA	6183.P53471	GO Component	GO:0043232	Intracellular membraneless organelle
ACT2_SCHMA	6183.P53471	GO Component	GO:0110165	Cellular anatomical structure
ACT2_SCHMA	6183.P53471	STRING clusters	CL:11812	Mixed, incl. Actin filament-based process, and Cell-substrate junction
ACT2_SCHMA	6183.P53471	STRING clusters	CL:12039	Cell-substrate junction, and Non-membrane spanning protein tyrosine kinase activity
ACT2_SCHMA	6183.P53471	STRING clusters	CL:12041	Focal adhesion, and Non-membrane spanning protein tyrosine kinase activity
ACT2_SCHMA	6183.P53471	STRING clusters	CL:12077	Alpha-catenin/vinculin-like superfamily, and Filamentous actin
ACT2_SCHMA	6183.P53471	STRING clusters	CL:12080	Filamentous actin, and Ca2+ insensitive EF hand
ACT2_SCHMA	6183.P53471	KEGG	smm03082	ATP-dependent chromatin remodeling
ACT2_SCHMA	6183.P53471	KEGG	smm04145	Phagosome
ACT2_SCHMA	6183.P53471	KEGG	smm04814	Motor proteins
ACT2_SCHMA	6183.P53471	KEGG	smm04820	Cytoskeleton in muscle cells
ACT2_SCHMA	6183.P53471	KEGG	smm05100	Bacterial invasion of epithelial cells
ACT2_SCHMA	6183.P53471	Reactome	MAP-1500931	Cell-Cell communication
ACT2_SCHMA	6183.P53471	Reactome	MAP-418990	Adherens junctions interactions
ACT2_SCHMA	6183.P53471	Reactome	MAP-421270	Cell-cell junction organization
ACT2_SCHMA	6183.P53471	Reactome	MAP-446728	Cell junction organization
ACT2_SCHMA	6183.P53471	Reactome	MAP-9759476	Regulation of Homotypic Cell-Cell Adhesion
ACT2_SCHMA	6183.P53471	Reactome	MAP-9764265	Regulation of CDH1 Expression and Function
ACT2_SCHMA	6183.P53471	Reactome	MAP-9764274	Regulation of Expression and Function of Type I Classical Cadherins
ACT2_SCHMA	6183.P53471	Reactome	MAP-9764561	Regulation of CDH1 Function
ACT2_SCHMA	6183.P53471	COMPARTMENTS	GOCC:0005622	Intracellular anatomical structure
ACT2_SCHMA	6183.P53471	COMPARTMENTS	GOCC:0005856	Cytoskeleton
ACT2_SCHMA	6183.P53471	COMPARTMENTS	GOCC:0043226	Organelle
ACT2_SCHMA	6183.P53471	COMPARTMENTS	GOCC:0043228	Membraneless organelle
ACT2_SCHMA	6183.P53471	COMPARTMENTS	GOCC:0043229	Intracellular organelle
ACT2_SCHMA	6183.P53471	COMPARTMENTS	GOCC:0043232	Intracellular membraneless organelle
ACT2_SCHMA	6183.P53471	COMPARTMENTS	GOCC:0110165	Cellular anatomical structure
ACT2_SCHMA	6183.P53471	UniProt Keywords	KW-0067	ATP-binding
ACT2_SCHMA	6183.P53471	UniProt Keywords	KW-0206	Cytoskeleton
ACT2_SCHMA	6183.P53471	UniProt Keywords	KW-0378	Hydrolase
ACT2_SCHMA	6183.P53471	UniProt Keywords	KW-0547	Nucleotide-binding
ACT2_SCHMA	6183.P53471	UniProt Keywords	KW-0963	Cytoplasm
ACT2_SCHMA	6183.P53471	InterPro	IPR004000	Actin family
ACT2_SCHMA	6183.P53471	InterPro	IPR004001	Actin, conserved site
ACT2_SCHMA	6183.P53471	InterPro	IPR020902	Actin/actin-like conserved site
ACT2_SCHMA	6183.P53471	InterPro	IPR043129	ATPase, nucleotide binding domain
ACT2_SCHMA	6183.P53471	SMART	SM00268	Actin
B1AAM6_SCHMA	6183.B1AAM6	GO Function	GO:0003712	Transcription coregulator activity
B1AAM6_SCHMA	6183.B1AAM6	GO Function	GO:0005488	Binding
B1AAM6_SCHMA	6183.B1AAM6	GO Function	GO:0008270	Zinc ion binding
B1AAM6_SCHMA	6183.B1AAM6	GO Function	GO:0030674	Protein-macromolecule adaptor activity
B1AAM6_SCHMA	6183.B1AAM6	GO Function	GO:0036094	Small molecule binding
B1AAM6_SCHMA	6183.B1AAM6	GO Function	GO:0043167	Ion binding
B1AAM6_SCHMA	6183.B1AAM6	GO Function	GO:0043169	Cation binding
B1AAM6_SCHMA	6183.B1AAM6	GO Function	GO:0046872	Metal ion binding
B1AAM6_SCHMA	6183.B1AAM6	GO Function	GO:0046914	Transition metal ion binding
B1AAM6_SCHMA	6183.B1AAM6	GO Function	GO:0060090	Molecular adaptor activity
B1AAM6_SCHMA	6183.B1AAM6	GO Function	GO:0140110	Transcription regulator activity
B1AAM6_SCHMA	6183.B1AAM6	GO Component	GO:0005622	Intracellular anatomical structure
B1AAM6_SCHMA	6183.B1AAM6	GO Component	GO:0005634	Nucleus
B1AAM6_SCHMA	6183.B1AAM6	GO Component	GO:0005737	Cytoplasm
B1AAM6_SCHMA	6183.B1AAM6	GO Component	GO:0030016	Myofibril
B1AAM6_SCHMA	6183.B1AAM6	GO Component	GO:0030017	Sarcomere
B1AAM6_SCHMA	6183.B1AAM6	GO Component	GO:0030018	Z disc
B1AAM6_SCHMA	6183.B1AAM6	GO Component	GO:0031674	I band
B1AAM6_SCHMA	6183.B1AAM6	GO Component	GO:0043226	Organelle
B1AAM6_SCHMA	6183.B1AAM6	GO Component	GO:0043227	Membrane-bounded organelle
B1AAM6_SCHMA	6183.B1AAM6	GO Component	GO:0043228	Membraneless organelle
B1AAM6_SCHMA	6183.B1AAM6	GO Component	GO:0043229	Intracellular organelle
B1AAM6_SCHMA	6183.B1AAM6	GO Component	GO:0043231	Intracellular membrane-bounded organelle
B1AAM6_SCHMA	6183.B1AAM6	GO Component	GO:0043232	Intracellular membraneless organelle
B1AAM6_SCHMA	6183.B1AAM6	GO Component	GO:0043292	Contractile muscle fiber
B1AAM6_SCHMA	6183.B1AAM6	GO Component	GO:0099080	Supramolecular complex
B1AAM6_SCHMA	6183.B1AAM6	GO Component	GO:0099081	Supramolecular polymer
B1AAM6_SCHMA	6183.B1AAM6	GO Component	GO:0099512	Supramolecular fiber
B1AAM6_SCHMA	6183.B1AAM6	GO Component	GO:0110165	Cellular anatomical structure
B1AAM6_SCHMA	6183.B1AAM6	STRING clusters	CL:16064	Mixed, incl. Wnt signaling pathway, and Cell surface receptor protein serine/threonine kinase signaling pathway
B1AAM6_SCHMA	6183.B1AAM6	STRING clusters	CL:16065	Mixed, incl. Wnt signaling pathway, and Regulation of canonical Wnt signaling pathway
B1AAM6_SCHMA	6183.B1AAM6	STRING clusters	CL:16067	Wnt signaling pathway, and Protein Tyrosine Phosphatase
B1AAM6_SCHMA	6183.B1AAM6	Reactome	MAP-1430728	Metabolism
B1AAM6_SCHMA	6183.B1AAM6	Reactome	MAP-400206	Regulation of lipid metabolism by PPARalpha
B1AAM6_SCHMA	6183.B1AAM6	Reactome	MAP-556833	Metabolism of lipids
B1AAM6_SCHMA	6183.B1AAM6	COMPARTMENTS	GOCC:0005622	Intracellular anatomical structure
B1AAM6_SCHMA	6183.B1AAM6	COMPARTMENTS	GOCC:0005737	Cytoplasm
B1AAM6_SCHMA	6183.B1AAM6	COMPARTMENTS	GOCC:0030016	Myofibril
B1AAM6_SCHMA	6183.B1AAM6	COMPARTMENTS	GOCC:0030017	Sarcomere
B1AAM6_SCHMA	6183.B1AAM6	COMPARTMENTS	GOCC:0030018	Z disc
B1AAM6_SCHMA	6183.B1AAM6	COMPARTMENTS	GOCC:0031674	I band
B1AAM6_SCHMA	6183.B1AAM6	COMPARTMENTS	GOCC:0043226	Organelle
B1AAM6_SCHMA	6183.B1AAM6	COMPARTMENTS	GOCC:0043228	Membraneless organelle
B1AAM6_SCHMA	6183.B1AAM6	COMPARTMENTS	GOCC:0043229	Intracellular organelle
B1AAM6_SCHMA	6183.B1AAM6	COMPARTMENTS	GOCC:0043232	Intracellular membraneless organelle
B1AAM6_SCHMA	6183.B1AAM6	COMPARTMENTS	GOCC:0043292	Contractile muscle fiber
B1AAM6_SCHMA	6183.B1AAM6	COMPARTMENTS	GOCC:0099080	Supramolecular complex
B1AAM6_SCHMA	6183.B1AAM6	COMPARTMENTS	GOCC:0099081	Supramolecular polymer
B1AAM6_SCHMA	6183.B1AAM6	COMPARTMENTS	GOCC:0099512	Supramolecular fiber
B1AAM6_SCHMA	6183.B1AAM6	COMPARTMENTS	GOCC:0110165	Cellular anatomical structure
B1AAM6_SCHMA	6183.B1AAM6	UniProt Keywords	KW-0440	LIM domain
B1AAM6_SCHMA	6183.B1AAM6	UniProt Keywords	KW-0479	Metal-binding
B1AAM6_SCHMA	6183.B1AAM6	UniProt Keywords	KW-0677	Repeat
B1AAM6_SCHMA	6183.B1AAM6	UniProt Keywords	KW-0862	Zinc
B1AAM6_SCHMA	6183.B1AAM6	UniProt Keywords	KW-0863	Zinc-finger
B1AAM6_SCHMA	6183.B1AAM6	Pfam	PF06297	PET Domain
B1AAM6_SCHMA	6183.B1AAM6	InterPro	IPR001781	Zinc finger, LIM-type
B1AAM6_SCHMA	6183.B1AAM6	InterPro	IPR010442	PET domain
B1AAM6_SCHMA	6183.B1AAM6	InterPro	IPR056807	FHL1/2/3/5, N-terminal LIM domain
B1AAM6_SCHMA	6183.B1AAM6	SMART	SM00132	Zinc-binding domain present in Lin-11, Isl-1, Mec-3.
Smp_014780.2	6183.G4VBW4	GO Process	GO:0006996	Organelle organization
Smp_014780.2	6183.G4VBW4	GO Process	GO:0007010	Cytoskeleton organization
Smp_014780.2	6183.G4VBW4	GO Process	GO:0009987	Cellular process
Smp_014780.2	6183.G4VBW4	GO Process	GO:0016043	Cellular component organization
Smp_014780.2	6183.G4VBW4	GO Process	GO:0022607	Cellular component assembly
Smp_014780.2	6183.G4VBW4	GO Process	GO:0030029	Actin filament-based process
Smp_014780.2	6183.G4VBW4	GO Process	GO:0030036	Actin cytoskeleton organization
Smp_014780.2	6183.G4VBW4	GO Process	GO:0030154	Cell differentiation
Smp_014780.2	6183.G4VBW4	GO Process	GO:0032502	Developmental process
Smp_014780.2	6183.G4VBW4	GO Process	GO:0044085	Cellular component biogenesis
Smp_014780.2	6183.G4VBW4	GO Process	GO:0048468	Cell development
Smp_014780.2	6183.G4VBW4	GO Process	GO:0048856	Anatomical structure development
Smp_014780.2	6183.G4VBW4	GO Process	GO:0048869	Cellular developmental process
Smp_014780.2	6183.G4VBW4	GO Process	GO:0071840	Cellular component organization or biogenesis
Smp_014780.2	6183.G4VBW4	GO Function	GO:0003779	Actin binding
Smp_014780.2	6183.G4VBW4	GO Function	GO:0005488	Binding
Smp_014780.2	6183.G4VBW4	GO Function	GO:0005509	Calcium ion binding
Smp_014780.2	6183.G4VBW4	GO Function	GO:0005515	Protein binding
Smp_014780.2	6183.G4VBW4	GO Function	GO:0008092	Cytoskeletal protein binding
Smp_014780.2	6183.G4VBW4	GO Function	GO:0036094	Small molecule binding
Smp_014780.2	6183.G4VBW4	GO Function	GO:0043167	Ion binding
Smp_014780.2	6183.G4VBW4	GO Function	GO:0043169	Cation binding
Smp_014780.2	6183.G4VBW4	GO Function	GO:0044877	Protein-containing complex binding
Smp_014780.2	6183.G4VBW4	GO Function	GO:0046872	Metal ion binding
Smp_014780.2	6183.G4VBW4	GO Function	GO:0051015	Actin filament binding
Smp_014780.2	6183.G4VBW4	GO Component	GO:0005622	Intracellular anatomical structure
Smp_014780.2	6183.G4VBW4	GO Component	GO:0005737	Cytoplasm
Smp_014780.2	6183.G4VBW4	GO Component	GO:0005856	Cytoskeleton
Smp_014780.2	6183.G4VBW4	GO Component	GO:0005886	Plasma membrane
Smp_014780.2	6183.G4VBW4	GO Component	GO:0005938	Cell cortex
Smp_014780.2	6183.G4VBW4	GO Component	GO:0015629	Actin cytoskeleton
Smp_014780.2	6183.G4VBW4	GO Component	GO:0016020	Membrane
Smp_014780.2	6183.G4VBW4	GO Component	GO:0030016	Myofibril
Smp_014780.2	6183.G4VBW4	GO Component	GO:0030017	Sarcomere
Smp_014780.2	6183.G4VBW4	GO Component	GO:0030018	Z disc
Smp_014780.2	6183.G4VBW4	GO Component	GO:0030054	Cell junction
Smp_014780.2	6183.G4VBW4	GO Component	GO:0030863	Cortical cytoskeleton
Smp_014780.2	6183.G4VBW4	GO Component	GO:0030864	Cortical actin cytoskeleton
Smp_014780.2	6183.G4VBW4	GO Component	GO:0031674	I band
Smp_014780.2	6183.G4VBW4	GO Component	GO:0042995	Cell projection
Smp_014780.2	6183.G4VBW4	GO Component	GO:0043226	Organelle
Smp_014780.2	6183.G4VBW4	GO Component	GO:0043228	Membraneless organelle
Smp_014780.2	6183.G4VBW4	GO Component	GO:0043229	Intracellular organelle
Smp_014780.2	6183.G4VBW4	GO Component	GO:0043232	Intracellular membraneless organelle
Smp_014780.2	6183.G4VBW4	GO Component	GO:0043292	Contractile muscle fiber
Smp_014780.2	6183.G4VBW4	GO Component	GO:0070161	Anchoring junction
Smp_014780.2	6183.G4VBW4	GO Component	GO:0071944	Cell periphery
Smp_014780.2	6183.G4VBW4	GO Component	GO:0099080	Supramolecular complex
Smp_014780.2	6183.G4VBW4	GO Component	GO:0099081	Supramolecular polymer
Smp_014780.2	6183.G4VBW4	GO Component	GO:0099512	Supramolecular fiber
Smp_014780.2	6183.G4VBW4	GO Component	GO:0110165	Cellular anatomical structure
Smp_014780.2	6183.G4VBW4	STRING clusters	CL:10765	Mixed, incl. EF-hand, calcium binding motif, and Muscle contraction
Smp_014780.2	6183.G4VBW4	STRING clusters	CL:10767	Mixed, incl. EF-hand, calcium binding motif, and Muscle contraction
Smp_014780.2	6183.G4VBW4	STRING clusters	CL:10768	Mixed, incl. Myosin complex, and Muscle contraction
Smp_014780.2	6183.G4VBW4	STRING clusters	CL:10769	Mixed, incl. Myosin complex, and Muscle contraction
Smp_014780.2	6183.G4VBW4	STRING clusters	CL:10770	Mixed, incl. Myosin complex, and Muscle contraction
Smp_014780.2	6183.G4VBW4	STRING clusters	CL:10774	Mixed, incl. Myosin complex, and Muscle contraction
Smp_014780.2	6183.G4VBW4	STRING clusters	CL:10779	Mixed, incl. Myosin complex, and Muscle contraction
Smp_014780.2	6183.G4VBW4	STRING clusters	CL:10783	Mixed, incl. Myosin complex, and Muscle contraction
Smp_014780.2	6183.G4VBW4	STRING clusters	CL:10786	Calmodulin/Myosin light chain/Troponin C-like, and Muscle contraction
Smp_014780.2	6183.G4VBW4	STRING clusters	CL:10787	Muscle contraction, and Myosin tail
Smp_014780.2	6183.G4VBW4	Reactome	MAP-109582	Hemostasis
Smp_014780.2	6183.G4VBW4	Reactome	MAP-114608	Platelet degranulation
Smp_014780.2	6183.G4VBW4	Reactome	MAP-76002	Platelet activation, signaling and aggregation
Smp_014780.2	6183.G4VBW4	Reactome	MAP-76005	Response to elevated platelet cytosolic Ca2+
Smp_014780.2	6183.G4VBW4	COMPARTMENTS	GOCC:0005622	Intracellular anatomical structure
Smp_014780.2	6183.G4VBW4	COMPARTMENTS	GOCC:0043226	Organelle
Smp_014780.2	6183.G4VBW4	COMPARTMENTS	GOCC:0043229	Intracellular organelle
Smp_014780.2	6183.G4VBW4	COMPARTMENTS	GOCC:0110165	Cellular anatomical structure
Smp_014780.2	6183.G4VBW4	UniProt Keywords	KW-0009	Actin-binding
Smp_014780.2	6183.G4VBW4	UniProt Keywords	KW-0106	Calcium
Smp_014780.2	6183.G4VBW4	UniProt Keywords	KW-0175	Coiled coil
Smp_014780.2	6183.G4VBW4	UniProt Keywords	KW-0479	Metal-binding
Smp_014780.2	6183.G4VBW4	UniProt Keywords	KW-0677	Repeat
Smp_014780.2	6183.G4VBW4	InterPro	IPR001589	Actinin-type actin-binding domain, conserved site
Smp_014780.2	6183.G4VBW4	InterPro	IPR001715	Calponin homology domain
Smp_014780.2	6183.G4VBW4	InterPro	IPR002017	Spectrin repeat
Smp_014780.2	6183.G4VBW4	InterPro	IPR002048	EF-hand domain
Smp_014780.2	6183.G4VBW4	InterPro	IPR011992	EF-hand domain pair
Smp_014780.2	6183.G4VBW4	InterPro	IPR014837	EF-hand, Ca insensitive
Smp_014780.2	6183.G4VBW4	InterPro	IPR018159	Spectrin/alpha-actinin
Smp_014780.2	6183.G4VBW4	InterPro	IPR018247	EF-Hand 1, calcium-binding site
Smp_014780.2	6183.G4VBW4	InterPro	IPR036872	CH domain superfamily
Smp_014780.2	6183.G4VBW4	SMART	SM00033	Calponin homology domain
Smp_014780.2	6183.G4VBW4	SMART	SM00054	EF-hand, calcium binding motif
Smp_014780.2	6183.G4VBW4	SMART	SM00150	Spectrin repeats
Smp_014780.2	6183.G4VBW4	SMART	SM01184	Ca2+ insensitive EF hand
Smp_053420	6183.G4VRK9	GO Process	GO:0007154	Cell communication
Smp_053420	6183.G4VRK9	GO Process	GO:0007155	Cell adhesion
Smp_053420	6183.G4VRK9	GO Process	GO:0007160	Cell-matrix adhesion
Smp_053420	6183.G4VRK9	GO Process	GO:0007165	Signal transduction
Smp_053420	6183.G4VRK9	GO Process	GO:0007166	Cell surface receptor signaling pathway
Smp_053420	6183.G4VRK9	GO Process	GO:0007229	Integrin-mediated signaling pathway
Smp_053420	6183.G4VRK9	GO Process	GO:0009987	Cellular process
Smp_053420	6183.G4VRK9	GO Process	GO:0023052	Signaling
Smp_053420	6183.G4VRK9	GO Process	GO:0031589	Cell-substrate adhesion
Smp_053420	6183.G4VRK9	GO Process	GO:0050789	Regulation of biological process
Smp_053420	6183.G4VRK9	GO Process	GO:0050794	Regulation of cellular process
Smp_053420	6183.G4VRK9	GO Process	GO:0050896	Response to stimulus
Smp_053420	6183.G4VRK9	GO Process	GO:0051716	Cellular response to stimulus
Smp_053420	6183.G4VRK9	GO Process	GO:0065007	Biological regulation
Smp_053420	6183.G4VRK9	GO Function	GO:0005102	Signaling receptor binding
Smp_053420	6183.G4VRK9	GO Function	GO:0005178	Integrin binding
Smp_053420	6183.G4VRK9	GO Function	GO:0005488	Binding
Smp_053420	6183.G4VRK9	GO Function	GO:0005515	Protein binding
Smp_053420	6183.G4VRK9	GO Function	GO:0044877	Protein-containing complex binding
Smp_053420	6183.G4VRK9	GO Function	GO:0050839	Cell adhesion molecule binding
Smp_053420	6183.G4VRK9	GO Component	GO:0030054	Cell junction
Smp_053420	6183.G4VRK9	GO Component	GO:0030055	Cell-substrate junction
Smp_053420	6183.G4VRK9	GO Component	GO:0042995	Cell projection
Smp_053420	6183.G4VRK9	GO Component	GO:0070161	Anchoring junction
Smp_053420	6183.G4VRK9	GO Component	GO:0110165	Cellular anatomical structure
Smp_053420	6183.G4VRK9	STRING clusters	CL:11812	Mixed, incl. Actin filament-based process, and Cell-substrate junction
Smp_053420	6183.G4VRK9	STRING clusters	CL:12039	Cell-substrate junction, and Non-membrane spanning protein tyrosine kinase activity
Smp_053420	6183.G4VRK9	STRING clusters	CL:12116	Cell-extracellular matrix interactions
Smp_053420	6183.G4VRK9	Reactome	MAP-1500931	Cell-Cell communication
Smp_053420	6183.G4VRK9	Reactome	MAP-162582	Signal Transduction
Smp_053420	6183.G4VRK9	Reactome	MAP-194315	Signaling by Rho GTPases
Smp_053420	6183.G4VRK9	Reactome	MAP-446353	Cell-extracellular matrix interactions
Smp_053420	6183.G4VRK9	Reactome	MAP-446728	Cell junction organization
Smp_053420	6183.G4VRK9	Reactome	MAP-9012999	RHO GTPase cycle
Smp_053420	6183.G4VRK9	Reactome	MAP-9013149	RAC1 GTPase cycle
Smp_053420	6183.G4VRK9	Reactome	MAP-9013423	RAC3 GTPase cycle
Smp_053420	6183.G4VRK9	Reactome	MAP-9716542	Signaling by Rho GTPases, Miro GTPases and RHOBTB3
Smp_053420	6183.G4VRK9	COMPARTMENTS	GOCC:0030054	Cell junction
Smp_053420	6183.G4VRK9	COMPARTMENTS	GOCC:0030055	Cell-substrate junction
Smp_053420	6183.G4VRK9	COMPARTMENTS	GOCC:0070161	Anchoring junction
Smp_053420	6183.G4VRK9	COMPARTMENTS	GOCC:0110165	Cellular anatomical structure
Smp_053420	6183.G4VRK9	InterPro	IPR001849	Pleckstrin homology domain
Smp_053420	6183.G4VRK9	InterPro	IPR011993	PH-like domain superfamily
Smp_053420	6183.G4VRK9	InterPro	IPR014352	FERM/acyl-CoA-binding protein superfamily
Smp_053420	6183.G4VRK9	InterPro	IPR019748	FERM central domain
Smp_053420	6183.G4VRK9	InterPro	IPR019749	Band 4.1 domain
Smp_053420	6183.G4VRK9	InterPro	IPR035963	FERM superfamily, second domain
Smp_053420	6183.G4VRK9	InterPro	IPR037843	Kindlin/fermitin
Smp_053420	6183.G4VRK9	InterPro	IPR040790	Kindlin-2, N-terminal
Smp_053420	6183.G4VRK9	SMART	SM00233	Pleckstrin homology domain.
Smp_063040	6183.G4LXV8	GO Process	GO:0006325	Chromatin organization
Smp_063040	6183.G4LXV8	GO Process	GO:0006338	Chromatin remodeling
Smp_063040	6183.G4LXV8	GO Process	GO:0006355	Regulation of DNA-templated transcription
Smp_063040	6183.G4LXV8	GO Process	GO:0006357	Regulation of transcription by RNA polymerase II
Smp_063040	6183.G4LXV8	GO Process	GO:0007275	Multicellular organism development
Smp_063040	6183.G4LXV8	GO Process	GO:0007399	Nervous system development
Smp_063040	6183.G4LXV8	GO Process	GO:0009889	Regulation of biosynthetic process
Smp_063040	6183.G4LXV8	GO Process	GO:0009893	Positive regulation of metabolic process
Smp_063040	6183.G4LXV8	GO Process	GO:0009987	Cellular process
Smp_063040	6183.G4LXV8	GO Process	GO:0010468	Regulation of gene expression
Smp_063040	6183.G4LXV8	GO Process	GO:0010556	Regulation of macromolecule biosynthetic process
Smp_063040	6183.G4LXV8	GO Process	GO:0010604	Positive regulation of macromolecule metabolic process
Smp_063040	6183.G4LXV8	GO Process	GO:0016043	Cellular component organization
Smp_063040	6183.G4LXV8	GO Process	GO:0019219	Regulation of nucleobase-containing compound metabolic process
Smp_063040	6183.G4LXV8	GO Process	GO:0019222	Regulation of metabolic process
Smp_063040	6183.G4LXV8	GO Process	GO:0032501	Multicellular organismal process
Smp_063040	6183.G4LXV8	GO Process	GO:0032502	Developmental process
Smp_063040	6183.G4LXV8	GO Process	GO:0045935	Positive regulation of nucleobase-containing compound metabolic process
Smp_063040	6183.G4LXV8	GO Process	GO:0048518	Positive regulation of biological process
Smp_063040	6183.G4LXV8	GO Process	GO:0048522	Positive regulation of cellular process
Smp_063040	6183.G4LXV8	GO Process	GO:0048731	System development
Smp_063040	6183.G4LXV8	GO Process	GO:0048856	Anatomical structure development
Smp_063040	6183.G4LXV8	GO Process	GO:0050789	Regulation of biological process
Smp_063040	6183.G4LXV8	GO Process	GO:0050794	Regulation of cellular process
Smp_063040	6183.G4LXV8	GO Process	GO:0051252	Regulation of RNA metabolic process
Smp_063040	6183.G4LXV8	GO Process	GO:0060255	Regulation of macromolecule metabolic process
Smp_063040	6183.G4LXV8	GO Process	GO:0065007	Biological regulation
Smp_063040	6183.G4LXV8	GO Process	GO:0071840	Cellular component organization or biogenesis
Smp_063040	6183.G4LXV8	GO Process	GO:0080090	Regulation of primary metabolic process
Smp_063040	6183.G4LXV8	GO Process	GO:2001141	Regulation of RNA biosynthetic process
Smp_063040	6183.G4LXV8	GO Function	GO:0003682	Chromatin binding
Smp_063040	6183.G4LXV8	GO Function	GO:0005488	Binding
Smp_063040	6183.G4LXV8	GO Component	GO:0000123	Histone acetyltransferase complex
Smp_063040	6183.G4LXV8	GO Component	GO:0000785	Chromatin
Smp_063040	6183.G4LXV8	GO Component	GO:0005622	Intracellular anatomical structure
Smp_063040	6183.G4LXV8	GO Component	GO:0005634	Nucleus
Smp_063040	6183.G4LXV8	GO Component	GO:0005694	Chromosome
Smp_063040	6183.G4LXV8	GO Component	GO:0016514	SWI/SNF complex
Smp_063040	6183.G4LXV8	GO Component	GO:0031248	Protein acetyltransferase complex
Smp_063040	6183.G4LXV8	GO Component	GO:0032991	Protein-containing complex
Smp_063040	6183.G4LXV8	GO Component	GO:0035267	NuA4 histone acetyltransferase complex
Smp_063040	6183.G4LXV8	GO Component	GO:0043189	H4/H2A histone acetyltransferase complex
Smp_063040	6183.G4LXV8	GO Component	GO:0043226	Organelle
Smp_063040	6183.G4LXV8	GO Component	GO:0043227	Membrane-bounded organelle
Smp_063040	6183.G4LXV8	GO Component	GO:0043228	Membraneless organelle
Smp_063040	6183.G4LXV8	GO Component	GO:0043229	Intracellular organelle
Smp_063040	6183.G4LXV8	GO Component	GO:0043231	Intracellular membrane-bounded organelle
Smp_063040	6183.G4LXV8	GO Component	GO:0043232	Intracellular membraneless organelle
Smp_063040	6183.G4LXV8	GO Component	GO:0070603	SWI/SNF superfamily-type complex
Smp_063040	6183.G4LXV8	GO Component	GO:0110165	Cellular anatomical structure
Smp_063040	6183.G4LXV8	GO Component	GO:0140513	Nuclear protein-containing complex
Smp_063040	6183.G4LXV8	GO Component	GO:0140535	Intracellular protein-containing complex
Smp_063040	6183.G4LXV8	GO Component	GO:1902493	Acetyltransferase complex
Smp_063040	6183.G4LXV8	GO Component	GO:1902494	Catalytic complex
Smp_063040	6183.G4LXV8	GO Component	GO:1902562	H4 histone acetyltransferase complex
Smp_063040	6183.G4LXV8	GO Component	GO:1904949	ATPase complex
Smp_063040	6183.G4LXV8	GO Component	GO:1990234	Transferase complex
Smp_063040	6183.G4LXV8	STRING clusters	CL:1002	SWI/SNF chromatin remodelers
Smp_063040	6183.G4LXV8	STRING clusters	CL:1006	Formation of the polybromo-BAF (pBAF) complex, and DPF1-3, N-terminal domain
Smp_063040	6183.G4LXV8	STRING clusters	CL:1010	SWI/SNF complex, and npBAF complex
Smp_063040	6183.G4LXV8	STRING clusters	CL:1015	SWI/SNF complex
Smp_063040	6183.G4LXV8	STRING clusters	CL:1020	Formation of the non-canonical BAF (ncBAF) complex, and nBAF complex
Smp_063040	6183.G4LXV8	STRING clusters	CL:814	SWI/SNF chromatin remodelers, and Zinc finger C2H2 superfamily
Smp_063040	6183.G4LXV8	STRING clusters	CL:982	SWI/SNF chromatin remodelers, and SWIB domain
Smp_063040	6183.G4LXV8	STRING clusters	CL:987	SWI/SNF chromatin remodelers, and SWIB domain
Smp_063040	6183.G4LXV8	STRING clusters	CL:991	SWI/SNF chromatin remodelers
Smp_063040	6183.G4LXV8	STRING clusters	CL:994	SWI/SNF chromatin remodelers
Smp_063040	6183.G4LXV8	STRING clusters	CL:999	SWI/SNF chromatin remodelers
Smp_063040	6183.G4LXV8	KEGG	smm03082	ATP-dependent chromatin remodeling
Smp_063040	6183.G4LXV8	Reactome	MAP-212436	Generic Transcription Pathway
Smp_063040	6183.G4LXV8	Reactome	MAP-3214858	RMTs methylate histone arginines
Smp_063040	6183.G4LXV8	Reactome	MAP-3247509	Chromatin modifying enzymes
Smp_063040	6183.G4LXV8	Reactome	MAP-4839726	Chromatin organization
Smp_063040	6183.G4LXV8	Reactome	MAP-73857	RNA Polymerase II Transcription
Smp_063040	6183.G4LXV8	Reactome	MAP-74160	Gene expression (Transcription)
Smp_063040	6183.G4LXV8	Reactome	MAP-8878171	Transcriptional regulation by RUNX1
Smp_063040	6183.G4LXV8	Reactome	MAP-8939243	RUNX1 interacts with co-factors whose precise effect on RUNX1 targets is not known
Smp_063040	6183.G4LXV8	COMPARTMENTS	GOCC:0000785	Chromatin
Smp_063040	6183.G4LXV8	COMPARTMENTS	GOCC:0005622	Intracellular anatomical structure
Smp_063040	6183.G4LXV8	COMPARTMENTS	GOCC:0005634	Nucleus
Smp_063040	6183.G4LXV8	COMPARTMENTS	GOCC:0005694	Chromosome
Smp_063040	6183.G4LXV8	COMPARTMENTS	GOCC:0016514	SWI/SNF complex
Smp_063040	6183.G4LXV8	COMPARTMENTS	GOCC:0032991	Protein-containing complex
Smp_063040	6183.G4LXV8	COMPARTMENTS	GOCC:0043226	Organelle
Smp_063040	6183.G4LXV8	COMPARTMENTS	GOCC:0043227	Membrane-bounded organelle
Smp_063040	6183.G4LXV8	COMPARTMENTS	GOCC:0043228	Membraneless organelle
Smp_063040	6183.G4LXV8	COMPARTMENTS	GOCC:0043229	Intracellular organelle
Smp_063040	6183.G4LXV8	COMPARTMENTS	GOCC:0043231	Intracellular membrane-bounded organelle
Smp_063040	6183.G4LXV8	COMPARTMENTS	GOCC:0043232	Intracellular membraneless organelle
Smp_063040	6183.G4LXV8	COMPARTMENTS	GOCC:0070603	SWI/SNF superfamily-type complex
Smp_063040	6183.G4LXV8	COMPARTMENTS	GOCC:0110165	Cellular anatomical structure
Smp_063040	6183.G4LXV8	COMPARTMENTS	GOCC:1904949	ATPase complex
Smp_063040	6183.G4LXV8	InterPro	IPR004000	Actin family
Smp_063040	6183.G4LXV8	InterPro	IPR043129	ATPase, nucleotide binding domain
Smp_063040	6183.G4LXV8	SMART	SM00268	Actin
Smp_072870	6183.G4LW08	GO Function	GO:0000166	Nucleotide binding
Smp_072870	6183.G4LW08	GO Function	GO:0005488	Binding
Smp_072870	6183.G4LW08	GO Function	GO:0005524	ATP binding
Smp_072870	6183.G4LW08	GO Function	GO:0017076	Purine nucleotide binding
Smp_072870	6183.G4LW08	GO Function	GO:0030554	Adenyl nucleotide binding
Smp_072870	6183.G4LW08	GO Function	GO:0032553	Ribonucleotide binding
Smp_072870	6183.G4LW08	GO Function	GO:0032555	Purine ribonucleotide binding
Smp_072870	6183.G4LW08	GO Function	GO:0032559	Adenyl ribonucleotide binding
Smp_072870	6183.G4LW08	GO Function	GO:0035639	Purine ribonucleoside triphosphate binding
Smp_072870	6183.G4LW08	GO Function	GO:0036094	Small molecule binding
Smp_072870	6183.G4LW08	GO Function	GO:0043167	Ion binding
Smp_072870	6183.G4LW08	GO Function	GO:0043168	Anion binding
Smp_072870	6183.G4LW08	GO Function	GO:0097367	Carbohydrate derivative binding
Smp_072870	6183.G4LW08	GO Function	GO:1901265	Nucleoside phosphate binding
Smp_072870	6183.G4LW08	GO Function	GO:1901363	Heterocyclic compound binding
Smp_072870	6183.G4LW08	GO Component	GO:0005622	Intracellular anatomical structure
Smp_072870	6183.G4LW08	GO Component	GO:0005737	Cytoplasm
Smp_072870	6183.G4LW08	GO Component	GO:0005815	Microtubule organizing center
Smp_072870	6183.G4LW08	GO Component	GO:0005856	Cytoskeleton
Smp_072870	6183.G4LW08	GO Component	GO:0005869	Dynactin complex
Smp_072870	6183.G4LW08	GO Component	GO:0005875	Microtubule associated complex
Smp_072870	6183.G4LW08	GO Component	GO:0015629	Actin cytoskeleton
Smp_072870	6183.G4LW08	GO Component	GO:0015630	Microtubule cytoskeleton
Smp_072870	6183.G4LW08	GO Component	GO:0032991	Protein-containing complex
Smp_072870	6183.G4LW08	GO Component	GO:0043226	Organelle
Smp_072870	6183.G4LW08	GO Component	GO:0043228	Membraneless organelle
Smp_072870	6183.G4LW08	GO Component	GO:0043229	Intracellular organelle
Smp_072870	6183.G4LW08	GO Component	GO:0043232	Intracellular membraneless organelle
Smp_072870	6183.G4LW08	GO Component	GO:0110165	Cellular anatomical structure
Smp_072870	6183.G4LW08	STRING clusters	CL:10379	Dynein complex, and TOG domain
Smp_072870	6183.G4LW08	STRING clusters	CL:10382	Dynein complex, and TOG domain
Smp_072870	6183.G4LW08	STRING clusters	CL:10385	Dynein complex
Smp_072870	6183.G4LW08	STRING clusters	CL:10388	Dynein, and Dynactin complex
Smp_072870	6183.G4LW08	STRING clusters	CL:10486	Minus-end-directed microtubule motor activity, and Dynactin complex
Smp_072870	6183.G4LW08	STRING clusters	CL:10487	Dynactin complex, and Microtubule-binding stalk of dynein motor
Smp_072870	6183.G4LW08	STRING clusters	CL:10489	Dynactin complex, and Microtubule anchoring at microtubule organizing center
Smp_072870	6183.G4LW08	STRING clusters	CL:10492	Dynactin complex
Smp_072870	6183.G4LW08	KEGG	smm04814	Motor proteins
Smp_072870	6183.G4LW08	Reactome	MAP-168256	Immune System
Smp_072870	6183.G4LW08	COMPARTMENTS	GOCC:0005622	Intracellular anatomical structure
Smp_072870	6183.G4LW08	COMPARTMENTS	GOCC:0005856	Cytoskeleton
Smp_072870	6183.G4LW08	COMPARTMENTS	GOCC:0005869	Dynactin complex
Smp_072870	6183.G4LW08	COMPARTMENTS	GOCC:0015629	Actin cytoskeleton
Smp_072870	6183.G4LW08	COMPARTMENTS	GOCC:0015630	Microtubule cytoskeleton
Smp_072870	6183.G4LW08	COMPARTMENTS	GOCC:0032991	Protein-containing complex
Smp_072870	6183.G4LW08	COMPARTMENTS	GOCC:0043226	Organelle
Smp_072870	6183.G4LW08	COMPARTMENTS	GOCC:0043228	Membraneless organelle
Smp_072870	6183.G4LW08	COMPARTMENTS	GOCC:0043229	Intracellular organelle
Smp_072870	6183.G4LW08	COMPARTMENTS	GOCC:0043232	Intracellular membraneless organelle
Smp_072870	6183.G4LW08	COMPARTMENTS	GOCC:0110165	Cellular anatomical structure
Smp_072870	6183.G4LW08	UniProt Keywords	KW-0007	Acetylation
Smp_072870	6183.G4LW08	UniProt Keywords	KW-0067	ATP-binding
Smp_072870	6183.G4LW08	UniProt Keywords	KW-0206	Cytoskeleton
Smp_072870	6183.G4LW08	UniProt Keywords	KW-0547	Nucleotide-binding
Smp_072870	6183.G4LW08	UniProt Keywords	KW-0963	Cytoplasm
Smp_072870	6183.G4LW08	InterPro	IPR004000	Actin family
Smp_072870	6183.G4LW08	InterPro	IPR020902	Actin/actin-like conserved site
Smp_072870	6183.G4LW08	InterPro	IPR043129	ATPase, nucleotide binding domain
Smp_072870	6183.G4LW08	SMART	SM00268	Actin
Smp_077850	6183.G4VL76	GO Process	GO:0009987	Cellular process
Smp_077850	6183.G4VL76	GO Function	GO:0005488	Binding
Smp_077850	6183.G4VL76	GO Component	GO:0005622	Intracellular anatomical structure
Smp_077850	6183.G4VL76	GO Component	GO:0005737	Cytoplasm
Smp_077850	6183.G4VL76	GO Component	GO:0005856	Cytoskeleton
Smp_077850	6183.G4VL76	GO Component	GO:0005869	Dynactin complex
Smp_077850	6183.G4VL76	GO Component	GO:0005875	Microtubule associated complex
Smp_077850	6183.G4VL76	GO Component	GO:0005886	Plasma membrane
Smp_077850	6183.G4VL76	GO Component	GO:0015629	Actin cytoskeleton
Smp_077850	6183.G4VL76	GO Component	GO:0015630	Microtubule cytoskeleton
Smp_077850	6183.G4VL76	GO Component	GO:0016020	Membrane
Smp_077850	6183.G4VL76	GO Component	GO:0032991	Protein-containing complex
Smp_077850	6183.G4VL76	GO Component	GO:0043226	Organelle
Smp_077850	6183.G4VL76	GO Component	GO:0043228	Membraneless organelle
Smp_077850	6183.G4VL76	GO Component	GO:0043229	Intracellular organelle
Smp_077850	6183.G4VL76	GO Component	GO:0043232	Intracellular membraneless organelle
Smp_077850	6183.G4VL76	GO Component	GO:0043292	Contractile muscle fiber
Smp_077850	6183.G4VL76	GO Component	GO:0055120	Striated muscle dense body
Smp_077850	6183.G4VL76	GO Component	GO:0071944	Cell periphery
Smp_077850	6183.G4VL76	GO Component	GO:0099080	Supramolecular complex
Smp_077850	6183.G4VL76	GO Component	GO:0099081	Supramolecular polymer
Smp_077850	6183.G4VL76	GO Component	GO:0099512	Supramolecular fiber
Smp_077850	6183.G4VL76	GO Component	GO:0110165	Cellular anatomical structure
Smp_077850	6183.G4VL76	STRING clusters	CL:11459	Mixed, incl. Annexin superfamily, and Collagen biosynthesis and modifying enzymes
Smp_077850	6183.G4VL76	STRING clusters	CL:11651	Mixed, incl. Annexin superfamily, and Serine proteases, trypsin domain
Smp_077850	6183.G4VL76	STRING clusters	CL:11652	Annexin superfamily, and Filamin family
Smp_077850	6183.G4VL76	STRING clusters	CL:11654	Annexin, and Tetraspanin, conserved site
Smp_077850	6183.G4VL76	STRING clusters	CL:11657	Calcium/phospholipid-binding, and Tetraspanin, conserved site
Smp_077850	6183.G4VL76	STRING clusters	CL:11661	Annexin repeat, conserved site, and Striated muscle dense body
Smp_077850	6183.G4VL76	COMPARTMENTS	GOCC:0005622	Intracellular anatomical structure
Smp_077850	6183.G4VL76	COMPARTMENTS	GOCC:0005856	Cytoskeleton
Smp_077850	6183.G4VL76	COMPARTMENTS	GOCC:0005869	Dynactin complex
Smp_077850	6183.G4VL76	COMPARTMENTS	GOCC:0015629	Actin cytoskeleton
Smp_077850	6183.G4VL76	COMPARTMENTS	GOCC:0015630	Microtubule cytoskeleton
Smp_077850	6183.G4VL76	COMPARTMENTS	GOCC:0032991	Protein-containing complex
Smp_077850	6183.G4VL76	COMPARTMENTS	GOCC:0043226	Organelle
Smp_077850	6183.G4VL76	COMPARTMENTS	GOCC:0043228	Membraneless organelle
Smp_077850	6183.G4VL76	COMPARTMENTS	GOCC:0043229	Intracellular organelle
Smp_077850	6183.G4VL76	COMPARTMENTS	GOCC:0043232	Intracellular membraneless organelle
Smp_077850	6183.G4VL76	COMPARTMENTS	GOCC:0110165	Cellular anatomical structure
Smp_077850	6183.G4VL76	InterPro	IPR004000	Actin family
Smp_077850	6183.G4VL76	InterPro	IPR043129	ATPase, nucleotide binding domain
Smp_077850	6183.G4VL76	SMART	SM00268	Actin
Smp_077860	6183.G4VL77	GO Process	GO:0009987	Cellular process
Smp_077860	6183.G4VL77	GO Function	GO:0005488	Binding
Smp_077860	6183.G4VL77	GO Component	GO:0005622	Intracellular anatomical structure
Smp_077860	6183.G4VL77	GO Component	GO:0005737	Cytoplasm
Smp_077860	6183.G4VL77	GO Component	GO:0005856	Cytoskeleton
Smp_077860	6183.G4VL77	GO Component	GO:0005869	Dynactin complex
Smp_077860	6183.G4VL77	GO Component	GO:0005875	Microtubule associated complex
Smp_077860	6183.G4VL77	GO Component	GO:0005886	Plasma membrane
Smp_077860	6183.G4VL77	GO Component	GO:0015629	Actin cytoskeleton
Smp_077860	6183.G4VL77	GO Component	GO:0015630	Microtubule cytoskeleton
Smp_077860	6183.G4VL77	GO Component	GO:0016020	Membrane
Smp_077860	6183.G4VL77	GO Component	GO:0032991	Protein-containing complex
Smp_077860	6183.G4VL77	GO Component	GO:0043226	Organelle
Smp_077860	6183.G4VL77	GO Component	GO:0043228	Membraneless organelle
Smp_077860	6183.G4VL77	GO Component	GO:0043229	Intracellular organelle
Smp_077860	6183.G4VL77	GO Component	GO:0043232	Intracellular membraneless organelle
Smp_077860	6183.G4VL77	GO Component	GO:0043292	Contractile muscle fiber
Smp_077860	6183.G4VL77	GO Component	GO:0055120	Striated muscle dense body
Smp_077860	6183.G4VL77	GO Component	GO:0071944	Cell periphery
Smp_077860	6183.G4VL77	GO Component	GO:0099080	Supramolecular complex
Smp_077860	6183.G4VL77	GO Component	GO:0099081	Supramolecular polymer
Smp_077860	6183.G4VL77	GO Component	GO:0099512	Supramolecular fiber
Smp_077860	6183.G4VL77	GO Component	GO:0110165	Cellular anatomical structure
Smp_077860	6183.G4VL77	STRING clusters	CL:11459	Mixed, incl. Annexin superfamily, and Collagen biosynthesis and modifying enzymes
Smp_077860	6183.G4VL77	STRING clusters	CL:11651	Mixed, incl. Annexin superfamily, and Serine proteases, trypsin domain
Smp_077860	6183.G4VL77	STRING clusters	CL:11652	Annexin superfamily, and Filamin family
Smp_077860	6183.G4VL77	STRING clusters	CL:11654	Annexin, and Tetraspanin, conserved site
Smp_077860	6183.G4VL77	STRING clusters	CL:11657	Calcium/phospholipid-binding, and Tetraspanin, conserved site
Smp_077860	6183.G4VL77	COMPARTMENTS	GOCC:0005622	Intracellular anatomical structure
Smp_077860	6183.G4VL77	COMPARTMENTS	GOCC:0005856	Cytoskeleton
Smp_077860	6183.G4VL77	COMPARTMENTS	GOCC:0005869	Dynactin complex
Smp_077860	6183.G4VL77	COMPARTMENTS	GOCC:0015629	Actin cytoskeleton
Smp_077860	6183.G4VL77	COMPARTMENTS	GOCC:0015630	Microtubule cytoskeleton
Smp_077860	6183.G4VL77	COMPARTMENTS	GOCC:0032991	Protein-containing complex
Smp_077860	6183.G4VL77	COMPARTMENTS	GOCC:0043226	Organelle
Smp_077860	6183.G4VL77	COMPARTMENTS	GOCC:0043228	Membraneless organelle
Smp_077860	6183.G4VL77	COMPARTMENTS	GOCC:0043229	Intracellular organelle
Smp_077860	6183.G4VL77	COMPARTMENTS	GOCC:0043232	Intracellular membraneless organelle
Smp_077860	6183.G4VL77	COMPARTMENTS	GOCC:0110165	Cellular anatomical structure
Smp_077860	6183.G4VL77	InterPro	IPR004000	Actin family
Smp_077860	6183.G4VL77	InterPro	IPR004001	Actin, conserved site
Smp_077860	6183.G4VL77	InterPro	IPR043129	ATPase, nucleotide binding domain
Smp_077860	6183.G4VL77	SMART	SM00268	Actin
Smp_086590	6183.G4VGX1	GO Process	GO:0006996	Organelle organization
Smp_086590	6183.G4VGX1	GO Process	GO:0007010	Cytoskeleton organization
Smp_086590	6183.G4VGX1	GO Process	GO:0007015	Actin filament organization
Smp_086590	6183.G4VGX1	GO Process	GO:0008154	Actin polymerization or depolymerization
Smp_086590	6183.G4VGX1	GO Process	GO:0009987	Cellular process
Smp_086590	6183.G4VGX1	GO Process	GO:0016043	Cellular component organization
Smp_086590	6183.G4VGX1	GO Process	GO:0022411	Cellular component disassembly
Smp_086590	6183.G4VGX1	GO Process	GO:0030029	Actin filament-based process
Smp_086590	6183.G4VGX1	GO Process	GO:0030036	Actin cytoskeleton organization
Smp_086590	6183.G4VGX1	GO Process	GO:0030042	Actin filament depolymerization
Smp_086590	6183.G4VGX1	GO Process	GO:0030043	Actin filament fragmentation
Smp_086590	6183.G4VGX1	GO Process	GO:0032984	Protein-containing complex disassembly
Smp_086590	6183.G4VGX1	GO Process	GO:0043933	Protein-containing complex organization
Smp_086590	6183.G4VGX1	GO Process	GO:0048518	Positive regulation of biological process
Smp_086590	6183.G4VGX1	GO Process	GO:0050789	Regulation of biological process
Smp_086590	6183.G4VGX1	GO Process	GO:0051014	Actin filament severing
Smp_086590	6183.G4VGX1	GO Process	GO:0051261	Protein depolymerization
Smp_086590	6183.G4VGX1	GO Process	GO:0065007	Biological regulation
Smp_086590	6183.G4VGX1	GO Process	GO:0071840	Cellular component organization or biogenesis
Smp_086590	6183.G4VGX1	GO Process	GO:0097435	Supramolecular fiber organization
Smp_086590	6183.G4VGX1	GO Function	GO:0003779	Actin binding
Smp_086590	6183.G4VGX1	GO Function	GO:0005488	Binding
Smp_086590	6183.G4VGX1	GO Function	GO:0005515	Protein binding
Smp_086590	6183.G4VGX1	GO Function	GO:0008092	Cytoskeletal protein binding
Smp_086590	6183.G4VGX1	GO Function	GO:0044877	Protein-containing complex binding
Smp_086590	6183.G4VGX1	GO Function	GO:0051015	Actin filament binding
Smp_086590	6183.G4VGX1	GO Component	GO:0005622	Intracellular anatomical structure
Smp_086590	6183.G4VGX1	GO Component	GO:0005737	Cytoplasm
Smp_086590	6183.G4VGX1	GO Component	GO:0005856	Cytoskeleton
Smp_086590	6183.G4VGX1	GO Component	GO:0015629	Actin cytoskeleton
Smp_086590	6183.G4VGX1	GO Component	GO:0043226	Organelle
Smp_086590	6183.G4VGX1	GO Component	GO:0043228	Membraneless organelle
Smp_086590	6183.G4VGX1	GO Component	GO:0043229	Intracellular organelle
Smp_086590	6183.G4VGX1	GO Component	GO:0043232	Intracellular membraneless organelle
Smp_086590	6183.G4VGX1	GO Component	GO:0110165	Cellular anatomical structure
Smp_086590	6183.G4VGX1	STRING clusters	CL:11812	Mixed, incl. Actin filament-based process, and Cell-substrate junction
Smp_086590	6183.G4VGX1	STRING clusters	CL:11813	Mixed, incl. Actin filament organization, and Regulation of actin filament organization
Smp_086590	6183.G4VGX1	STRING clusters	CL:11940	Mixed, incl. RHO GTPases Activate WASPs and WAVEs, and Actin-depolymerising factor homology domain
Smp_086590	6183.G4VGX1	STRING clusters	CL:12002	Mixed, incl. Actin filament depolymerization, and Fimbrin/Plastin
Smp_086590	6183.G4VGX1	STRING clusters	CL:12005	Actin filament depolymerization, and F-actin capping protein complex
Smp_086590	6183.G4VGX1	Reactome	MAP-109582	Hemostasis
Smp_086590	6183.G4VGX1	Reactome	MAP-114608	Platelet degranulation
Smp_086590	6183.G4VGX1	Reactome	MAP-1266738	Developmental Biology
Smp_086590	6183.G4VGX1	Reactome	MAP-1280215	Cytokine Signaling in Immune system
Smp_086590	6183.G4VGX1	Reactome	MAP-162582	Signal Transduction
Smp_086590	6183.G4VGX1	Reactome	MAP-168249	Innate Immune System
Smp_086590	6183.G4VGX1	Reactome	MAP-168256	Immune System
Smp_086590	6183.G4VGX1	Reactome	MAP-194315	Signaling by Rho GTPases
Smp_086590	6183.G4VGX1	Reactome	MAP-195258	RHO GTPase Effectors
Smp_086590	6183.G4VGX1	Reactome	MAP-2029480	Fcgamma receptor (FCGR) dependent phagocytosis
Smp_086590	6183.G4VGX1	Reactome	MAP-2029482	Regulation of actin dynamics for phagocytic cup formation
Smp_086590	6183.G4VGX1	Reactome	MAP-2682334	EPH-Ephrin signaling
Smp_086590	6183.G4VGX1	Reactome	MAP-373755	Semaphorin interactions
Smp_086590	6183.G4VGX1	Reactome	MAP-3928662	EPHB-mediated forward signaling
Smp_086590	6183.G4VGX1	Reactome	MAP-399954	Sema3A PAK dependent Axon repulsion
Smp_086590	6183.G4VGX1	Reactome	MAP-422475	Axon guidance
Smp_086590	6183.G4VGX1	Reactome	MAP-447115	Interleukin-12 family signaling
Smp_086590	6183.G4VGX1	Reactome	MAP-449147	Signaling by Interleukins
Smp_086590	6183.G4VGX1	Reactome	MAP-5627117	RHO GTPases Activate ROCKs
Smp_086590	6183.G4VGX1	Reactome	MAP-76002	Platelet activation, signaling and aggregation
Smp_086590	6183.G4VGX1	Reactome	MAP-76005	Response to elevated platelet cytosolic Ca2+
Smp_086590	6183.G4VGX1	Reactome	MAP-9020591	Interleukin-12 signaling
Smp_086590	6183.G4VGX1	Reactome	MAP-9675108	Nervous system development
Smp_086590	6183.G4VGX1	Reactome	MAP-9716542	Signaling by Rho GTPases, Miro GTPases and RHOBTB3
Smp_086590	6183.G4VGX1	COMPARTMENTS	GOCC:0005886	Plasma membrane
Smp_086590	6183.G4VGX1	COMPARTMENTS	GOCC:0016020	Membrane
Smp_086590	6183.G4VGX1	COMPARTMENTS	GOCC:0030027	Lamellipodium
Smp_086590	6183.G4VGX1	COMPARTMENTS	GOCC:0031252	Cell leading edge
Smp_086590	6183.G4VGX1	COMPARTMENTS	GOCC:0031253	Cell projection membrane
Smp_086590	6183.G4VGX1	COMPARTMENTS	GOCC:0031256	Leading edge membrane
Smp_086590	6183.G4VGX1	COMPARTMENTS	GOCC:0031258	Lamellipodium membrane
Smp_086590	6183.G4VGX1	COMPARTMENTS	GOCC:0042995	Cell projection
Smp_086590	6183.G4VGX1	COMPARTMENTS	GOCC:0071944	Cell periphery
Smp_086590	6183.G4VGX1	COMPARTMENTS	GOCC:0098590	Plasma membrane region
Smp_086590	6183.G4VGX1	COMPARTMENTS	GOCC:0110165	Cellular anatomical structure
Smp_086590	6183.G4VGX1	COMPARTMENTS	GOCC:0120025	Plasma membrane bounded cell projection
Smp_086590	6183.G4VGX1	UniProt Keywords	KW-0009	Actin-binding
Smp_086590	6183.G4VGX1	InterPro	IPR002108	Actin-depolymerising factor homology domain
Smp_086590	6183.G4VGX1	InterPro	IPR017904	ADF/Cofilin
Smp_086590	6183.G4VGX1	InterPro	IPR029006	ADF-H/Gelsolin-like domain superfamily
Smp_086590	6183.G4VGX1	SMART	SM00102	Actin depolymerisation factor/cofilin -like domains
Smp_093230	6183.G4V8Q5	GO Process	GO:0006810	Transport
Smp_093230	6183.G4V8Q5	GO Process	GO:0007017	Microtubule-based process
Smp_093230	6183.G4V8Q5	GO Process	GO:0007018	Microtubule-based movement
Smp_093230	6183.G4V8Q5	GO Process	GO:0008088	Axo-dendritic transport
Smp_093230	6183.G4V8Q5	GO Process	GO:0009987	Cellular process
Smp_093230	6183.G4V8Q5	GO Process	GO:0010970	Transport along microtubule
Smp_093230	6183.G4V8Q5	GO Process	GO:0030705	Cytoskeleton-dependent intracellular transport
Smp_093230	6183.G4V8Q5	GO Process	GO:0034643	Establishment of mitochondrion localization, microtubule-mediated
Smp_093230	6183.G4V8Q5	GO Process	GO:0046907	Intracellular transport
Smp_093230	6183.G4V8Q5	GO Process	GO:0047497	Mitochondrion transport along microtubule
Smp_093230	6183.G4V8Q5	GO Process	GO:0051179	Localization
Smp_093230	6183.G4V8Q5	GO Process	GO:0051234	Establishment of localization
Smp_093230	6183.G4V8Q5	GO Process	GO:0051640	Organelle localization
Smp_093230	6183.G4V8Q5	GO Process	GO:0051641	Cellular localization
Smp_093230	6183.G4V8Q5	GO Process	GO:0051646	Mitochondrion localization
Smp_093230	6183.G4V8Q5	GO Process	GO:0051649	Establishment of localization in cell
Smp_093230	6183.G4V8Q5	GO Process	GO:0051654	Establishment of mitochondrion localization
Smp_093230	6183.G4V8Q5	GO Process	GO:0051656	Establishment of organelle localization
Smp_093230	6183.G4V8Q5	GO Process	GO:0072384	Organelle transport along microtubule
Smp_093230	6183.G4V8Q5	GO Process	GO:0098930	Axonal transport
Smp_093230	6183.G4V8Q5	GO Process	GO:0099111	Microtubule-based transport
Smp_093230	6183.G4V8Q5	GO Function	GO:0005488	Binding
Smp_093230	6183.G4V8Q5	GO Function	GO:0005515	Protein binding
Smp_093230	6183.G4V8Q5	GO Component	GO:0005622	Intracellular anatomical structure
Smp_093230	6183.G4V8Q5	GO Component	GO:0005737	Cytoplasm
Smp_093230	6183.G4V8Q5	GO Component	GO:0005856	Cytoskeleton
Smp_093230	6183.G4V8Q5	GO Component	GO:0005869	Dynactin complex
Smp_093230	6183.G4V8Q5	GO Component	GO:0005875	Microtubule associated complex
Smp_093230	6183.G4V8Q5	GO Component	GO:0015629	Actin cytoskeleton
Smp_093230	6183.G4V8Q5	GO Component	GO:0015630	Microtubule cytoskeleton
Smp_093230	6183.G4V8Q5	GO Component	GO:0030424	Axon
Smp_093230	6183.G4V8Q5	GO Component	GO:0032838	Plasma membrane bounded cell projection cytoplasm
Smp_093230	6183.G4V8Q5	GO Component	GO:0032991	Protein-containing complex
Smp_093230	6183.G4V8Q5	GO Component	GO:0042995	Cell projection
Smp_093230	6183.G4V8Q5	GO Component	GO:0043005	Neuron projection
Smp_093230	6183.G4V8Q5	GO Component	GO:0043226	Organelle
Smp_093230	6183.G4V8Q5	GO Component	GO:0043228	Membraneless organelle
Smp_093230	6183.G4V8Q5	GO Component	GO:0043229	Intracellular organelle
Smp_093230	6183.G4V8Q5	GO Component	GO:0043232	Intracellular membraneless organelle
Smp_093230	6183.G4V8Q5	GO Component	GO:0099568	Cytoplasmic region
Smp_093230	6183.G4V8Q5	GO Component	GO:0110165	Cellular anatomical structure
Smp_093230	6183.G4V8Q5	GO Component	GO:0120025	Plasma membrane bounded cell projection
Smp_093230	6183.G4V8Q5	GO Component	GO:0120111	Neuron projection cytoplasm
Smp_093230	6183.G4V8Q5	GO Component	GO:1904115	Axon cytoplasm
Smp_093230	6183.G4V8Q5	STRING clusters	CL:10379	Dynein complex, and TOG domain
Smp_093230	6183.G4V8Q5	STRING clusters	CL:10382	Dynein complex, and TOG domain
Smp_093230	6183.G4V8Q5	STRING clusters	CL:10385	Dynein complex
Smp_093230	6183.G4V8Q5	STRING clusters	CL:10388	Dynein, and Dynactin complex
Smp_093230	6183.G4V8Q5	STRING clusters	CL:10486	Minus-end-directed microtubule motor activity, and Dynactin complex
Smp_093230	6183.G4V8Q5	STRING clusters	CL:10487	Dynactin complex, and Microtubule-binding stalk of dynein motor
Smp_093230	6183.G4V8Q5	STRING clusters	CL:10489	Dynactin complex, and Microtubule anchoring at microtubule organizing center
Smp_093230	6183.G4V8Q5	STRING clusters	CL:10492	Dynactin complex
Smp_093230	6183.G4V8Q5	KEGG	smm04814	Motor proteins
Smp_093230	6183.G4V8Q5	Reactome	MAP-168249	Innate Immune System
Smp_093230	6183.G4V8Q5	Reactome	MAP-168256	Immune System
Smp_093230	6183.G4V8Q5	Reactome	MAP-199977	ER to Golgi Anterograde Transport
Smp_093230	6183.G4V8Q5	Reactome	MAP-199991	Membrane Trafficking
Smp_093230	6183.G4V8Q5	Reactome	MAP-2262752	Cellular responses to stress
Smp_093230	6183.G4V8Q5	Reactome	MAP-3371497	HSP90 chaperone cycle for steroid hormone receptors (SHR) in the presence of ligand
Smp_093230	6183.G4V8Q5	Reactome	MAP-392499	Metabolism of proteins
Smp_093230	6183.G4V8Q5	Reactome	MAP-446203	Asparagine N-linked glycosylation
Smp_093230	6183.G4V8Q5	Reactome	MAP-5653656	Vesicle-mediated transport
Smp_093230	6183.G4V8Q5	Reactome	MAP-597592	Post-translational protein modification
Smp_093230	6183.G4V8Q5	Reactome	MAP-6798695	Neutrophil degranulation
Smp_093230	6183.G4V8Q5	Reactome	MAP-6807878	COPI-mediated anterograde transport
Smp_093230	6183.G4V8Q5	Reactome	MAP-6811436	COPI-independent Golgi-to-ER retrograde traffic
Smp_093230	6183.G4V8Q5	Reactome	MAP-6811442	Intra-Golgi and retrograde Golgi-to-ER traffic
Smp_093230	6183.G4V8Q5	Reactome	MAP-8856688	Golgi-to-ER retrograde transport
Smp_093230	6183.G4V8Q5	Reactome	MAP-8953897	Cellular responses to stimuli
Smp_093230	6183.G4V8Q5	Reactome	MAP-948021	Transport to the Golgi and subsequent modification
Smp_093230	6183.G4V8Q5	COMPARTMENTS	GOCC:0005622	Intracellular anatomical structure
Smp_093230	6183.G4V8Q5	COMPARTMENTS	GOCC:0005856	Cytoskeleton
Smp_093230	6183.G4V8Q5	COMPARTMENTS	GOCC:0005869	Dynactin complex
Smp_093230	6183.G4V8Q5	COMPARTMENTS	GOCC:0015629	Actin cytoskeleton
Smp_093230	6183.G4V8Q5	COMPARTMENTS	GOCC:0015630	Microtubule cytoskeleton
Smp_093230	6183.G4V8Q5	COMPARTMENTS	GOCC:0032991	Protein-containing complex
Smp_093230	6183.G4V8Q5	COMPARTMENTS	GOCC:0043226	Organelle
Smp_093230	6183.G4V8Q5	COMPARTMENTS	GOCC:0043228	Membraneless organelle
Smp_093230	6183.G4V8Q5	COMPARTMENTS	GOCC:0043229	Intracellular organelle
Smp_093230	6183.G4V8Q5	COMPARTMENTS	GOCC:0043232	Intracellular membraneless organelle
Smp_093230	6183.G4V8Q5	COMPARTMENTS	GOCC:0110165	Cellular anatomical structure
Smp_093230	6183.G4V8Q5	InterPro	IPR004000	Actin family
Smp_093230	6183.G4V8Q5	InterPro	IPR043129	ATPase, nucleotide binding domain
Smp_093230	6183.G4V8Q5	SMART	SM00268	Actin
Smp_120700.1	6183.G4LX89	GO Process	GO:0006996	Organelle organization
Smp_120700.1	6183.G4LX89	GO Process	GO:0007010	Cytoskeleton organization
Smp_120700.1	6183.G4LX89	GO Process	GO:0007015	Actin filament organization
Smp_120700.1	6183.G4LX89	GO Process	GO:0008154	Actin polymerization or depolymerization
Smp_120700.1	6183.G4LX89	GO Process	GO:0009987	Cellular process
Smp_120700.1	6183.G4LX89	GO Process	GO:0016043	Cellular component organization
Smp_120700.1	6183.G4LX89	GO Process	GO:0022411	Cellular component disassembly
Smp_120700.1	6183.G4LX89	GO Process	GO:0030029	Actin filament-based process
Smp_120700.1	6183.G4LX89	GO Process	GO:0030036	Actin cytoskeleton organization
Smp_120700.1	6183.G4LX89	GO Process	GO:0030042	Actin filament depolymerization
Smp_120700.1	6183.G4LX89	GO Process	GO:0030043	Actin filament fragmentation
Smp_120700.1	6183.G4LX89	GO Process	GO:0032984	Protein-containing complex disassembly
Smp_120700.1	6183.G4LX89	GO Process	GO:0043933	Protein-containing complex organization
Smp_120700.1	6183.G4LX89	GO Process	GO:0048518	Positive regulation of biological process
Smp_120700.1	6183.G4LX89	GO Process	GO:0050789	Regulation of biological process
Smp_120700.1	6183.G4LX89	GO Process	GO:0051014	Actin filament severing
Smp_120700.1	6183.G4LX89	GO Process	GO:0051261	Protein depolymerization
Smp_120700.1	6183.G4LX89	GO Process	GO:0065007	Biological regulation
Smp_120700.1	6183.G4LX89	GO Process	GO:0071840	Cellular component organization or biogenesis
Smp_120700.1	6183.G4LX89	GO Process	GO:0097435	Supramolecular fiber organization
Smp_120700.1	6183.G4LX89	GO Function	GO:0003779	Actin binding
Smp_120700.1	6183.G4LX89	GO Function	GO:0005488	Binding
Smp_120700.1	6183.G4LX89	GO Function	GO:0005515	Protein binding
Smp_120700.1	6183.G4LX89	GO Function	GO:0008092	Cytoskeletal protein binding
Smp_120700.1	6183.G4LX89	GO Function	GO:0044877	Protein-containing complex binding
Smp_120700.1	6183.G4LX89	GO Function	GO:0051015	Actin filament binding
Smp_120700.1	6183.G4LX89	GO Component	GO:0005622	Intracellular anatomical structure
Smp_120700.1	6183.G4LX89	GO Component	GO:0005737	Cytoplasm
Smp_120700.1	6183.G4LX89	GO Component	GO:0005856	Cytoskeleton
Smp_120700.1	6183.G4LX89	GO Component	GO:0015629	Actin cytoskeleton
Smp_120700.1	6183.G4LX89	GO Component	GO:0043226	Organelle
Smp_120700.1	6183.G4LX89	GO Component	GO:0043228	Membraneless organelle
Smp_120700.1	6183.G4LX89	GO Component	GO:0043229	Intracellular organelle
Smp_120700.1	6183.G4LX89	GO Component	GO:0043232	Intracellular membraneless organelle
Smp_120700.1	6183.G4LX89	GO Component	GO:0110165	Cellular anatomical structure
Smp_120700.1	6183.G4LX89	STRING clusters	CL:11812	Mixed, incl. Actin filament-based process, and Cell-substrate junction
Smp_120700.1	6183.G4LX89	STRING clusters	CL:11813	Mixed, incl. Actin filament organization, and Regulation of actin filament organization
Smp_120700.1	6183.G4LX89	STRING clusters	CL:11816	Mixed, incl. Small GTPase Rho, and Sema3A PAK dependent Axon repulsion
Smp_120700.1	6183.G4LX89	STRING clusters	CL:11924	Slingshot, N-terminal, and Sema3A PAK dependent Axon repulsion
Smp_120700.1	6183.G4LX89	Reactome	MAP-109582	Hemostasis
Smp_120700.1	6183.G4LX89	Reactome	MAP-114608	Platelet degranulation
Smp_120700.1	6183.G4LX89	Reactome	MAP-1266738	Developmental Biology
Smp_120700.1	6183.G4LX89	Reactome	MAP-1280215	Cytokine Signaling in Immune system
Smp_120700.1	6183.G4LX89	Reactome	MAP-162582	Signal Transduction
Smp_120700.1	6183.G4LX89	Reactome	MAP-168249	Innate Immune System
Smp_120700.1	6183.G4LX89	Reactome	MAP-168256	Immune System
Smp_120700.1	6183.G4LX89	Reactome	MAP-194315	Signaling by Rho GTPases
Smp_120700.1	6183.G4LX89	Reactome	MAP-195258	RHO GTPase Effectors
Smp_120700.1	6183.G4LX89	Reactome	MAP-2029480	Fcgamma receptor (FCGR) dependent phagocytosis
Smp_120700.1	6183.G4LX89	Reactome	MAP-2029482	Regulation of actin dynamics for phagocytic cup formation
Smp_120700.1	6183.G4LX89	Reactome	MAP-2682334	EPH-Ephrin signaling
Smp_120700.1	6183.G4LX89	Reactome	MAP-373755	Semaphorin interactions
Smp_120700.1	6183.G4LX89	Reactome	MAP-3928662	EPHB-mediated forward signaling
Smp_120700.1	6183.G4LX89	Reactome	MAP-399954	Sema3A PAK dependent Axon repulsion
Smp_120700.1	6183.G4LX89	Reactome	MAP-422475	Axon guidance
Smp_120700.1	6183.G4LX89	Reactome	MAP-447115	Interleukin-12 family signaling
Smp_120700.1	6183.G4LX89	Reactome	MAP-449147	Signaling by Interleukins
Smp_120700.1	6183.G4LX89	Reactome	MAP-5627117	RHO GTPases Activate ROCKs
Smp_120700.1	6183.G4LX89	Reactome	MAP-76002	Platelet activation, signaling and aggregation
Smp_120700.1	6183.G4LX89	Reactome	MAP-76005	Response to elevated platelet cytosolic Ca2+
Smp_120700.1	6183.G4LX89	Reactome	MAP-9020591	Interleukin-12 signaling
Smp_120700.1	6183.G4LX89	Reactome	MAP-9675108	Nervous system development
Smp_120700.1	6183.G4LX89	Reactome	MAP-9716542	Signaling by Rho GTPases, Miro GTPases and RHOBTB3
Smp_120700.1	6183.G4LX89	COMPARTMENTS	GOCC:0005886	Plasma membrane
Smp_120700.1	6183.G4LX89	COMPARTMENTS	GOCC:0016020	Membrane
Smp_120700.1	6183.G4LX89	COMPARTMENTS	GOCC:0030027	Lamellipodium
Smp_120700.1	6183.G4LX89	COMPARTMENTS	GOCC:0031252	Cell leading edge
Smp_120700.1	6183.G4LX89	COMPARTMENTS	GOCC:0031253	Cell projection membrane
Smp_120700.1	6183.G4LX89	COMPARTMENTS	GOCC:0031256	Leading edge membrane
Smp_120700.1	6183.G4LX89	COMPARTMENTS	GOCC:0031258	Lamellipodium membrane
Smp_120700.1	6183.G4LX89	COMPARTMENTS	GOCC:0042995	Cell projection
Smp_120700.1	6183.G4LX89	COMPARTMENTS	GOCC:0071944	Cell periphery
Smp_120700.1	6183.G4LX89	COMPARTMENTS	GOCC:0098590	Plasma membrane region
Smp_120700.1	6183.G4LX89	COMPARTMENTS	GOCC:0110165	Cellular anatomical structure
Smp_120700.1	6183.G4LX89	COMPARTMENTS	GOCC:0120025	Plasma membrane bounded cell projection
Smp_120700.1	6183.G4LX89	UniProt Keywords	KW-0009	Actin-binding
Smp_120700.1	6183.G4LX89	InterPro	IPR002108	Actin-depolymerising factor homology domain
Smp_120700.1	6183.G4LX89	InterPro	IPR017904	ADF/Cofilin
Smp_120700.1	6183.G4LX89	InterPro	IPR029006	ADF-H/Gelsolin-like domain superfamily
Smp_120700.1	6183.G4LX89	SMART	SM00102	Actin depolymerisation factor/cofilin -like domains
Smp_148790	6183.G4LWP4	GO Process	GO:0000902	Cell morphogenesis
Smp_148790	6183.G4LWP4	GO Process	GO:0007155	Cell adhesion
Smp_148790	6183.G4LWP4	GO Process	GO:0007275	Multicellular organism development
Smp_148790	6183.G4LWP4	GO Process	GO:0007399	Nervous system development
Smp_148790	6183.G4LWP4	GO Process	GO:0007409	Axonogenesis
Smp_148790	6183.G4LWP4	GO Process	GO:0007411	Axon guidance
Smp_148790	6183.G4LWP4	GO Process	GO:0009653	Anatomical structure morphogenesis
Smp_148790	6183.G4LWP4	GO Process	GO:0009887	Animal organ morphogenesis
Smp_148790	6183.G4LWP4	GO Process	GO:0009888	Tissue development
Smp_148790	6183.G4LWP4	GO Process	GO:0009987	Cellular process
Smp_148790	6183.G4LWP4	GO Process	GO:0016043	Cellular component organization
Smp_148790	6183.G4LWP4	GO Process	GO:0016477	Cell migration
Smp_148790	6183.G4LWP4	GO Process	GO:0022008	Neurogenesis
Smp_148790	6183.G4LWP4	GO Process	GO:0022607	Cellular component assembly
Smp_148790	6183.G4LWP4	GO Process	GO:0030030	Cell projection organization
Smp_148790	6183.G4LWP4	GO Process	GO:0030154	Cell differentiation
Smp_148790	6183.G4LWP4	GO Process	GO:0030182	Neuron differentiation
Smp_148790	6183.G4LWP4	GO Process	GO:0030198	Extracellular matrix organization
Smp_148790	6183.G4LWP4	GO Process	GO:0031175	Neuron projection development
Smp_148790	6183.G4LWP4	GO Process	GO:0031589	Cell-substrate adhesion
Smp_148790	6183.G4LWP4	GO Process	GO:0032501	Multicellular organismal process
Smp_148790	6183.G4LWP4	GO Process	GO:0032502	Developmental process
Smp_148790	6183.G4LWP4	GO Process	GO:0034446	Substrate adhesion-dependent cell spreading
Smp_148790	6183.G4LWP4	GO Process	GO:0043062	Extracellular structure organization
Smp_148790	6183.G4LWP4	GO Process	GO:0044085	Cellular component biogenesis
Smp_148790	6183.G4LWP4	GO Process	GO:0045229	External encapsulating structure organization
Smp_148790	6183.G4LWP4	GO Process	GO:0048468	Cell development
Smp_148790	6183.G4LWP4	GO Process	GO:0048513	Animal organ development
Smp_148790	6183.G4LWP4	GO Process	GO:0048518	Positive regulation of biological process
Smp_148790	6183.G4LWP4	GO Process	GO:0048666	Neuron development
Smp_148790	6183.G4LWP4	GO Process	GO:0048667	Cell morphogenesis involved in neuron differentiation
Smp_148790	6183.G4LWP4	GO Process	GO:0048699	Generation of neurons
Smp_148790	6183.G4LWP4	GO Process	GO:0048731	System development
Smp_148790	6183.G4LWP4	GO Process	GO:0048812	Neuron projection morphogenesis
Smp_148790	6183.G4LWP4	GO Process	GO:0048856	Anatomical structure development
Smp_148790	6183.G4LWP4	GO Process	GO:0048858	Cell projection morphogenesis
Smp_148790	6183.G4LWP4	GO Process	GO:0048869	Cellular developmental process
Smp_148790	6183.G4LWP4	GO Process	GO:0048870	Cell motility
Smp_148790	6183.G4LWP4	GO Process	GO:0050789	Regulation of biological process
Smp_148790	6183.G4LWP4	GO Process	GO:0061564	Axon development
Smp_148790	6183.G4LWP4	GO Process	GO:0065007	Biological regulation
Smp_148790	6183.G4LWP4	GO Process	GO:0070831	Basement membrane assembly
Smp_148790	6183.G4LWP4	GO Process	GO:0071711	Basement membrane organization
Smp_148790	6183.G4LWP4	GO Process	GO:0071840	Cellular component organization or biogenesis
Smp_148790	6183.G4LWP4	GO Process	GO:0085029	Extracellular matrix assembly
Smp_148790	6183.G4LWP4	GO Process	GO:0097485	Neuron projection guidance
Smp_148790	6183.G4LWP4	GO Process	GO:0120036	Plasma membrane bounded cell projection organization
Smp_148790	6183.G4LWP4	GO Process	GO:0120039	Plasma membrane bounded cell projection morphogenesis
Smp_148790	6183.G4LWP4	GO Function	GO:0005102	Signaling receptor binding
Smp_148790	6183.G4LWP4	GO Function	GO:0005178	Integrin binding
Smp_148790	6183.G4LWP4	GO Function	GO:0005198	Structural molecule activity
Smp_148790	6183.G4LWP4	GO Function	GO:0005201	Extracellular matrix structural constituent
Smp_148790	6183.G4LWP4	GO Function	GO:0005488	Binding
Smp_148790	6183.G4LWP4	GO Function	GO:0005515	Protein binding
Smp_148790	6183.G4LWP4	GO Function	GO:0044877	Protein-containing complex binding
Smp_148790	6183.G4LWP4	GO Function	GO:0050839	Cell adhesion molecule binding
Smp_148790	6183.G4LWP4	GO Component	GO:0005604	Basement membrane
Smp_148790	6183.G4LWP4	GO Component	GO:0030312	External encapsulating structure
Smp_148790	6183.G4LWP4	GO Component	GO:0031012	Extracellular matrix
Smp_148790	6183.G4LWP4	GO Component	GO:0032991	Protein-containing complex
Smp_148790	6183.G4LWP4	GO Component	GO:0043256	Laminin complex
Smp_148790	6183.G4LWP4	GO Component	GO:0071944	Cell periphery
Smp_148790	6183.G4LWP4	GO Component	GO:0110165	Cellular anatomical structure
Smp_148790	6183.G4LWP4	STRING clusters	CL:11459	Mixed, incl. Annexin superfamily, and Collagen biosynthesis and modifying enzymes
Smp_148790	6183.G4LWP4	STRING clusters	CL:11460	Mixed, incl. Collagen biosynthesis and modifying enzymes, and Calcium-binding EGF-like domain
Smp_148790	6183.G4LWP4	STRING clusters	CL:11572	Mixed, incl. Collagen trimer, and Integrin
Smp_148790	6183.G4LWP4	STRING clusters	CL:11573	Mixed, incl. Collagen trimer, and Integrin
Smp_148790	6183.G4LWP4	STRING clusters	CL:11576	Collagen triple helix repeat, and Integrin
Smp_148790	6183.G4LWP4	STRING clusters	CL:11577	Collagen triple helix repeat, and Integrin
Smp_148790	6183.G4LWP4	STRING clusters	CL:11581	Mixed, incl. Integrin, and Basement membrane
Smp_148790	6183.G4LWP4	STRING clusters	CL:11586	Integrin, and Laminin, N-terminal
Smp_148790	6183.G4LWP4	KEGG	smm04512	ECM-receptor interaction
Smp_148790	6183.G4LWP4	Reactome	MAP-1266738	Developmental Biology
Smp_148790	6183.G4LWP4	Reactome	MAP-422475	Axon guidance
Smp_148790	6183.G4LWP4	Reactome	MAP-9675108	Nervous system development
Smp_148790	6183.G4LWP4	COMPARTMENTS	GOCC:0005604	Basement membrane
Smp_148790	6183.G4LWP4	COMPARTMENTS	GOCC:0030312	External encapsulating structure
Smp_148790	6183.G4LWP4	COMPARTMENTS	GOCC:0031012	Extracellular matrix
Smp_148790	6183.G4LWP4	COMPARTMENTS	GOCC:0062023	Collagen-containing extracellular matrix
Smp_148790	6183.G4LWP4	COMPARTMENTS	GOCC:0071944	Cell periphery
Smp_148790	6183.G4LWP4	COMPARTMENTS	GOCC:0110165	Cellular anatomical structure
Smp_148790	6183.G4LWP4	UniProt Keywords	KW-0084	Basement membrane
Smp_148790	6183.G4LWP4	UniProt Keywords	KW-0175	Coiled coil
Smp_148790	6183.G4LWP4	UniProt Keywords	KW-0272	Extracellular matrix
Smp_148790	6183.G4LWP4	UniProt Keywords	KW-0325	Glycoprotein
Smp_148790	6183.G4LWP4	UniProt Keywords	KW-0424	Laminin EGF-like domain
Smp_148790	6183.G4LWP4	UniProt Keywords	KW-0677	Repeat
Smp_148790	6183.G4LWP4	UniProt Keywords	KW-0732	Signal
Smp_148790	6183.G4LWP4	UniProt Keywords	KW-0964	Secreted
Smp_148790	6183.G4LWP4	UniProt Keywords	KW-1015	Disulfide bond
Smp_148790	6183.G4LWP4	InterPro	IPR000742	EGF-like domain
Smp_148790	6183.G4LWP4	InterPro	IPR002049	Laminin-type EGF domain
Smp_148790	6183.G4LWP4	InterPro	IPR008211	Laminin, N-terminal
Smp_148790	6183.G4LWP4	InterPro	IPR050440	Laminin/Netrin Extracellular Matrix
Smp_148790	6183.G4LWP4	SMART	SM00136	Laminin N-terminal domain (domain VI)
Smp_148790	6183.G4LWP4	SMART	SM00180	Laminin-type epidermal growth factor-like domai
Smp_170340	6183.G4V8A8	GO Process	GO:0009987	Cellular process
Smp_170340	6183.G4V8A8	GO Function	GO:0005198	Structural molecule activity
Smp_170340	6183.G4V8A8	GO Component	GO:0005581	Collagen trimer
Smp_170340	6183.G4V8A8	GO Component	GO:0032991	Protein-containing complex
Smp_170340	6183.G4V8A8	STRING clusters	CL:11459	Mixed, incl. Annexin superfamily, and Collagen biosynthesis and modifying enzymes
Smp_170340	6183.G4V8A8	STRING clusters	CL:11460	Mixed, incl. Collagen biosynthesis and modifying enzymes, and Calcium-binding EGF-like domain
Smp_170340	6183.G4V8A8	STRING clusters	CL:11572	Mixed, incl. Collagen trimer, and Integrin
Smp_170340	6183.G4V8A8	STRING clusters	CL:11573	Mixed, incl. Collagen trimer, and Integrin
Smp_170340	6183.G4V8A8	STRING clusters	CL:11576	Collagen triple helix repeat, and Integrin
Smp_170340	6183.G4V8A8	STRING clusters	CL:11620	Collagen IV, non-collagenous, and ADAMTS/ADAMTS-like
Smp_170340	6183.G4V8A8	KEGG	smm04382	Cornified envelope formation
Smp_170340	6183.G4V8A8	KEGG	smm04512	ECM-receptor interaction
Smp_170340	6183.G4V8A8	KEGG	smm04820	Cytoskeleton in muscle cells
Smp_170340	6183.G4V8A8	Reactome	MAP-1474244	Extracellular matrix organization
Smp_170340	6183.G4V8A8	Reactome	MAP-1474290	Collagen formation
Smp_170340	6183.G4V8A8	Reactome	MAP-1650814	Collagen biosynthesis and modifying enzymes
Smp_170340	6183.G4V8A8	Reactome	MAP-8948216	Collagen chain trimerization
Smp_170340	6183.G4V8A8	COMPARTMENTS	GOCC:0005581	Collagen trimer
Smp_170340	6183.G4V8A8	COMPARTMENTS	GOCC:0005604	Basement membrane
Smp_170340	6183.G4V8A8	COMPARTMENTS	GOCC:0030312	External encapsulating structure
Smp_170340	6183.G4V8A8	COMPARTMENTS	GOCC:0031012	Extracellular matrix
Smp_170340	6183.G4V8A8	COMPARTMENTS	GOCC:0032991	Protein-containing complex
Smp_170340	6183.G4V8A8	COMPARTMENTS	GOCC:0062023	Collagen-containing extracellular matrix
Smp_170340	6183.G4V8A8	COMPARTMENTS	GOCC:0071944	Cell periphery
Smp_170340	6183.G4V8A8	COMPARTMENTS	GOCC:0110165	Cellular anatomical structure
Smp_170340	6183.G4V8A8	UniProt Keywords	KW-0084	Basement membrane
Smp_170340	6183.G4V8A8	UniProt Keywords	KW-0176	Collagen
Smp_170340	6183.G4V8A8	UniProt Keywords	KW-0272	Extracellular matrix
Smp_170340	6183.G4V8A8	UniProt Keywords	KW-0472	Membrane
Smp_170340	6183.G4V8A8	UniProt Keywords	KW-0677	Repeat
Smp_170340	6183.G4V8A8	UniProt Keywords	KW-0812	Transmembrane
Smp_170340	6183.G4V8A8	UniProt Keywords	KW-0964	Secreted
Smp_170340	6183.G4V8A8	UniProt Keywords	KW-1015	Disulfide bond
Smp_170340	6183.G4V8A8	UniProt Keywords	KW-1133	Transmembrane helix
Smp_170340	6183.G4V8A8	Pfam	PF01391	Collagen triple helix repeat (20 copies)
Smp_170340	6183.G4V8A8	InterPro	IPR001442	Collagen IV, non-collagenous
Smp_170340	6183.G4V8A8	InterPro	IPR008160	Collagen triple helix repeat
Smp_170340	6183.G4V8A8	InterPro	IPR016187	C-type lectin fold
Smp_170340	6183.G4V8A8	InterPro	IPR036954	Collagen IV, non-collagenous domain superfamily
Smp_170340	6183.G4V8A8	InterPro	IPR050149	Collagen superfamily
Smp_170340	6183.G4V8A8	SMART	SM00111	C-terminal tandem repeated domain in type 4 procollagens
Smp_183710	6183.G4VLW1	GO Process	GO:0009653	Anatomical structure morphogenesis
Smp_183710	6183.G4VLW1	GO Process	GO:0009987	Cellular process
Smp_183710	6183.G4VLW1	GO Process	GO:0032502	Developmental process
Smp_183710	6183.G4VLW1	GO Process	GO:0048856	Anatomical structure development
Smp_183710	6183.G4VLW1	GO Function	GO:0000166	Nucleotide binding
Smp_183710	6183.G4VLW1	GO Function	GO:0003824	Catalytic activity
Smp_183710	6183.G4VLW1	GO Function	GO:0005488	Binding
Smp_183710	6183.G4VLW1	GO Function	GO:0005524	ATP binding
Smp_183710	6183.G4VLW1	GO Function	GO:0016787	Hydrolase activity
Smp_183710	6183.G4VLW1	GO Function	GO:0017076	Purine nucleotide binding
Smp_183710	6183.G4VLW1	GO Function	GO:0030554	Adenyl nucleotide binding
Smp_183710	6183.G4VLW1	GO Function	GO:0032553	Ribonucleotide binding
Smp_183710	6183.G4VLW1	GO Function	GO:0032555	Purine ribonucleotide binding
Smp_183710	6183.G4VLW1	GO Function	GO:0032559	Adenyl ribonucleotide binding
Smp_183710	6183.G4VLW1	GO Function	GO:0035639	Purine ribonucleoside triphosphate binding
Smp_183710	6183.G4VLW1	GO Function	GO:0036094	Small molecule binding
Smp_183710	6183.G4VLW1	GO Function	GO:0043167	Ion binding
Smp_183710	6183.G4VLW1	GO Function	GO:0043168	Anion binding
Smp_183710	6183.G4VLW1	GO Function	GO:0097367	Carbohydrate derivative binding
Smp_183710	6183.G4VLW1	GO Function	GO:1901265	Nucleoside phosphate binding
Smp_183710	6183.G4VLW1	GO Function	GO:1901363	Heterocyclic compound binding
Smp_183710	6183.G4VLW1	GO Component	GO:0005622	Intracellular anatomical structure
Smp_183710	6183.G4VLW1	GO Component	GO:0005856	Cytoskeleton
Smp_183710	6183.G4VLW1	GO Component	GO:0043226	Organelle
Smp_183710	6183.G4VLW1	GO Component	GO:0043228	Membraneless organelle
Smp_183710	6183.G4VLW1	GO Component	GO:0043229	Intracellular organelle
Smp_183710	6183.G4VLW1	GO Component	GO:0043232	Intracellular membraneless organelle
Smp_183710	6183.G4VLW1	GO Component	GO:0110165	Cellular anatomical structure
Smp_183710	6183.G4VLW1	STRING clusters	CL:11812	Mixed, incl. Actin filament-based process, and Cell-substrate junction
Smp_183710	6183.G4VLW1	STRING clusters	CL:11813	Mixed, incl. Actin filament organization, and Regulation of actin filament organization
Smp_183710	6183.G4VLW1	STRING clusters	CL:11940	Mixed, incl. RHO GTPases Activate WASPs and WAVEs, and Actin-depolymerising factor homology domain
Smp_183710	6183.G4VLW1	STRING clusters	CL:12002	Mixed, incl. Actin filament depolymerization, and Fimbrin/Plastin
Smp_183710	6183.G4VLW1	STRING clusters	CL:12005	Actin filament depolymerization, and F-actin capping protein complex
Smp_183710	6183.G4VLW1	KEGG	smm03082	ATP-dependent chromatin remodeling
Smp_183710	6183.G4VLW1	KEGG	smm04145	Phagosome
Smp_183710	6183.G4VLW1	KEGG	smm04814	Motor proteins
Smp_183710	6183.G4VLW1	KEGG	smm04820	Cytoskeleton in muscle cells
Smp_183710	6183.G4VLW1	KEGG	smm05100	Bacterial invasion of epithelial cells
Smp_183710	6183.G4VLW1	Reactome	MAP-1500931	Cell-Cell communication
Smp_183710	6183.G4VLW1	Reactome	MAP-418990	Adherens junctions interactions
Smp_183710	6183.G4VLW1	Reactome	MAP-421270	Cell-cell junction organization
Smp_183710	6183.G4VLW1	Reactome	MAP-446728	Cell junction organization
Smp_183710	6183.G4VLW1	Reactome	MAP-9759476	Regulation of Homotypic Cell-Cell Adhesion
Smp_183710	6183.G4VLW1	Reactome	MAP-9764265	Regulation of CDH1 Expression and Function
Smp_183710	6183.G4VLW1	Reactome	MAP-9764274	Regulation of Expression and Function of Type I Classical Cadherins
Smp_183710	6183.G4VLW1	Reactome	MAP-9764561	Regulation of CDH1 Function
Smp_183710	6183.G4VLW1	COMPARTMENTS	GOCC:0005622	Intracellular anatomical structure
Smp_183710	6183.G4VLW1	COMPARTMENTS	GOCC:0005856	Cytoskeleton
Smp_183710	6183.G4VLW1	COMPARTMENTS	GOCC:0043226	Organelle
Smp_183710	6183.G4VLW1	COMPARTMENTS	GOCC:0043228	Membraneless organelle
Smp_183710	6183.G4VLW1	COMPARTMENTS	GOCC:0043229	Intracellular organelle
Smp_183710	6183.G4VLW1	COMPARTMENTS	GOCC:0043232	Intracellular membraneless organelle
Smp_183710	6183.G4VLW1	COMPARTMENTS	GOCC:0110165	Cellular anatomical structure
Smp_183710	6183.G4VLW1	UniProt Keywords	KW-0067	ATP-binding
Smp_183710	6183.G4VLW1	UniProt Keywords	KW-0206	Cytoskeleton
Smp_183710	6183.G4VLW1	UniProt Keywords	KW-0547	Nucleotide-binding
Smp_183710	6183.G4VLW1	UniProt Keywords	KW-0963	Cytoplasm
Smp_183710	6183.G4VLW1	InterPro	IPR004000	Actin family
Smp_183710	6183.G4VLW1	InterPro	IPR004001	Actin, conserved site
Smp_183710	6183.G4VLW1	InterPro	IPR020902	Actin/actin-like conserved site
Smp_183710	6183.G4VLW1	InterPro	IPR043129	ATPase, nucleotide binding domain
Smp_183710	6183.G4VLW1	SMART	SM00268	Actin
Smp_197370	6183.G4VFE1	GO Process	GO:0009987	Cellular process
Smp_197370	6183.G4VFE1	GO Function	GO:0005198	Structural molecule activity
Smp_197370	6183.G4VFE1	GO Component	GO:0005581	Collagen trimer
Smp_197370	6183.G4VFE1	GO Component	GO:0032991	Protein-containing complex
Smp_197370	6183.G4VFE1	STRING clusters	CL:11459	Mixed, incl. Annexin superfamily, and Collagen biosynthesis and modifying enzymes
Smp_197370	6183.G4VFE1	STRING clusters	CL:11460	Mixed, incl. Collagen biosynthesis and modifying enzymes, and Calcium-binding EGF-like domain
Smp_197370	6183.G4VFE1	STRING clusters	CL:11572	Mixed, incl. Collagen trimer, and Integrin
Smp_197370	6183.G4VFE1	STRING clusters	CL:11573	Mixed, incl. Collagen trimer, and Integrin
Smp_197370	6183.G4VFE1	STRING clusters	CL:11576	Collagen triple helix repeat, and Integrin
Smp_197370	6183.G4VFE1	STRING clusters	CL:11577	Collagen triple helix repeat, and Integrin
Smp_197370	6183.G4VFE1	STRING clusters	CL:11581	Mixed, incl. Integrin, and Basement membrane
Smp_197370	6183.G4VFE1	KEGG	smm04820	Cytoskeleton in muscle cells
Smp_197370	6183.G4VFE1	Reactome	MAP-1474244	Extracellular matrix organization
Smp_197370	6183.G4VFE1	Reactome	MAP-1474290	Collagen formation
Smp_197370	6183.G4VFE1	Reactome	MAP-1650814	Collagen biosynthesis and modifying enzymes
Smp_197370	6183.G4VFE1	Reactome	MAP-8948216	Collagen chain trimerization
Smp_197370	6183.G4VFE1	COMPARTMENTS	GOCC:0005581	Collagen trimer
Smp_197370	6183.G4VFE1	COMPARTMENTS	GOCC:0032991	Protein-containing complex
Smp_197370	6183.G4VFE1	UniProt Keywords	KW-0176	Collagen
Smp_197370	6183.G4VFE1	UniProt Keywords	KW-0732	Signal
Smp_197370	6183.G4VFE1	UniProt Keywords	KW-0964	Secreted
Smp_197370	6183.G4VFE1	Pfam	PF01391	Collagen triple helix repeat (20 copies)
Smp_197370	6183.G4VFE1	InterPro	IPR000885	Fibrillar collagen, C-terminal
Smp_197370	6183.G4VFE1	InterPro	IPR008160	Collagen triple helix repeat
Smp_197370	6183.G4VFE1	InterPro	IPR050149	Collagen superfamily
Smp_197370	6183.G4VFE1	SMART	SM00038	Fibrillar collagens C-terminal domain
