#node	identifier	category	term ID	term description
MS3_00254	6185.A0A094ZGZ0	GO Process	GO:0009987	Cellular process
MS3_00254	6185.A0A094ZGZ0	GO Function	GO:0005198	Structural molecule activity
MS3_00254	6185.A0A094ZGZ0	GO Component	GO:0005581	Collagen trimer
MS3_00254	6185.A0A094ZGZ0	GO Component	GO:0032991	Protein-containing complex
MS3_00254	6185.A0A094ZGZ0	STRING clusters	CL:13283	Mixed, incl. ABC-type transporter activity, and Protein-cysteine S-acyltransferase activity
MS3_00254	6185.A0A094ZGZ0	STRING clusters	CL:13407	Mixed, incl. Protein-cysteine S-acyltransferase activity, and Collagen triple helix repeat
MS3_00254	6185.A0A094ZGZ0	STRING clusters	CL:13409	Mixed, incl. Protein-cysteine S-acyltransferase activity, and Collagen triple helix repeat
MS3_00254	6185.A0A094ZGZ0	STRING clusters	CL:13411	Mixed, incl. Protein-cysteine S-acyltransferase activity, and Collagen triple helix repeat
MS3_00254	6185.A0A094ZGZ0	STRING clusters	CL:13451	Mixed, incl. Collagen triple helix repeat, and Constitutive heterochromatin formation
MS3_00254	6185.A0A094ZGZ0	Reactome	MAP-1474244	Extracellular matrix organization
MS3_00254	6185.A0A094ZGZ0	Reactome	MAP-1474290	Collagen formation
MS3_00254	6185.A0A094ZGZ0	Reactome	MAP-1650814	Collagen biosynthesis and modifying enzymes
MS3_00254	6185.A0A094ZGZ0	Reactome	MAP-8948216	Collagen chain trimerization
MS3_00254	6185.A0A094ZGZ0	COMPARTMENTS	GOCC:0005581	Collagen trimer
MS3_00254	6185.A0A094ZGZ0	COMPARTMENTS	GOCC:0032991	Protein-containing complex
MS3_00254	6185.A0A094ZGZ0	UniProt Keywords	KW-0176	Collagen
MS3_00254	6185.A0A094ZGZ0	UniProt Keywords	KW-0732	Signal
MS3_00254	6185.A0A094ZGZ0	UniProt Keywords	KW-0964	Secreted
MS3_00254	6185.A0A094ZGZ0	Pfam	PF01391	Collagen triple helix repeat (20 copies)
MS3_00254	6185.A0A094ZGZ0	InterPro	IPR000885	Fibrillar collagen, C-terminal
MS3_00254	6185.A0A094ZGZ0	InterPro	IPR008160	Collagen triple helix repeat
MS3_00254	6185.A0A094ZGZ0	InterPro	IPR050149	Collagen superfamily
MS3_00254	6185.A0A094ZGZ0	SMART	SM00038	Fibrillar collagens C-terminal domain
MS3_00256	6185.A0A094ZCZ2	GO Process	GO:0006996	Organelle organization
MS3_00256	6185.A0A094ZCZ2	GO Process	GO:0006997	Nucleus organization
MS3_00256	6185.A0A094ZCZ2	GO Process	GO:0007000	Nucleolus organization
MS3_00256	6185.A0A094ZCZ2	GO Process	GO:0009987	Cellular process
MS3_00256	6185.A0A094ZCZ2	GO Process	GO:0016043	Cellular component organization
MS3_00256	6185.A0A094ZCZ2	GO Process	GO:0071840	Cellular component organization or biogenesis
MS3_00256	6185.A0A094ZCZ2	GO Function	GO:0003682	Chromatin binding
MS3_00256	6185.A0A094ZCZ2	GO Function	GO:0005488	Binding
MS3_00256	6185.A0A094ZCZ2	GO Function	GO:0031491	Nucleosome binding
MS3_00256	6185.A0A094ZCZ2	GO Function	GO:0044877	Protein-containing complex binding
MS3_00256	6185.A0A094ZCZ2	GO Component	GO:0000118	Histone deacetylase complex
MS3_00256	6185.A0A094ZCZ2	GO Component	GO:0000228	Nuclear chromosome
MS3_00256	6185.A0A094ZCZ2	GO Component	GO:0000785	Chromatin
MS3_00256	6185.A0A094ZCZ2	GO Component	GO:0000812	Swr1 complex
MS3_00256	6185.A0A094ZCZ2	GO Component	GO:0005622	Intracellular anatomical structure
MS3_00256	6185.A0A094ZCZ2	GO Component	GO:0005634	Nucleus
MS3_00256	6185.A0A094ZCZ2	GO Component	GO:0005654	Nucleoplasm
MS3_00256	6185.A0A094ZCZ2	GO Component	GO:0005694	Chromosome
MS3_00256	6185.A0A094ZCZ2	GO Component	GO:0005730	Nucleolus
MS3_00256	6185.A0A094ZCZ2	GO Component	GO:0005856	Cytoskeleton
MS3_00256	6185.A0A094ZCZ2	GO Component	GO:0031974	Membrane-enclosed lumen
MS3_00256	6185.A0A094ZCZ2	GO Component	GO:0031981	Nuclear lumen
MS3_00256	6185.A0A094ZCZ2	GO Component	GO:0032991	Protein-containing complex
MS3_00256	6185.A0A094ZCZ2	GO Component	GO:0043226	Organelle
MS3_00256	6185.A0A094ZCZ2	GO Component	GO:0043227	Membrane-bounded organelle
MS3_00256	6185.A0A094ZCZ2	GO Component	GO:0043228	Membraneless organelle
MS3_00256	6185.A0A094ZCZ2	GO Component	GO:0043229	Intracellular organelle
MS3_00256	6185.A0A094ZCZ2	GO Component	GO:0043231	Intracellular membrane-bounded organelle
MS3_00256	6185.A0A094ZCZ2	GO Component	GO:0043232	Intracellular membraneless organelle
MS3_00256	6185.A0A094ZCZ2	GO Component	GO:0043233	Organelle lumen
MS3_00256	6185.A0A094ZCZ2	GO Component	GO:0070013	Intracellular organelle lumen
MS3_00256	6185.A0A094ZCZ2	GO Component	GO:0070603	SWI/SNF superfamily-type complex
MS3_00256	6185.A0A094ZCZ2	GO Component	GO:0097346	INO80-type complex
MS3_00256	6185.A0A094ZCZ2	GO Component	GO:0110165	Cellular anatomical structure
MS3_00256	6185.A0A094ZCZ2	GO Component	GO:0140513	Nuclear protein-containing complex
MS3_00256	6185.A0A094ZCZ2	GO Component	GO:1902494	Catalytic complex
MS3_00256	6185.A0A094ZCZ2	GO Component	GO:1904949	ATPase complex
MS3_00256	6185.A0A094ZCZ2	STRING clusters	CL:2305	Mixed, incl. Zinc finger SWIM domain-containing protein, and NuA4 histone acetyltransferase complex
MS3_00256	6185.A0A094ZCZ2	STRING clusters	CL:2309	Mixed, incl. NuA4 histone acetyltransferase complex, and Zinc finger SWIM domain-containing protein
MS3_00256	6185.A0A094ZCZ2	STRING clusters	CL:2314	Mixed, incl. NuA4 histone acetyltransferase complex, and Coiled-coil domain-containing protein 170-like
MS3_00256	6185.A0A094ZCZ2	STRING clusters	CL:2317	Mixed, incl. NuA4 histone acetyltransferase complex, and Coiled-coil domain-containing protein 170-like
MS3_00256	6185.A0A094ZCZ2	STRING clusters	CL:2322	Mixed, incl. NuA4 histone acetyltransferase complex, and Coiled-coil domain-containing protein 170-like
MS3_00256	6185.A0A094ZCZ2	STRING clusters	CL:2353	Swr1 complex, and HIT zinc finger
MS3_00256	6185.A0A094ZCZ2	KEGG	shx03082	ATP-dependent chromatin remodeling
MS3_00256	6185.A0A094ZCZ2	Reactome	MAP-168249	Innate Immune System
MS3_00256	6185.A0A094ZCZ2	Reactome	MAP-168256	Immune System
MS3_00256	6185.A0A094ZCZ2	Reactome	MAP-2262752	Cellular responses to stress
MS3_00256	6185.A0A094ZCZ2	Reactome	MAP-3371497	HSP90 chaperone cycle for steroid hormone receptors (SHR) in the presence of ligand
MS3_00256	6185.A0A094ZCZ2	Reactome	MAP-6798695	Neutrophil degranulation
MS3_00256	6185.A0A094ZCZ2	Reactome	MAP-8953897	Cellular responses to stimuli
MS3_00256	6185.A0A094ZCZ2	COMPARTMENTS	GOCC:0000228	Nuclear chromosome
MS3_00256	6185.A0A094ZCZ2	COMPARTMENTS	GOCC:0000785	Chromatin
MS3_00256	6185.A0A094ZCZ2	COMPARTMENTS	GOCC:0000812	Swr1 complex
MS3_00256	6185.A0A094ZCZ2	COMPARTMENTS	GOCC:0005622	Intracellular anatomical structure
MS3_00256	6185.A0A094ZCZ2	COMPARTMENTS	GOCC:0005634	Nucleus
MS3_00256	6185.A0A094ZCZ2	COMPARTMENTS	GOCC:0005654	Nucleoplasm
MS3_00256	6185.A0A094ZCZ2	COMPARTMENTS	GOCC:0005694	Chromosome
MS3_00256	6185.A0A094ZCZ2	COMPARTMENTS	GOCC:0031974	Membrane-enclosed lumen
MS3_00256	6185.A0A094ZCZ2	COMPARTMENTS	GOCC:0031981	Nuclear lumen
MS3_00256	6185.A0A094ZCZ2	COMPARTMENTS	GOCC:0032991	Protein-containing complex
MS3_00256	6185.A0A094ZCZ2	COMPARTMENTS	GOCC:0043226	Organelle
MS3_00256	6185.A0A094ZCZ2	COMPARTMENTS	GOCC:0043227	Membrane-bounded organelle
MS3_00256	6185.A0A094ZCZ2	COMPARTMENTS	GOCC:0043228	Membraneless organelle
MS3_00256	6185.A0A094ZCZ2	COMPARTMENTS	GOCC:0043229	Intracellular organelle
MS3_00256	6185.A0A094ZCZ2	COMPARTMENTS	GOCC:0043231	Intracellular membrane-bounded organelle
MS3_00256	6185.A0A094ZCZ2	COMPARTMENTS	GOCC:0043232	Intracellular membraneless organelle
MS3_00256	6185.A0A094ZCZ2	COMPARTMENTS	GOCC:0043233	Organelle lumen
MS3_00256	6185.A0A094ZCZ2	COMPARTMENTS	GOCC:0070013	Intracellular organelle lumen
MS3_00256	6185.A0A094ZCZ2	COMPARTMENTS	GOCC:0070603	SWI/SNF superfamily-type complex
MS3_00256	6185.A0A094ZCZ2	COMPARTMENTS	GOCC:0097346	INO80-type complex
MS3_00256	6185.A0A094ZCZ2	COMPARTMENTS	GOCC:0110165	Cellular anatomical structure
MS3_00256	6185.A0A094ZCZ2	COMPARTMENTS	GOCC:1904949	ATPase complex
MS3_00256	6185.A0A094ZCZ2	UniProt Keywords	KW-0963	Cytoplasm
MS3_00256	6185.A0A094ZCZ2	InterPro	IPR004000	Actin family
MS3_00256	6185.A0A094ZCZ2	InterPro	IPR043129	ATPase, nucleotide binding domain
MS3_00256	6185.A0A094ZCZ2	SMART	SM00268	Actin
MS3_00351	6185.A0A095BTU9	GO Process	GO:0000018	Regulation of DNA recombination
MS3_00351	6185.A0A095BTU9	GO Process	GO:0006282	Regulation of DNA repair
MS3_00351	6185.A0A095BTU9	GO Process	GO:0006355	Regulation of DNA-templated transcription
MS3_00351	6185.A0A095BTU9	GO Process	GO:0006357	Regulation of transcription by RNA polymerase II
MS3_00351	6185.A0A095BTU9	GO Process	GO:0006996	Organelle organization
MS3_00351	6185.A0A095BTU9	GO Process	GO:0007010	Cytoskeleton organization
MS3_00351	6185.A0A095BTU9	GO Process	GO:0007015	Actin filament organization
MS3_00351	6185.A0A095BTU9	GO Process	GO:0009889	Regulation of biosynthetic process
MS3_00351	6185.A0A095BTU9	GO Process	GO:0009891	Positive regulation of biosynthetic process
MS3_00351	6185.A0A095BTU9	GO Process	GO:0009893	Positive regulation of metabolic process
MS3_00351	6185.A0A095BTU9	GO Process	GO:0009987	Cellular process
MS3_00351	6185.A0A095BTU9	GO Process	GO:0010468	Regulation of gene expression
MS3_00351	6185.A0A095BTU9	GO Process	GO:0010556	Regulation of macromolecule biosynthetic process
MS3_00351	6185.A0A095BTU9	GO Process	GO:0010557	Positive regulation of macromolecule biosynthetic process
MS3_00351	6185.A0A095BTU9	GO Process	GO:0010569	Regulation of double-strand break repair via homologous recombination
MS3_00351	6185.A0A095BTU9	GO Process	GO:0010604	Positive regulation of macromolecule metabolic process
MS3_00351	6185.A0A095BTU9	GO Process	GO:0016043	Cellular component organization
MS3_00351	6185.A0A095BTU9	GO Process	GO:0019219	Regulation of nucleobase-containing compound metabolic process
MS3_00351	6185.A0A095BTU9	GO Process	GO:0019222	Regulation of metabolic process
MS3_00351	6185.A0A095BTU9	GO Process	GO:0030029	Actin filament-based process
MS3_00351	6185.A0A095BTU9	GO Process	GO:0030036	Actin cytoskeleton organization
MS3_00351	6185.A0A095BTU9	GO Process	GO:0034314	Arp2/3 complex-mediated actin nucleation
MS3_00351	6185.A0A095BTU9	GO Process	GO:0045010	Actin nucleation
MS3_00351	6185.A0A095BTU9	GO Process	GO:0045739	Positive regulation of DNA repair
MS3_00351	6185.A0A095BTU9	GO Process	GO:0045893	Positive regulation of DNA-templated transcription
MS3_00351	6185.A0A095BTU9	GO Process	GO:0045911	Positive regulation of DNA recombination
MS3_00351	6185.A0A095BTU9	GO Process	GO:0045935	Positive regulation of nucleobase-containing compound metabolic process
MS3_00351	6185.A0A095BTU9	GO Process	GO:0045944	Positive regulation of transcription by RNA polymerase II
MS3_00351	6185.A0A095BTU9	GO Process	GO:0048518	Positive regulation of biological process
MS3_00351	6185.A0A095BTU9	GO Process	GO:0048522	Positive regulation of cellular process
MS3_00351	6185.A0A095BTU9	GO Process	GO:0048583	Regulation of response to stimulus
MS3_00351	6185.A0A095BTU9	GO Process	GO:0048584	Positive regulation of response to stimulus
MS3_00351	6185.A0A095BTU9	GO Process	GO:0050789	Regulation of biological process
MS3_00351	6185.A0A095BTU9	GO Process	GO:0050794	Regulation of cellular process
MS3_00351	6185.A0A095BTU9	GO Process	GO:0051052	Regulation of DNA metabolic process
MS3_00351	6185.A0A095BTU9	GO Process	GO:0051054	Positive regulation of DNA metabolic process
MS3_00351	6185.A0A095BTU9	GO Process	GO:0051252	Regulation of RNA metabolic process
MS3_00351	6185.A0A095BTU9	GO Process	GO:0051254	Positive regulation of RNA metabolic process
MS3_00351	6185.A0A095BTU9	GO Process	GO:0060255	Regulation of macromolecule metabolic process
MS3_00351	6185.A0A095BTU9	GO Process	GO:0065007	Biological regulation
MS3_00351	6185.A0A095BTU9	GO Process	GO:0071840	Cellular component organization or biogenesis
MS3_00351	6185.A0A095BTU9	GO Process	GO:0080090	Regulation of primary metabolic process
MS3_00351	6185.A0A095BTU9	GO Process	GO:0080134	Regulation of response to stress
MS3_00351	6185.A0A095BTU9	GO Process	GO:0080135	Regulation of cellular response to stress
MS3_00351	6185.A0A095BTU9	GO Process	GO:0097435	Supramolecular fiber organization
MS3_00351	6185.A0A095BTU9	GO Process	GO:1902680	Positive regulation of RNA biosynthetic process
MS3_00351	6185.A0A095BTU9	GO Process	GO:1905168	Positive regulation of double-strand break repair via homologous recombination
MS3_00351	6185.A0A095BTU9	GO Process	GO:2000779	Regulation of double-strand break repair
MS3_00351	6185.A0A095BTU9	GO Process	GO:2000781	Positive regulation of double-strand break repair
MS3_00351	6185.A0A095BTU9	GO Process	GO:2001032	Regulation of double-strand break repair via nonhomologous end joining
MS3_00351	6185.A0A095BTU9	GO Process	GO:2001141	Regulation of RNA biosynthetic process
MS3_00351	6185.A0A095BTU9	GO Function	GO:0000166	Nucleotide binding
MS3_00351	6185.A0A095BTU9	GO Function	GO:0003779	Actin binding
MS3_00351	6185.A0A095BTU9	GO Function	GO:0005488	Binding
MS3_00351	6185.A0A095BTU9	GO Function	GO:0005515	Protein binding
MS3_00351	6185.A0A095BTU9	GO Function	GO:0005524	ATP binding
MS3_00351	6185.A0A095BTU9	GO Function	GO:0008092	Cytoskeletal protein binding
MS3_00351	6185.A0A095BTU9	GO Function	GO:0017076	Purine nucleotide binding
MS3_00351	6185.A0A095BTU9	GO Function	GO:0030554	Adenyl nucleotide binding
MS3_00351	6185.A0A095BTU9	GO Function	GO:0032553	Ribonucleotide binding
MS3_00351	6185.A0A095BTU9	GO Function	GO:0032555	Purine ribonucleotide binding
MS3_00351	6185.A0A095BTU9	GO Function	GO:0032559	Adenyl ribonucleotide binding
MS3_00351	6185.A0A095BTU9	GO Function	GO:0035639	Purine ribonucleoside triphosphate binding
MS3_00351	6185.A0A095BTU9	GO Function	GO:0036094	Small molecule binding
MS3_00351	6185.A0A095BTU9	GO Function	GO:0043167	Ion binding
MS3_00351	6185.A0A095BTU9	GO Function	GO:0043168	Anion binding
MS3_00351	6185.A0A095BTU9	GO Function	GO:0044877	Protein-containing complex binding
MS3_00351	6185.A0A095BTU9	GO Function	GO:0051015	Actin filament binding
MS3_00351	6185.A0A095BTU9	GO Function	GO:0097367	Carbohydrate derivative binding
MS3_00351	6185.A0A095BTU9	GO Function	GO:1901265	Nucleoside phosphate binding
MS3_00351	6185.A0A095BTU9	GO Function	GO:1901363	Heterocyclic compound binding
MS3_00351	6185.A0A095BTU9	GO Component	GO:0005622	Intracellular anatomical structure
MS3_00351	6185.A0A095BTU9	GO Component	GO:0005634	Nucleus
MS3_00351	6185.A0A095BTU9	GO Component	GO:0005694	Chromosome
MS3_00351	6185.A0A095BTU9	GO Component	GO:0005737	Cytoplasm
MS3_00351	6185.A0A095BTU9	GO Component	GO:0005856	Cytoskeleton
MS3_00351	6185.A0A095BTU9	GO Component	GO:0005885	Arp2/3 protein complex
MS3_00351	6185.A0A095BTU9	GO Component	GO:0005938	Cell cortex
MS3_00351	6185.A0A095BTU9	GO Component	GO:0015629	Actin cytoskeleton
MS3_00351	6185.A0A095BTU9	GO Component	GO:0032991	Protein-containing complex
MS3_00351	6185.A0A095BTU9	GO Component	GO:0035861	Site of double-strand break
MS3_00351	6185.A0A095BTU9	GO Component	GO:0042995	Cell projection
MS3_00351	6185.A0A095BTU9	GO Component	GO:0043226	Organelle
MS3_00351	6185.A0A095BTU9	GO Component	GO:0043227	Membrane-bounded organelle
MS3_00351	6185.A0A095BTU9	GO Component	GO:0043228	Membraneless organelle
MS3_00351	6185.A0A095BTU9	GO Component	GO:0043229	Intracellular organelle
MS3_00351	6185.A0A095BTU9	GO Component	GO:0043231	Intracellular membrane-bounded organelle
MS3_00351	6185.A0A095BTU9	GO Component	GO:0043232	Intracellular membraneless organelle
MS3_00351	6185.A0A095BTU9	GO Component	GO:0071944	Cell periphery
MS3_00351	6185.A0A095BTU9	GO Component	GO:0090734	Site of DNA damage
MS3_00351	6185.A0A095BTU9	GO Component	GO:0110165	Cellular anatomical structure
MS3_00351	6185.A0A095BTU9	STRING clusters	CL:8969	Mixed, incl. Actin cytoskeleton, and EF-Hand 1, calcium-binding site
MS3_00351	6185.A0A095BTU9	STRING clusters	CL:9131	Mixed, incl. RHO GTPases Activate WASPs and WAVEs, and Actin
MS3_00351	6185.A0A095BTU9	STRING clusters	CL:9134	Mixed, incl. RHO GTPases Activate WASPs and WAVEs, and Actin
MS3_00351	6185.A0A095BTU9	STRING clusters	CL:9137	RHO GTPases Activate WASPs and WAVEs, and Regulation of store-operated calcium entry
MS3_00351	6185.A0A095BTU9	STRING clusters	CL:9139	RHO GTPases Activate WASPs and WAVEs
MS3_00351	6185.A0A095BTU9	STRING clusters	CL:9141	Actin nucleation
MS3_00351	6185.A0A095BTU9	STRING clusters	CL:9145	Actin nucleation
MS3_00351	6185.A0A095BTU9	KEGG	shx04144	Endocytosis
MS3_00351	6185.A0A095BTU9	KEGG	shx05100	Bacterial invasion of epithelial cells
MS3_00351	6185.A0A095BTU9	Reactome	MAP-1266738	Developmental Biology
MS3_00351	6185.A0A095BTU9	Reactome	MAP-162582	Signal Transduction
MS3_00351	6185.A0A095BTU9	Reactome	MAP-168249	Innate Immune System
MS3_00351	6185.A0A095BTU9	Reactome	MAP-168256	Immune System
MS3_00351	6185.A0A095BTU9	Reactome	MAP-194315	Signaling by Rho GTPases
MS3_00351	6185.A0A095BTU9	Reactome	MAP-195258	RHO GTPase Effectors
MS3_00351	6185.A0A095BTU9	Reactome	MAP-199991	Membrane Trafficking
MS3_00351	6185.A0A095BTU9	Reactome	MAP-2029480	Fcgamma receptor (FCGR) dependent phagocytosis
MS3_00351	6185.A0A095BTU9	Reactome	MAP-2029482	Regulation of actin dynamics for phagocytic cup formation
MS3_00351	6185.A0A095BTU9	Reactome	MAP-2682334	EPH-Ephrin signaling
MS3_00351	6185.A0A095BTU9	Reactome	MAP-3928662	EPHB-mediated forward signaling
MS3_00351	6185.A0A095BTU9	Reactome	MAP-422475	Axon guidance
MS3_00351	6185.A0A095BTU9	Reactome	MAP-5653656	Vesicle-mediated transport
MS3_00351	6185.A0A095BTU9	Reactome	MAP-5663213	RHO GTPases Activate WASPs and WAVEs
MS3_00351	6185.A0A095BTU9	Reactome	MAP-6798695	Neutrophil degranulation
MS3_00351	6185.A0A095BTU9	Reactome	MAP-8856828	Clathrin-mediated endocytosis
MS3_00351	6185.A0A095BTU9	Reactome	MAP-9675108	Nervous system development
MS3_00351	6185.A0A095BTU9	Reactome	MAP-9716542	Signaling by Rho GTPases, Miro GTPases and RHOBTB3
MS3_00351	6185.A0A095BTU9	COMPARTMENTS	GOCC:0005622	Intracellular anatomical structure
MS3_00351	6185.A0A095BTU9	COMPARTMENTS	GOCC:0005856	Cytoskeleton
MS3_00351	6185.A0A095BTU9	COMPARTMENTS	GOCC:0005885	Arp2/3 protein complex
MS3_00351	6185.A0A095BTU9	COMPARTMENTS	GOCC:0015629	Actin cytoskeleton
MS3_00351	6185.A0A095BTU9	COMPARTMENTS	GOCC:0032991	Protein-containing complex
MS3_00351	6185.A0A095BTU9	COMPARTMENTS	GOCC:0043226	Organelle
MS3_00351	6185.A0A095BTU9	COMPARTMENTS	GOCC:0043228	Membraneless organelle
MS3_00351	6185.A0A095BTU9	COMPARTMENTS	GOCC:0043229	Intracellular organelle
MS3_00351	6185.A0A095BTU9	COMPARTMENTS	GOCC:0043232	Intracellular membraneless organelle
MS3_00351	6185.A0A095BTU9	COMPARTMENTS	GOCC:0110165	Cellular anatomical structure
MS3_00351	6185.A0A095BTU9	UniProt Keywords	KW-0009	Actin-binding
MS3_00351	6185.A0A095BTU9	UniProt Keywords	KW-0067	ATP-binding
MS3_00351	6185.A0A095BTU9	UniProt Keywords	KW-0206	Cytoskeleton
MS3_00351	6185.A0A095BTU9	UniProt Keywords	KW-0547	Nucleotide-binding
MS3_00351	6185.A0A095BTU9	UniProt Keywords	KW-0963	Cytoplasm
MS3_00351	6185.A0A095BTU9	InterPro	IPR004000	Actin family
MS3_00351	6185.A0A095BTU9	InterPro	IPR020902	Actin/actin-like conserved site
MS3_00351	6185.A0A095BTU9	InterPro	IPR043129	ATPase, nucleotide binding domain
MS3_00351	6185.A0A095BTU9	SMART	SM00268	Actin
MS3_00361	6185.A0A094ZD96	GO Process	GO:0006996	Organelle organization
MS3_00361	6185.A0A094ZD96	GO Process	GO:0007010	Cytoskeleton organization
MS3_00361	6185.A0A094ZD96	GO Process	GO:0009987	Cellular process
MS3_00361	6185.A0A094ZD96	GO Process	GO:0016043	Cellular component organization
MS3_00361	6185.A0A094ZD96	GO Process	GO:0022607	Cellular component assembly
MS3_00361	6185.A0A094ZD96	GO Process	GO:0030029	Actin filament-based process
MS3_00361	6185.A0A094ZD96	GO Process	GO:0030036	Actin cytoskeleton organization
MS3_00361	6185.A0A094ZD96	GO Process	GO:0030154	Cell differentiation
MS3_00361	6185.A0A094ZD96	GO Process	GO:0032502	Developmental process
MS3_00361	6185.A0A094ZD96	GO Process	GO:0044085	Cellular component biogenesis
MS3_00361	6185.A0A094ZD96	GO Process	GO:0048468	Cell development
MS3_00361	6185.A0A094ZD96	GO Process	GO:0048856	Anatomical structure development
MS3_00361	6185.A0A094ZD96	GO Process	GO:0048869	Cellular developmental process
MS3_00361	6185.A0A094ZD96	GO Process	GO:0071840	Cellular component organization or biogenesis
MS3_00361	6185.A0A094ZD96	GO Function	GO:0003779	Actin binding
MS3_00361	6185.A0A094ZD96	GO Function	GO:0005488	Binding
MS3_00361	6185.A0A094ZD96	GO Function	GO:0005509	Calcium ion binding
MS3_00361	6185.A0A094ZD96	GO Function	GO:0005515	Protein binding
MS3_00361	6185.A0A094ZD96	GO Function	GO:0008092	Cytoskeletal protein binding
MS3_00361	6185.A0A094ZD96	GO Function	GO:0036094	Small molecule binding
MS3_00361	6185.A0A094ZD96	GO Function	GO:0043167	Ion binding
MS3_00361	6185.A0A094ZD96	GO Function	GO:0043169	Cation binding
MS3_00361	6185.A0A094ZD96	GO Function	GO:0044877	Protein-containing complex binding
MS3_00361	6185.A0A094ZD96	GO Function	GO:0046872	Metal ion binding
MS3_00361	6185.A0A094ZD96	GO Function	GO:0051015	Actin filament binding
MS3_00361	6185.A0A094ZD96	GO Component	GO:0005622	Intracellular anatomical structure
MS3_00361	6185.A0A094ZD96	GO Component	GO:0005737	Cytoplasm
MS3_00361	6185.A0A094ZD96	GO Component	GO:0005856	Cytoskeleton
MS3_00361	6185.A0A094ZD96	GO Component	GO:0005886	Plasma membrane
MS3_00361	6185.A0A094ZD96	GO Component	GO:0005938	Cell cortex
MS3_00361	6185.A0A094ZD96	GO Component	GO:0015629	Actin cytoskeleton
MS3_00361	6185.A0A094ZD96	GO Component	GO:0016020	Membrane
MS3_00361	6185.A0A094ZD96	GO Component	GO:0030016	Myofibril
MS3_00361	6185.A0A094ZD96	GO Component	GO:0030017	Sarcomere
MS3_00361	6185.A0A094ZD96	GO Component	GO:0030018	Z disc
MS3_00361	6185.A0A094ZD96	GO Component	GO:0030054	Cell junction
MS3_00361	6185.A0A094ZD96	GO Component	GO:0030863	Cortical cytoskeleton
MS3_00361	6185.A0A094ZD96	GO Component	GO:0030864	Cortical actin cytoskeleton
MS3_00361	6185.A0A094ZD96	GO Component	GO:0031674	I band
MS3_00361	6185.A0A094ZD96	GO Component	GO:0042995	Cell projection
MS3_00361	6185.A0A094ZD96	GO Component	GO:0043226	Organelle
MS3_00361	6185.A0A094ZD96	GO Component	GO:0043228	Membraneless organelle
MS3_00361	6185.A0A094ZD96	GO Component	GO:0043229	Intracellular organelle
MS3_00361	6185.A0A094ZD96	GO Component	GO:0043232	Intracellular membraneless organelle
MS3_00361	6185.A0A094ZD96	GO Component	GO:0043292	Contractile muscle fiber
MS3_00361	6185.A0A094ZD96	GO Component	GO:0070161	Anchoring junction
MS3_00361	6185.A0A094ZD96	GO Component	GO:0071944	Cell periphery
MS3_00361	6185.A0A094ZD96	GO Component	GO:0099080	Supramolecular complex
MS3_00361	6185.A0A094ZD96	GO Component	GO:0099081	Supramolecular polymer
MS3_00361	6185.A0A094ZD96	GO Component	GO:0099512	Supramolecular fiber
MS3_00361	6185.A0A094ZD96	GO Component	GO:0110165	Cellular anatomical structure
MS3_00361	6185.A0A094ZD96	STRING clusters	CL:8969	Mixed, incl. Actin cytoskeleton, and EF-Hand 1, calcium-binding site
MS3_00361	6185.A0A094ZD96	STRING clusters	CL:8971	Mixed, incl. EF-hand domain, and Myosin complex
MS3_00361	6185.A0A094ZD96	STRING clusters	CL:8973	Mixed, incl. Myosin complex, and Sarcomere
MS3_00361	6185.A0A094ZD96	STRING clusters	CL:8976	Mixed, incl. Myosin complex, and Sarcomere
MS3_00361	6185.A0A094ZD96	STRING clusters	CL:8981	Mixed, incl. Myosin complex, and Muscle contraction
MS3_00361	6185.A0A094ZD96	STRING clusters	CL:8983	Mixed, incl. Myosin complex, and Muscle contraction
MS3_00361	6185.A0A094ZD96	STRING clusters	CL:8988	Mixed, incl. Myosin II complex, and Muscle contraction
MS3_00361	6185.A0A094ZD96	STRING clusters	CL:8991	Myofibril, and Tropomyosin
MS3_00361	6185.A0A094ZD96	Reactome	MAP-109582	Hemostasis
MS3_00361	6185.A0A094ZD96	Reactome	MAP-114608	Platelet degranulation
MS3_00361	6185.A0A094ZD96	Reactome	MAP-76002	Platelet activation, signaling and aggregation
MS3_00361	6185.A0A094ZD96	Reactome	MAP-76005	Response to elevated platelet cytosolic Ca2+
MS3_00361	6185.A0A094ZD96	COMPARTMENTS	GOCC:0005622	Intracellular anatomical structure
MS3_00361	6185.A0A094ZD96	COMPARTMENTS	GOCC:0043226	Organelle
MS3_00361	6185.A0A094ZD96	COMPARTMENTS	GOCC:0043229	Intracellular organelle
MS3_00361	6185.A0A094ZD96	COMPARTMENTS	GOCC:0110165	Cellular anatomical structure
MS3_00361	6185.A0A094ZD96	UniProt Keywords	KW-0009	Actin-binding
MS3_00361	6185.A0A094ZD96	UniProt Keywords	KW-0106	Calcium
MS3_00361	6185.A0A094ZD96	UniProt Keywords	KW-0175	Coiled coil
MS3_00361	6185.A0A094ZD96	UniProt Keywords	KW-0677	Repeat
MS3_00361	6185.A0A094ZD96	Pfam	PF13405	EF-hand domain
MS3_00361	6185.A0A094ZD96	InterPro	IPR001589	Actinin-type actin-binding domain, conserved site
MS3_00361	6185.A0A094ZD96	InterPro	IPR001715	Calponin homology domain
MS3_00361	6185.A0A094ZD96	InterPro	IPR002017	Spectrin repeat
MS3_00361	6185.A0A094ZD96	InterPro	IPR002048	EF-hand domain
MS3_00361	6185.A0A094ZD96	InterPro	IPR011992	EF-hand domain pair
MS3_00361	6185.A0A094ZD96	InterPro	IPR018159	Spectrin/alpha-actinin
MS3_00361	6185.A0A094ZD96	InterPro	IPR018247	EF-Hand 1, calcium-binding site
MS3_00361	6185.A0A094ZD96	InterPro	IPR036872	CH domain superfamily
MS3_00361	6185.A0A094ZD96	SMART	SM00033	Calponin homology domain
MS3_00361	6185.A0A094ZD96	SMART	SM00150	Spectrin repeats
MS3_00783	6185.A0A094ZIB4	GO Process	GO:0009987	Cellular process
MS3_00783	6185.A0A094ZIB4	GO Function	GO:0005198	Structural molecule activity
MS3_00783	6185.A0A094ZIB4	GO Component	GO:0005581	Collagen trimer
MS3_00783	6185.A0A094ZIB4	GO Component	GO:0032991	Protein-containing complex
MS3_00783	6185.A0A094ZIB4	STRING clusters	CL:9565	Mixed, incl. Serine-type endopeptidase activity, and EGF-like domain
MS3_00783	6185.A0A094ZIB4	STRING clusters	CL:9566	Mixed, incl. Serine-type endopeptidase activity, and EGF-like domain
MS3_00783	6185.A0A094ZIB4	STRING clusters	CL:9568	Mixed, incl. Serine-type endopeptidase activity, and EGF-like domain
MS3_00783	6185.A0A094ZIB4	STRING clusters	CL:9722	Mixed, incl. Collagen trimer, and Peptide hormone processing
MS3_00783	6185.A0A094ZIB4	STRING clusters	CL:9723	Mixed, incl. Collagen trimer, and Peptide hormone processing
MS3_00783	6185.A0A094ZIB4	STRING clusters	CL:9724	Mixed, incl. Collagen trimer, and Peptide hormone processing
MS3_00783	6185.A0A094ZIB4	STRING clusters	CL:9727	Mixed, incl. Collagen triple helix repeat, and Peptide hormone processing
MS3_00783	6185.A0A094ZIB4	Reactome	MAP-1474244	Extracellular matrix organization
MS3_00783	6185.A0A094ZIB4	Reactome	MAP-1474290	Collagen formation
MS3_00783	6185.A0A094ZIB4	Reactome	MAP-1650814	Collagen biosynthesis and modifying enzymes
MS3_00783	6185.A0A094ZIB4	Reactome	MAP-8948216	Collagen chain trimerization
MS3_00783	6185.A0A094ZIB4	COMPARTMENTS	GOCC:0005581	Collagen trimer
MS3_00783	6185.A0A094ZIB4	COMPARTMENTS	GOCC:0032991	Protein-containing complex
MS3_00783	6185.A0A094ZIB4	UniProt Keywords	KW-0176	Collagen
MS3_00783	6185.A0A094ZIB4	UniProt Keywords	KW-0472	Membrane
MS3_00783	6185.A0A094ZIB4	UniProt Keywords	KW-0812	Transmembrane
MS3_00783	6185.A0A094ZIB4	UniProt Keywords	KW-0964	Secreted
MS3_00783	6185.A0A094ZIB4	UniProt Keywords	KW-1133	Transmembrane helix
MS3_00783	6185.A0A094ZIB4	Pfam	PF01391	Collagen triple helix repeat (20 copies)
MS3_00783	6185.A0A094ZIB4	InterPro	IPR000885	Fibrillar collagen, C-terminal
MS3_00783	6185.A0A094ZIB4	InterPro	IPR008160	Collagen triple helix repeat
MS3_00783	6185.A0A094ZIB4	InterPro	IPR050938	Collagen and Collagen-like Structural Proteins
MS3_00783	6185.A0A094ZIB4	SMART	SM00038	Fibrillar collagens C-terminal domain
MS3_00852	6185.A0A094ZFZ8	GO Process	GO:0006996	Organelle organization
MS3_00852	6185.A0A094ZFZ8	GO Process	GO:0007010	Cytoskeleton organization
MS3_00852	6185.A0A094ZFZ8	GO Process	GO:0009987	Cellular process
MS3_00852	6185.A0A094ZFZ8	GO Process	GO:0016043	Cellular component organization
MS3_00852	6185.A0A094ZFZ8	GO Process	GO:0030029	Actin filament-based process
MS3_00852	6185.A0A094ZFZ8	GO Process	GO:0030036	Actin cytoskeleton organization
MS3_00852	6185.A0A094ZFZ8	GO Process	GO:0071840	Cellular component organization or biogenesis
MS3_00852	6185.A0A094ZFZ8	GO Function	GO:0003779	Actin binding
MS3_00852	6185.A0A094ZFZ8	GO Function	GO:0005488	Binding
MS3_00852	6185.A0A094ZFZ8	GO Function	GO:0005515	Protein binding
MS3_00852	6185.A0A094ZFZ8	GO Function	GO:0008092	Cytoskeletal protein binding
MS3_00852	6185.A0A094ZFZ8	GO Function	GO:0044877	Protein-containing complex binding
MS3_00852	6185.A0A094ZFZ8	GO Function	GO:0051015	Actin filament binding
MS3_00852	6185.A0A094ZFZ8	GO Component	GO:0005622	Intracellular anatomical structure
MS3_00852	6185.A0A094ZFZ8	GO Component	GO:0005737	Cytoplasm
MS3_00852	6185.A0A094ZFZ8	GO Component	GO:0005856	Cytoskeleton
MS3_00852	6185.A0A094ZFZ8	GO Component	GO:0043226	Organelle
MS3_00852	6185.A0A094ZFZ8	GO Component	GO:0043228	Membraneless organelle
MS3_00852	6185.A0A094ZFZ8	GO Component	GO:0043229	Intracellular organelle
MS3_00852	6185.A0A094ZFZ8	GO Component	GO:0043232	Intracellular membraneless organelle
MS3_00852	6185.A0A094ZFZ8	GO Component	GO:0071944	Cell periphery
MS3_00852	6185.A0A094ZFZ8	GO Component	GO:0110165	Cellular anatomical structure
MS3_00852	6185.A0A094ZFZ8	STRING clusters	CL:10319	Cell-substrate junction, and Integrin domain superfamily
MS3_00852	6185.A0A094ZFZ8	COMPARTMENTS	GOCC:0005622	Intracellular anatomical structure
MS3_00852	6185.A0A094ZFZ8	COMPARTMENTS	GOCC:0043226	Organelle
MS3_00852	6185.A0A094ZFZ8	COMPARTMENTS	GOCC:0043229	Intracellular organelle
MS3_00852	6185.A0A094ZFZ8	COMPARTMENTS	GOCC:0110165	Cellular anatomical structure
MS3_00852	6185.A0A094ZFZ8	UniProt Keywords	KW-0009	Actin-binding
MS3_00852	6185.A0A094ZFZ8	UniProt Keywords	KW-0677	Repeat
MS3_00852	6185.A0A094ZFZ8	InterPro	IPR001298	Filamin/ABP280 repeat
MS3_00852	6185.A0A094ZFZ8	InterPro	IPR001589	Actinin-type actin-binding domain, conserved site
MS3_00852	6185.A0A094ZFZ8	InterPro	IPR001715	Calponin homology domain
MS3_00852	6185.A0A094ZFZ8	InterPro	IPR013783	Immunoglobulin-like fold
MS3_00852	6185.A0A094ZFZ8	InterPro	IPR014756	Immunoglobulin E-set
MS3_00852	6185.A0A094ZFZ8	InterPro	IPR017868	Filamin/ABP280 repeat-like
MS3_00852	6185.A0A094ZFZ8	InterPro	IPR036872	CH domain superfamily
MS3_00852	6185.A0A094ZFZ8	InterPro	IPR044801	Filamin family
MS3_00852	6185.A0A094ZFZ8	SMART	SM00033	Calponin homology domain
MS3_00852	6185.A0A094ZFZ8	SMART	SM00557	Filamin-type immunoglobulin domains
MS3_01006	6185.A0A095AG66	GO Process	GO:0009987	Cellular process
MS3_01006	6185.A0A095AG66	GO Function	GO:0005198	Structural molecule activity
MS3_01006	6185.A0A095AG66	GO Component	GO:0005581	Collagen trimer
MS3_01006	6185.A0A095AG66	GO Component	GO:0032991	Protein-containing complex
MS3_01006	6185.A0A095AG66	STRING clusters	CL:9565	Mixed, incl. Serine-type endopeptidase activity, and EGF-like domain
MS3_01006	6185.A0A095AG66	STRING clusters	CL:9566	Mixed, incl. Serine-type endopeptidase activity, and EGF-like domain
MS3_01006	6185.A0A095AG66	STRING clusters	CL:9568	Mixed, incl. Serine-type endopeptidase activity, and EGF-like domain
MS3_01006	6185.A0A095AG66	STRING clusters	CL:9722	Mixed, incl. Collagen trimer, and Peptide hormone processing
MS3_01006	6185.A0A095AG66	STRING clusters	CL:9723	Mixed, incl. Collagen trimer, and Peptide hormone processing
MS3_01006	6185.A0A095AG66	STRING clusters	CL:9724	Mixed, incl. Collagen trimer, and Peptide hormone processing
MS3_01006	6185.A0A095AG66	STRING clusters	CL:9727	Mixed, incl. Collagen triple helix repeat, and Peptide hormone processing
MS3_01006	6185.A0A095AG66	STRING clusters	CL:9729	Mixed, incl. Peptide hormone processing, and Collagen superfamily
MS3_01006	6185.A0A095AG66	STRING clusters	CL:9757	Collagen superfamily, and Thrombospondin-like, N-terminal domain
MS3_01006	6185.A0A095AG66	KEGG	shx04820	Cytoskeleton in muscle cells
MS3_01006	6185.A0A095AG66	Reactome	MAP-1474244	Extracellular matrix organization
MS3_01006	6185.A0A095AG66	Reactome	MAP-1474290	Collagen formation
MS3_01006	6185.A0A095AG66	Reactome	MAP-1650814	Collagen biosynthesis and modifying enzymes
MS3_01006	6185.A0A095AG66	Reactome	MAP-8948216	Collagen chain trimerization
MS3_01006	6185.A0A095AG66	COMPARTMENTS	GOCC:0005581	Collagen trimer
MS3_01006	6185.A0A095AG66	COMPARTMENTS	GOCC:0032991	Protein-containing complex
MS3_01006	6185.A0A095AG66	UniProt Keywords	KW-0176	Collagen
MS3_01006	6185.A0A095AG66	UniProt Keywords	KW-0964	Secreted
MS3_01006	6185.A0A095AG66	Pfam	PF01391	Collagen triple helix repeat (20 copies)
MS3_01006	6185.A0A095AG66	InterPro	IPR000885	Fibrillar collagen, C-terminal
MS3_01006	6185.A0A095AG66	InterPro	IPR001791	Laminin G domain
MS3_01006	6185.A0A095AG66	InterPro	IPR008160	Collagen triple helix repeat
MS3_01006	6185.A0A095AG66	InterPro	IPR013320	Concanavalin A-like lectin/glucanase domain superfamily
MS3_01006	6185.A0A095AG66	InterPro	IPR048287	Thrombospondin-like, N-terminal domain
MS3_01006	6185.A0A095AG66	InterPro	IPR050149	Collagen superfamily
MS3_01006	6185.A0A095AG66	SMART	SM00038	Fibrillar collagens C-terminal domain
MS3_01006	6185.A0A095AG66	SMART	SM00210	Thrombospondin N-terminal -like domains.
MS3_01079	6185.A0A095AGB3	GO Process	GO:0006325	Chromatin organization
MS3_01079	6185.A0A095AGB3	GO Process	GO:0006338	Chromatin remodeling
MS3_01079	6185.A0A095AGB3	GO Process	GO:0006355	Regulation of DNA-templated transcription
MS3_01079	6185.A0A095AGB3	GO Process	GO:0006357	Regulation of transcription by RNA polymerase II
MS3_01079	6185.A0A095AGB3	GO Process	GO:0007275	Multicellular organism development
MS3_01079	6185.A0A095AGB3	GO Process	GO:0007399	Nervous system development
MS3_01079	6185.A0A095AGB3	GO Process	GO:0009889	Regulation of biosynthetic process
MS3_01079	6185.A0A095AGB3	GO Process	GO:0009893	Positive regulation of metabolic process
MS3_01079	6185.A0A095AGB3	GO Process	GO:0009987	Cellular process
MS3_01079	6185.A0A095AGB3	GO Process	GO:0010468	Regulation of gene expression
MS3_01079	6185.A0A095AGB3	GO Process	GO:0010556	Regulation of macromolecule biosynthetic process
MS3_01079	6185.A0A095AGB3	GO Process	GO:0010604	Positive regulation of macromolecule metabolic process
MS3_01079	6185.A0A095AGB3	GO Process	GO:0016043	Cellular component organization
MS3_01079	6185.A0A095AGB3	GO Process	GO:0019219	Regulation of nucleobase-containing compound metabolic process
MS3_01079	6185.A0A095AGB3	GO Process	GO:0019222	Regulation of metabolic process
MS3_01079	6185.A0A095AGB3	GO Process	GO:0032501	Multicellular organismal process
MS3_01079	6185.A0A095AGB3	GO Process	GO:0032502	Developmental process
MS3_01079	6185.A0A095AGB3	GO Process	GO:0045935	Positive regulation of nucleobase-containing compound metabolic process
MS3_01079	6185.A0A095AGB3	GO Process	GO:0048518	Positive regulation of biological process
MS3_01079	6185.A0A095AGB3	GO Process	GO:0048522	Positive regulation of cellular process
MS3_01079	6185.A0A095AGB3	GO Process	GO:0048731	System development
MS3_01079	6185.A0A095AGB3	GO Process	GO:0048856	Anatomical structure development
MS3_01079	6185.A0A095AGB3	GO Process	GO:0050789	Regulation of biological process
MS3_01079	6185.A0A095AGB3	GO Process	GO:0050794	Regulation of cellular process
MS3_01079	6185.A0A095AGB3	GO Process	GO:0051252	Regulation of RNA metabolic process
MS3_01079	6185.A0A095AGB3	GO Process	GO:0060255	Regulation of macromolecule metabolic process
MS3_01079	6185.A0A095AGB3	GO Process	GO:0065007	Biological regulation
MS3_01079	6185.A0A095AGB3	GO Process	GO:0071840	Cellular component organization or biogenesis
MS3_01079	6185.A0A095AGB3	GO Process	GO:0080090	Regulation of primary metabolic process
MS3_01079	6185.A0A095AGB3	GO Process	GO:2001141	Regulation of RNA biosynthetic process
MS3_01079	6185.A0A095AGB3	GO Function	GO:0003682	Chromatin binding
MS3_01079	6185.A0A095AGB3	GO Function	GO:0005488	Binding
MS3_01079	6185.A0A095AGB3	GO Component	GO:0000123	Histone acetyltransferase complex
MS3_01079	6185.A0A095AGB3	GO Component	GO:0000785	Chromatin
MS3_01079	6185.A0A095AGB3	GO Component	GO:0005622	Intracellular anatomical structure
MS3_01079	6185.A0A095AGB3	GO Component	GO:0005634	Nucleus
MS3_01079	6185.A0A095AGB3	GO Component	GO:0005694	Chromosome
MS3_01079	6185.A0A095AGB3	GO Component	GO:0016514	SWI/SNF complex
MS3_01079	6185.A0A095AGB3	GO Component	GO:0031248	Protein acetyltransferase complex
MS3_01079	6185.A0A095AGB3	GO Component	GO:0032991	Protein-containing complex
MS3_01079	6185.A0A095AGB3	GO Component	GO:0035267	NuA4 histone acetyltransferase complex
MS3_01079	6185.A0A095AGB3	GO Component	GO:0043189	H4/H2A histone acetyltransferase complex
MS3_01079	6185.A0A095AGB3	GO Component	GO:0043226	Organelle
MS3_01079	6185.A0A095AGB3	GO Component	GO:0043227	Membrane-bounded organelle
MS3_01079	6185.A0A095AGB3	GO Component	GO:0043228	Membraneless organelle
MS3_01079	6185.A0A095AGB3	GO Component	GO:0043229	Intracellular organelle
MS3_01079	6185.A0A095AGB3	GO Component	GO:0043231	Intracellular membrane-bounded organelle
MS3_01079	6185.A0A095AGB3	GO Component	GO:0043232	Intracellular membraneless organelle
MS3_01079	6185.A0A095AGB3	GO Component	GO:0070603	SWI/SNF superfamily-type complex
MS3_01079	6185.A0A095AGB3	GO Component	GO:0110165	Cellular anatomical structure
MS3_01079	6185.A0A095AGB3	GO Component	GO:0140513	Nuclear protein-containing complex
MS3_01079	6185.A0A095AGB3	GO Component	GO:0140535	Intracellular protein-containing complex
MS3_01079	6185.A0A095AGB3	GO Component	GO:1902493	Acetyltransferase complex
MS3_01079	6185.A0A095AGB3	GO Component	GO:1902494	Catalytic complex
MS3_01079	6185.A0A095AGB3	GO Component	GO:1902562	H4 histone acetyltransferase complex
MS3_01079	6185.A0A095AGB3	GO Component	GO:1904949	ATPase complex
MS3_01079	6185.A0A095AGB3	GO Component	GO:1990234	Transferase complex
MS3_01079	6185.A0A095AGB3	STRING clusters	CL:2397	SWI/SNF superfamily-type complex, and Zinc finger C2H2 superfamily
MS3_01079	6185.A0A095AGB3	STRING clusters	CL:2402	SWI/SNF superfamily-type complex, and Zinc finger C2H2 superfamily
MS3_01079	6185.A0A095AGB3	STRING clusters	CL:2404	Mixed, incl. SWI/SNF superfamily-type complex, and SWI/SNF chromatin remodelers
MS3_01079	6185.A0A095AGB3	STRING clusters	CL:2409	Mixed, incl. SWI/SNF superfamily-type complex, and SWI/SNF chromatin remodelers
MS3_01079	6185.A0A095AGB3	STRING clusters	CL:2487	SWI/SNF chromatin remodelers, and Zinc finger
MS3_01079	6185.A0A095AGB3	STRING clusters	CL:2491	SWI/SNF chromatin remodelers
MS3_01079	6185.A0A095AGB3	STRING clusters	CL:2496	SWI/SNF chromatin remodelers
MS3_01079	6185.A0A095AGB3	STRING clusters	CL:2500	SWI/SNF chromatin remodelers
MS3_01079	6185.A0A095AGB3	STRING clusters	CL:2505	RUNX1 interacts with co-factors whose precise effect on RUNX1 targets is not known, and npBAF complex
MS3_01079	6185.A0A095AGB3	STRING clusters	CL:2509	nBAF complex, and SWI/SNF complex
MS3_01079	6185.A0A095AGB3	KEGG	shx03082	ATP-dependent chromatin remodeling
MS3_01079	6185.A0A095AGB3	Reactome	MAP-212436	Generic Transcription Pathway
MS3_01079	6185.A0A095AGB3	Reactome	MAP-3214858	RMTs methylate histone arginines
MS3_01079	6185.A0A095AGB3	Reactome	MAP-3247509	Chromatin modifying enzymes
MS3_01079	6185.A0A095AGB3	Reactome	MAP-4839726	Chromatin organization
MS3_01079	6185.A0A095AGB3	Reactome	MAP-73857	RNA Polymerase II Transcription
MS3_01079	6185.A0A095AGB3	Reactome	MAP-74160	Gene expression (Transcription)
MS3_01079	6185.A0A095AGB3	Reactome	MAP-8878171	Transcriptional regulation by RUNX1
MS3_01079	6185.A0A095AGB3	Reactome	MAP-8939243	RUNX1 interacts with co-factors whose precise effect on RUNX1 targets is not known
MS3_01079	6185.A0A095AGB3	COMPARTMENTS	GOCC:0000785	Chromatin
MS3_01079	6185.A0A095AGB3	COMPARTMENTS	GOCC:0005622	Intracellular anatomical structure
MS3_01079	6185.A0A095AGB3	COMPARTMENTS	GOCC:0005634	Nucleus
MS3_01079	6185.A0A095AGB3	COMPARTMENTS	GOCC:0005694	Chromosome
MS3_01079	6185.A0A095AGB3	COMPARTMENTS	GOCC:0016514	SWI/SNF complex
MS3_01079	6185.A0A095AGB3	COMPARTMENTS	GOCC:0032991	Protein-containing complex
MS3_01079	6185.A0A095AGB3	COMPARTMENTS	GOCC:0043226	Organelle
MS3_01079	6185.A0A095AGB3	COMPARTMENTS	GOCC:0043227	Membrane-bounded organelle
MS3_01079	6185.A0A095AGB3	COMPARTMENTS	GOCC:0043228	Membraneless organelle
MS3_01079	6185.A0A095AGB3	COMPARTMENTS	GOCC:0043229	Intracellular organelle
MS3_01079	6185.A0A095AGB3	COMPARTMENTS	GOCC:0043231	Intracellular membrane-bounded organelle
MS3_01079	6185.A0A095AGB3	COMPARTMENTS	GOCC:0043232	Intracellular membraneless organelle
MS3_01079	6185.A0A095AGB3	COMPARTMENTS	GOCC:0070603	SWI/SNF superfamily-type complex
MS3_01079	6185.A0A095AGB3	COMPARTMENTS	GOCC:0110165	Cellular anatomical structure
MS3_01079	6185.A0A095AGB3	COMPARTMENTS	GOCC:1904949	ATPase complex
MS3_01079	6185.A0A095AGB3	InterPro	IPR004000	Actin family
MS3_01079	6185.A0A095AGB3	InterPro	IPR043129	ATPase, nucleotide binding domain
MS3_01079	6185.A0A095AGB3	SMART	SM00268	Actin
MS3_01298	6185.A0A095BVY6	GO Process	GO:0006996	Organelle organization
MS3_01298	6185.A0A095BVY6	GO Process	GO:0007010	Cytoskeleton organization
MS3_01298	6185.A0A095BVY6	GO Process	GO:0009987	Cellular process
MS3_01298	6185.A0A095BVY6	GO Process	GO:0016043	Cellular component organization
MS3_01298	6185.A0A095BVY6	GO Process	GO:0030029	Actin filament-based process
MS3_01298	6185.A0A095BVY6	GO Process	GO:0030036	Actin cytoskeleton organization
MS3_01298	6185.A0A095BVY6	GO Process	GO:0032501	Multicellular organismal process
MS3_01298	6185.A0A095BVY6	GO Process	GO:0032502	Developmental process
MS3_01298	6185.A0A095BVY6	GO Process	GO:0048856	Anatomical structure development
MS3_01298	6185.A0A095BVY6	GO Process	GO:0061061	Muscle structure development
MS3_01298	6185.A0A095BVY6	GO Process	GO:0071840	Cellular component organization or biogenesis
MS3_01298	6185.A0A095BVY6	GO Function	GO:0005488	Binding
MS3_01298	6185.A0A095BVY6	GO Function	GO:0036094	Small molecule binding
MS3_01298	6185.A0A095BVY6	GO Function	GO:0043167	Ion binding
MS3_01298	6185.A0A095BVY6	GO Function	GO:0043169	Cation binding
MS3_01298	6185.A0A095BVY6	GO Function	GO:0046872	Metal ion binding
MS3_01298	6185.A0A095BVY6	GO Component	GO:0001725	Stress fiber
MS3_01298	6185.A0A095BVY6	GO Component	GO:0005622	Intracellular anatomical structure
MS3_01298	6185.A0A095BVY6	GO Component	GO:0005737	Cytoplasm
MS3_01298	6185.A0A095BVY6	GO Component	GO:0005856	Cytoskeleton
MS3_01298	6185.A0A095BVY6	GO Component	GO:0005884	Actin filament
MS3_01298	6185.A0A095BVY6	GO Component	GO:0005911	Cell-cell junction
MS3_01298	6185.A0A095BVY6	GO Component	GO:0005912	Adherens junction
MS3_01298	6185.A0A095BVY6	GO Component	GO:0015629	Actin cytoskeleton
MS3_01298	6185.A0A095BVY6	GO Component	GO:0030016	Myofibril
MS3_01298	6185.A0A095BVY6	GO Component	GO:0030017	Sarcomere
MS3_01298	6185.A0A095BVY6	GO Component	GO:0030018	Z disc
MS3_01298	6185.A0A095BVY6	GO Component	GO:0030054	Cell junction
MS3_01298	6185.A0A095BVY6	GO Component	GO:0031674	I band
MS3_01298	6185.A0A095BVY6	GO Component	GO:0031941	Filamentous actin
MS3_01298	6185.A0A095BVY6	GO Component	GO:0032432	Actin filament bundle
MS3_01298	6185.A0A095BVY6	GO Component	GO:0032991	Protein-containing complex
MS3_01298	6185.A0A095BVY6	GO Component	GO:0042641	Actomyosin
MS3_01298	6185.A0A095BVY6	GO Component	GO:0043226	Organelle
MS3_01298	6185.A0A095BVY6	GO Component	GO:0043228	Membraneless organelle
MS3_01298	6185.A0A095BVY6	GO Component	GO:0043229	Intracellular organelle
MS3_01298	6185.A0A095BVY6	GO Component	GO:0043232	Intracellular membraneless organelle
MS3_01298	6185.A0A095BVY6	GO Component	GO:0043292	Contractile muscle fiber
MS3_01298	6185.A0A095BVY6	GO Component	GO:0070161	Anchoring junction
MS3_01298	6185.A0A095BVY6	GO Component	GO:0097517	Contractile actin filament bundle
MS3_01298	6185.A0A095BVY6	GO Component	GO:0099080	Supramolecular complex
MS3_01298	6185.A0A095BVY6	GO Component	GO:0099081	Supramolecular polymer
MS3_01298	6185.A0A095BVY6	GO Component	GO:0099512	Supramolecular fiber
MS3_01298	6185.A0A095BVY6	GO Component	GO:0099513	Polymeric cytoskeletal fiber
MS3_01298	6185.A0A095BVY6	GO Component	GO:0110165	Cellular anatomical structure
MS3_01298	6185.A0A095BVY6	STRING clusters	CL:8969	Mixed, incl. Actin cytoskeleton, and EF-Hand 1, calcium-binding site
MS3_01298	6185.A0A095BVY6	STRING clusters	CL:8971	Mixed, incl. EF-hand domain, and Myosin complex
MS3_01298	6185.A0A095BVY6	STRING clusters	CL:8973	Mixed, incl. Myosin complex, and Sarcomere
MS3_01298	6185.A0A095BVY6	STRING clusters	CL:8976	Mixed, incl. Myosin complex, and Sarcomere
MS3_01298	6185.A0A095BVY6	STRING clusters	CL:8981	Mixed, incl. Myosin complex, and Muscle contraction
MS3_01298	6185.A0A095BVY6	STRING clusters	CL:8983	Mixed, incl. Myosin complex, and Muscle contraction
MS3_01298	6185.A0A095BVY6	STRING clusters	CL:8988	Mixed, incl. Myosin II complex, and Muscle contraction
MS3_01298	6185.A0A095BVY6	STRING clusters	CL:8991	Myofibril, and Tropomyosin
MS3_01298	6185.A0A095BVY6	STRING clusters	CL:9017	Mixed, incl. Filamentous actin, and EF-hand, Ca insensitive
MS3_01298	6185.A0A095BVY6	KEGG	shx04820	Cytoskeleton in muscle cells
MS3_01298	6185.A0A095BVY6	Reactome	MAP-1266738	Developmental Biology
MS3_01298	6185.A0A095BVY6	Reactome	MAP-422475	Axon guidance
MS3_01298	6185.A0A095BVY6	Reactome	MAP-8853659	RET signaling
MS3_01298	6185.A0A095BVY6	Reactome	MAP-9675108	Nervous system development
MS3_01298	6185.A0A095BVY6	COMPARTMENTS	GOCC:0005622	Intracellular anatomical structure
MS3_01298	6185.A0A095BVY6	COMPARTMENTS	GOCC:0005737	Cytoplasm
MS3_01298	6185.A0A095BVY6	COMPARTMENTS	GOCC:0030016	Myofibril
MS3_01298	6185.A0A095BVY6	COMPARTMENTS	GOCC:0030017	Sarcomere
MS3_01298	6185.A0A095BVY6	COMPARTMENTS	GOCC:0030018	Z disc
MS3_01298	6185.A0A095BVY6	COMPARTMENTS	GOCC:0031674	I band
MS3_01298	6185.A0A095BVY6	COMPARTMENTS	GOCC:0043226	Organelle
MS3_01298	6185.A0A095BVY6	COMPARTMENTS	GOCC:0043228	Membraneless organelle
MS3_01298	6185.A0A095BVY6	COMPARTMENTS	GOCC:0043229	Intracellular organelle
MS3_01298	6185.A0A095BVY6	COMPARTMENTS	GOCC:0043232	Intracellular membraneless organelle
MS3_01298	6185.A0A095BVY6	COMPARTMENTS	GOCC:0043292	Contractile muscle fiber
MS3_01298	6185.A0A095BVY6	COMPARTMENTS	GOCC:0099080	Supramolecular complex
MS3_01298	6185.A0A095BVY6	COMPARTMENTS	GOCC:0099081	Supramolecular polymer
MS3_01298	6185.A0A095BVY6	COMPARTMENTS	GOCC:0099512	Supramolecular fiber
MS3_01298	6185.A0A095BVY6	COMPARTMENTS	GOCC:0110165	Cellular anatomical structure
MS3_01298	6185.A0A095BVY6	UniProt Keywords	KW-0440	LIM domain
MS3_01298	6185.A0A095BVY6	UniProt Keywords	KW-0479	Metal-binding
MS3_01298	6185.A0A095BVY6	UniProt Keywords	KW-0862	Zinc
MS3_01298	6185.A0A095BVY6	InterPro	IPR001478	PDZ domain
MS3_01298	6185.A0A095BVY6	InterPro	IPR001781	Zinc finger, LIM-type
MS3_01298	6185.A0A095BVY6	InterPro	IPR036034	PDZ superfamily
MS3_01298	6185.A0A095BVY6	InterPro	IPR050604	PDZ and LIM domain-containing
MS3_01298	6185.A0A095BVY6	SMART	SM00132	Zinc-binding domain present in Lin-11, Isl-1, Mec-3.
MS3_01298	6185.A0A095BVY6	SMART	SM00184	Ring finger
MS3_01298	6185.A0A095BVY6	SMART	SM00228	Domain present in PSD-95, Dlg, and ZO-1/2.
MS3_01602	6185.A0A095AHJ7	GO Process	GO:0009987	Cellular process
MS3_01602	6185.A0A095AHJ7	GO Function	GO:0005198	Structural molecule activity
MS3_01602	6185.A0A095AHJ7	GO Component	GO:0005581	Collagen trimer
MS3_01602	6185.A0A095AHJ7	GO Component	GO:0032991	Protein-containing complex
MS3_01602	6185.A0A095AHJ7	STRING clusters	CL:9565	Mixed, incl. Serine-type endopeptidase activity, and EGF-like domain
MS3_01602	6185.A0A095AHJ7	STRING clusters	CL:9566	Mixed, incl. Serine-type endopeptidase activity, and EGF-like domain
MS3_01602	6185.A0A095AHJ7	STRING clusters	CL:9568	Mixed, incl. Serine-type endopeptidase activity, and EGF-like domain
MS3_01602	6185.A0A095AHJ7	STRING clusters	CL:9722	Mixed, incl. Collagen trimer, and Peptide hormone processing
MS3_01602	6185.A0A095AHJ7	STRING clusters	CL:9723	Mixed, incl. Collagen trimer, and Peptide hormone processing
MS3_01602	6185.A0A095AHJ7	STRING clusters	CL:9724	Mixed, incl. Collagen trimer, and Peptide hormone processing
MS3_01602	6185.A0A095AHJ7	STRING clusters	CL:9727	Mixed, incl. Collagen triple helix repeat, and Peptide hormone processing
MS3_01602	6185.A0A095AHJ7	STRING clusters	CL:9729	Mixed, incl. Peptide hormone processing, and Collagen superfamily
MS3_01602	6185.A0A095AHJ7	STRING clusters	CL:9757	Collagen superfamily, and Thrombospondin-like, N-terminal domain
MS3_01602	6185.A0A095AHJ7	KEGG	shx04382	Cornified envelope formation
MS3_01602	6185.A0A095AHJ7	KEGG	shx04512	ECM-receptor interaction
MS3_01602	6185.A0A095AHJ7	KEGG	shx04820	Cytoskeleton in muscle cells
MS3_01602	6185.A0A095AHJ7	Reactome	MAP-1474244	Extracellular matrix organization
MS3_01602	6185.A0A095AHJ7	Reactome	MAP-1474290	Collagen formation
MS3_01602	6185.A0A095AHJ7	Reactome	MAP-1650814	Collagen biosynthesis and modifying enzymes
MS3_01602	6185.A0A095AHJ7	Reactome	MAP-8948216	Collagen chain trimerization
MS3_01602	6185.A0A095AHJ7	COMPARTMENTS	GOCC:0005604	Basement membrane
MS3_01602	6185.A0A095AHJ7	COMPARTMENTS	GOCC:0030312	External encapsulating structure
MS3_01602	6185.A0A095AHJ7	COMPARTMENTS	GOCC:0031012	Extracellular matrix
MS3_01602	6185.A0A095AHJ7	COMPARTMENTS	GOCC:0062023	Collagen-containing extracellular matrix
MS3_01602	6185.A0A095AHJ7	COMPARTMENTS	GOCC:0071944	Cell periphery
MS3_01602	6185.A0A095AHJ7	COMPARTMENTS	GOCC:0110165	Cellular anatomical structure
MS3_01602	6185.A0A095AHJ7	UniProt Keywords	KW-0084	Basement membrane
MS3_01602	6185.A0A095AHJ7	UniProt Keywords	KW-0176	Collagen
MS3_01602	6185.A0A095AHJ7	UniProt Keywords	KW-0272	Extracellular matrix
MS3_01602	6185.A0A095AHJ7	UniProt Keywords	KW-0964	Secreted
MS3_01602	6185.A0A095AHJ7	Pfam	PF01391	Collagen triple helix repeat (20 copies)
MS3_01602	6185.A0A095AHJ7	InterPro	IPR001442	Collagen IV, non-collagenous
MS3_01602	6185.A0A095AHJ7	InterPro	IPR008160	Collagen triple helix repeat
MS3_01602	6185.A0A095AHJ7	InterPro	IPR016187	C-type lectin fold
MS3_01602	6185.A0A095AHJ7	InterPro	IPR036954	Collagen IV, non-collagenous domain superfamily
MS3_01602	6185.A0A095AHJ7	InterPro	IPR050149	Collagen superfamily
MS3_01744	6185.A0A094ZGB5	GO Process	GO:0006996	Organelle organization
MS3_01744	6185.A0A094ZGB5	GO Process	GO:0007010	Cytoskeleton organization
MS3_01744	6185.A0A094ZGB5	GO Process	GO:0009987	Cellular process
MS3_01744	6185.A0A094ZGB5	GO Process	GO:0016043	Cellular component organization
MS3_01744	6185.A0A094ZGB5	GO Process	GO:0030029	Actin filament-based process
MS3_01744	6185.A0A094ZGB5	GO Process	GO:0030036	Actin cytoskeleton organization
MS3_01744	6185.A0A094ZGB5	GO Process	GO:0071840	Cellular component organization or biogenesis
MS3_01744	6185.A0A094ZGB5	GO Function	GO:0003779	Actin binding
MS3_01744	6185.A0A094ZGB5	GO Function	GO:0005488	Binding
MS3_01744	6185.A0A094ZGB5	GO Function	GO:0005515	Protein binding
MS3_01744	6185.A0A094ZGB5	GO Function	GO:0008092	Cytoskeletal protein binding
MS3_01744	6185.A0A094ZGB5	GO Function	GO:0044877	Protein-containing complex binding
MS3_01744	6185.A0A094ZGB5	GO Function	GO:0051015	Actin filament binding
MS3_01744	6185.A0A094ZGB5	GO Component	GO:0005622	Intracellular anatomical structure
MS3_01744	6185.A0A094ZGB5	GO Component	GO:0005737	Cytoplasm
MS3_01744	6185.A0A094ZGB5	GO Component	GO:0005856	Cytoskeleton
MS3_01744	6185.A0A094ZGB5	GO Component	GO:0043226	Organelle
MS3_01744	6185.A0A094ZGB5	GO Component	GO:0043228	Membraneless organelle
MS3_01744	6185.A0A094ZGB5	GO Component	GO:0043229	Intracellular organelle
MS3_01744	6185.A0A094ZGB5	GO Component	GO:0043232	Intracellular membraneless organelle
MS3_01744	6185.A0A094ZGB5	GO Component	GO:0071944	Cell periphery
MS3_01744	6185.A0A094ZGB5	GO Component	GO:0110165	Cellular anatomical structure
MS3_01744	6185.A0A094ZGB5	STRING clusters	CL:10319	Cell-substrate junction, and Integrin domain superfamily
MS3_01744	6185.A0A094ZGB5	STRING clusters	CL:10321	Mixed, incl. Smooth Muscle Contraction, and Integrin complex
MS3_01744	6185.A0A094ZGB5	COMPARTMENTS	GOCC:0005622	Intracellular anatomical structure
MS3_01744	6185.A0A094ZGB5	COMPARTMENTS	GOCC:0043226	Organelle
MS3_01744	6185.A0A094ZGB5	COMPARTMENTS	GOCC:0043229	Intracellular organelle
MS3_01744	6185.A0A094ZGB5	COMPARTMENTS	GOCC:0110165	Cellular anatomical structure
MS3_01744	6185.A0A094ZGB5	UniProt Keywords	KW-0009	Actin-binding
MS3_01744	6185.A0A094ZGB5	UniProt Keywords	KW-0677	Repeat
MS3_01744	6185.A0A094ZGB5	InterPro	IPR001298	Filamin/ABP280 repeat
MS3_01744	6185.A0A094ZGB5	InterPro	IPR001589	Actinin-type actin-binding domain, conserved site
MS3_01744	6185.A0A094ZGB5	InterPro	IPR001715	Calponin homology domain
MS3_01744	6185.A0A094ZGB5	InterPro	IPR013783	Immunoglobulin-like fold
MS3_01744	6185.A0A094ZGB5	InterPro	IPR014756	Immunoglobulin E-set
MS3_01744	6185.A0A094ZGB5	InterPro	IPR017868	Filamin/ABP280 repeat-like
MS3_01744	6185.A0A094ZGB5	InterPro	IPR036872	CH domain superfamily
MS3_01744	6185.A0A094ZGB5	InterPro	IPR044801	Filamin family
MS3_01744	6185.A0A094ZGB5	SMART	SM00033	Calponin homology domain
MS3_01744	6185.A0A094ZGB5	SMART	SM00557	Filamin-type immunoglobulin domains
MS3_02183	6185.A0A094ZHK3	GO Process	GO:0007154	Cell communication
MS3_02183	6185.A0A094ZHK3	GO Process	GO:0007155	Cell adhesion
MS3_02183	6185.A0A094ZHK3	GO Process	GO:0007165	Signal transduction
MS3_02183	6185.A0A094ZHK3	GO Process	GO:0007166	Cell surface receptor signaling pathway
MS3_02183	6185.A0A094ZHK3	GO Process	GO:0007229	Integrin-mediated signaling pathway
MS3_02183	6185.A0A094ZHK3	GO Process	GO:0007275	Multicellular organism development
MS3_02183	6185.A0A094ZHK3	GO Process	GO:0009987	Cellular process
MS3_02183	6185.A0A094ZHK3	GO Process	GO:0023052	Signaling
MS3_02183	6185.A0A094ZHK3	GO Process	GO:0032501	Multicellular organismal process
MS3_02183	6185.A0A094ZHK3	GO Process	GO:0032502	Developmental process
MS3_02183	6185.A0A094ZHK3	GO Process	GO:0048856	Anatomical structure development
MS3_02183	6185.A0A094ZHK3	GO Process	GO:0050789	Regulation of biological process
MS3_02183	6185.A0A094ZHK3	GO Process	GO:0050794	Regulation of cellular process
MS3_02183	6185.A0A094ZHK3	GO Process	GO:0050896	Response to stimulus
MS3_02183	6185.A0A094ZHK3	GO Process	GO:0051716	Cellular response to stimulus
MS3_02183	6185.A0A094ZHK3	GO Process	GO:0065007	Biological regulation
MS3_02183	6185.A0A094ZHK3	GO Process	GO:0098609	Cell-cell adhesion
MS3_02183	6185.A0A094ZHK3	GO Function	GO:0005488	Binding
MS3_02183	6185.A0A094ZHK3	GO Function	GO:0036094	Small molecule binding
MS3_02183	6185.A0A094ZHK3	GO Function	GO:0038023	Signaling receptor activity
MS3_02183	6185.A0A094ZHK3	GO Function	GO:0043167	Ion binding
MS3_02183	6185.A0A094ZHK3	GO Function	GO:0043169	Cation binding
MS3_02183	6185.A0A094ZHK3	GO Function	GO:0046872	Metal ion binding
MS3_02183	6185.A0A094ZHK3	GO Function	GO:0060089	Molecular transducer activity
MS3_02183	6185.A0A094ZHK3	GO Component	GO:0005886	Plasma membrane
MS3_02183	6185.A0A094ZHK3	GO Component	GO:0008305	Integrin complex
MS3_02183	6185.A0A094ZHK3	GO Component	GO:0009986	Cell surface
MS3_02183	6185.A0A094ZHK3	GO Component	GO:0016020	Membrane
MS3_02183	6185.A0A094ZHK3	GO Component	GO:0032991	Protein-containing complex
MS3_02183	6185.A0A094ZHK3	GO Component	GO:0043235	Receptor complex
MS3_02183	6185.A0A094ZHK3	GO Component	GO:0071944	Cell periphery
MS3_02183	6185.A0A094ZHK3	GO Component	GO:0098636	Protein complex involved in cell adhesion
MS3_02183	6185.A0A094ZHK3	GO Component	GO:0098796	Membrane protein complex
MS3_02183	6185.A0A094ZHK3	GO Component	GO:0098797	Plasma membrane protein complex
MS3_02183	6185.A0A094ZHK3	GO Component	GO:0098802	Plasma membrane signaling receptor complex
MS3_02183	6185.A0A094ZHK3	GO Component	GO:0110165	Cellular anatomical structure
MS3_02183	6185.A0A094ZHK3	STRING clusters	CL:10319	Cell-substrate junction, and Integrin domain superfamily
MS3_02183	6185.A0A094ZHK3	STRING clusters	CL:10321	Mixed, incl. Smooth Muscle Contraction, and Integrin complex
MS3_02183	6185.A0A094ZHK3	STRING clusters	CL:10324	Integrin complex, and Smooth Muscle Contraction
MS3_02183	6185.A0A094ZHK3	Reactome	MAP-1474244	Extracellular matrix organization
MS3_02183	6185.A0A094ZHK3	Reactome	MAP-216083	Integrin cell surface interactions
MS3_02183	6185.A0A094ZHK3	COMPARTMENTS	GOCC:0005886	Plasma membrane
MS3_02183	6185.A0A094ZHK3	COMPARTMENTS	GOCC:0008305	Integrin complex
MS3_02183	6185.A0A094ZHK3	COMPARTMENTS	GOCC:0016020	Membrane
MS3_02183	6185.A0A094ZHK3	COMPARTMENTS	GOCC:0032991	Protein-containing complex
MS3_02183	6185.A0A094ZHK3	COMPARTMENTS	GOCC:0071944	Cell periphery
MS3_02183	6185.A0A094ZHK3	COMPARTMENTS	GOCC:0098797	Plasma membrane protein complex
MS3_02183	6185.A0A094ZHK3	COMPARTMENTS	GOCC:0098802	Plasma membrane signaling receptor complex
MS3_02183	6185.A0A094ZHK3	COMPARTMENTS	GOCC:0110165	Cellular anatomical structure
MS3_02183	6185.A0A094ZHK3	UniProt Keywords	KW-0130	Cell adhesion
MS3_02183	6185.A0A094ZHK3	UniProt Keywords	KW-0325	Glycoprotein
MS3_02183	6185.A0A094ZHK3	UniProt Keywords	KW-0401	Integrin
MS3_02183	6185.A0A094ZHK3	UniProt Keywords	KW-0472	Membrane
MS3_02183	6185.A0A094ZHK3	UniProt Keywords	KW-0675	Receptor
MS3_02183	6185.A0A094ZHK3	UniProt Keywords	KW-0677	Repeat
MS3_02183	6185.A0A094ZHK3	UniProt Keywords	KW-0732	Signal
MS3_02183	6185.A0A094ZHK3	UniProt Keywords	KW-0812	Transmembrane
MS3_02183	6185.A0A094ZHK3	UniProt Keywords	KW-1133	Transmembrane helix
MS3_02183	6185.A0A094ZHK3	InterPro	IPR000413	Integrin alpha chain
MS3_02183	6185.A0A094ZHK3	InterPro	IPR013517	FG-GAP repeat
MS3_02183	6185.A0A094ZHK3	InterPro	IPR013519	Integrin alpha beta-propellor
MS3_02183	6185.A0A094ZHK3	InterPro	IPR018184	Integrin alpha chain, C-terminal cytoplasmic region, conserved site
MS3_02183	6185.A0A094ZHK3	InterPro	IPR028994	Integrin alpha, N-terminal
MS3_02183	6185.A0A094ZHK3	InterPro	IPR032695	Integrin domain superfamily
MS3_02183	6185.A0A094ZHK3	InterPro	IPR048286	Integrin alpha, third immunoglobulin-like domain
MS3_02183	6185.A0A094ZHK3	SMART	SM00191	Integrin alpha (beta-propellor repeats).
MS3_02455	6185.A0A094ZIB8	GO Process	GO:0007154	Cell communication
MS3_02455	6185.A0A094ZIB8	GO Process	GO:0007165	Signal transduction
MS3_02455	6185.A0A094ZIB8	GO Process	GO:0007166	Cell surface receptor signaling pathway
MS3_02455	6185.A0A094ZIB8	GO Process	GO:0007167	Enzyme-linked receptor protein signaling pathway
MS3_02455	6185.A0A094ZIB8	GO Process	GO:0007169	Cell surface receptor protein tyrosine kinase signaling pathway
MS3_02455	6185.A0A094ZIB8	GO Process	GO:0009987	Cellular process
MS3_02455	6185.A0A094ZIB8	GO Process	GO:0023052	Signaling
MS3_02455	6185.A0A094ZIB8	GO Process	GO:0030154	Cell differentiation
MS3_02455	6185.A0A094ZIB8	GO Process	GO:0032502	Developmental process
MS3_02455	6185.A0A094ZIB8	GO Process	GO:0048518	Positive regulation of biological process
MS3_02455	6185.A0A094ZIB8	GO Process	GO:0048522	Positive regulation of cellular process
MS3_02455	6185.A0A094ZIB8	GO Process	GO:0048869	Cellular developmental process
MS3_02455	6185.A0A094ZIB8	GO Process	GO:0050789	Regulation of biological process
MS3_02455	6185.A0A094ZIB8	GO Process	GO:0050794	Regulation of cellular process
MS3_02455	6185.A0A094ZIB8	GO Process	GO:0050896	Response to stimulus
MS3_02455	6185.A0A094ZIB8	GO Process	GO:0051716	Cellular response to stimulus
MS3_02455	6185.A0A094ZIB8	GO Process	GO:0065007	Biological regulation
MS3_02455	6185.A0A094ZIB8	GO Function	GO:0000166	Nucleotide binding
MS3_02455	6185.A0A094ZIB8	GO Function	GO:0003824	Catalytic activity
MS3_02455	6185.A0A094ZIB8	GO Function	GO:0004672	Protein kinase activity
MS3_02455	6185.A0A094ZIB8	GO Function	GO:0004713	Protein tyrosine kinase activity
MS3_02455	6185.A0A094ZIB8	GO Function	GO:0004715	Non-membrane spanning protein tyrosine kinase activity
MS3_02455	6185.A0A094ZIB8	GO Function	GO:0005102	Signaling receptor binding
MS3_02455	6185.A0A094ZIB8	GO Function	GO:0005488	Binding
MS3_02455	6185.A0A094ZIB8	GO Function	GO:0005515	Protein binding
MS3_02455	6185.A0A094ZIB8	GO Function	GO:0005524	ATP binding
MS3_02455	6185.A0A094ZIB8	GO Function	GO:0016301	Kinase activity
MS3_02455	6185.A0A094ZIB8	GO Function	GO:0016740	Transferase activity
MS3_02455	6185.A0A094ZIB8	GO Function	GO:0016772	Transferase activity, transferring phosphorus-containing groups
MS3_02455	6185.A0A094ZIB8	GO Function	GO:0016773	Phosphotransferase activity, alcohol group as acceptor
MS3_02455	6185.A0A094ZIB8	GO Function	GO:0017076	Purine nucleotide binding
MS3_02455	6185.A0A094ZIB8	GO Function	GO:0030554	Adenyl nucleotide binding
MS3_02455	6185.A0A094ZIB8	GO Function	GO:0032553	Ribonucleotide binding
MS3_02455	6185.A0A094ZIB8	GO Function	GO:0032555	Purine ribonucleotide binding
MS3_02455	6185.A0A094ZIB8	GO Function	GO:0032559	Adenyl ribonucleotide binding
MS3_02455	6185.A0A094ZIB8	GO Function	GO:0035639	Purine ribonucleoside triphosphate binding
MS3_02455	6185.A0A094ZIB8	GO Function	GO:0036094	Small molecule binding
MS3_02455	6185.A0A094ZIB8	GO Function	GO:0043167	Ion binding
MS3_02455	6185.A0A094ZIB8	GO Function	GO:0043168	Anion binding
MS3_02455	6185.A0A094ZIB8	GO Function	GO:0097367	Carbohydrate derivative binding
MS3_02455	6185.A0A094ZIB8	GO Function	GO:0140096	Catalytic activity, acting on a protein
MS3_02455	6185.A0A094ZIB8	GO Function	GO:1901265	Nucleoside phosphate binding
MS3_02455	6185.A0A094ZIB8	GO Function	GO:1901363	Heterocyclic compound binding
MS3_02455	6185.A0A094ZIB8	GO Component	GO:0005622	Intracellular anatomical structure
MS3_02455	6185.A0A094ZIB8	GO Component	GO:0005737	Cytoplasm
MS3_02455	6185.A0A094ZIB8	GO Component	GO:0005829	Cytosol
MS3_02455	6185.A0A094ZIB8	GO Component	GO:0005886	Plasma membrane
MS3_02455	6185.A0A094ZIB8	GO Component	GO:0016020	Membrane
MS3_02455	6185.A0A094ZIB8	GO Component	GO:0043226	Organelle
MS3_02455	6185.A0A094ZIB8	GO Component	GO:0043229	Intracellular organelle
MS3_02455	6185.A0A094ZIB8	GO Component	GO:0071944	Cell periphery
MS3_02455	6185.A0A094ZIB8	GO Component	GO:0110165	Cellular anatomical structure
MS3_02455	6185.A0A094ZIB8	STRING clusters	CL:10319	Cell-substrate junction, and Integrin domain superfamily
MS3_02455	6185.A0A094ZIB8	STRING clusters	CL:10321	Mixed, incl. Smooth Muscle Contraction, and Integrin complex
MS3_02455	6185.A0A094ZIB8	STRING clusters	CL:10367	Non-receptor tyrosine kinases involved in cell signaling, and Ras association (RalGDS/AF-6) domain
MS3_02455	6185.A0A094ZIB8	Reactome	MAP-162582	Signal Transduction
MS3_02455	6185.A0A094ZIB8	Reactome	MAP-168249	Innate Immune System
MS3_02455	6185.A0A094ZIB8	Reactome	MAP-168256	Immune System
MS3_02455	6185.A0A094ZIB8	COMPARTMENTS	GOCC:0005622	Intracellular anatomical structure
MS3_02455	6185.A0A094ZIB8	COMPARTMENTS	GOCC:0005737	Cytoplasm
MS3_02455	6185.A0A094ZIB8	COMPARTMENTS	GOCC:0110165	Cellular anatomical structure
MS3_02455	6185.A0A094ZIB8	UniProt Keywords	KW-0067	ATP-binding
MS3_02455	6185.A0A094ZIB8	UniProt Keywords	KW-0418	Kinase
MS3_02455	6185.A0A094ZIB8	UniProt Keywords	KW-0547	Nucleotide-binding
MS3_02455	6185.A0A094ZIB8	UniProt Keywords	KW-0727	SH2 domain
MS3_02455	6185.A0A094ZIB8	UniProt Keywords	KW-0728	SH3 domain
MS3_02455	6185.A0A094ZIB8	UniProt Keywords	KW-0808	Transferase
MS3_02455	6185.A0A094ZIB8	UniProt Keywords	KW-0829	Tyrosine-protein kinase
MS3_02455	6185.A0A094ZIB8	InterPro	IPR000719	Protein kinase domain
MS3_02455	6185.A0A094ZIB8	InterPro	IPR000980	SH2 domain
MS3_02455	6185.A0A094ZIB8	InterPro	IPR001245	Serine-threonine/tyrosine-protein kinase, catalytic domain
MS3_02455	6185.A0A094ZIB8	InterPro	IPR001452	SH3 domain
MS3_02455	6185.A0A094ZIB8	InterPro	IPR011009	Protein kinase-like domain superfamily
MS3_02455	6185.A0A094ZIB8	InterPro	IPR017441	Protein kinase, ATP binding site
MS3_02455	6185.A0A094ZIB8	InterPro	IPR020635	Tyrosine-protein kinase, catalytic domain
MS3_02455	6185.A0A094ZIB8	InterPro	IPR036028	SH3-like domain superfamily
MS3_02455	6185.A0A094ZIB8	InterPro	IPR036860	SH2 domain superfamily
MS3_02455	6185.A0A094ZIB8	InterPro	IPR050198	Non-receptor tyrosine kinases involved in cell signaling
MS3_02455	6185.A0A094ZIB8	SMART	SM00219	Tyrosine kinase, catalytic domain
MS3_02455	6185.A0A094ZIB8	SMART	SM00252	Src homology 2 domains
MS3_02455	6185.A0A094ZIB8	SMART	SM00326	Src homology 3 domains
MS3_04014	6185.A0A095C2B3	GO Function	GO:0000166	Nucleotide binding
MS3_04014	6185.A0A095C2B3	GO Function	GO:0005488	Binding
MS3_04014	6185.A0A095C2B3	GO Function	GO:0005524	ATP binding
MS3_04014	6185.A0A095C2B3	GO Function	GO:0017076	Purine nucleotide binding
MS3_04014	6185.A0A095C2B3	GO Function	GO:0030554	Adenyl nucleotide binding
MS3_04014	6185.A0A095C2B3	GO Function	GO:0032553	Ribonucleotide binding
MS3_04014	6185.A0A095C2B3	GO Function	GO:0032555	Purine ribonucleotide binding
MS3_04014	6185.A0A095C2B3	GO Function	GO:0032559	Adenyl ribonucleotide binding
MS3_04014	6185.A0A095C2B3	GO Function	GO:0035639	Purine ribonucleoside triphosphate binding
MS3_04014	6185.A0A095C2B3	GO Function	GO:0036094	Small molecule binding
MS3_04014	6185.A0A095C2B3	GO Function	GO:0043167	Ion binding
MS3_04014	6185.A0A095C2B3	GO Function	GO:0043168	Anion binding
MS3_04014	6185.A0A095C2B3	GO Function	GO:0097367	Carbohydrate derivative binding
MS3_04014	6185.A0A095C2B3	GO Function	GO:1901265	Nucleoside phosphate binding
MS3_04014	6185.A0A095C2B3	GO Function	GO:1901363	Heterocyclic compound binding
MS3_04014	6185.A0A095C2B3	GO Component	GO:0005622	Intracellular anatomical structure
MS3_04014	6185.A0A095C2B3	GO Component	GO:0005737	Cytoplasm
MS3_04014	6185.A0A095C2B3	GO Component	GO:0005815	Microtubule organizing center
MS3_04014	6185.A0A095C2B3	GO Component	GO:0005856	Cytoskeleton
MS3_04014	6185.A0A095C2B3	GO Component	GO:0005869	Dynactin complex
MS3_04014	6185.A0A095C2B3	GO Component	GO:0005875	Microtubule associated complex
MS3_04014	6185.A0A095C2B3	GO Component	GO:0015629	Actin cytoskeleton
MS3_04014	6185.A0A095C2B3	GO Component	GO:0015630	Microtubule cytoskeleton
MS3_04014	6185.A0A095C2B3	GO Component	GO:0032991	Protein-containing complex
MS3_04014	6185.A0A095C2B3	GO Component	GO:0043226	Organelle
MS3_04014	6185.A0A095C2B3	GO Component	GO:0043228	Membraneless organelle
MS3_04014	6185.A0A095C2B3	GO Component	GO:0043229	Intracellular organelle
MS3_04014	6185.A0A095C2B3	GO Component	GO:0043232	Intracellular membraneless organelle
MS3_04014	6185.A0A095C2B3	GO Component	GO:0110165	Cellular anatomical structure
MS3_04014	6185.A0A095C2B3	STRING clusters	CL:8707	Dynein complex
MS3_04014	6185.A0A095C2B3	STRING clusters	CL:8795	Dynein heavy chain, and Dynactin complex
MS3_04014	6185.A0A095C2B3	STRING clusters	CL:8797	Mixed, incl. Dynactin complex, and Dynein heavy chain, tail
MS3_04014	6185.A0A095C2B3	STRING clusters	CL:8800	Dynactin complex
MS3_04014	6185.A0A095C2B3	KEGG	shx04814	Motor proteins
MS3_04014	6185.A0A095C2B3	Reactome	MAP-168256	Immune System
MS3_04014	6185.A0A095C2B3	COMPARTMENTS	GOCC:0005622	Intracellular anatomical structure
MS3_04014	6185.A0A095C2B3	COMPARTMENTS	GOCC:0005856	Cytoskeleton
MS3_04014	6185.A0A095C2B3	COMPARTMENTS	GOCC:0005869	Dynactin complex
MS3_04014	6185.A0A095C2B3	COMPARTMENTS	GOCC:0015629	Actin cytoskeleton
MS3_04014	6185.A0A095C2B3	COMPARTMENTS	GOCC:0015630	Microtubule cytoskeleton
MS3_04014	6185.A0A095C2B3	COMPARTMENTS	GOCC:0032991	Protein-containing complex
MS3_04014	6185.A0A095C2B3	COMPARTMENTS	GOCC:0043226	Organelle
MS3_04014	6185.A0A095C2B3	COMPARTMENTS	GOCC:0043228	Membraneless organelle
MS3_04014	6185.A0A095C2B3	COMPARTMENTS	GOCC:0043229	Intracellular organelle
MS3_04014	6185.A0A095C2B3	COMPARTMENTS	GOCC:0043232	Intracellular membraneless organelle
MS3_04014	6185.A0A095C2B3	COMPARTMENTS	GOCC:0110165	Cellular anatomical structure
MS3_04014	6185.A0A095C2B3	UniProt Keywords	KW-0007	Acetylation
MS3_04014	6185.A0A095C2B3	UniProt Keywords	KW-0067	ATP-binding
MS3_04014	6185.A0A095C2B3	UniProt Keywords	KW-0206	Cytoskeleton
MS3_04014	6185.A0A095C2B3	UniProt Keywords	KW-0547	Nucleotide-binding
MS3_04014	6185.A0A095C2B3	UniProt Keywords	KW-0963	Cytoplasm
MS3_04014	6185.A0A095C2B3	InterPro	IPR004000	Actin family
MS3_04014	6185.A0A095C2B3	InterPro	IPR020902	Actin/actin-like conserved site
MS3_04014	6185.A0A095C2B3	InterPro	IPR043129	ATPase, nucleotide binding domain
MS3_04014	6185.A0A095C2B3	SMART	SM00268	Actin
MS3_04409	6185.A0A094ZPR3	GO Process	GO:0009987	Cellular process
MS3_04409	6185.A0A094ZPR3	GO Function	GO:0005198	Structural molecule activity
MS3_04409	6185.A0A094ZPR3	GO Component	GO:0005581	Collagen trimer
MS3_04409	6185.A0A094ZPR3	GO Component	GO:0032991	Protein-containing complex
MS3_04409	6185.A0A094ZPR3	STRING clusters	CL:13283	Mixed, incl. ABC-type transporter activity, and Protein-cysteine S-acyltransferase activity
MS3_04409	6185.A0A094ZPR3	STRING clusters	CL:13407	Mixed, incl. Protein-cysteine S-acyltransferase activity, and Collagen triple helix repeat
MS3_04409	6185.A0A094ZPR3	STRING clusters	CL:13409	Mixed, incl. Protein-cysteine S-acyltransferase activity, and Collagen triple helix repeat
MS3_04409	6185.A0A094ZPR3	STRING clusters	CL:13411	Mixed, incl. Protein-cysteine S-acyltransferase activity, and Collagen triple helix repeat
MS3_04409	6185.A0A094ZPR3	STRING clusters	CL:13451	Mixed, incl. Collagen triple helix repeat, and Constitutive heterochromatin formation
MS3_04409	6185.A0A094ZPR3	Reactome	MAP-1474244	Extracellular matrix organization
MS3_04409	6185.A0A094ZPR3	Reactome	MAP-1474290	Collagen formation
MS3_04409	6185.A0A094ZPR3	Reactome	MAP-1650814	Collagen biosynthesis and modifying enzymes
MS3_04409	6185.A0A094ZPR3	Reactome	MAP-8948216	Collagen chain trimerization
MS3_04409	6185.A0A094ZPR3	COMPARTMENTS	GOCC:0005581	Collagen trimer
MS3_04409	6185.A0A094ZPR3	COMPARTMENTS	GOCC:0032991	Protein-containing complex
MS3_04409	6185.A0A094ZPR3	UniProt Keywords	KW-0176	Collagen
MS3_04409	6185.A0A094ZPR3	UniProt Keywords	KW-0964	Secreted
MS3_04409	6185.A0A094ZPR3	Pfam	PF01391	Collagen triple helix repeat (20 copies)
MS3_04409	6185.A0A094ZPR3	InterPro	IPR000885	Fibrillar collagen, C-terminal
MS3_04409	6185.A0A094ZPR3	InterPro	IPR008160	Collagen triple helix repeat
MS3_04409	6185.A0A094ZPR3	InterPro	IPR050149	Collagen superfamily
MS3_04409	6185.A0A094ZPR3	SMART	SM00038	Fibrillar collagens C-terminal domain
MS3_04420	6185.A0A095APB9	GO Process	GO:0009987	Cellular process
MS3_04420	6185.A0A095APB9	GO Function	GO:0005198	Structural molecule activity
MS3_04420	6185.A0A095APB9	GO Component	GO:0005581	Collagen trimer
MS3_04420	6185.A0A095APB9	GO Component	GO:0032991	Protein-containing complex
MS3_04420	6185.A0A095APB9	STRING clusters	CL:9565	Mixed, incl. Serine-type endopeptidase activity, and EGF-like domain
MS3_04420	6185.A0A095APB9	STRING clusters	CL:9566	Mixed, incl. Serine-type endopeptidase activity, and EGF-like domain
MS3_04420	6185.A0A095APB9	STRING clusters	CL:9568	Mixed, incl. Serine-type endopeptidase activity, and EGF-like domain
MS3_04420	6185.A0A095APB9	STRING clusters	CL:9722	Mixed, incl. Collagen trimer, and Peptide hormone processing
MS3_04420	6185.A0A095APB9	STRING clusters	CL:9723	Mixed, incl. Collagen trimer, and Peptide hormone processing
MS3_04420	6185.A0A095APB9	STRING clusters	CL:9724	Mixed, incl. Collagen trimer, and Peptide hormone processing
MS3_04420	6185.A0A095APB9	STRING clusters	CL:9727	Mixed, incl. Collagen triple helix repeat, and Peptide hormone processing
MS3_04420	6185.A0A095APB9	Reactome	MAP-1474244	Extracellular matrix organization
MS3_04420	6185.A0A095APB9	Reactome	MAP-1474290	Collagen formation
MS3_04420	6185.A0A095APB9	Reactome	MAP-1650814	Collagen biosynthesis and modifying enzymes
MS3_04420	6185.A0A095APB9	Reactome	MAP-8948216	Collagen chain trimerization
MS3_04420	6185.A0A095APB9	COMPARTMENTS	GOCC:0005581	Collagen trimer
MS3_04420	6185.A0A095APB9	COMPARTMENTS	GOCC:0032991	Protein-containing complex
MS3_04420	6185.A0A095APB9	UniProt Keywords	KW-0176	Collagen
MS3_04420	6185.A0A095APB9	UniProt Keywords	KW-0732	Signal
MS3_04420	6185.A0A095APB9	UniProt Keywords	KW-0964	Secreted
MS3_04420	6185.A0A095APB9	Pfam	PF01391	Collagen triple helix repeat (20 copies)
MS3_04420	6185.A0A095APB9	InterPro	IPR000885	Fibrillar collagen, C-terminal
MS3_04420	6185.A0A095APB9	InterPro	IPR008160	Collagen triple helix repeat
MS3_04420	6185.A0A095APB9	InterPro	IPR050938	Collagen and Collagen-like Structural Proteins
MS3_04420	6185.A0A095APB9	SMART	SM00038	Fibrillar collagens C-terminal domain
MS3_04427	6185.A0A094ZPS9	GO Process	GO:0006996	Organelle organization
MS3_04427	6185.A0A094ZPS9	GO Process	GO:0007010	Cytoskeleton organization
MS3_04427	6185.A0A094ZPS9	GO Process	GO:0009987	Cellular process
MS3_04427	6185.A0A094ZPS9	GO Process	GO:0016043	Cellular component organization
MS3_04427	6185.A0A094ZPS9	GO Process	GO:0030029	Actin filament-based process
MS3_04427	6185.A0A094ZPS9	GO Process	GO:0030036	Actin cytoskeleton organization
MS3_04427	6185.A0A094ZPS9	GO Process	GO:0030154	Cell differentiation
MS3_04427	6185.A0A094ZPS9	GO Process	GO:0032502	Developmental process
MS3_04427	6185.A0A094ZPS9	GO Process	GO:0042692	Muscle cell differentiation
MS3_04427	6185.A0A094ZPS9	GO Process	GO:0048468	Cell development
MS3_04427	6185.A0A094ZPS9	GO Process	GO:0048856	Anatomical structure development
MS3_04427	6185.A0A094ZPS9	GO Process	GO:0048869	Cellular developmental process
MS3_04427	6185.A0A094ZPS9	GO Process	GO:0055001	Muscle cell development
MS3_04427	6185.A0A094ZPS9	GO Process	GO:0061061	Muscle structure development
MS3_04427	6185.A0A094ZPS9	GO Process	GO:0071840	Cellular component organization or biogenesis
MS3_04427	6185.A0A094ZPS9	GO Function	GO:0003779	Actin binding
MS3_04427	6185.A0A094ZPS9	GO Function	GO:0005488	Binding
MS3_04427	6185.A0A094ZPS9	GO Function	GO:0005509	Calcium ion binding
MS3_04427	6185.A0A094ZPS9	GO Function	GO:0005515	Protein binding
MS3_04427	6185.A0A094ZPS9	GO Function	GO:0008092	Cytoskeletal protein binding
MS3_04427	6185.A0A094ZPS9	GO Function	GO:0036094	Small molecule binding
MS3_04427	6185.A0A094ZPS9	GO Function	GO:0043167	Ion binding
MS3_04427	6185.A0A094ZPS9	GO Function	GO:0043169	Cation binding
MS3_04427	6185.A0A094ZPS9	GO Function	GO:0044877	Protein-containing complex binding
MS3_04427	6185.A0A094ZPS9	GO Function	GO:0046872	Metal ion binding
MS3_04427	6185.A0A094ZPS9	GO Function	GO:0051015	Actin filament binding
MS3_04427	6185.A0A094ZPS9	GO Component	GO:0005622	Intracellular anatomical structure
MS3_04427	6185.A0A094ZPS9	GO Component	GO:0005737	Cytoplasm
MS3_04427	6185.A0A094ZPS9	GO Component	GO:0005856	Cytoskeleton
MS3_04427	6185.A0A094ZPS9	GO Component	GO:0005886	Plasma membrane
MS3_04427	6185.A0A094ZPS9	GO Component	GO:0005938	Cell cortex
MS3_04427	6185.A0A094ZPS9	GO Component	GO:0015629	Actin cytoskeleton
MS3_04427	6185.A0A094ZPS9	GO Component	GO:0016020	Membrane
MS3_04427	6185.A0A094ZPS9	GO Component	GO:0030016	Myofibril
MS3_04427	6185.A0A094ZPS9	GO Component	GO:0030017	Sarcomere
MS3_04427	6185.A0A094ZPS9	GO Component	GO:0030018	Z disc
MS3_04427	6185.A0A094ZPS9	GO Component	GO:0030054	Cell junction
MS3_04427	6185.A0A094ZPS9	GO Component	GO:0030863	Cortical cytoskeleton
MS3_04427	6185.A0A094ZPS9	GO Component	GO:0030864	Cortical actin cytoskeleton
MS3_04427	6185.A0A094ZPS9	GO Component	GO:0031674	I band
MS3_04427	6185.A0A094ZPS9	GO Component	GO:0042995	Cell projection
MS3_04427	6185.A0A094ZPS9	GO Component	GO:0043226	Organelle
MS3_04427	6185.A0A094ZPS9	GO Component	GO:0043228	Membraneless organelle
MS3_04427	6185.A0A094ZPS9	GO Component	GO:0043229	Intracellular organelle
MS3_04427	6185.A0A094ZPS9	GO Component	GO:0043232	Intracellular membraneless organelle
MS3_04427	6185.A0A094ZPS9	GO Component	GO:0043292	Contractile muscle fiber
MS3_04427	6185.A0A094ZPS9	GO Component	GO:0070161	Anchoring junction
MS3_04427	6185.A0A094ZPS9	GO Component	GO:0071944	Cell periphery
MS3_04427	6185.A0A094ZPS9	GO Component	GO:0099080	Supramolecular complex
MS3_04427	6185.A0A094ZPS9	GO Component	GO:0099081	Supramolecular polymer
MS3_04427	6185.A0A094ZPS9	GO Component	GO:0099512	Supramolecular fiber
MS3_04427	6185.A0A094ZPS9	GO Component	GO:0110165	Cellular anatomical structure
MS3_04427	6185.A0A094ZPS9	STRING clusters	CL:8969	Mixed, incl. Actin cytoskeleton, and EF-Hand 1, calcium-binding site
MS3_04427	6185.A0A094ZPS9	STRING clusters	CL:8971	Mixed, incl. EF-hand domain, and Myosin complex
MS3_04427	6185.A0A094ZPS9	STRING clusters	CL:8973	Mixed, incl. Myosin complex, and Sarcomere
MS3_04427	6185.A0A094ZPS9	STRING clusters	CL:8976	Mixed, incl. Myosin complex, and Sarcomere
MS3_04427	6185.A0A094ZPS9	STRING clusters	CL:8981	Mixed, incl. Myosin complex, and Muscle contraction
MS3_04427	6185.A0A094ZPS9	STRING clusters	CL:8983	Mixed, incl. Myosin complex, and Muscle contraction
MS3_04427	6185.A0A094ZPS9	STRING clusters	CL:8988	Mixed, incl. Myosin II complex, and Muscle contraction
MS3_04427	6185.A0A094ZPS9	STRING clusters	CL:8991	Myofibril, and Tropomyosin
MS3_04427	6185.A0A094ZPS9	STRING clusters	CL:9017	Mixed, incl. Filamentous actin, and EF-hand, Ca insensitive
MS3_04427	6185.A0A094ZPS9	Reactome	MAP-109582	Hemostasis
MS3_04427	6185.A0A094ZPS9	Reactome	MAP-114608	Platelet degranulation
MS3_04427	6185.A0A094ZPS9	Reactome	MAP-76002	Platelet activation, signaling and aggregation
MS3_04427	6185.A0A094ZPS9	Reactome	MAP-76005	Response to elevated platelet cytosolic Ca2+
MS3_04427	6185.A0A094ZPS9	COMPARTMENTS	GOCC:0005622	Intracellular anatomical structure
MS3_04427	6185.A0A094ZPS9	COMPARTMENTS	GOCC:0005737	Cytoplasm
MS3_04427	6185.A0A094ZPS9	COMPARTMENTS	GOCC:0005856	Cytoskeleton
MS3_04427	6185.A0A094ZPS9	COMPARTMENTS	GOCC:0015629	Actin cytoskeleton
MS3_04427	6185.A0A094ZPS9	COMPARTMENTS	GOCC:0043226	Organelle
MS3_04427	6185.A0A094ZPS9	COMPARTMENTS	GOCC:0043228	Membraneless organelle
MS3_04427	6185.A0A094ZPS9	COMPARTMENTS	GOCC:0043229	Intracellular organelle
MS3_04427	6185.A0A094ZPS9	COMPARTMENTS	GOCC:0043232	Intracellular membraneless organelle
MS3_04427	6185.A0A094ZPS9	COMPARTMENTS	GOCC:0043292	Contractile muscle fiber
MS3_04427	6185.A0A094ZPS9	COMPARTMENTS	GOCC:0099080	Supramolecular complex
MS3_04427	6185.A0A094ZPS9	COMPARTMENTS	GOCC:0099081	Supramolecular polymer
MS3_04427	6185.A0A094ZPS9	COMPARTMENTS	GOCC:0099512	Supramolecular fiber
MS3_04427	6185.A0A094ZPS9	COMPARTMENTS	GOCC:0110165	Cellular anatomical structure
MS3_04427	6185.A0A094ZPS9	UniProt Keywords	KW-0009	Actin-binding
MS3_04427	6185.A0A094ZPS9	UniProt Keywords	KW-0106	Calcium
MS3_04427	6185.A0A094ZPS9	UniProt Keywords	KW-0175	Coiled coil
MS3_04427	6185.A0A094ZPS9	UniProt Keywords	KW-0479	Metal-binding
MS3_04427	6185.A0A094ZPS9	UniProt Keywords	KW-0677	Repeat
MS3_04427	6185.A0A094ZPS9	UniProt Keywords	KW-0732	Signal
MS3_04427	6185.A0A094ZPS9	Pfam	PF00435	Spectrin repeat
MS3_04427	6185.A0A094ZPS9	InterPro	IPR001715	Calponin homology domain
MS3_04427	6185.A0A094ZPS9	InterPro	IPR002017	Spectrin repeat
MS3_04427	6185.A0A094ZPS9	InterPro	IPR002048	EF-hand domain
MS3_04427	6185.A0A094ZPS9	InterPro	IPR011992	EF-hand domain pair
MS3_04427	6185.A0A094ZPS9	InterPro	IPR014837	EF-hand, Ca insensitive
MS3_04427	6185.A0A094ZPS9	InterPro	IPR018159	Spectrin/alpha-actinin
MS3_04427	6185.A0A094ZPS9	InterPro	IPR036872	CH domain superfamily
MS3_04427	6185.A0A094ZPS9	SMART	SM00033	Calponin homology domain
MS3_04427	6185.A0A094ZPS9	SMART	SM00054	EF-hand, calcium binding motif
MS3_04427	6185.A0A094ZPS9	SMART	SM00150	Spectrin repeats
MS3_04616	6185.A0A095APX4	GO Process	GO:0001666	Response to hypoxia
MS3_04616	6185.A0A095APX4	GO Process	GO:0006355	Regulation of DNA-templated transcription
MS3_04616	6185.A0A095APX4	GO Process	GO:0006950	Response to stress
MS3_04616	6185.A0A095APX4	GO Process	GO:0006996	Organelle organization
MS3_04616	6185.A0A095APX4	GO Process	GO:0007010	Cytoskeleton organization
MS3_04616	6185.A0A095APX4	GO Process	GO:0009628	Response to abiotic stimulus
MS3_04616	6185.A0A095APX4	GO Process	GO:0009889	Regulation of biosynthetic process
MS3_04616	6185.A0A095APX4	GO Process	GO:0009890	Negative regulation of biosynthetic process
MS3_04616	6185.A0A095APX4	GO Process	GO:0009892	Negative regulation of metabolic process
MS3_04616	6185.A0A095APX4	GO Process	GO:0009966	Regulation of signal transduction
MS3_04616	6185.A0A095APX4	GO Process	GO:0009968	Negative regulation of signal transduction
MS3_04616	6185.A0A095APX4	GO Process	GO:0009987	Cellular process
MS3_04616	6185.A0A095APX4	GO Process	GO:0010468	Regulation of gene expression
MS3_04616	6185.A0A095APX4	GO Process	GO:0010556	Regulation of macromolecule biosynthetic process
MS3_04616	6185.A0A095APX4	GO Process	GO:0010558	Negative regulation of macromolecule biosynthetic process
MS3_04616	6185.A0A095APX4	GO Process	GO:0010605	Negative regulation of macromolecule metabolic process
MS3_04616	6185.A0A095APX4	GO Process	GO:0010646	Regulation of cell communication
MS3_04616	6185.A0A095APX4	GO Process	GO:0010648	Negative regulation of cell communication
MS3_04616	6185.A0A095APX4	GO Process	GO:0016043	Cellular component organization
MS3_04616	6185.A0A095APX4	GO Process	GO:0019219	Regulation of nucleobase-containing compound metabolic process
MS3_04616	6185.A0A095APX4	GO Process	GO:0019222	Regulation of metabolic process
MS3_04616	6185.A0A095APX4	GO Process	GO:0023051	Regulation of signaling
MS3_04616	6185.A0A095APX4	GO Process	GO:0023057	Negative regulation of signaling
MS3_04616	6185.A0A095APX4	GO Process	GO:0035330	Regulation of hippo signaling
MS3_04616	6185.A0A095APX4	GO Process	GO:0035331	Negative regulation of hippo signaling
MS3_04616	6185.A0A095APX4	GO Process	GO:0036293	Response to decreased oxygen levels
MS3_04616	6185.A0A095APX4	GO Process	GO:0045892	Negative regulation of DNA-templated transcription
MS3_04616	6185.A0A095APX4	GO Process	GO:0045934	Negative regulation of nucleobase-containing compound metabolic process
MS3_04616	6185.A0A095APX4	GO Process	GO:0048519	Negative regulation of biological process
MS3_04616	6185.A0A095APX4	GO Process	GO:0048523	Negative regulation of cellular process
MS3_04616	6185.A0A095APX4	GO Process	GO:0048583	Regulation of response to stimulus
MS3_04616	6185.A0A095APX4	GO Process	GO:0048585	Negative regulation of response to stimulus
MS3_04616	6185.A0A095APX4	GO Process	GO:0050789	Regulation of biological process
MS3_04616	6185.A0A095APX4	GO Process	GO:0050794	Regulation of cellular process
MS3_04616	6185.A0A095APX4	GO Process	GO:0050896	Response to stimulus
MS3_04616	6185.A0A095APX4	GO Process	GO:0051252	Regulation of RNA metabolic process
MS3_04616	6185.A0A095APX4	GO Process	GO:0051253	Negative regulation of RNA metabolic process
MS3_04616	6185.A0A095APX4	GO Process	GO:0060255	Regulation of macromolecule metabolic process
MS3_04616	6185.A0A095APX4	GO Process	GO:0065007	Biological regulation
MS3_04616	6185.A0A095APX4	GO Process	GO:0070482	Response to oxygen levels
MS3_04616	6185.A0A095APX4	GO Process	GO:0071840	Cellular component organization or biogenesis
MS3_04616	6185.A0A095APX4	GO Process	GO:0080090	Regulation of primary metabolic process
MS3_04616	6185.A0A095APX4	GO Process	GO:1902531	Regulation of intracellular signal transduction
MS3_04616	6185.A0A095APX4	GO Process	GO:1902532	Negative regulation of intracellular signal transduction
MS3_04616	6185.A0A095APX4	GO Process	GO:1902679	Negative regulation of RNA biosynthetic process
MS3_04616	6185.A0A095APX4	GO Process	GO:2001141	Regulation of RNA biosynthetic process
MS3_04616	6185.A0A095APX4	GO Function	GO:0003712	Transcription coregulator activity
MS3_04616	6185.A0A095APX4	GO Function	GO:0003714	Transcription corepressor activity
MS3_04616	6185.A0A095APX4	GO Function	GO:0005488	Binding
MS3_04616	6185.A0A095APX4	GO Function	GO:0030674	Protein-macromolecule adaptor activity
MS3_04616	6185.A0A095APX4	GO Function	GO:0036094	Small molecule binding
MS3_04616	6185.A0A095APX4	GO Function	GO:0043167	Ion binding
MS3_04616	6185.A0A095APX4	GO Function	GO:0043169	Cation binding
MS3_04616	6185.A0A095APX4	GO Function	GO:0046872	Metal ion binding
MS3_04616	6185.A0A095APX4	GO Function	GO:0060090	Molecular adaptor activity
MS3_04616	6185.A0A095APX4	GO Function	GO:0140110	Transcription regulator activity
MS3_04616	6185.A0A095APX4	GO Component	GO:0000932	P-body
MS3_04616	6185.A0A095APX4	GO Component	GO:0005622	Intracellular anatomical structure
MS3_04616	6185.A0A095APX4	GO Component	GO:0005634	Nucleus
MS3_04616	6185.A0A095APX4	GO Component	GO:0005667	Transcription regulator complex
MS3_04616	6185.A0A095APX4	GO Component	GO:0005737	Cytoplasm
MS3_04616	6185.A0A095APX4	GO Component	GO:0005911	Cell-cell junction
MS3_04616	6185.A0A095APX4	GO Component	GO:0005912	Adherens junction
MS3_04616	6185.A0A095APX4	GO Component	GO:0030054	Cell junction
MS3_04616	6185.A0A095APX4	GO Component	GO:0032991	Protein-containing complex
MS3_04616	6185.A0A095APX4	GO Component	GO:0035770	Ribonucleoprotein granule
MS3_04616	6185.A0A095APX4	GO Component	GO:0036464	Cytoplasmic ribonucleoprotein granule
MS3_04616	6185.A0A095APX4	GO Component	GO:0043226	Organelle
MS3_04616	6185.A0A095APX4	GO Component	GO:0043227	Membrane-bounded organelle
MS3_04616	6185.A0A095APX4	GO Component	GO:0043228	Membraneless organelle
MS3_04616	6185.A0A095APX4	GO Component	GO:0043229	Intracellular organelle
MS3_04616	6185.A0A095APX4	GO Component	GO:0043231	Intracellular membrane-bounded organelle
MS3_04616	6185.A0A095APX4	GO Component	GO:0043232	Intracellular membraneless organelle
MS3_04616	6185.A0A095APX4	GO Component	GO:0070161	Anchoring junction
MS3_04616	6185.A0A095APX4	GO Component	GO:0099080	Supramolecular complex
MS3_04616	6185.A0A095APX4	GO Component	GO:0110165	Cellular anatomical structure
MS3_04616	6185.A0A095APX4	STRING clusters	CL:10709	Mixed, incl. Axon guidance, and Fibronectin type III superfamily
MS3_04616	6185.A0A095APX4	STRING clusters	CL:10779	Mixed, incl. GSKIP domain superfamily, and VASP tetramerisation domain superfamily
MS3_04616	6185.A0A095APX4	STRING clusters	CL:10781	Mixed, incl. VASP tetramerisation domain superfamily, and Response to hypoxia
MS3_04616	6185.A0A095APX4	Reactome	MAP-1234174	Cellular response to hypoxia
MS3_04616	6185.A0A095APX4	Reactome	MAP-1234176	Oxygen-dependent proline hydroxylation of Hypoxia-inducible Factor Alpha
MS3_04616	6185.A0A095APX4	Reactome	MAP-2262752	Cellular responses to stress
MS3_04616	6185.A0A095APX4	Reactome	MAP-8953897	Cellular responses to stimuli
MS3_04616	6185.A0A095APX4	COMPARTMENTS	GOCC:0005622	Intracellular anatomical structure
MS3_04616	6185.A0A095APX4	COMPARTMENTS	GOCC:0005737	Cytoplasm
MS3_04616	6185.A0A095APX4	COMPARTMENTS	GOCC:0043226	Organelle
MS3_04616	6185.A0A095APX4	COMPARTMENTS	GOCC:0043228	Membraneless organelle
MS3_04616	6185.A0A095APX4	COMPARTMENTS	GOCC:0043229	Intracellular organelle
MS3_04616	6185.A0A095APX4	COMPARTMENTS	GOCC:0043232	Intracellular membraneless organelle
MS3_04616	6185.A0A095APX4	COMPARTMENTS	GOCC:0110165	Cellular anatomical structure
MS3_04616	6185.A0A095APX4	UniProt Keywords	KW-0440	LIM domain
MS3_04616	6185.A0A095APX4	UniProt Keywords	KW-0479	Metal-binding
MS3_04616	6185.A0A095APX4	UniProt Keywords	KW-0862	Zinc
MS3_04616	6185.A0A095APX4	InterPro	IPR001781	Zinc finger, LIM-type
MS3_04616	6185.A0A095APX4	SMART	SM00132	Zinc-binding domain present in Lin-11, Isl-1, Mec-3.
MS3_04907	6185.A0A094ZPG8	GO Process	GO:0006996	Organelle organization
MS3_04907	6185.A0A094ZPG8	GO Process	GO:0007010	Cytoskeleton organization
MS3_04907	6185.A0A094ZPG8	GO Process	GO:0007015	Actin filament organization
MS3_04907	6185.A0A094ZPG8	GO Process	GO:0009987	Cellular process
MS3_04907	6185.A0A094ZPG8	GO Process	GO:0016043	Cellular component organization
MS3_04907	6185.A0A094ZPG8	GO Process	GO:0030029	Actin filament-based process
MS3_04907	6185.A0A094ZPG8	GO Process	GO:0030036	Actin cytoskeleton organization
MS3_04907	6185.A0A094ZPG8	GO Process	GO:0034314	Arp2/3 complex-mediated actin nucleation
MS3_04907	6185.A0A094ZPG8	GO Process	GO:0045010	Actin nucleation
MS3_04907	6185.A0A094ZPG8	GO Process	GO:0071840	Cellular component organization or biogenesis
MS3_04907	6185.A0A094ZPG8	GO Process	GO:0097435	Supramolecular fiber organization
MS3_04907	6185.A0A094ZPG8	GO Function	GO:0000166	Nucleotide binding
MS3_04907	6185.A0A094ZPG8	GO Function	GO:0003779	Actin binding
MS3_04907	6185.A0A094ZPG8	GO Function	GO:0005488	Binding
MS3_04907	6185.A0A094ZPG8	GO Function	GO:0005515	Protein binding
MS3_04907	6185.A0A094ZPG8	GO Function	GO:0005524	ATP binding
MS3_04907	6185.A0A094ZPG8	GO Function	GO:0008092	Cytoskeletal protein binding
MS3_04907	6185.A0A094ZPG8	GO Function	GO:0017076	Purine nucleotide binding
MS3_04907	6185.A0A094ZPG8	GO Function	GO:0030554	Adenyl nucleotide binding
MS3_04907	6185.A0A094ZPG8	GO Function	GO:0032553	Ribonucleotide binding
MS3_04907	6185.A0A094ZPG8	GO Function	GO:0032555	Purine ribonucleotide binding
MS3_04907	6185.A0A094ZPG8	GO Function	GO:0032559	Adenyl ribonucleotide binding
MS3_04907	6185.A0A094ZPG8	GO Function	GO:0035639	Purine ribonucleoside triphosphate binding
MS3_04907	6185.A0A094ZPG8	GO Function	GO:0036094	Small molecule binding
MS3_04907	6185.A0A094ZPG8	GO Function	GO:0043167	Ion binding
MS3_04907	6185.A0A094ZPG8	GO Function	GO:0043168	Anion binding
MS3_04907	6185.A0A094ZPG8	GO Function	GO:0044877	Protein-containing complex binding
MS3_04907	6185.A0A094ZPG8	GO Function	GO:0051015	Actin filament binding
MS3_04907	6185.A0A094ZPG8	GO Function	GO:0097367	Carbohydrate derivative binding
MS3_04907	6185.A0A094ZPG8	GO Function	GO:1901265	Nucleoside phosphate binding
MS3_04907	6185.A0A094ZPG8	GO Function	GO:1901363	Heterocyclic compound binding
MS3_04907	6185.A0A094ZPG8	GO Component	GO:0005622	Intracellular anatomical structure
MS3_04907	6185.A0A094ZPG8	GO Component	GO:0005856	Cytoskeleton
MS3_04907	6185.A0A094ZPG8	GO Component	GO:0043226	Organelle
MS3_04907	6185.A0A094ZPG8	GO Component	GO:0043228	Membraneless organelle
MS3_04907	6185.A0A094ZPG8	GO Component	GO:0043229	Intracellular organelle
MS3_04907	6185.A0A094ZPG8	GO Component	GO:0043232	Intracellular membraneless organelle
MS3_04907	6185.A0A094ZPG8	GO Component	GO:0110165	Cellular anatomical structure
MS3_04907	6185.A0A094ZPG8	STRING clusters	CL:8969	Mixed, incl. Actin cytoskeleton, and EF-Hand 1, calcium-binding site
MS3_04907	6185.A0A094ZPG8	STRING clusters	CL:9131	Mixed, incl. RHO GTPases Activate WASPs and WAVEs, and Actin
MS3_04907	6185.A0A094ZPG8	STRING clusters	CL:9134	Mixed, incl. RHO GTPases Activate WASPs and WAVEs, and Actin
MS3_04907	6185.A0A094ZPG8	STRING clusters	CL:9137	RHO GTPases Activate WASPs and WAVEs, and Regulation of store-operated calcium entry
MS3_04907	6185.A0A094ZPG8	STRING clusters	CL:9139	RHO GTPases Activate WASPs and WAVEs
MS3_04907	6185.A0A094ZPG8	STRING clusters	CL:9141	Actin nucleation
MS3_04907	6185.A0A094ZPG8	STRING clusters	CL:9145	Actin nucleation
MS3_04907	6185.A0A094ZPG8	KEGG	shx04144	Endocytosis
MS3_04907	6185.A0A094ZPG8	KEGG	shx05100	Bacterial invasion of epithelial cells
MS3_04907	6185.A0A094ZPG8	Reactome	MAP-1266738	Developmental Biology
MS3_04907	6185.A0A094ZPG8	Reactome	MAP-162582	Signal Transduction
MS3_04907	6185.A0A094ZPG8	Reactome	MAP-168249	Innate Immune System
MS3_04907	6185.A0A094ZPG8	Reactome	MAP-168256	Immune System
MS3_04907	6185.A0A094ZPG8	Reactome	MAP-194315	Signaling by Rho GTPases
MS3_04907	6185.A0A094ZPG8	Reactome	MAP-195258	RHO GTPase Effectors
MS3_04907	6185.A0A094ZPG8	Reactome	MAP-199991	Membrane Trafficking
MS3_04907	6185.A0A094ZPG8	Reactome	MAP-2029480	Fcgamma receptor (FCGR) dependent phagocytosis
MS3_04907	6185.A0A094ZPG8	Reactome	MAP-2029482	Regulation of actin dynamics for phagocytic cup formation
MS3_04907	6185.A0A094ZPG8	Reactome	MAP-2682334	EPH-Ephrin signaling
MS3_04907	6185.A0A094ZPG8	Reactome	MAP-3928662	EPHB-mediated forward signaling
MS3_04907	6185.A0A094ZPG8	Reactome	MAP-422475	Axon guidance
MS3_04907	6185.A0A094ZPG8	Reactome	MAP-5653656	Vesicle-mediated transport
MS3_04907	6185.A0A094ZPG8	Reactome	MAP-5663213	RHO GTPases Activate WASPs and WAVEs
MS3_04907	6185.A0A094ZPG8	Reactome	MAP-8856828	Clathrin-mediated endocytosis
MS3_04907	6185.A0A094ZPG8	Reactome	MAP-9675108	Nervous system development
MS3_04907	6185.A0A094ZPG8	Reactome	MAP-9716542	Signaling by Rho GTPases, Miro GTPases and RHOBTB3
MS3_04907	6185.A0A094ZPG8	COMPARTMENTS	GOCC:0005622	Intracellular anatomical structure
MS3_04907	6185.A0A094ZPG8	COMPARTMENTS	GOCC:0005856	Cytoskeleton
MS3_04907	6185.A0A094ZPG8	COMPARTMENTS	GOCC:0005885	Arp2/3 protein complex
MS3_04907	6185.A0A094ZPG8	COMPARTMENTS	GOCC:0015629	Actin cytoskeleton
MS3_04907	6185.A0A094ZPG8	COMPARTMENTS	GOCC:0032991	Protein-containing complex
MS3_04907	6185.A0A094ZPG8	COMPARTMENTS	GOCC:0043226	Organelle
MS3_04907	6185.A0A094ZPG8	COMPARTMENTS	GOCC:0043228	Membraneless organelle
MS3_04907	6185.A0A094ZPG8	COMPARTMENTS	GOCC:0043229	Intracellular organelle
MS3_04907	6185.A0A094ZPG8	COMPARTMENTS	GOCC:0043232	Intracellular membraneless organelle
MS3_04907	6185.A0A094ZPG8	COMPARTMENTS	GOCC:0110165	Cellular anatomical structure
MS3_04907	6185.A0A094ZPG8	UniProt Keywords	KW-0009	Actin-binding
MS3_04907	6185.A0A094ZPG8	UniProt Keywords	KW-0067	ATP-binding
MS3_04907	6185.A0A094ZPG8	UniProt Keywords	KW-0547	Nucleotide-binding
MS3_04907	6185.A0A094ZPG8	InterPro	IPR004000	Actin family
MS3_04907	6185.A0A094ZPG8	InterPro	IPR020902	Actin/actin-like conserved site
MS3_04907	6185.A0A094ZPG8	InterPro	IPR043129	ATPase, nucleotide binding domain
MS3_04907	6185.A0A094ZPG8	SMART	SM00268	Actin
MS3_04979	6185.A0A095C4C1	GO Process	GO:0007154	Cell communication
MS3_04979	6185.A0A095C4C1	GO Process	GO:0007155	Cell adhesion
MS3_04979	6185.A0A095C4C1	GO Process	GO:0007160	Cell-matrix adhesion
MS3_04979	6185.A0A095C4C1	GO Process	GO:0007165	Signal transduction
MS3_04979	6185.A0A095C4C1	GO Process	GO:0007166	Cell surface receptor signaling pathway
MS3_04979	6185.A0A095C4C1	GO Process	GO:0007229	Integrin-mediated signaling pathway
MS3_04979	6185.A0A095C4C1	GO Process	GO:0009987	Cellular process
MS3_04979	6185.A0A095C4C1	GO Process	GO:0023052	Signaling
MS3_04979	6185.A0A095C4C1	GO Process	GO:0031589	Cell-substrate adhesion
MS3_04979	6185.A0A095C4C1	GO Process	GO:0050789	Regulation of biological process
MS3_04979	6185.A0A095C4C1	GO Process	GO:0050794	Regulation of cellular process
MS3_04979	6185.A0A095C4C1	GO Process	GO:0050896	Response to stimulus
MS3_04979	6185.A0A095C4C1	GO Process	GO:0051716	Cellular response to stimulus
MS3_04979	6185.A0A095C4C1	GO Process	GO:0065007	Biological regulation
MS3_04979	6185.A0A095C4C1	GO Function	GO:0005102	Signaling receptor binding
MS3_04979	6185.A0A095C4C1	GO Function	GO:0005178	Integrin binding
MS3_04979	6185.A0A095C4C1	GO Function	GO:0005488	Binding
MS3_04979	6185.A0A095C4C1	GO Function	GO:0005515	Protein binding
MS3_04979	6185.A0A095C4C1	GO Function	GO:0044877	Protein-containing complex binding
MS3_04979	6185.A0A095C4C1	GO Function	GO:0050839	Cell adhesion molecule binding
MS3_04979	6185.A0A095C4C1	GO Component	GO:0030054	Cell junction
MS3_04979	6185.A0A095C4C1	GO Component	GO:0030055	Cell-substrate junction
MS3_04979	6185.A0A095C4C1	GO Component	GO:0042995	Cell projection
MS3_04979	6185.A0A095C4C1	GO Component	GO:0070161	Anchoring junction
MS3_04979	6185.A0A095C4C1	GO Component	GO:0110165	Cellular anatomical structure
MS3_04979	6185.A0A095C4C1	STRING clusters	CL:10319	Cell-substrate junction, and Integrin domain superfamily
MS3_04979	6185.A0A095C4C1	STRING clusters	CL:10381	Cell-extracellular matrix interactions
MS3_04979	6185.A0A095C4C1	Reactome	MAP-1500931	Cell-Cell communication
MS3_04979	6185.A0A095C4C1	Reactome	MAP-162582	Signal Transduction
MS3_04979	6185.A0A095C4C1	Reactome	MAP-194315	Signaling by Rho GTPases
MS3_04979	6185.A0A095C4C1	Reactome	MAP-446353	Cell-extracellular matrix interactions
MS3_04979	6185.A0A095C4C1	Reactome	MAP-446728	Cell junction organization
MS3_04979	6185.A0A095C4C1	Reactome	MAP-9012999	RHO GTPase cycle
MS3_04979	6185.A0A095C4C1	Reactome	MAP-9013149	RAC1 GTPase cycle
MS3_04979	6185.A0A095C4C1	Reactome	MAP-9013423	RAC3 GTPase cycle
MS3_04979	6185.A0A095C4C1	Reactome	MAP-9716542	Signaling by Rho GTPases, Miro GTPases and RHOBTB3
MS3_04979	6185.A0A095C4C1	COMPARTMENTS	GOCC:0030054	Cell junction
MS3_04979	6185.A0A095C4C1	COMPARTMENTS	GOCC:0030055	Cell-substrate junction
MS3_04979	6185.A0A095C4C1	COMPARTMENTS	GOCC:0070161	Anchoring junction
MS3_04979	6185.A0A095C4C1	COMPARTMENTS	GOCC:0110165	Cellular anatomical structure
MS3_04979	6185.A0A095C4C1	InterPro	IPR001849	Pleckstrin homology domain
MS3_04979	6185.A0A095C4C1	InterPro	IPR011993	PH-like domain superfamily
MS3_04979	6185.A0A095C4C1	InterPro	IPR014352	FERM/acyl-CoA-binding protein superfamily
MS3_04979	6185.A0A095C4C1	InterPro	IPR019748	FERM central domain
MS3_04979	6185.A0A095C4C1	InterPro	IPR019749	Band 4.1 domain
MS3_04979	6185.A0A095C4C1	InterPro	IPR035963	FERM superfamily, second domain
MS3_04979	6185.A0A095C4C1	InterPro	IPR037843	Kindlin/fermitin
MS3_04979	6185.A0A095C4C1	InterPro	IPR040790	Kindlin-2, N-terminal
MS3_04979	6185.A0A095C4C1	SMART	SM00233	Pleckstrin homology domain.
MS3_05026	6185.A0A095AQX5	GO Process	GO:0006996	Organelle organization
MS3_05026	6185.A0A095AQX5	GO Process	GO:0007010	Cytoskeleton organization
MS3_05026	6185.A0A095AQX5	GO Process	GO:0007015	Actin filament organization
MS3_05026	6185.A0A095AQX5	GO Process	GO:0008154	Actin polymerization or depolymerization
MS3_05026	6185.A0A095AQX5	GO Process	GO:0009987	Cellular process
MS3_05026	6185.A0A095AQX5	GO Process	GO:0016043	Cellular component organization
MS3_05026	6185.A0A095AQX5	GO Process	GO:0022411	Cellular component disassembly
MS3_05026	6185.A0A095AQX5	GO Process	GO:0030029	Actin filament-based process
MS3_05026	6185.A0A095AQX5	GO Process	GO:0030036	Actin cytoskeleton organization
MS3_05026	6185.A0A095AQX5	GO Process	GO:0030042	Actin filament depolymerization
MS3_05026	6185.A0A095AQX5	GO Process	GO:0032984	Protein-containing complex disassembly
MS3_05026	6185.A0A095AQX5	GO Process	GO:0043933	Protein-containing complex organization
MS3_05026	6185.A0A095AQX5	GO Process	GO:0048518	Positive regulation of biological process
MS3_05026	6185.A0A095AQX5	GO Process	GO:0050789	Regulation of biological process
MS3_05026	6185.A0A095AQX5	GO Process	GO:0051014	Actin filament severing
MS3_05026	6185.A0A095AQX5	GO Process	GO:0051261	Protein depolymerization
MS3_05026	6185.A0A095AQX5	GO Process	GO:0065007	Biological regulation
MS3_05026	6185.A0A095AQX5	GO Process	GO:0071840	Cellular component organization or biogenesis
MS3_05026	6185.A0A095AQX5	GO Process	GO:0097435	Supramolecular fiber organization
MS3_05026	6185.A0A095AQX5	GO Function	GO:0003779	Actin binding
MS3_05026	6185.A0A095AQX5	GO Function	GO:0005488	Binding
MS3_05026	6185.A0A095AQX5	GO Function	GO:0005515	Protein binding
MS3_05026	6185.A0A095AQX5	GO Function	GO:0008092	Cytoskeletal protein binding
MS3_05026	6185.A0A095AQX5	GO Function	GO:0044877	Protein-containing complex binding
MS3_05026	6185.A0A095AQX5	GO Function	GO:0051015	Actin filament binding
MS3_05026	6185.A0A095AQX5	GO Component	GO:0005622	Intracellular anatomical structure
MS3_05026	6185.A0A095AQX5	GO Component	GO:0005737	Cytoplasm
MS3_05026	6185.A0A095AQX5	GO Component	GO:0005856	Cytoskeleton
MS3_05026	6185.A0A095AQX5	GO Component	GO:0015629	Actin cytoskeleton
MS3_05026	6185.A0A095AQX5	GO Component	GO:0043226	Organelle
MS3_05026	6185.A0A095AQX5	GO Component	GO:0043228	Membraneless organelle
MS3_05026	6185.A0A095AQX5	GO Component	GO:0043229	Intracellular organelle
MS3_05026	6185.A0A095AQX5	GO Component	GO:0043232	Intracellular membraneless organelle
MS3_05026	6185.A0A095AQX5	GO Component	GO:0110165	Cellular anatomical structure
MS3_05026	6185.A0A095AQX5	STRING clusters	CL:10422	Mixed, incl. Toll Like Receptor 2 (TLR2) Cascade, and Negative regulation of MAPK pathway
MS3_05026	6185.A0A095AQX5	STRING clusters	CL:10423	Mixed, incl. MAPK cascade, and RAF-independent MAPK1/3 activation
MS3_05026	6185.A0A095AQX5	STRING clusters	CL:10470	Mixed, incl. Dopamine uptake, and Protein-tyrosine phosphatase, KIM-containing
MS3_05026	6185.A0A095AQX5	STRING clusters	CL:10492	Mixed, incl. Actin-regulating Serine/Threonine Kinase, and Actin depolymerisation factor/cofilin -like domains
MS3_05026	6185.A0A095AQX5	Reactome	MAP-109582	Hemostasis
MS3_05026	6185.A0A095AQX5	Reactome	MAP-114608	Platelet degranulation
MS3_05026	6185.A0A095AQX5	Reactome	MAP-1266738	Developmental Biology
MS3_05026	6185.A0A095AQX5	Reactome	MAP-1280215	Cytokine Signaling in Immune system
MS3_05026	6185.A0A095AQX5	Reactome	MAP-162582	Signal Transduction
MS3_05026	6185.A0A095AQX5	Reactome	MAP-168249	Innate Immune System
MS3_05026	6185.A0A095AQX5	Reactome	MAP-168256	Immune System
MS3_05026	6185.A0A095AQX5	Reactome	MAP-194315	Signaling by Rho GTPases
MS3_05026	6185.A0A095AQX5	Reactome	MAP-195258	RHO GTPase Effectors
MS3_05026	6185.A0A095AQX5	Reactome	MAP-2029480	Fcgamma receptor (FCGR) dependent phagocytosis
MS3_05026	6185.A0A095AQX5	Reactome	MAP-2029482	Regulation of actin dynamics for phagocytic cup formation
MS3_05026	6185.A0A095AQX5	Reactome	MAP-2682334	EPH-Ephrin signaling
MS3_05026	6185.A0A095AQX5	Reactome	MAP-373755	Semaphorin interactions
MS3_05026	6185.A0A095AQX5	Reactome	MAP-3928662	EPHB-mediated forward signaling
MS3_05026	6185.A0A095AQX5	Reactome	MAP-399954	Sema3A PAK dependent Axon repulsion
MS3_05026	6185.A0A095AQX5	Reactome	MAP-422475	Axon guidance
MS3_05026	6185.A0A095AQX5	Reactome	MAP-449147	Signaling by Interleukins
MS3_05026	6185.A0A095AQX5	Reactome	MAP-76002	Platelet activation, signaling and aggregation
MS3_05026	6185.A0A095AQX5	Reactome	MAP-76005	Response to elevated platelet cytosolic Ca2+
MS3_05026	6185.A0A095AQX5	Reactome	MAP-9675108	Nervous system development
MS3_05026	6185.A0A095AQX5	Reactome	MAP-9716542	Signaling by Rho GTPases, Miro GTPases and RHOBTB3
MS3_05026	6185.A0A095AQX5	COMPARTMENTS	GOCC:0005886	Plasma membrane
MS3_05026	6185.A0A095AQX5	COMPARTMENTS	GOCC:0016020	Membrane
MS3_05026	6185.A0A095AQX5	COMPARTMENTS	GOCC:0030027	Lamellipodium
MS3_05026	6185.A0A095AQX5	COMPARTMENTS	GOCC:0031252	Cell leading edge
MS3_05026	6185.A0A095AQX5	COMPARTMENTS	GOCC:0031253	Cell projection membrane
MS3_05026	6185.A0A095AQX5	COMPARTMENTS	GOCC:0031256	Leading edge membrane
MS3_05026	6185.A0A095AQX5	COMPARTMENTS	GOCC:0031258	Lamellipodium membrane
MS3_05026	6185.A0A095AQX5	COMPARTMENTS	GOCC:0042995	Cell projection
MS3_05026	6185.A0A095AQX5	COMPARTMENTS	GOCC:0071944	Cell periphery
MS3_05026	6185.A0A095AQX5	COMPARTMENTS	GOCC:0098590	Plasma membrane region
MS3_05026	6185.A0A095AQX5	COMPARTMENTS	GOCC:0110165	Cellular anatomical structure
MS3_05026	6185.A0A095AQX5	COMPARTMENTS	GOCC:0120025	Plasma membrane bounded cell projection
MS3_05026	6185.A0A095AQX5	UniProt Keywords	KW-0009	Actin-binding
MS3_05026	6185.A0A095AQX5	InterPro	IPR002108	Actin-depolymerising factor homology domain
MS3_05026	6185.A0A095AQX5	InterPro	IPR029006	ADF-H/Gelsolin-like domain superfamily
MS3_05026	6185.A0A095AQX5	SMART	SM00102	Actin depolymerisation factor/cofilin -like domains
MS3_05316	6185.A0A094ZQH5	GO Process	GO:0009987	Cellular process
MS3_05316	6185.A0A094ZQH5	GO Function	GO:0005198	Structural molecule activity
MS3_05316	6185.A0A094ZQH5	GO Component	GO:0005581	Collagen trimer
MS3_05316	6185.A0A094ZQH5	GO Component	GO:0032991	Protein-containing complex
MS3_05316	6185.A0A094ZQH5	STRING clusters	CL:9565	Mixed, incl. Serine-type endopeptidase activity, and EGF-like domain
MS3_05316	6185.A0A094ZQH5	STRING clusters	CL:9566	Mixed, incl. Serine-type endopeptidase activity, and EGF-like domain
MS3_05316	6185.A0A094ZQH5	STRING clusters	CL:9568	Mixed, incl. Serine-type endopeptidase activity, and EGF-like domain
MS3_05316	6185.A0A094ZQH5	STRING clusters	CL:9722	Mixed, incl. Collagen trimer, and Peptide hormone processing
MS3_05316	6185.A0A094ZQH5	STRING clusters	CL:9723	Mixed, incl. Collagen trimer, and Peptide hormone processing
MS3_05316	6185.A0A094ZQH5	STRING clusters	CL:9724	Mixed, incl. Collagen trimer, and Peptide hormone processing
MS3_05316	6185.A0A094ZQH5	STRING clusters	CL:9727	Mixed, incl. Collagen triple helix repeat, and Peptide hormone processing
MS3_05316	6185.A0A094ZQH5	STRING clusters	CL:9729	Mixed, incl. Peptide hormone processing, and Collagen superfamily
MS3_05316	6185.A0A094ZQH5	STRING clusters	CL:9757	Collagen superfamily, and Thrombospondin-like, N-terminal domain
MS3_05316	6185.A0A094ZQH5	KEGG	shx04382	Cornified envelope formation
MS3_05316	6185.A0A094ZQH5	KEGG	shx04512	ECM-receptor interaction
MS3_05316	6185.A0A094ZQH5	KEGG	shx04820	Cytoskeleton in muscle cells
MS3_05316	6185.A0A094ZQH5	Reactome	MAP-1474244	Extracellular matrix organization
MS3_05316	6185.A0A094ZQH5	Reactome	MAP-1474290	Collagen formation
MS3_05316	6185.A0A094ZQH5	Reactome	MAP-1650814	Collagen biosynthesis and modifying enzymes
MS3_05316	6185.A0A094ZQH5	Reactome	MAP-8948216	Collagen chain trimerization
MS3_05316	6185.A0A094ZQH5	COMPARTMENTS	GOCC:0005604	Basement membrane
MS3_05316	6185.A0A094ZQH5	COMPARTMENTS	GOCC:0030312	External encapsulating structure
MS3_05316	6185.A0A094ZQH5	COMPARTMENTS	GOCC:0031012	Extracellular matrix
MS3_05316	6185.A0A094ZQH5	COMPARTMENTS	GOCC:0062023	Collagen-containing extracellular matrix
MS3_05316	6185.A0A094ZQH5	COMPARTMENTS	GOCC:0071944	Cell periphery
MS3_05316	6185.A0A094ZQH5	COMPARTMENTS	GOCC:0110165	Cellular anatomical structure
MS3_05316	6185.A0A094ZQH5	UniProt Keywords	KW-0084	Basement membrane
MS3_05316	6185.A0A094ZQH5	UniProt Keywords	KW-0176	Collagen
MS3_05316	6185.A0A094ZQH5	UniProt Keywords	KW-0272	Extracellular matrix
MS3_05316	6185.A0A094ZQH5	UniProt Keywords	KW-0677	Repeat
MS3_05316	6185.A0A094ZQH5	UniProt Keywords	KW-0964	Secreted
MS3_05316	6185.A0A094ZQH5	UniProt Keywords	KW-1015	Disulfide bond
MS3_05316	6185.A0A094ZQH5	Pfam	PF01391	Collagen triple helix repeat (20 copies)
MS3_05316	6185.A0A094ZQH5	InterPro	IPR001442	Collagen IV, non-collagenous
MS3_05316	6185.A0A094ZQH5	InterPro	IPR008160	Collagen triple helix repeat
MS3_05316	6185.A0A094ZQH5	InterPro	IPR016187	C-type lectin fold
MS3_05316	6185.A0A094ZQH5	InterPro	IPR036954	Collagen IV, non-collagenous domain superfamily
MS3_05316	6185.A0A094ZQH5	InterPro	IPR050149	Collagen superfamily
MS3_05316	6185.A0A094ZQH5	SMART	SM00111	C-terminal tandem repeated domain in type 4 procollagens
MS3_05320	6185.A0A094ZV34	GO Process	GO:0009987	Cellular process
MS3_05320	6185.A0A094ZV34	GO Function	GO:0005198	Structural molecule activity
MS3_05320	6185.A0A094ZV34	GO Component	GO:0005581	Collagen trimer
MS3_05320	6185.A0A094ZV34	GO Component	GO:0032991	Protein-containing complex
MS3_05320	6185.A0A094ZV34	STRING clusters	CL:9565	Mixed, incl. Serine-type endopeptidase activity, and EGF-like domain
MS3_05320	6185.A0A094ZV34	STRING clusters	CL:9566	Mixed, incl. Serine-type endopeptidase activity, and EGF-like domain
MS3_05320	6185.A0A094ZV34	STRING clusters	CL:9568	Mixed, incl. Serine-type endopeptidase activity, and EGF-like domain
MS3_05320	6185.A0A094ZV34	STRING clusters	CL:9722	Mixed, incl. Collagen trimer, and Peptide hormone processing
MS3_05320	6185.A0A094ZV34	STRING clusters	CL:9723	Mixed, incl. Collagen trimer, and Peptide hormone processing
MS3_05320	6185.A0A094ZV34	STRING clusters	CL:9724	Mixed, incl. Collagen trimer, and Peptide hormone processing
MS3_05320	6185.A0A094ZV34	STRING clusters	CL:9727	Mixed, incl. Collagen triple helix repeat, and Peptide hormone processing
MS3_05320	6185.A0A094ZV34	STRING clusters	CL:9729	Mixed, incl. Peptide hormone processing, and Collagen superfamily
MS3_05320	6185.A0A094ZV34	STRING clusters	CL:9757	Collagen superfamily, and Thrombospondin-like, N-terminal domain
MS3_05320	6185.A0A094ZV34	KEGG	shx04382	Cornified envelope formation
MS3_05320	6185.A0A094ZV34	KEGG	shx04512	ECM-receptor interaction
MS3_05320	6185.A0A094ZV34	KEGG	shx04820	Cytoskeleton in muscle cells
MS3_05320	6185.A0A094ZV34	Reactome	MAP-1474244	Extracellular matrix organization
MS3_05320	6185.A0A094ZV34	Reactome	MAP-1474290	Collagen formation
MS3_05320	6185.A0A094ZV34	Reactome	MAP-1650814	Collagen biosynthesis and modifying enzymes
MS3_05320	6185.A0A094ZV34	Reactome	MAP-8948216	Collagen chain trimerization
MS3_05320	6185.A0A094ZV34	COMPARTMENTS	GOCC:0005604	Basement membrane
MS3_05320	6185.A0A094ZV34	COMPARTMENTS	GOCC:0030312	External encapsulating structure
MS3_05320	6185.A0A094ZV34	COMPARTMENTS	GOCC:0031012	Extracellular matrix
MS3_05320	6185.A0A094ZV34	COMPARTMENTS	GOCC:0062023	Collagen-containing extracellular matrix
MS3_05320	6185.A0A094ZV34	COMPARTMENTS	GOCC:0071944	Cell periphery
MS3_05320	6185.A0A094ZV34	COMPARTMENTS	GOCC:0110165	Cellular anatomical structure
MS3_05320	6185.A0A094ZV34	UniProt Keywords	KW-0084	Basement membrane
MS3_05320	6185.A0A094ZV34	UniProt Keywords	KW-0176	Collagen
MS3_05320	6185.A0A094ZV34	UniProt Keywords	KW-0272	Extracellular matrix
MS3_05320	6185.A0A094ZV34	UniProt Keywords	KW-0964	Secreted
MS3_05320	6185.A0A094ZV34	Pfam	PF01391	Collagen triple helix repeat (20 copies)
MS3_05320	6185.A0A094ZV34	InterPro	IPR001442	Collagen IV, non-collagenous
MS3_05320	6185.A0A094ZV34	InterPro	IPR008160	Collagen triple helix repeat
MS3_05320	6185.A0A094ZV34	InterPro	IPR016187	C-type lectin fold
MS3_05320	6185.A0A094ZV34	InterPro	IPR036954	Collagen IV, non-collagenous domain superfamily
MS3_05320	6185.A0A094ZV34	InterPro	IPR050149	Collagen superfamily
MS3_05320	6185.A0A094ZV34	SMART	SM00111	C-terminal tandem repeated domain in type 4 procollagens
MS3_05397	6185.A0A094ZQP5	GO Function	GO:0003712	Transcription coregulator activity
MS3_05397	6185.A0A094ZQP5	GO Function	GO:0005488	Binding
MS3_05397	6185.A0A094ZQP5	GO Function	GO:0008270	Zinc ion binding
MS3_05397	6185.A0A094ZQP5	GO Function	GO:0030674	Protein-macromolecule adaptor activity
MS3_05397	6185.A0A094ZQP5	GO Function	GO:0036094	Small molecule binding
MS3_05397	6185.A0A094ZQP5	GO Function	GO:0043167	Ion binding
MS3_05397	6185.A0A094ZQP5	GO Function	GO:0043169	Cation binding
MS3_05397	6185.A0A094ZQP5	GO Function	GO:0046872	Metal ion binding
MS3_05397	6185.A0A094ZQP5	GO Function	GO:0046914	Transition metal ion binding
MS3_05397	6185.A0A094ZQP5	GO Function	GO:0060090	Molecular adaptor activity
MS3_05397	6185.A0A094ZQP5	GO Function	GO:0140110	Transcription regulator activity
MS3_05397	6185.A0A094ZQP5	GO Component	GO:0005622	Intracellular anatomical structure
MS3_05397	6185.A0A094ZQP5	GO Component	GO:0005634	Nucleus
MS3_05397	6185.A0A094ZQP5	GO Component	GO:0005737	Cytoplasm
MS3_05397	6185.A0A094ZQP5	GO Component	GO:0030016	Myofibril
MS3_05397	6185.A0A094ZQP5	GO Component	GO:0030017	Sarcomere
MS3_05397	6185.A0A094ZQP5	GO Component	GO:0030018	Z disc
MS3_05397	6185.A0A094ZQP5	GO Component	GO:0031674	I band
MS3_05397	6185.A0A094ZQP5	GO Component	GO:0043226	Organelle
MS3_05397	6185.A0A094ZQP5	GO Component	GO:0043227	Membrane-bounded organelle
MS3_05397	6185.A0A094ZQP5	GO Component	GO:0043228	Membraneless organelle
MS3_05397	6185.A0A094ZQP5	GO Component	GO:0043229	Intracellular organelle
MS3_05397	6185.A0A094ZQP5	GO Component	GO:0043231	Intracellular membrane-bounded organelle
MS3_05397	6185.A0A094ZQP5	GO Component	GO:0043232	Intracellular membraneless organelle
MS3_05397	6185.A0A094ZQP5	GO Component	GO:0043292	Contractile muscle fiber
MS3_05397	6185.A0A094ZQP5	GO Component	GO:0099080	Supramolecular complex
MS3_05397	6185.A0A094ZQP5	GO Component	GO:0099081	Supramolecular polymer
MS3_05397	6185.A0A094ZQP5	GO Component	GO:0099512	Supramolecular fiber
MS3_05397	6185.A0A094ZQP5	GO Component	GO:0110165	Cellular anatomical structure
MS3_05397	6185.A0A094ZQP5	STRING clusters	CL:10166	NRAGE signals death through JNK, and RHO GTPase cycle
MS3_05397	6185.A0A094ZQP5	STRING clusters	CL:10167	Mixed, incl. NRAGE signals death through JNK, and Small GTPase-mediated signal transduction
MS3_05397	6185.A0A094ZQP5	STRING clusters	CL:10289	Mixed, incl. RhoGAP domain, and FHL1/2/3/5, N-terminal LIM domain
MS3_05397	6185.A0A094ZQP5	Reactome	MAP-1430728	Metabolism
MS3_05397	6185.A0A094ZQP5	Reactome	MAP-400206	Regulation of lipid metabolism by PPARalpha
MS3_05397	6185.A0A094ZQP5	Reactome	MAP-556833	Metabolism of lipids
MS3_05397	6185.A0A094ZQP5	COMPARTMENTS	GOCC:0005622	Intracellular anatomical structure
MS3_05397	6185.A0A094ZQP5	COMPARTMENTS	GOCC:0005737	Cytoplasm
MS3_05397	6185.A0A094ZQP5	COMPARTMENTS	GOCC:0030016	Myofibril
MS3_05397	6185.A0A094ZQP5	COMPARTMENTS	GOCC:0030017	Sarcomere
MS3_05397	6185.A0A094ZQP5	COMPARTMENTS	GOCC:0030018	Z disc
MS3_05397	6185.A0A094ZQP5	COMPARTMENTS	GOCC:0031674	I band
MS3_05397	6185.A0A094ZQP5	COMPARTMENTS	GOCC:0043226	Organelle
MS3_05397	6185.A0A094ZQP5	COMPARTMENTS	GOCC:0043228	Membraneless organelle
MS3_05397	6185.A0A094ZQP5	COMPARTMENTS	GOCC:0043229	Intracellular organelle
MS3_05397	6185.A0A094ZQP5	COMPARTMENTS	GOCC:0043232	Intracellular membraneless organelle
MS3_05397	6185.A0A094ZQP5	COMPARTMENTS	GOCC:0043292	Contractile muscle fiber
MS3_05397	6185.A0A094ZQP5	COMPARTMENTS	GOCC:0099080	Supramolecular complex
MS3_05397	6185.A0A094ZQP5	COMPARTMENTS	GOCC:0099081	Supramolecular polymer
MS3_05397	6185.A0A094ZQP5	COMPARTMENTS	GOCC:0099512	Supramolecular fiber
MS3_05397	6185.A0A094ZQP5	COMPARTMENTS	GOCC:0110165	Cellular anatomical structure
MS3_05397	6185.A0A094ZQP5	UniProt Keywords	KW-0440	LIM domain
MS3_05397	6185.A0A094ZQP5	UniProt Keywords	KW-0479	Metal-binding
MS3_05397	6185.A0A094ZQP5	UniProt Keywords	KW-0862	Zinc
MS3_05397	6185.A0A094ZQP5	InterPro	IPR001781	Zinc finger, LIM-type
MS3_05397	6185.A0A094ZQP5	SMART	SM00132	Zinc-binding domain present in Lin-11, Isl-1, Mec-3.
MS3_05600	6185.A0A094ZVX7	GO Function	GO:0003712	Transcription coregulator activity
MS3_05600	6185.A0A094ZVX7	GO Function	GO:0005488	Binding
MS3_05600	6185.A0A094ZVX7	GO Function	GO:0008270	Zinc ion binding
MS3_05600	6185.A0A094ZVX7	GO Function	GO:0030674	Protein-macromolecule adaptor activity
MS3_05600	6185.A0A094ZVX7	GO Function	GO:0036094	Small molecule binding
MS3_05600	6185.A0A094ZVX7	GO Function	GO:0043167	Ion binding
MS3_05600	6185.A0A094ZVX7	GO Function	GO:0043169	Cation binding
MS3_05600	6185.A0A094ZVX7	GO Function	GO:0046872	Metal ion binding
MS3_05600	6185.A0A094ZVX7	GO Function	GO:0046914	Transition metal ion binding
MS3_05600	6185.A0A094ZVX7	GO Function	GO:0060090	Molecular adaptor activity
MS3_05600	6185.A0A094ZVX7	GO Function	GO:0140110	Transcription regulator activity
MS3_05600	6185.A0A094ZVX7	GO Component	GO:0005622	Intracellular anatomical structure
MS3_05600	6185.A0A094ZVX7	GO Component	GO:0005634	Nucleus
MS3_05600	6185.A0A094ZVX7	GO Component	GO:0005737	Cytoplasm
MS3_05600	6185.A0A094ZVX7	GO Component	GO:0030016	Myofibril
MS3_05600	6185.A0A094ZVX7	GO Component	GO:0030017	Sarcomere
MS3_05600	6185.A0A094ZVX7	GO Component	GO:0030018	Z disc
MS3_05600	6185.A0A094ZVX7	GO Component	GO:0031674	I band
MS3_05600	6185.A0A094ZVX7	GO Component	GO:0043226	Organelle
MS3_05600	6185.A0A094ZVX7	GO Component	GO:0043227	Membrane-bounded organelle
MS3_05600	6185.A0A094ZVX7	GO Component	GO:0043228	Membraneless organelle
MS3_05600	6185.A0A094ZVX7	GO Component	GO:0043229	Intracellular organelle
MS3_05600	6185.A0A094ZVX7	GO Component	GO:0043231	Intracellular membrane-bounded organelle
MS3_05600	6185.A0A094ZVX7	GO Component	GO:0043232	Intracellular membraneless organelle
MS3_05600	6185.A0A094ZVX7	GO Component	GO:0043292	Contractile muscle fiber
MS3_05600	6185.A0A094ZVX7	GO Component	GO:0099080	Supramolecular complex
MS3_05600	6185.A0A094ZVX7	GO Component	GO:0099081	Supramolecular polymer
MS3_05600	6185.A0A094ZVX7	GO Component	GO:0099512	Supramolecular fiber
MS3_05600	6185.A0A094ZVX7	GO Component	GO:0110165	Cellular anatomical structure
MS3_05600	6185.A0A094ZVX7	STRING clusters	CL:10166	NRAGE signals death through JNK, and RHO GTPase cycle
MS3_05600	6185.A0A094ZVX7	STRING clusters	CL:10167	Mixed, incl. NRAGE signals death through JNK, and Small GTPase-mediated signal transduction
MS3_05600	6185.A0A094ZVX7	STRING clusters	CL:10289	Mixed, incl. RhoGAP domain, and FHL1/2/3/5, N-terminal LIM domain
MS3_05600	6185.A0A094ZVX7	Reactome	MAP-1430728	Metabolism
MS3_05600	6185.A0A094ZVX7	Reactome	MAP-400206	Regulation of lipid metabolism by PPARalpha
MS3_05600	6185.A0A094ZVX7	Reactome	MAP-556833	Metabolism of lipids
MS3_05600	6185.A0A094ZVX7	COMPARTMENTS	GOCC:0005622	Intracellular anatomical structure
MS3_05600	6185.A0A094ZVX7	COMPARTMENTS	GOCC:0005737	Cytoplasm
MS3_05600	6185.A0A094ZVX7	COMPARTMENTS	GOCC:0030016	Myofibril
MS3_05600	6185.A0A094ZVX7	COMPARTMENTS	GOCC:0030017	Sarcomere
MS3_05600	6185.A0A094ZVX7	COMPARTMENTS	GOCC:0030018	Z disc
MS3_05600	6185.A0A094ZVX7	COMPARTMENTS	GOCC:0031674	I band
MS3_05600	6185.A0A094ZVX7	COMPARTMENTS	GOCC:0043226	Organelle
MS3_05600	6185.A0A094ZVX7	COMPARTMENTS	GOCC:0043228	Membraneless organelle
MS3_05600	6185.A0A094ZVX7	COMPARTMENTS	GOCC:0043229	Intracellular organelle
MS3_05600	6185.A0A094ZVX7	COMPARTMENTS	GOCC:0043232	Intracellular membraneless organelle
MS3_05600	6185.A0A094ZVX7	COMPARTMENTS	GOCC:0043292	Contractile muscle fiber
MS3_05600	6185.A0A094ZVX7	COMPARTMENTS	GOCC:0099080	Supramolecular complex
MS3_05600	6185.A0A094ZVX7	COMPARTMENTS	GOCC:0099081	Supramolecular polymer
MS3_05600	6185.A0A094ZVX7	COMPARTMENTS	GOCC:0099512	Supramolecular fiber
MS3_05600	6185.A0A094ZVX7	COMPARTMENTS	GOCC:0110165	Cellular anatomical structure
MS3_05600	6185.A0A094ZVX7	UniProt Keywords	KW-0440	LIM domain
MS3_05600	6185.A0A094ZVX7	UniProt Keywords	KW-0479	Metal-binding
MS3_05600	6185.A0A094ZVX7	UniProt Keywords	KW-0862	Zinc
MS3_05600	6185.A0A094ZVX7	UniProt Keywords	KW-0863	Zinc-finger
MS3_05600	6185.A0A094ZVX7	InterPro	IPR001781	Zinc finger, LIM-type
MS3_05600	6185.A0A094ZVX7	InterPro	IPR056807	FHL1/2/3/5, N-terminal LIM domain
MS3_05600	6185.A0A094ZVX7	SMART	SM00132	Zinc-binding domain present in Lin-11, Isl-1, Mec-3.
MS3_05634	6185.A0A094ZSZ5	GO Process	GO:0007154	Cell communication
MS3_05634	6185.A0A094ZSZ5	GO Process	GO:0007155	Cell adhesion
MS3_05634	6185.A0A094ZSZ5	GO Process	GO:0007160	Cell-matrix adhesion
MS3_05634	6185.A0A094ZSZ5	GO Process	GO:0007165	Signal transduction
MS3_05634	6185.A0A094ZSZ5	GO Process	GO:0007166	Cell surface receptor signaling pathway
MS3_05634	6185.A0A094ZSZ5	GO Process	GO:0007229	Integrin-mediated signaling pathway
MS3_05634	6185.A0A094ZSZ5	GO Process	GO:0009987	Cellular process
MS3_05634	6185.A0A094ZSZ5	GO Process	GO:0016477	Cell migration
MS3_05634	6185.A0A094ZSZ5	GO Process	GO:0023052	Signaling
MS3_05634	6185.A0A094ZSZ5	GO Process	GO:0031589	Cell-substrate adhesion
MS3_05634	6185.A0A094ZSZ5	GO Process	GO:0048870	Cell motility
MS3_05634	6185.A0A094ZSZ5	GO Process	GO:0050789	Regulation of biological process
MS3_05634	6185.A0A094ZSZ5	GO Process	GO:0050794	Regulation of cellular process
MS3_05634	6185.A0A094ZSZ5	GO Process	GO:0050896	Response to stimulus
MS3_05634	6185.A0A094ZSZ5	GO Process	GO:0051716	Cellular response to stimulus
MS3_05634	6185.A0A094ZSZ5	GO Process	GO:0065007	Biological regulation
MS3_05634	6185.A0A094ZSZ5	GO Process	GO:0098609	Cell-cell adhesion
MS3_05634	6185.A0A094ZSZ5	GO Function	GO:0005102	Signaling receptor binding
MS3_05634	6185.A0A094ZSZ5	GO Function	GO:0005178	Integrin binding
MS3_05634	6185.A0A094ZSZ5	GO Function	GO:0005488	Binding
MS3_05634	6185.A0A094ZSZ5	GO Function	GO:0005515	Protein binding
MS3_05634	6185.A0A094ZSZ5	GO Function	GO:0036094	Small molecule binding
MS3_05634	6185.A0A094ZSZ5	GO Function	GO:0043167	Ion binding
MS3_05634	6185.A0A094ZSZ5	GO Function	GO:0043169	Cation binding
MS3_05634	6185.A0A094ZSZ5	GO Function	GO:0044877	Protein-containing complex binding
MS3_05634	6185.A0A094ZSZ5	GO Function	GO:0046872	Metal ion binding
MS3_05634	6185.A0A094ZSZ5	GO Function	GO:0050839	Cell adhesion molecule binding
MS3_05634	6185.A0A094ZSZ5	GO Component	GO:0005886	Plasma membrane
MS3_05634	6185.A0A094ZSZ5	GO Component	GO:0005925	Focal adhesion
MS3_05634	6185.A0A094ZSZ5	GO Component	GO:0008305	Integrin complex
MS3_05634	6185.A0A094ZSZ5	GO Component	GO:0009986	Cell surface
MS3_05634	6185.A0A094ZSZ5	GO Component	GO:0016020	Membrane
MS3_05634	6185.A0A094ZSZ5	GO Component	GO:0030054	Cell junction
MS3_05634	6185.A0A094ZSZ5	GO Component	GO:0030055	Cell-substrate junction
MS3_05634	6185.A0A094ZSZ5	GO Component	GO:0032991	Protein-containing complex
MS3_05634	6185.A0A094ZSZ5	GO Component	GO:0043235	Receptor complex
MS3_05634	6185.A0A094ZSZ5	GO Component	GO:0070161	Anchoring junction
MS3_05634	6185.A0A094ZSZ5	GO Component	GO:0071944	Cell periphery
MS3_05634	6185.A0A094ZSZ5	GO Component	GO:0098636	Protein complex involved in cell adhesion
MS3_05634	6185.A0A094ZSZ5	GO Component	GO:0098796	Membrane protein complex
MS3_05634	6185.A0A094ZSZ5	GO Component	GO:0098797	Plasma membrane protein complex
MS3_05634	6185.A0A094ZSZ5	GO Component	GO:0098802	Plasma membrane signaling receptor complex
MS3_05634	6185.A0A094ZSZ5	GO Component	GO:0110165	Cellular anatomical structure
MS3_05634	6185.A0A094ZSZ5	STRING clusters	CL:10319	Cell-substrate junction, and Integrin domain superfamily
MS3_05634	6185.A0A094ZSZ5	STRING clusters	CL:10321	Mixed, incl. Smooth Muscle Contraction, and Integrin complex
MS3_05634	6185.A0A094ZSZ5	STRING clusters	CL:10324	Integrin complex, and Smooth Muscle Contraction
MS3_05634	6185.A0A094ZSZ5	STRING clusters	CL:10348	Integrin complex
MS3_05634	6185.A0A094ZSZ5	Reactome	MAP-1474244	Extracellular matrix organization
MS3_05634	6185.A0A094ZSZ5	Reactome	MAP-216083	Integrin cell surface interactions
MS3_05634	6185.A0A094ZSZ5	COMPARTMENTS	GOCC:0005886	Plasma membrane
MS3_05634	6185.A0A094ZSZ5	COMPARTMENTS	GOCC:0016020	Membrane
MS3_05634	6185.A0A094ZSZ5	COMPARTMENTS	GOCC:0071944	Cell periphery
MS3_05634	6185.A0A094ZSZ5	COMPARTMENTS	GOCC:0110165	Cellular anatomical structure
MS3_05634	6185.A0A094ZSZ5	UniProt Keywords	KW-0130	Cell adhesion
MS3_05634	6185.A0A094ZSZ5	UniProt Keywords	KW-0325	Glycoprotein
MS3_05634	6185.A0A094ZSZ5	UniProt Keywords	KW-0401	Integrin
MS3_05634	6185.A0A094ZSZ5	UniProt Keywords	KW-0472	Membrane
MS3_05634	6185.A0A094ZSZ5	UniProt Keywords	KW-0677	Repeat
MS3_05634	6185.A0A094ZSZ5	UniProt Keywords	KW-0732	Signal
MS3_05634	6185.A0A094ZSZ5	UniProt Keywords	KW-0812	Transmembrane
MS3_05634	6185.A0A094ZSZ5	UniProt Keywords	KW-1003	Cell membrane
MS3_05634	6185.A0A094ZSZ5	UniProt Keywords	KW-1015	Disulfide bond
MS3_05634	6185.A0A094ZSZ5	UniProt Keywords	KW-1133	Transmembrane helix
MS3_05634	6185.A0A094ZSZ5	InterPro	IPR000742	EGF-like domain
MS3_05634	6185.A0A094ZSZ5	InterPro	IPR002049	Laminin-type EGF domain
MS3_05634	6185.A0A094ZSZ5	InterPro	IPR036465	Von Willebrand factor A-like domain superfamily
MS3_05634	6185.A0A094ZSZ5	SMART	SM00181	Epidermal growth factor-like domain.
MS3_05644	6185.A0A094ZT02	GO Process	GO:0007154	Cell communication
MS3_05644	6185.A0A094ZT02	GO Process	GO:0007165	Signal transduction
MS3_05644	6185.A0A094ZT02	GO Process	GO:0007166	Cell surface receptor signaling pathway
MS3_05644	6185.A0A094ZT02	GO Process	GO:0007167	Enzyme-linked receptor protein signaling pathway
MS3_05644	6185.A0A094ZT02	GO Process	GO:0007169	Cell surface receptor protein tyrosine kinase signaling pathway
MS3_05644	6185.A0A094ZT02	GO Process	GO:0009987	Cellular process
MS3_05644	6185.A0A094ZT02	GO Process	GO:0023052	Signaling
MS3_05644	6185.A0A094ZT02	GO Process	GO:0030154	Cell differentiation
MS3_05644	6185.A0A094ZT02	GO Process	GO:0032502	Developmental process
MS3_05644	6185.A0A094ZT02	GO Process	GO:0048518	Positive regulation of biological process
MS3_05644	6185.A0A094ZT02	GO Process	GO:0048522	Positive regulation of cellular process
MS3_05644	6185.A0A094ZT02	GO Process	GO:0048869	Cellular developmental process
MS3_05644	6185.A0A094ZT02	GO Process	GO:0050789	Regulation of biological process
MS3_05644	6185.A0A094ZT02	GO Process	GO:0050794	Regulation of cellular process
MS3_05644	6185.A0A094ZT02	GO Process	GO:0050896	Response to stimulus
MS3_05644	6185.A0A094ZT02	GO Process	GO:0051716	Cellular response to stimulus
MS3_05644	6185.A0A094ZT02	GO Process	GO:0065007	Biological regulation
MS3_05644	6185.A0A094ZT02	GO Function	GO:0000166	Nucleotide binding
MS3_05644	6185.A0A094ZT02	GO Function	GO:0003824	Catalytic activity
MS3_05644	6185.A0A094ZT02	GO Function	GO:0004672	Protein kinase activity
MS3_05644	6185.A0A094ZT02	GO Function	GO:0004713	Protein tyrosine kinase activity
MS3_05644	6185.A0A094ZT02	GO Function	GO:0004715	Non-membrane spanning protein tyrosine kinase activity
MS3_05644	6185.A0A094ZT02	GO Function	GO:0005102	Signaling receptor binding
MS3_05644	6185.A0A094ZT02	GO Function	GO:0005488	Binding
MS3_05644	6185.A0A094ZT02	GO Function	GO:0005515	Protein binding
MS3_05644	6185.A0A094ZT02	GO Function	GO:0005524	ATP binding
MS3_05644	6185.A0A094ZT02	GO Function	GO:0016301	Kinase activity
MS3_05644	6185.A0A094ZT02	GO Function	GO:0016740	Transferase activity
MS3_05644	6185.A0A094ZT02	GO Function	GO:0016772	Transferase activity, transferring phosphorus-containing groups
MS3_05644	6185.A0A094ZT02	GO Function	GO:0016773	Phosphotransferase activity, alcohol group as acceptor
MS3_05644	6185.A0A094ZT02	GO Function	GO:0017076	Purine nucleotide binding
MS3_05644	6185.A0A094ZT02	GO Function	GO:0030554	Adenyl nucleotide binding
MS3_05644	6185.A0A094ZT02	GO Function	GO:0032553	Ribonucleotide binding
MS3_05644	6185.A0A094ZT02	GO Function	GO:0032555	Purine ribonucleotide binding
MS3_05644	6185.A0A094ZT02	GO Function	GO:0032559	Adenyl ribonucleotide binding
MS3_05644	6185.A0A094ZT02	GO Function	GO:0035639	Purine ribonucleoside triphosphate binding
MS3_05644	6185.A0A094ZT02	GO Function	GO:0036094	Small molecule binding
MS3_05644	6185.A0A094ZT02	GO Function	GO:0043167	Ion binding
MS3_05644	6185.A0A094ZT02	GO Function	GO:0043168	Anion binding
MS3_05644	6185.A0A094ZT02	GO Function	GO:0097367	Carbohydrate derivative binding
MS3_05644	6185.A0A094ZT02	GO Function	GO:0140096	Catalytic activity, acting on a protein
MS3_05644	6185.A0A094ZT02	GO Function	GO:1901265	Nucleoside phosphate binding
MS3_05644	6185.A0A094ZT02	GO Function	GO:1901363	Heterocyclic compound binding
MS3_05644	6185.A0A094ZT02	GO Component	GO:0005622	Intracellular anatomical structure
MS3_05644	6185.A0A094ZT02	GO Component	GO:0005737	Cytoplasm
MS3_05644	6185.A0A094ZT02	GO Component	GO:0005829	Cytosol
MS3_05644	6185.A0A094ZT02	GO Component	GO:0005886	Plasma membrane
MS3_05644	6185.A0A094ZT02	GO Component	GO:0016020	Membrane
MS3_05644	6185.A0A094ZT02	GO Component	GO:0043226	Organelle
MS3_05644	6185.A0A094ZT02	GO Component	GO:0043229	Intracellular organelle
MS3_05644	6185.A0A094ZT02	GO Component	GO:0071944	Cell periphery
MS3_05644	6185.A0A094ZT02	GO Component	GO:0110165	Cellular anatomical structure
MS3_05644	6185.A0A094ZT02	STRING clusters	CL:10319	Cell-substrate junction, and Integrin domain superfamily
MS3_05644	6185.A0A094ZT02	STRING clusters	CL:10321	Mixed, incl. Smooth Muscle Contraction, and Integrin complex
MS3_05644	6185.A0A094ZT02	STRING clusters	CL:10367	Non-receptor tyrosine kinases involved in cell signaling, and Ras association (RalGDS/AF-6) domain
MS3_05644	6185.A0A094ZT02	Reactome	MAP-162582	Signal Transduction
MS3_05644	6185.A0A094ZT02	Reactome	MAP-168249	Innate Immune System
MS3_05644	6185.A0A094ZT02	Reactome	MAP-168256	Immune System
MS3_05644	6185.A0A094ZT02	COMPARTMENTS	GOCC:0005622	Intracellular anatomical structure
MS3_05644	6185.A0A094ZT02	COMPARTMENTS	GOCC:0005737	Cytoplasm
MS3_05644	6185.A0A094ZT02	COMPARTMENTS	GOCC:0110165	Cellular anatomical structure
MS3_05644	6185.A0A094ZT02	UniProt Keywords	KW-0067	ATP-binding
MS3_05644	6185.A0A094ZT02	UniProt Keywords	KW-0418	Kinase
MS3_05644	6185.A0A094ZT02	UniProt Keywords	KW-0547	Nucleotide-binding
MS3_05644	6185.A0A094ZT02	UniProt Keywords	KW-0597	Phosphoprotein
MS3_05644	6185.A0A094ZT02	UniProt Keywords	KW-0727	SH2 domain
MS3_05644	6185.A0A094ZT02	UniProt Keywords	KW-0728	SH3 domain
MS3_05644	6185.A0A094ZT02	UniProt Keywords	KW-0808	Transferase
MS3_05644	6185.A0A094ZT02	UniProt Keywords	KW-0829	Tyrosine-protein kinase
MS3_05644	6185.A0A094ZT02	InterPro	IPR000719	Protein kinase domain
MS3_05644	6185.A0A094ZT02	InterPro	IPR000980	SH2 domain
MS3_05644	6185.A0A094ZT02	InterPro	IPR001245	Serine-threonine/tyrosine-protein kinase, catalytic domain
MS3_05644	6185.A0A094ZT02	InterPro	IPR001452	SH3 domain
MS3_05644	6185.A0A094ZT02	InterPro	IPR011009	Protein kinase-like domain superfamily
MS3_05644	6185.A0A094ZT02	InterPro	IPR017441	Protein kinase, ATP binding site
MS3_05644	6185.A0A094ZT02	InterPro	IPR020635	Tyrosine-protein kinase, catalytic domain
MS3_05644	6185.A0A094ZT02	InterPro	IPR036028	SH3-like domain superfamily
MS3_05644	6185.A0A094ZT02	InterPro	IPR036860	SH2 domain superfamily
MS3_05644	6185.A0A094ZT02	InterPro	IPR050198	Non-receptor tyrosine kinases involved in cell signaling
MS3_05644	6185.A0A094ZT02	SMART	SM00219	Tyrosine kinase, catalytic domain
MS3_05644	6185.A0A094ZT02	SMART	SM00252	Src homology 2 domains
MS3_05644	6185.A0A094ZT02	SMART	SM00326	Src homology 3 domains
MS3_05835	6185.A0A094ZWE3	GO Process	GO:0007154	Cell communication
MS3_05835	6185.A0A094ZWE3	GO Process	GO:0007165	Signal transduction
MS3_05835	6185.A0A094ZWE3	GO Process	GO:0007166	Cell surface receptor signaling pathway
MS3_05835	6185.A0A094ZWE3	GO Process	GO:0007167	Enzyme-linked receptor protein signaling pathway
MS3_05835	6185.A0A094ZWE3	GO Process	GO:0007169	Cell surface receptor protein tyrosine kinase signaling pathway
MS3_05835	6185.A0A094ZWE3	GO Process	GO:0009987	Cellular process
MS3_05835	6185.A0A094ZWE3	GO Process	GO:0023052	Signaling
MS3_05835	6185.A0A094ZWE3	GO Process	GO:0030154	Cell differentiation
MS3_05835	6185.A0A094ZWE3	GO Process	GO:0032502	Developmental process
MS3_05835	6185.A0A094ZWE3	GO Process	GO:0048518	Positive regulation of biological process
MS3_05835	6185.A0A094ZWE3	GO Process	GO:0048522	Positive regulation of cellular process
MS3_05835	6185.A0A094ZWE3	GO Process	GO:0048869	Cellular developmental process
MS3_05835	6185.A0A094ZWE3	GO Process	GO:0050789	Regulation of biological process
MS3_05835	6185.A0A094ZWE3	GO Process	GO:0050794	Regulation of cellular process
MS3_05835	6185.A0A094ZWE3	GO Process	GO:0050896	Response to stimulus
MS3_05835	6185.A0A094ZWE3	GO Process	GO:0051716	Cellular response to stimulus
MS3_05835	6185.A0A094ZWE3	GO Process	GO:0065007	Biological regulation
MS3_05835	6185.A0A094ZWE3	GO Function	GO:0000166	Nucleotide binding
MS3_05835	6185.A0A094ZWE3	GO Function	GO:0003824	Catalytic activity
MS3_05835	6185.A0A094ZWE3	GO Function	GO:0004672	Protein kinase activity
MS3_05835	6185.A0A094ZWE3	GO Function	GO:0004713	Protein tyrosine kinase activity
MS3_05835	6185.A0A094ZWE3	GO Function	GO:0004715	Non-membrane spanning protein tyrosine kinase activity
MS3_05835	6185.A0A094ZWE3	GO Function	GO:0005102	Signaling receptor binding
MS3_05835	6185.A0A094ZWE3	GO Function	GO:0005488	Binding
MS3_05835	6185.A0A094ZWE3	GO Function	GO:0005515	Protein binding
MS3_05835	6185.A0A094ZWE3	GO Function	GO:0005524	ATP binding
MS3_05835	6185.A0A094ZWE3	GO Function	GO:0016301	Kinase activity
MS3_05835	6185.A0A094ZWE3	GO Function	GO:0016740	Transferase activity
MS3_05835	6185.A0A094ZWE3	GO Function	GO:0016772	Transferase activity, transferring phosphorus-containing groups
MS3_05835	6185.A0A094ZWE3	GO Function	GO:0016773	Phosphotransferase activity, alcohol group as acceptor
MS3_05835	6185.A0A094ZWE3	GO Function	GO:0017076	Purine nucleotide binding
MS3_05835	6185.A0A094ZWE3	GO Function	GO:0030554	Adenyl nucleotide binding
MS3_05835	6185.A0A094ZWE3	GO Function	GO:0032553	Ribonucleotide binding
MS3_05835	6185.A0A094ZWE3	GO Function	GO:0032555	Purine ribonucleotide binding
MS3_05835	6185.A0A094ZWE3	GO Function	GO:0032559	Adenyl ribonucleotide binding
MS3_05835	6185.A0A094ZWE3	GO Function	GO:0035639	Purine ribonucleoside triphosphate binding
MS3_05835	6185.A0A094ZWE3	GO Function	GO:0036094	Small molecule binding
MS3_05835	6185.A0A094ZWE3	GO Function	GO:0043167	Ion binding
MS3_05835	6185.A0A094ZWE3	GO Function	GO:0043168	Anion binding
MS3_05835	6185.A0A094ZWE3	GO Function	GO:0097367	Carbohydrate derivative binding
MS3_05835	6185.A0A094ZWE3	GO Function	GO:0140096	Catalytic activity, acting on a protein
MS3_05835	6185.A0A094ZWE3	GO Function	GO:1901265	Nucleoside phosphate binding
MS3_05835	6185.A0A094ZWE3	GO Function	GO:1901363	Heterocyclic compound binding
MS3_05835	6185.A0A094ZWE3	GO Component	GO:0005622	Intracellular anatomical structure
MS3_05835	6185.A0A094ZWE3	GO Component	GO:0005737	Cytoplasm
MS3_05835	6185.A0A094ZWE3	GO Component	GO:0005829	Cytosol
MS3_05835	6185.A0A094ZWE3	GO Component	GO:0005886	Plasma membrane
MS3_05835	6185.A0A094ZWE3	GO Component	GO:0016020	Membrane
MS3_05835	6185.A0A094ZWE3	GO Component	GO:0043226	Organelle
MS3_05835	6185.A0A094ZWE3	GO Component	GO:0043229	Intracellular organelle
MS3_05835	6185.A0A094ZWE3	GO Component	GO:0071944	Cell periphery
MS3_05835	6185.A0A094ZWE3	GO Component	GO:0110165	Cellular anatomical structure
MS3_05835	6185.A0A094ZWE3	STRING clusters	CL:10011	Mixed, incl. Negative regulation of Ras protein signal transduction, and Protein kinase, C-terminal
MS3_05835	6185.A0A094ZWE3	STRING clusters	CL:10013	Mixed, incl. Negative regulation of Ras protein signal transduction, and Rho GTPase-activating domain-containing protein
MS3_05835	6185.A0A094ZWE3	STRING clusters	CL:10017	Rho GTPase-activating domain-containing protein, and VEGFR2 mediated cell proliferation
MS3_05835	6185.A0A094ZWE3	STRING clusters	CL:9903	Mixed, incl. MAPK1/MAPK3 signaling, and Enzyme-linked receptor protein signaling pathway
MS3_05835	6185.A0A094ZWE3	STRING clusters	CL:9904	Mixed, incl. MAPK1/MAPK3 signaling, and Enzyme-linked receptor protein signaling pathway
MS3_05835	6185.A0A094ZWE3	STRING clusters	CL:9905	Mixed, incl. Cell surface receptor protein tyrosine kinase signaling pathway, and Negative regulation of Ras protein signal transduction
MS3_05835	6185.A0A094ZWE3	Reactome	MAP-162582	Signal Transduction
MS3_05835	6185.A0A094ZWE3	Reactome	MAP-168249	Innate Immune System
MS3_05835	6185.A0A094ZWE3	Reactome	MAP-168256	Immune System
MS3_05835	6185.A0A094ZWE3	COMPARTMENTS	GOCC:0005622	Intracellular anatomical structure
MS3_05835	6185.A0A094ZWE3	COMPARTMENTS	GOCC:0005737	Cytoplasm
MS3_05835	6185.A0A094ZWE3	COMPARTMENTS	GOCC:0110165	Cellular anatomical structure
MS3_05835	6185.A0A094ZWE3	UniProt Keywords	KW-0418	Kinase
MS3_05835	6185.A0A094ZWE3	UniProt Keywords	KW-0727	SH2 domain
MS3_05835	6185.A0A094ZWE3	UniProt Keywords	KW-0728	SH3 domain
MS3_05835	6185.A0A094ZWE3	UniProt Keywords	KW-0808	Transferase
MS3_05835	6185.A0A094ZWE3	InterPro	IPR000980	SH2 domain
MS3_05835	6185.A0A094ZWE3	InterPro	IPR001452	SH3 domain
MS3_05835	6185.A0A094ZWE3	InterPro	IPR036028	SH3-like domain superfamily
MS3_05835	6185.A0A094ZWE3	InterPro	IPR036860	SH2 domain superfamily
MS3_05835	6185.A0A094ZWE3	InterPro	IPR043539	Grb2-like
MS3_05835	6185.A0A094ZWE3	SMART	SM00252	Src homology 2 domains
MS3_05835	6185.A0A094ZWE3	SMART	SM00326	Src homology 3 domains
MS3_06212	6185.A0A094ZXG3	GO Process	GO:0007155	Cell adhesion
MS3_06212	6185.A0A094ZXG3	GO Process	GO:0009966	Regulation of signal transduction
MS3_06212	6185.A0A094ZXG3	GO Process	GO:0009967	Positive regulation of signal transduction
MS3_06212	6185.A0A094ZXG3	GO Process	GO:0009987	Cellular process
MS3_06212	6185.A0A094ZXG3	GO Process	GO:0010646	Regulation of cell communication
MS3_06212	6185.A0A094ZXG3	GO Process	GO:0010647	Positive regulation of cell communication
MS3_06212	6185.A0A094ZXG3	GO Process	GO:0010810	Regulation of cell-substrate adhesion
MS3_06212	6185.A0A094ZXG3	GO Process	GO:0010811	Positive regulation of cell-substrate adhesion
MS3_06212	6185.A0A094ZXG3	GO Process	GO:0016043	Cellular component organization
MS3_06212	6185.A0A094ZXG3	GO Process	GO:0023051	Regulation of signaling
MS3_06212	6185.A0A094ZXG3	GO Process	GO:0023056	Positive regulation of signaling
MS3_06212	6185.A0A094ZXG3	GO Process	GO:0030155	Regulation of cell adhesion
MS3_06212	6185.A0A094ZXG3	GO Process	GO:0034330	Cell junction organization
MS3_06212	6185.A0A094ZXG3	GO Process	GO:0045216	Cell-cell junction organization
MS3_06212	6185.A0A094ZXG3	GO Process	GO:0045785	Positive regulation of cell adhesion
MS3_06212	6185.A0A094ZXG3	GO Process	GO:0048518	Positive regulation of biological process
MS3_06212	6185.A0A094ZXG3	GO Process	GO:0048522	Positive regulation of cellular process
MS3_06212	6185.A0A094ZXG3	GO Process	GO:0048583	Regulation of response to stimulus
MS3_06212	6185.A0A094ZXG3	GO Process	GO:0048584	Positive regulation of response to stimulus
MS3_06212	6185.A0A094ZXG3	GO Process	GO:0050789	Regulation of biological process
MS3_06212	6185.A0A094ZXG3	GO Process	GO:0050794	Regulation of cellular process
MS3_06212	6185.A0A094ZXG3	GO Process	GO:0065007	Biological regulation
MS3_06212	6185.A0A094ZXG3	GO Process	GO:0071840	Cellular component organization or biogenesis
MS3_06212	6185.A0A094ZXG3	GO Process	GO:0098609	Cell-cell adhesion
MS3_06212	6185.A0A094ZXG3	GO Process	GO:1900024	Regulation of substrate adhesion-dependent cell spreading
MS3_06212	6185.A0A094ZXG3	GO Process	GO:1900026	Positive regulation of substrate adhesion-dependent cell spreading
MS3_06212	6185.A0A094ZXG3	GO Function	GO:0005488	Binding
MS3_06212	6185.A0A094ZXG3	GO Function	GO:0036094	Small molecule binding
MS3_06212	6185.A0A094ZXG3	GO Function	GO:0043167	Ion binding
MS3_06212	6185.A0A094ZXG3	GO Function	GO:0043169	Cation binding
MS3_06212	6185.A0A094ZXG3	GO Function	GO:0046872	Metal ion binding
MS3_06212	6185.A0A094ZXG3	GO Component	GO:0005622	Intracellular anatomical structure
MS3_06212	6185.A0A094ZXG3	GO Component	GO:0005737	Cytoplasm
MS3_06212	6185.A0A094ZXG3	GO Component	GO:0005911	Cell-cell junction
MS3_06212	6185.A0A094ZXG3	GO Component	GO:0005925	Focal adhesion
MS3_06212	6185.A0A094ZXG3	GO Component	GO:0030054	Cell junction
MS3_06212	6185.A0A094ZXG3	GO Component	GO:0030055	Cell-substrate junction
MS3_06212	6185.A0A094ZXG3	GO Component	GO:0070161	Anchoring junction
MS3_06212	6185.A0A094ZXG3	GO Component	GO:0110165	Cellular anatomical structure
MS3_06212	6185.A0A094ZXG3	STRING clusters	CL:10319	Cell-substrate junction, and Integrin domain superfamily
MS3_06212	6185.A0A094ZXG3	Reactome	MAP-1500931	Cell-Cell communication
MS3_06212	6185.A0A094ZXG3	Reactome	MAP-446353	Cell-extracellular matrix interactions
MS3_06212	6185.A0A094ZXG3	Reactome	MAP-446728	Cell junction organization
MS3_06212	6185.A0A094ZXG3	COMPARTMENTS	GOCC:0005925	Focal adhesion
MS3_06212	6185.A0A094ZXG3	COMPARTMENTS	GOCC:0030054	Cell junction
MS3_06212	6185.A0A094ZXG3	COMPARTMENTS	GOCC:0030055	Cell-substrate junction
MS3_06212	6185.A0A094ZXG3	COMPARTMENTS	GOCC:0070161	Anchoring junction
MS3_06212	6185.A0A094ZXG3	COMPARTMENTS	GOCC:0110165	Cellular anatomical structure
MS3_06212	6185.A0A094ZXG3	UniProt Keywords	KW-0440	LIM domain
MS3_06212	6185.A0A094ZXG3	UniProt Keywords	KW-0479	Metal-binding
MS3_06212	6185.A0A094ZXG3	UniProt Keywords	KW-0862	Zinc
MS3_06212	6185.A0A094ZXG3	InterPro	IPR001781	Zinc finger, LIM-type
MS3_06212	6185.A0A094ZXG3	InterPro	IPR017351	LIM and senescent cell antigen-like-containing domain protein 1-4-like
MS3_06212	6185.A0A094ZXG3	SMART	SM00132	Zinc-binding domain present in Lin-11, Isl-1, Mec-3.
MS3_06750	6185.A0A095C865	GO Process	GO:0006996	Organelle organization
MS3_06750	6185.A0A095C865	GO Process	GO:0007010	Cytoskeleton organization
MS3_06750	6185.A0A095C865	GO Process	GO:0007155	Cell adhesion
MS3_06750	6185.A0A095C865	GO Process	GO:0009987	Cellular process
MS3_06750	6185.A0A095C865	GO Process	GO:0016043	Cellular component organization
MS3_06750	6185.A0A095C865	GO Process	GO:0030029	Actin filament-based process
MS3_06750	6185.A0A095C865	GO Process	GO:0030036	Actin cytoskeleton organization
MS3_06750	6185.A0A095C865	GO Process	GO:0071840	Cellular component organization or biogenesis
MS3_06750	6185.A0A095C865	GO Process	GO:0098609	Cell-cell adhesion
MS3_06750	6185.A0A095C865	GO Function	GO:0003779	Actin binding
MS3_06750	6185.A0A095C865	GO Function	GO:0005102	Signaling receptor binding
MS3_06750	6185.A0A095C865	GO Function	GO:0005178	Integrin binding
MS3_06750	6185.A0A095C865	GO Function	GO:0005198	Structural molecule activity
MS3_06750	6185.A0A095C865	GO Function	GO:0005200	Structural constituent of cytoskeleton
MS3_06750	6185.A0A095C865	GO Function	GO:0005488	Binding
MS3_06750	6185.A0A095C865	GO Function	GO:0005515	Protein binding
MS3_06750	6185.A0A095C865	GO Function	GO:0008092	Cytoskeletal protein binding
MS3_06750	6185.A0A095C865	GO Function	GO:0044877	Protein-containing complex binding
MS3_06750	6185.A0A095C865	GO Function	GO:0050839	Cell adhesion molecule binding
MS3_06750	6185.A0A095C865	GO Function	GO:0051015	Actin filament binding
MS3_06750	6185.A0A095C865	GO Component	GO:0001726	Ruffle
MS3_06750	6185.A0A095C865	GO Component	GO:0005622	Intracellular anatomical structure
MS3_06750	6185.A0A095C865	GO Component	GO:0005737	Cytoplasm
MS3_06750	6185.A0A095C865	GO Component	GO:0005856	Cytoskeleton
MS3_06750	6185.A0A095C865	GO Component	GO:0005886	Plasma membrane
MS3_06750	6185.A0A095C865	GO Component	GO:0005925	Focal adhesion
MS3_06750	6185.A0A095C865	GO Component	GO:0016020	Membrane
MS3_06750	6185.A0A095C865	GO Component	GO:0030054	Cell junction
MS3_06750	6185.A0A095C865	GO Component	GO:0030055	Cell-substrate junction
MS3_06750	6185.A0A095C865	GO Component	GO:0031252	Cell leading edge
MS3_06750	6185.A0A095C865	GO Component	GO:0042995	Cell projection
MS3_06750	6185.A0A095C865	GO Component	GO:0043226	Organelle
MS3_06750	6185.A0A095C865	GO Component	GO:0043228	Membraneless organelle
MS3_06750	6185.A0A095C865	GO Component	GO:0043229	Intracellular organelle
MS3_06750	6185.A0A095C865	GO Component	GO:0043232	Intracellular membraneless organelle
MS3_06750	6185.A0A095C865	GO Component	GO:0070161	Anchoring junction
MS3_06750	6185.A0A095C865	GO Component	GO:0071944	Cell periphery
MS3_06750	6185.A0A095C865	GO Component	GO:0110165	Cellular anatomical structure
MS3_06750	6185.A0A095C865	GO Component	GO:0120025	Plasma membrane bounded cell projection
MS3_06750	6185.A0A095C865	STRING clusters	CL:10319	Cell-substrate junction, and Integrin domain superfamily
MS3_06750	6185.A0A095C865	STRING clusters	CL:10321	Mixed, incl. Smooth Muscle Contraction, and Integrin complex
MS3_06750	6185.A0A095C865	KEGG	shx04820	Cytoskeleton in muscle cells
MS3_06750	6185.A0A095C865	Reactome	MAP-109582	Hemostasis
MS3_06750	6185.A0A095C865	Reactome	MAP-114608	Platelet degranulation
MS3_06750	6185.A0A095C865	Reactome	MAP-1266738	Developmental Biology
MS3_06750	6185.A0A095C865	Reactome	MAP-162582	Signal Transduction
MS3_06750	6185.A0A095C865	Reactome	MAP-354192	Integrin signaling
MS3_06750	6185.A0A095C865	Reactome	MAP-373755	Semaphorin interactions
MS3_06750	6185.A0A095C865	Reactome	MAP-397014	Muscle contraction
MS3_06750	6185.A0A095C865	Reactome	MAP-422475	Axon guidance
MS3_06750	6185.A0A095C865	Reactome	MAP-445355	Smooth Muscle Contraction
MS3_06750	6185.A0A095C865	Reactome	MAP-5673001	RAF/MAP kinase cascade
MS3_06750	6185.A0A095C865	Reactome	MAP-5674135	MAP2K and MAPK activation
MS3_06750	6185.A0A095C865	Reactome	MAP-5683057	MAPK family signaling cascades
MS3_06750	6185.A0A095C865	Reactome	MAP-5684996	MAPK1/MAPK3 signaling
MS3_06750	6185.A0A095C865	Reactome	MAP-76002	Platelet activation, signaling and aggregation
MS3_06750	6185.A0A095C865	Reactome	MAP-76005	Response to elevated platelet cytosolic Ca2+
MS3_06750	6185.A0A095C865	Reactome	MAP-76009	Platelet Aggregation (Plug Formation)
MS3_06750	6185.A0A095C865	Reactome	MAP-9675108	Nervous system development
MS3_06750	6185.A0A095C865	COMPARTMENTS	GOCC:0001726	Ruffle
MS3_06750	6185.A0A095C865	COMPARTMENTS	GOCC:0031252	Cell leading edge
MS3_06750	6185.A0A095C865	COMPARTMENTS	GOCC:0042995	Cell projection
MS3_06750	6185.A0A095C865	COMPARTMENTS	GOCC:0110165	Cellular anatomical structure
MS3_06750	6185.A0A095C865	COMPARTMENTS	GOCC:0120025	Plasma membrane bounded cell projection
MS3_06750	6185.A0A095C865	UniProt Keywords	KW-0963	Cytoplasm
MS3_06750	6185.A0A095C865	Pfam	PF01608	I/LWEQ domain
MS3_06750	6185.A0A095C865	Pfam	PF09141	Talin, middle domain
MS3_06750	6185.A0A095C865	InterPro	IPR000299	FERM domain
MS3_06750	6185.A0A095C865	InterPro	IPR002404	IRS-type PTB domain
MS3_06750	6185.A0A095C865	InterPro	IPR002558	I/LWEQ domain
MS3_06750	6185.A0A095C865	InterPro	IPR011993	PH-like domain superfamily
MS3_06750	6185.A0A095C865	InterPro	IPR014352	FERM/acyl-CoA-binding protein superfamily
MS3_06750	6185.A0A095C865	InterPro	IPR015224	Talin, central
MS3_06750	6185.A0A095C865	InterPro	IPR019748	FERM central domain
MS3_06750	6185.A0A095C865	InterPro	IPR019749	Band 4.1 domain
MS3_06750	6185.A0A095C865	InterPro	IPR035963	FERM superfamily, second domain
MS3_06750	6185.A0A095C865	InterPro	IPR035964	I/LWEQ domain superfamily
MS3_06750	6185.A0A095C865	InterPro	IPR036476	Talin, central domain superfamily
MS3_06750	6185.A0A095C865	InterPro	IPR049108	Talin, R4 domain
MS3_06750	6185.A0A095C865	SMART	SM01244	Phosphotyrosine-binding domain
MS3_07063	6185.A0A094ZWG6	GO Process	GO:0007275	Multicellular organism development
MS3_07063	6185.A0A094ZWG6	GO Process	GO:0007399	Nervous system development
MS3_07063	6185.A0A094ZWG6	GO Process	GO:0008284	Positive regulation of cell population proliferation
MS3_07063	6185.A0A094ZWG6	GO Process	GO:0009653	Anatomical structure morphogenesis
MS3_07063	6185.A0A094ZWG6	GO Process	GO:0009966	Regulation of signal transduction
MS3_07063	6185.A0A094ZWG6	GO Process	GO:0009987	Cellular process
MS3_07063	6185.A0A094ZWG6	GO Process	GO:0010646	Regulation of cell communication
MS3_07063	6185.A0A094ZWG6	GO Process	GO:0016043	Cellular component organization
MS3_07063	6185.A0A094ZWG6	GO Process	GO:0019222	Regulation of metabolic process
MS3_07063	6185.A0A094ZWG6	GO Process	GO:0022008	Neurogenesis
MS3_07063	6185.A0A094ZWG6	GO Process	GO:0022607	Cellular component assembly
MS3_07063	6185.A0A094ZWG6	GO Process	GO:0023051	Regulation of signaling
MS3_07063	6185.A0A094ZWG6	GO Process	GO:0030154	Cell differentiation
MS3_07063	6185.A0A094ZWG6	GO Process	GO:0032501	Multicellular organismal process
MS3_07063	6185.A0A094ZWG6	GO Process	GO:0032502	Developmental process
MS3_07063	6185.A0A094ZWG6	GO Process	GO:0042127	Regulation of cell population proliferation
MS3_07063	6185.A0A094ZWG6	GO Process	GO:0043933	Protein-containing complex organization
MS3_07063	6185.A0A094ZWG6	GO Process	GO:0044085	Cellular component biogenesis
MS3_07063	6185.A0A094ZWG6	GO Process	GO:0044087	Regulation of cellular component biogenesis
MS3_07063	6185.A0A094ZWG6	GO Process	GO:0048518	Positive regulation of biological process
MS3_07063	6185.A0A094ZWG6	GO Process	GO:0048519	Negative regulation of biological process
MS3_07063	6185.A0A094ZWG6	GO Process	GO:0048522	Positive regulation of cellular process
MS3_07063	6185.A0A094ZWG6	GO Process	GO:0048523	Negative regulation of cellular process
MS3_07063	6185.A0A094ZWG6	GO Process	GO:0048583	Regulation of response to stimulus
MS3_07063	6185.A0A094ZWG6	GO Process	GO:0048699	Generation of neurons
MS3_07063	6185.A0A094ZWG6	GO Process	GO:0048731	System development
MS3_07063	6185.A0A094ZWG6	GO Process	GO:0048856	Anatomical structure development
MS3_07063	6185.A0A094ZWG6	GO Process	GO:0048869	Cellular developmental process
MS3_07063	6185.A0A094ZWG6	GO Process	GO:0050789	Regulation of biological process
MS3_07063	6185.A0A094ZWG6	GO Process	GO:0050793	Regulation of developmental process
MS3_07063	6185.A0A094ZWG6	GO Process	GO:0050794	Regulation of cellular process
MS3_07063	6185.A0A094ZWG6	GO Process	GO:0051128	Regulation of cellular component organization
MS3_07063	6185.A0A094ZWG6	GO Process	GO:0051239	Regulation of multicellular organismal process
MS3_07063	6185.A0A094ZWG6	GO Process	GO:0060255	Regulation of macromolecule metabolic process
MS3_07063	6185.A0A094ZWG6	GO Process	GO:0065003	Protein-containing complex assembly
MS3_07063	6185.A0A094ZWG6	GO Process	GO:0065007	Biological regulation
MS3_07063	6185.A0A094ZWG6	GO Process	GO:0071840	Cellular component organization or biogenesis
MS3_07063	6185.A0A094ZWG6	GO Process	GO:1901888	Regulation of cell junction assembly
MS3_07063	6185.A0A094ZWG6	GO Function	GO:0000166	Nucleotide binding
MS3_07063	6185.A0A094ZWG6	GO Function	GO:0003824	Catalytic activity
MS3_07063	6185.A0A094ZWG6	GO Function	GO:0004672	Protein kinase activity
MS3_07063	6185.A0A094ZWG6	GO Function	GO:0004713	Protein tyrosine kinase activity
MS3_07063	6185.A0A094ZWG6	GO Function	GO:0004715	Non-membrane spanning protein tyrosine kinase activity
MS3_07063	6185.A0A094ZWG6	GO Function	GO:0005488	Binding
MS3_07063	6185.A0A094ZWG6	GO Function	GO:0005524	ATP binding
MS3_07063	6185.A0A094ZWG6	GO Function	GO:0016301	Kinase activity
MS3_07063	6185.A0A094ZWG6	GO Function	GO:0016740	Transferase activity
MS3_07063	6185.A0A094ZWG6	GO Function	GO:0016772	Transferase activity, transferring phosphorus-containing groups
MS3_07063	6185.A0A094ZWG6	GO Function	GO:0016773	Phosphotransferase activity, alcohol group as acceptor
MS3_07063	6185.A0A094ZWG6	GO Function	GO:0017076	Purine nucleotide binding
MS3_07063	6185.A0A094ZWG6	GO Function	GO:0030554	Adenyl nucleotide binding
MS3_07063	6185.A0A094ZWG6	GO Function	GO:0032553	Ribonucleotide binding
MS3_07063	6185.A0A094ZWG6	GO Function	GO:0032555	Purine ribonucleotide binding
MS3_07063	6185.A0A094ZWG6	GO Function	GO:0032559	Adenyl ribonucleotide binding
MS3_07063	6185.A0A094ZWG6	GO Function	GO:0035639	Purine ribonucleoside triphosphate binding
MS3_07063	6185.A0A094ZWG6	GO Function	GO:0036094	Small molecule binding
MS3_07063	6185.A0A094ZWG6	GO Function	GO:0043167	Ion binding
MS3_07063	6185.A0A094ZWG6	GO Function	GO:0043168	Anion binding
MS3_07063	6185.A0A094ZWG6	GO Function	GO:0097367	Carbohydrate derivative binding
MS3_07063	6185.A0A094ZWG6	GO Function	GO:0140096	Catalytic activity, acting on a protein
MS3_07063	6185.A0A094ZWG6	GO Function	GO:1901265	Nucleoside phosphate binding
MS3_07063	6185.A0A094ZWG6	GO Function	GO:1901363	Heterocyclic compound binding
MS3_07063	6185.A0A094ZWG6	GO Component	GO:0005622	Intracellular anatomical structure
MS3_07063	6185.A0A094ZWG6	GO Component	GO:0005737	Cytoplasm
MS3_07063	6185.A0A094ZWG6	GO Component	GO:0005886	Plasma membrane
MS3_07063	6185.A0A094ZWG6	GO Component	GO:0005925	Focal adhesion
MS3_07063	6185.A0A094ZWG6	GO Component	GO:0005938	Cell cortex
MS3_07063	6185.A0A094ZWG6	GO Component	GO:0016020	Membrane
MS3_07063	6185.A0A094ZWG6	GO Component	GO:0030054	Cell junction
MS3_07063	6185.A0A094ZWG6	GO Component	GO:0030055	Cell-substrate junction
MS3_07063	6185.A0A094ZWG6	GO Component	GO:0042995	Cell projection
MS3_07063	6185.A0A094ZWG6	GO Component	GO:0070161	Anchoring junction
MS3_07063	6185.A0A094ZWG6	GO Component	GO:0071944	Cell periphery
MS3_07063	6185.A0A094ZWG6	GO Component	GO:0110165	Cellular anatomical structure
MS3_07063	6185.A0A094ZWG6	GO Component	GO:0120025	Plasma membrane bounded cell projection
MS3_07063	6185.A0A094ZWG6	STRING clusters	CL:10319	Cell-substrate junction, and Integrin domain superfamily
MS3_07063	6185.A0A094ZWG6	STRING clusters	CL:10321	Mixed, incl. Smooth Muscle Contraction, and Integrin complex
MS3_07063	6185.A0A094ZWG6	STRING clusters	CL:10324	Integrin complex, and Smooth Muscle Contraction
MS3_07063	6185.A0A094ZWG6	STRING clusters	CL:10325	Smooth Muscle Contraction, and Adherens junction organization
MS3_07063	6185.A0A094ZWG6	STRING clusters	CL:10327	Mixed, incl. Alpha-catenin/vinculin-like superfamily, and GAB1 signalosome
MS3_07063	6185.A0A094ZWG6	Reactome	MAP-162582	Signal Transduction
MS3_07063	6185.A0A094ZWG6	Reactome	MAP-168256	Immune System
MS3_07063	6185.A0A094ZWG6	Reactome	MAP-194138	Signaling by VEGF
MS3_07063	6185.A0A094ZWG6	Reactome	MAP-194315	Signaling by Rho GTPases
MS3_07063	6185.A0A094ZWG6	Reactome	MAP-4420097	VEGFA-VEGFR2 Pathway
MS3_07063	6185.A0A094ZWG6	Reactome	MAP-9006934	Signaling by Receptor Tyrosine Kinases
MS3_07063	6185.A0A094ZWG6	Reactome	MAP-9716542	Signaling by Rho GTPases, Miro GTPases and RHOBTB3
MS3_07063	6185.A0A094ZWG6	COMPARTMENTS	GOCC:0005925	Focal adhesion
MS3_07063	6185.A0A094ZWG6	COMPARTMENTS	GOCC:0030054	Cell junction
MS3_07063	6185.A0A094ZWG6	COMPARTMENTS	GOCC:0030055	Cell-substrate junction
MS3_07063	6185.A0A094ZWG6	COMPARTMENTS	GOCC:0070161	Anchoring junction
MS3_07063	6185.A0A094ZWG6	COMPARTMENTS	GOCC:0110165	Cellular anatomical structure
MS3_07063	6185.A0A094ZWG6	UniProt Keywords	KW-0067	ATP-binding
MS3_07063	6185.A0A094ZWG6	UniProt Keywords	KW-0418	Kinase
MS3_07063	6185.A0A094ZWG6	UniProt Keywords	KW-0472	Membrane
MS3_07063	6185.A0A094ZWG6	UniProt Keywords	KW-0547	Nucleotide-binding
MS3_07063	6185.A0A094ZWG6	UniProt Keywords	KW-0808	Transferase
MS3_07063	6185.A0A094ZWG6	UniProt Keywords	KW-0829	Tyrosine-protein kinase
MS3_07063	6185.A0A094ZWG6	UniProt Keywords	KW-0963	Cytoplasm
MS3_07063	6185.A0A094ZWG6	UniProt Keywords	KW-1003	Cell membrane
MS3_07063	6185.A0A094ZWG6	InterPro	IPR000719	Protein kinase domain
MS3_07063	6185.A0A094ZWG6	InterPro	IPR001245	Serine-threonine/tyrosine-protein kinase, catalytic domain
MS3_07063	6185.A0A094ZWG6	InterPro	IPR008266	Tyrosine-protein kinase, active site
MS3_07063	6185.A0A094ZWG6	InterPro	IPR011009	Protein kinase-like domain superfamily
MS3_07063	6185.A0A094ZWG6	InterPro	IPR011993	PH-like domain superfamily
MS3_07063	6185.A0A094ZWG6	InterPro	IPR017441	Protein kinase, ATP binding site
MS3_07063	6185.A0A094ZWG6	InterPro	IPR020635	Tyrosine-protein kinase, catalytic domain
MS3_07063	6185.A0A094ZWG6	InterPro	IPR050198	Non-receptor tyrosine kinases involved in cell signaling
MS3_07220	6185.A0A095A048	GO Process	GO:0009987	Cellular process
MS3_07220	6185.A0A095A048	GO Function	GO:0005488	Binding
MS3_07220	6185.A0A095A048	GO Component	GO:0005622	Intracellular anatomical structure
MS3_07220	6185.A0A095A048	GO Component	GO:0005737	Cytoplasm
MS3_07220	6185.A0A095A048	GO Component	GO:0005856	Cytoskeleton
MS3_07220	6185.A0A095A048	GO Component	GO:0005869	Dynactin complex
MS3_07220	6185.A0A095A048	GO Component	GO:0005875	Microtubule associated complex
MS3_07220	6185.A0A095A048	GO Component	GO:0005886	Plasma membrane
MS3_07220	6185.A0A095A048	GO Component	GO:0015629	Actin cytoskeleton
MS3_07220	6185.A0A095A048	GO Component	GO:0015630	Microtubule cytoskeleton
MS3_07220	6185.A0A095A048	GO Component	GO:0016020	Membrane
MS3_07220	6185.A0A095A048	GO Component	GO:0032991	Protein-containing complex
MS3_07220	6185.A0A095A048	GO Component	GO:0043226	Organelle
MS3_07220	6185.A0A095A048	GO Component	GO:0043228	Membraneless organelle
MS3_07220	6185.A0A095A048	GO Component	GO:0043229	Intracellular organelle
MS3_07220	6185.A0A095A048	GO Component	GO:0043232	Intracellular membraneless organelle
MS3_07220	6185.A0A095A048	GO Component	GO:0043292	Contractile muscle fiber
MS3_07220	6185.A0A095A048	GO Component	GO:0055120	Striated muscle dense body
MS3_07220	6185.A0A095A048	GO Component	GO:0071944	Cell periphery
MS3_07220	6185.A0A095A048	GO Component	GO:0099080	Supramolecular complex
MS3_07220	6185.A0A095A048	GO Component	GO:0099081	Supramolecular polymer
MS3_07220	6185.A0A095A048	GO Component	GO:0099512	Supramolecular fiber
MS3_07220	6185.A0A095A048	GO Component	GO:0110165	Cellular anatomical structure
MS3_07220	6185.A0A095A048	STRING clusters	CL:9212	Mixed, incl. Annexin, and Tetraspanin, animals
MS3_07220	6185.A0A095A048	STRING clusters	CL:9213	Mixed, incl. Annexin, and Tetraspanin, animals
MS3_07220	6185.A0A095A048	STRING clusters	CL:9214	Mixed, incl. Annexin repeat, conserved site, and Striated muscle dense body
MS3_07220	6185.A0A095A048	STRING clusters	CL:9215	Mixed, incl. Annexin repeat, conserved site, and Striated muscle dense body
MS3_07220	6185.A0A095A048	STRING clusters	CL:9229	Annexin repeat, conserved site, and Tetraspanin, animals
MS3_07220	6185.A0A095A048	COMPARTMENTS	GOCC:0005622	Intracellular anatomical structure
MS3_07220	6185.A0A095A048	COMPARTMENTS	GOCC:0005856	Cytoskeleton
MS3_07220	6185.A0A095A048	COMPARTMENTS	GOCC:0005869	Dynactin complex
MS3_07220	6185.A0A095A048	COMPARTMENTS	GOCC:0015629	Actin cytoskeleton
MS3_07220	6185.A0A095A048	COMPARTMENTS	GOCC:0015630	Microtubule cytoskeleton
MS3_07220	6185.A0A095A048	COMPARTMENTS	GOCC:0032991	Protein-containing complex
MS3_07220	6185.A0A095A048	COMPARTMENTS	GOCC:0043226	Organelle
MS3_07220	6185.A0A095A048	COMPARTMENTS	GOCC:0043228	Membraneless organelle
MS3_07220	6185.A0A095A048	COMPARTMENTS	GOCC:0043229	Intracellular organelle
MS3_07220	6185.A0A095A048	COMPARTMENTS	GOCC:0043232	Intracellular membraneless organelle
MS3_07220	6185.A0A095A048	COMPARTMENTS	GOCC:0110165	Cellular anatomical structure
MS3_07220	6185.A0A095A048	InterPro	IPR004000	Actin family
MS3_07220	6185.A0A095A048	InterPro	IPR004001	Actin, conserved site
MS3_07220	6185.A0A095A048	InterPro	IPR043129	ATPase, nucleotide binding domain
MS3_07220	6185.A0A095A048	SMART	SM00268	Actin
MS3_07221	6185.A0A095AW46	GO Process	GO:0009987	Cellular process
MS3_07221	6185.A0A095AW46	GO Function	GO:0005488	Binding
MS3_07221	6185.A0A095AW46	GO Component	GO:0005622	Intracellular anatomical structure
MS3_07221	6185.A0A095AW46	GO Component	GO:0005737	Cytoplasm
MS3_07221	6185.A0A095AW46	GO Component	GO:0005856	Cytoskeleton
MS3_07221	6185.A0A095AW46	GO Component	GO:0005869	Dynactin complex
MS3_07221	6185.A0A095AW46	GO Component	GO:0005875	Microtubule associated complex
MS3_07221	6185.A0A095AW46	GO Component	GO:0005886	Plasma membrane
MS3_07221	6185.A0A095AW46	GO Component	GO:0015629	Actin cytoskeleton
MS3_07221	6185.A0A095AW46	GO Component	GO:0015630	Microtubule cytoskeleton
MS3_07221	6185.A0A095AW46	GO Component	GO:0016020	Membrane
MS3_07221	6185.A0A095AW46	GO Component	GO:0032991	Protein-containing complex
MS3_07221	6185.A0A095AW46	GO Component	GO:0043226	Organelle
MS3_07221	6185.A0A095AW46	GO Component	GO:0043228	Membraneless organelle
MS3_07221	6185.A0A095AW46	GO Component	GO:0043229	Intracellular organelle
MS3_07221	6185.A0A095AW46	GO Component	GO:0043232	Intracellular membraneless organelle
MS3_07221	6185.A0A095AW46	GO Component	GO:0043292	Contractile muscle fiber
MS3_07221	6185.A0A095AW46	GO Component	GO:0055120	Striated muscle dense body
MS3_07221	6185.A0A095AW46	GO Component	GO:0071944	Cell periphery
MS3_07221	6185.A0A095AW46	GO Component	GO:0099080	Supramolecular complex
MS3_07221	6185.A0A095AW46	GO Component	GO:0099081	Supramolecular polymer
MS3_07221	6185.A0A095AW46	GO Component	GO:0099512	Supramolecular fiber
MS3_07221	6185.A0A095AW46	GO Component	GO:0110165	Cellular anatomical structure
MS3_07221	6185.A0A095AW46	STRING clusters	CL:9212	Mixed, incl. Annexin, and Tetraspanin, animals
MS3_07221	6185.A0A095AW46	STRING clusters	CL:9213	Mixed, incl. Annexin, and Tetraspanin, animals
MS3_07221	6185.A0A095AW46	STRING clusters	CL:9214	Mixed, incl. Annexin repeat, conserved site, and Striated muscle dense body
MS3_07221	6185.A0A095AW46	STRING clusters	CL:9215	Mixed, incl. Annexin repeat, conserved site, and Striated muscle dense body
MS3_07221	6185.A0A095AW46	STRING clusters	CL:9217	Annexin repeat, conserved site, and Kringle
MS3_07221	6185.A0A095AW46	COMPARTMENTS	GOCC:0005622	Intracellular anatomical structure
MS3_07221	6185.A0A095AW46	COMPARTMENTS	GOCC:0005856	Cytoskeleton
MS3_07221	6185.A0A095AW46	COMPARTMENTS	GOCC:0005869	Dynactin complex
MS3_07221	6185.A0A095AW46	COMPARTMENTS	GOCC:0015629	Actin cytoskeleton
MS3_07221	6185.A0A095AW46	COMPARTMENTS	GOCC:0015630	Microtubule cytoskeleton
MS3_07221	6185.A0A095AW46	COMPARTMENTS	GOCC:0032991	Protein-containing complex
MS3_07221	6185.A0A095AW46	COMPARTMENTS	GOCC:0043226	Organelle
MS3_07221	6185.A0A095AW46	COMPARTMENTS	GOCC:0043228	Membraneless organelle
MS3_07221	6185.A0A095AW46	COMPARTMENTS	GOCC:0043229	Intracellular organelle
MS3_07221	6185.A0A095AW46	COMPARTMENTS	GOCC:0043232	Intracellular membraneless organelle
MS3_07221	6185.A0A095AW46	COMPARTMENTS	GOCC:0110165	Cellular anatomical structure
MS3_07221	6185.A0A095AW46	InterPro	IPR004000	Actin family
MS3_07221	6185.A0A095AW46	InterPro	IPR043129	ATPase, nucleotide binding domain
MS3_07221	6185.A0A095AW46	SMART	SM00268	Actin
MS3_07374	6185.A0A095AWE8	GO Process	GO:0009653	Anatomical structure morphogenesis
MS3_07374	6185.A0A095AWE8	GO Process	GO:0009987	Cellular process
MS3_07374	6185.A0A095AWE8	GO Process	GO:0032502	Developmental process
MS3_07374	6185.A0A095AWE8	GO Process	GO:0048856	Anatomical structure development
MS3_07374	6185.A0A095AWE8	GO Function	GO:0000166	Nucleotide binding
MS3_07374	6185.A0A095AWE8	GO Function	GO:0003824	Catalytic activity
MS3_07374	6185.A0A095AWE8	GO Function	GO:0005488	Binding
MS3_07374	6185.A0A095AWE8	GO Function	GO:0005524	ATP binding
MS3_07374	6185.A0A095AWE8	GO Function	GO:0016787	Hydrolase activity
MS3_07374	6185.A0A095AWE8	GO Function	GO:0017076	Purine nucleotide binding
MS3_07374	6185.A0A095AWE8	GO Function	GO:0030554	Adenyl nucleotide binding
MS3_07374	6185.A0A095AWE8	GO Function	GO:0032553	Ribonucleotide binding
MS3_07374	6185.A0A095AWE8	GO Function	GO:0032555	Purine ribonucleotide binding
MS3_07374	6185.A0A095AWE8	GO Function	GO:0032559	Adenyl ribonucleotide binding
MS3_07374	6185.A0A095AWE8	GO Function	GO:0035639	Purine ribonucleoside triphosphate binding
MS3_07374	6185.A0A095AWE8	GO Function	GO:0036094	Small molecule binding
MS3_07374	6185.A0A095AWE8	GO Function	GO:0043167	Ion binding
MS3_07374	6185.A0A095AWE8	GO Function	GO:0043168	Anion binding
MS3_07374	6185.A0A095AWE8	GO Function	GO:0097367	Carbohydrate derivative binding
MS3_07374	6185.A0A095AWE8	GO Function	GO:1901265	Nucleoside phosphate binding
MS3_07374	6185.A0A095AWE8	GO Function	GO:1901363	Heterocyclic compound binding
MS3_07374	6185.A0A095AWE8	GO Component	GO:0005622	Intracellular anatomical structure
MS3_07374	6185.A0A095AWE8	GO Component	GO:0005856	Cytoskeleton
MS3_07374	6185.A0A095AWE8	GO Component	GO:0043226	Organelle
MS3_07374	6185.A0A095AWE8	GO Component	GO:0043228	Membraneless organelle
MS3_07374	6185.A0A095AWE8	GO Component	GO:0043229	Intracellular organelle
MS3_07374	6185.A0A095AWE8	GO Component	GO:0043232	Intracellular membraneless organelle
MS3_07374	6185.A0A095AWE8	GO Component	GO:0110165	Cellular anatomical structure
MS3_07374	6185.A0A095AWE8	STRING clusters	CL:8969	Mixed, incl. Actin cytoskeleton, and EF-Hand 1, calcium-binding site
MS3_07374	6185.A0A095AWE8	STRING clusters	CL:8971	Mixed, incl. EF-hand domain, and Myosin complex
MS3_07374	6185.A0A095AWE8	STRING clusters	CL:8973	Mixed, incl. Myosin complex, and Sarcomere
MS3_07374	6185.A0A095AWE8	STRING clusters	CL:8976	Mixed, incl. Myosin complex, and Sarcomere
MS3_07374	6185.A0A095AWE8	STRING clusters	CL:8981	Mixed, incl. Myosin complex, and Muscle contraction
MS3_07374	6185.A0A095AWE8	STRING clusters	CL:8983	Mixed, incl. Myosin complex, and Muscle contraction
MS3_07374	6185.A0A095AWE8	STRING clusters	CL:8988	Mixed, incl. Myosin II complex, and Muscle contraction
MS3_07374	6185.A0A095AWE8	STRING clusters	CL:8991	Myofibril, and Tropomyosin
MS3_07374	6185.A0A095AWE8	STRING clusters	CL:9017	Mixed, incl. Filamentous actin, and EF-hand, Ca insensitive
MS3_07374	6185.A0A095AWE8	KEGG	shx03082	ATP-dependent chromatin remodeling
MS3_07374	6185.A0A095AWE8	KEGG	shx04145	Phagosome
MS3_07374	6185.A0A095AWE8	KEGG	shx04814	Motor proteins
MS3_07374	6185.A0A095AWE8	KEGG	shx04820	Cytoskeleton in muscle cells
MS3_07374	6185.A0A095AWE8	KEGG	shx05100	Bacterial invasion of epithelial cells
MS3_07374	6185.A0A095AWE8	Reactome	MAP-1500931	Cell-Cell communication
MS3_07374	6185.A0A095AWE8	Reactome	MAP-418990	Adherens junctions interactions
MS3_07374	6185.A0A095AWE8	Reactome	MAP-421270	Cell-cell junction organization
MS3_07374	6185.A0A095AWE8	Reactome	MAP-446728	Cell junction organization
MS3_07374	6185.A0A095AWE8	Reactome	MAP-9759476	Regulation of Homotypic Cell-Cell Adhesion
MS3_07374	6185.A0A095AWE8	Reactome	MAP-9764265	Regulation of CDH1 Expression and Function
MS3_07374	6185.A0A095AWE8	Reactome	MAP-9764274	Regulation of Expression and Function of Type I Classical Cadherins
MS3_07374	6185.A0A095AWE8	Reactome	MAP-9764561	Regulation of CDH1 Function
MS3_07374	6185.A0A095AWE8	COMPARTMENTS	GOCC:0005622	Intracellular anatomical structure
MS3_07374	6185.A0A095AWE8	COMPARTMENTS	GOCC:0005856	Cytoskeleton
MS3_07374	6185.A0A095AWE8	COMPARTMENTS	GOCC:0043226	Organelle
MS3_07374	6185.A0A095AWE8	COMPARTMENTS	GOCC:0043228	Membraneless organelle
MS3_07374	6185.A0A095AWE8	COMPARTMENTS	GOCC:0043229	Intracellular organelle
MS3_07374	6185.A0A095AWE8	COMPARTMENTS	GOCC:0043232	Intracellular membraneless organelle
MS3_07374	6185.A0A095AWE8	COMPARTMENTS	GOCC:0110165	Cellular anatomical structure
MS3_07374	6185.A0A095AWE8	UniProt Keywords	KW-0067	ATP-binding
MS3_07374	6185.A0A095AWE8	UniProt Keywords	KW-0206	Cytoskeleton
MS3_07374	6185.A0A095AWE8	UniProt Keywords	KW-0547	Nucleotide-binding
MS3_07374	6185.A0A095AWE8	UniProt Keywords	KW-0963	Cytoplasm
MS3_07374	6185.A0A095AWE8	InterPro	IPR004000	Actin family
MS3_07374	6185.A0A095AWE8	InterPro	IPR004001	Actin, conserved site
MS3_07374	6185.A0A095AWE8	InterPro	IPR020902	Actin/actin-like conserved site
MS3_07374	6185.A0A095AWE8	InterPro	IPR043129	ATPase, nucleotide binding domain
MS3_07374	6185.A0A095AWE8	SMART	SM00268	Actin
MS3_07408	6185.A0A094ZVS1	GO Process	GO:0007154	Cell communication
MS3_07408	6185.A0A094ZVS1	GO Process	GO:0007155	Cell adhesion
MS3_07408	6185.A0A094ZVS1	GO Process	GO:0007160	Cell-matrix adhesion
MS3_07408	6185.A0A094ZVS1	GO Process	GO:0007165	Signal transduction
MS3_07408	6185.A0A094ZVS1	GO Process	GO:0007166	Cell surface receptor signaling pathway
MS3_07408	6185.A0A094ZVS1	GO Process	GO:0007229	Integrin-mediated signaling pathway
MS3_07408	6185.A0A094ZVS1	GO Process	GO:0009987	Cellular process
MS3_07408	6185.A0A094ZVS1	GO Process	GO:0023052	Signaling
MS3_07408	6185.A0A094ZVS1	GO Process	GO:0031589	Cell-substrate adhesion
MS3_07408	6185.A0A094ZVS1	GO Process	GO:0050789	Regulation of biological process
MS3_07408	6185.A0A094ZVS1	GO Process	GO:0050794	Regulation of cellular process
MS3_07408	6185.A0A094ZVS1	GO Process	GO:0050896	Response to stimulus
MS3_07408	6185.A0A094ZVS1	GO Process	GO:0051716	Cellular response to stimulus
MS3_07408	6185.A0A094ZVS1	GO Process	GO:0065007	Biological regulation
MS3_07408	6185.A0A094ZVS1	GO Function	GO:0005102	Signaling receptor binding
MS3_07408	6185.A0A094ZVS1	GO Function	GO:0005488	Binding
MS3_07408	6185.A0A094ZVS1	GO Function	GO:0005515	Protein binding
MS3_07408	6185.A0A094ZVS1	GO Function	GO:0044877	Protein-containing complex binding
MS3_07408	6185.A0A094ZVS1	GO Function	GO:0050839	Cell adhesion molecule binding
MS3_07408	6185.A0A094ZVS1	GO Component	GO:0030054	Cell junction
MS3_07408	6185.A0A094ZVS1	GO Component	GO:0030055	Cell-substrate junction
MS3_07408	6185.A0A094ZVS1	GO Component	GO:0070161	Anchoring junction
MS3_07408	6185.A0A094ZVS1	GO Component	GO:0110165	Cellular anatomical structure
MS3_07408	6185.A0A094ZVS1	STRING clusters	CL:10319	Cell-substrate junction, and Integrin domain superfamily
MS3_07408	6185.A0A094ZVS1	COMPARTMENTS	GOCC:0005622	Intracellular anatomical structure
MS3_07408	6185.A0A094ZVS1	COMPARTMENTS	GOCC:0110165	Cellular anatomical structure
MS3_07408	6185.A0A094ZVS1	InterPro	IPR011993	PH-like domain superfamily
MS3_07408	6185.A0A094ZVS1	InterPro	IPR037843	Kindlin/fermitin
MS3_08067	6185.A0A094ZXH0	GO Process	GO:0009987	Cellular process
MS3_08067	6185.A0A094ZXH0	GO Process	GO:0050789	Regulation of biological process
MS3_08067	6185.A0A094ZXH0	GO Process	GO:0050794	Regulation of cellular process
MS3_08067	6185.A0A094ZXH0	GO Process	GO:0065007	Biological regulation
MS3_08067	6185.A0A094ZXH0	GO Function	GO:0005488	Binding
MS3_08067	6185.A0A094ZXH0	GO Function	GO:0036094	Small molecule binding
MS3_08067	6185.A0A094ZXH0	GO Function	GO:0043167	Ion binding
MS3_08067	6185.A0A094ZXH0	GO Function	GO:0043169	Cation binding
MS3_08067	6185.A0A094ZXH0	GO Function	GO:0046872	Metal ion binding
MS3_08067	6185.A0A094ZXH0	GO Component	GO:0005622	Intracellular anatomical structure
MS3_08067	6185.A0A094ZXH0	GO Component	GO:0005737	Cytoplasm
MS3_08067	6185.A0A094ZXH0	GO Component	GO:0005856	Cytoskeleton
MS3_08067	6185.A0A094ZXH0	GO Component	GO:0005925	Focal adhesion
MS3_08067	6185.A0A094ZXH0	GO Component	GO:0030054	Cell junction
MS3_08067	6185.A0A094ZXH0	GO Component	GO:0030055	Cell-substrate junction
MS3_08067	6185.A0A094ZXH0	GO Component	GO:0043226	Organelle
MS3_08067	6185.A0A094ZXH0	GO Component	GO:0043228	Membraneless organelle
MS3_08067	6185.A0A094ZXH0	GO Component	GO:0043229	Intracellular organelle
MS3_08067	6185.A0A094ZXH0	GO Component	GO:0043232	Intracellular membraneless organelle
MS3_08067	6185.A0A094ZXH0	GO Component	GO:0070161	Anchoring junction
MS3_08067	6185.A0A094ZXH0	GO Component	GO:0110165	Cellular anatomical structure
MS3_08067	6185.A0A094ZXH0	STRING clusters	CL:10319	Cell-substrate junction, and Integrin domain superfamily
MS3_08067	6185.A0A094ZXH0	STRING clusters	CL:10321	Mixed, incl. Smooth Muscle Contraction, and Integrin complex
MS3_08067	6185.A0A094ZXH0	STRING clusters	CL:10324	Integrin complex, and Smooth Muscle Contraction
MS3_08067	6185.A0A094ZXH0	STRING clusters	CL:10325	Smooth Muscle Contraction, and Adherens junction organization
MS3_08067	6185.A0A094ZXH0	STRING clusters	CL:10327	Mixed, incl. Alpha-catenin/vinculin-like superfamily, and GAB1 signalosome
MS3_08067	6185.A0A094ZXH0	Reactome	MAP-1500931	Cell-Cell communication
MS3_08067	6185.A0A094ZXH0	Reactome	MAP-162582	Signal Transduction
MS3_08067	6185.A0A094ZXH0	Reactome	MAP-177929	Signaling by EGFR
MS3_08067	6185.A0A094ZXH0	Reactome	MAP-180292	GAB1 signalosome
MS3_08067	6185.A0A094ZXH0	Reactome	MAP-194138	Signaling by VEGF
MS3_08067	6185.A0A094ZXH0	Reactome	MAP-397014	Muscle contraction
MS3_08067	6185.A0A094ZXH0	Reactome	MAP-4420097	VEGFA-VEGFR2 Pathway
MS3_08067	6185.A0A094ZXH0	Reactome	MAP-445355	Smooth Muscle Contraction
MS3_08067	6185.A0A094ZXH0	Reactome	MAP-446343	Localization of the PINCH-ILK-PARVIN complex to focal adhesions
MS3_08067	6185.A0A094ZXH0	Reactome	MAP-446353	Cell-extracellular matrix interactions
MS3_08067	6185.A0A094ZXH0	Reactome	MAP-446388	Regulation of cytoskeletal remodeling and cell spreading by IPP complex components
MS3_08067	6185.A0A094ZXH0	Reactome	MAP-446728	Cell junction organization
MS3_08067	6185.A0A094ZXH0	Reactome	MAP-8848021	Signaling by PTK6
MS3_08067	6185.A0A094ZXH0	Reactome	MAP-8849471	PTK6 Regulates RHO GTPases, RAS GTPase and MAP kinases
MS3_08067	6185.A0A094ZXH0	Reactome	MAP-9006927	Signaling by Non-Receptor Tyrosine Kinases
MS3_08067	6185.A0A094ZXH0	Reactome	MAP-9006934	Signaling by Receptor Tyrosine Kinases
MS3_08067	6185.A0A094ZXH0	COMPARTMENTS	GOCC:0005622	Intracellular anatomical structure
MS3_08067	6185.A0A094ZXH0	COMPARTMENTS	GOCC:0110165	Cellular anatomical structure
MS3_08067	6185.A0A094ZXH0	UniProt Keywords	KW-0440	LIM domain
MS3_08067	6185.A0A094ZXH0	UniProt Keywords	KW-0479	Metal-binding
MS3_08067	6185.A0A094ZXH0	UniProt Keywords	KW-0862	Zinc
MS3_08067	6185.A0A094ZXH0	InterPro	IPR001781	Zinc finger, LIM-type
MS3_08067	6185.A0A094ZXH0	InterPro	IPR050604	PDZ and LIM domain-containing
MS3_08067	6185.A0A094ZXH0	SMART	SM00132	Zinc-binding domain present in Lin-11, Isl-1, Mec-3.
MS3_08281	6185.A0A095A2S1	GO Process	GO:0007154	Cell communication
MS3_08281	6185.A0A095A2S1	GO Process	GO:0007155	Cell adhesion
MS3_08281	6185.A0A095A2S1	GO Process	GO:0007165	Signal transduction
MS3_08281	6185.A0A095A2S1	GO Process	GO:0007166	Cell surface receptor signaling pathway
MS3_08281	6185.A0A095A2S1	GO Process	GO:0007229	Integrin-mediated signaling pathway
MS3_08281	6185.A0A095A2S1	GO Process	GO:0007275	Multicellular organism development
MS3_08281	6185.A0A095A2S1	GO Process	GO:0009987	Cellular process
MS3_08281	6185.A0A095A2S1	GO Process	GO:0023052	Signaling
MS3_08281	6185.A0A095A2S1	GO Process	GO:0032501	Multicellular organismal process
MS3_08281	6185.A0A095A2S1	GO Process	GO:0032502	Developmental process
MS3_08281	6185.A0A095A2S1	GO Process	GO:0048856	Anatomical structure development
MS3_08281	6185.A0A095A2S1	GO Process	GO:0050789	Regulation of biological process
MS3_08281	6185.A0A095A2S1	GO Process	GO:0050794	Regulation of cellular process
MS3_08281	6185.A0A095A2S1	GO Process	GO:0050896	Response to stimulus
MS3_08281	6185.A0A095A2S1	GO Process	GO:0051716	Cellular response to stimulus
MS3_08281	6185.A0A095A2S1	GO Process	GO:0065007	Biological regulation
MS3_08281	6185.A0A095A2S1	GO Process	GO:0098609	Cell-cell adhesion
MS3_08281	6185.A0A095A2S1	GO Function	GO:0005488	Binding
MS3_08281	6185.A0A095A2S1	GO Function	GO:0036094	Small molecule binding
MS3_08281	6185.A0A095A2S1	GO Function	GO:0038023	Signaling receptor activity
MS3_08281	6185.A0A095A2S1	GO Function	GO:0043167	Ion binding
MS3_08281	6185.A0A095A2S1	GO Function	GO:0043169	Cation binding
MS3_08281	6185.A0A095A2S1	GO Function	GO:0046872	Metal ion binding
MS3_08281	6185.A0A095A2S1	GO Function	GO:0060089	Molecular transducer activity
MS3_08281	6185.A0A095A2S1	GO Component	GO:0005886	Plasma membrane
MS3_08281	6185.A0A095A2S1	GO Component	GO:0008305	Integrin complex
MS3_08281	6185.A0A095A2S1	GO Component	GO:0009986	Cell surface
MS3_08281	6185.A0A095A2S1	GO Component	GO:0016020	Membrane
MS3_08281	6185.A0A095A2S1	GO Component	GO:0032991	Protein-containing complex
MS3_08281	6185.A0A095A2S1	GO Component	GO:0043235	Receptor complex
MS3_08281	6185.A0A095A2S1	GO Component	GO:0071944	Cell periphery
MS3_08281	6185.A0A095A2S1	GO Component	GO:0098636	Protein complex involved in cell adhesion
MS3_08281	6185.A0A095A2S1	GO Component	GO:0098796	Membrane protein complex
MS3_08281	6185.A0A095A2S1	GO Component	GO:0098797	Plasma membrane protein complex
MS3_08281	6185.A0A095A2S1	GO Component	GO:0098802	Plasma membrane signaling receptor complex
MS3_08281	6185.A0A095A2S1	GO Component	GO:0110165	Cellular anatomical structure
MS3_08281	6185.A0A095A2S1	STRING clusters	CL:10319	Cell-substrate junction, and Integrin domain superfamily
MS3_08281	6185.A0A095A2S1	STRING clusters	CL:10321	Mixed, incl. Smooth Muscle Contraction, and Integrin complex
MS3_08281	6185.A0A095A2S1	STRING clusters	CL:10324	Integrin complex, and Smooth Muscle Contraction
MS3_08281	6185.A0A095A2S1	STRING clusters	CL:10348	Integrin complex
MS3_08281	6185.A0A095A2S1	KEGG	shx04512	ECM-receptor interaction
MS3_08281	6185.A0A095A2S1	KEGG	shx04820	Cytoskeleton in muscle cells
MS3_08281	6185.A0A095A2S1	Reactome	MAP-1474244	Extracellular matrix organization
MS3_08281	6185.A0A095A2S1	Reactome	MAP-216083	Integrin cell surface interactions
MS3_08281	6185.A0A095A2S1	COMPARTMENTS	GOCC:0005886	Plasma membrane
MS3_08281	6185.A0A095A2S1	COMPARTMENTS	GOCC:0008305	Integrin complex
MS3_08281	6185.A0A095A2S1	COMPARTMENTS	GOCC:0016020	Membrane
MS3_08281	6185.A0A095A2S1	COMPARTMENTS	GOCC:0032991	Protein-containing complex
MS3_08281	6185.A0A095A2S1	COMPARTMENTS	GOCC:0071944	Cell periphery
MS3_08281	6185.A0A095A2S1	COMPARTMENTS	GOCC:0098797	Plasma membrane protein complex
MS3_08281	6185.A0A095A2S1	COMPARTMENTS	GOCC:0098802	Plasma membrane signaling receptor complex
MS3_08281	6185.A0A095A2S1	COMPARTMENTS	GOCC:0110165	Cellular anatomical structure
MS3_08281	6185.A0A095A2S1	UniProt Keywords	KW-0130	Cell adhesion
MS3_08281	6185.A0A095A2S1	UniProt Keywords	KW-0325	Glycoprotein
MS3_08281	6185.A0A095A2S1	UniProt Keywords	KW-0401	Integrin
MS3_08281	6185.A0A095A2S1	UniProt Keywords	KW-0472	Membrane
MS3_08281	6185.A0A095A2S1	UniProt Keywords	KW-0675	Receptor
MS3_08281	6185.A0A095A2S1	UniProt Keywords	KW-0677	Repeat
MS3_08281	6185.A0A095A2S1	UniProt Keywords	KW-0732	Signal
MS3_08281	6185.A0A095A2S1	UniProt Keywords	KW-0812	Transmembrane
MS3_08281	6185.A0A095A2S1	UniProt Keywords	KW-1133	Transmembrane helix
MS3_08281	6185.A0A095A2S1	InterPro	IPR000413	Integrin alpha chain
MS3_08281	6185.A0A095A2S1	InterPro	IPR013517	FG-GAP repeat
MS3_08281	6185.A0A095A2S1	InterPro	IPR013519	Integrin alpha beta-propellor
MS3_08281	6185.A0A095A2S1	InterPro	IPR018184	Integrin alpha chain, C-terminal cytoplasmic region, conserved site
MS3_08281	6185.A0A095A2S1	InterPro	IPR028994	Integrin alpha, N-terminal
MS3_08281	6185.A0A095A2S1	InterPro	IPR032695	Integrin domain superfamily
MS3_08281	6185.A0A095A2S1	InterPro	IPR048286	Integrin alpha, third immunoglobulin-like domain
MS3_08281	6185.A0A095A2S1	SMART	SM00191	Integrin alpha (beta-propellor repeats).
MS3_08434	6185.A0A095A335	GO Process	GO:0009987	Cellular process
MS3_08434	6185.A0A095A335	GO Function	GO:0005198	Structural molecule activity
MS3_08434	6185.A0A095A335	GO Component	GO:0005581	Collagen trimer
MS3_08434	6185.A0A095A335	GO Component	GO:0032991	Protein-containing complex
MS3_08434	6185.A0A095A335	STRING clusters	CL:9565	Mixed, incl. Serine-type endopeptidase activity, and EGF-like domain
MS3_08434	6185.A0A095A335	STRING clusters	CL:9566	Mixed, incl. Serine-type endopeptidase activity, and EGF-like domain
MS3_08434	6185.A0A095A335	STRING clusters	CL:9568	Mixed, incl. Serine-type endopeptidase activity, and EGF-like domain
MS3_08434	6185.A0A095A335	STRING clusters	CL:9722	Mixed, incl. Collagen trimer, and Peptide hormone processing
MS3_08434	6185.A0A095A335	STRING clusters	CL:9723	Mixed, incl. Collagen trimer, and Peptide hormone processing
MS3_08434	6185.A0A095A335	STRING clusters	CL:9724	Mixed, incl. Collagen trimer, and Peptide hormone processing
MS3_08434	6185.A0A095A335	STRING clusters	CL:9727	Mixed, incl. Collagen triple helix repeat, and Peptide hormone processing
MS3_08434	6185.A0A095A335	STRING clusters	CL:9729	Mixed, incl. Peptide hormone processing, and Collagen superfamily
MS3_08434	6185.A0A095A335	STRING clusters	CL:9757	Collagen superfamily, and Thrombospondin-like, N-terminal domain
MS3_08434	6185.A0A095A335	KEGG	shx04820	Cytoskeleton in muscle cells
MS3_08434	6185.A0A095A335	Reactome	MAP-1474244	Extracellular matrix organization
MS3_08434	6185.A0A095A335	Reactome	MAP-1474290	Collagen formation
MS3_08434	6185.A0A095A335	Reactome	MAP-1650814	Collagen biosynthesis and modifying enzymes
MS3_08434	6185.A0A095A335	Reactome	MAP-8948216	Collagen chain trimerization
MS3_08434	6185.A0A095A335	COMPARTMENTS	GOCC:0005581	Collagen trimer
MS3_08434	6185.A0A095A335	COMPARTMENTS	GOCC:0032991	Protein-containing complex
MS3_08434	6185.A0A095A335	UniProt Keywords	KW-0176	Collagen
MS3_08434	6185.A0A095A335	UniProt Keywords	KW-0964	Secreted
MS3_08434	6185.A0A095A335	Pfam	PF01391	Collagen triple helix repeat (20 copies)
MS3_08434	6185.A0A095A335	InterPro	IPR000885	Fibrillar collagen, C-terminal
MS3_08434	6185.A0A095A335	InterPro	IPR001791	Laminin G domain
MS3_08434	6185.A0A095A335	InterPro	IPR008160	Collagen triple helix repeat
MS3_08434	6185.A0A095A335	InterPro	IPR013320	Concanavalin A-like lectin/glucanase domain superfamily
MS3_08434	6185.A0A095A335	InterPro	IPR048287	Thrombospondin-like, N-terminal domain
MS3_08434	6185.A0A095A335	InterPro	IPR050938	Collagen and Collagen-like Structural Proteins
MS3_08434	6185.A0A095A335	SMART	SM00038	Fibrillar collagens C-terminal domain
MS3_08434	6185.A0A095A335	SMART	SM00210	Thrombospondin N-terminal -like domains.
MS3_08642	6185.A0A095A3M6	GO Process	GO:0007155	Cell adhesion
MS3_08642	6185.A0A095A3M6	GO Process	GO:0009987	Cellular process
MS3_08642	6185.A0A095A3M6	GO Function	GO:0003779	Actin binding
MS3_08642	6185.A0A095A3M6	GO Function	GO:0005198	Structural molecule activity
MS3_08642	6185.A0A095A3M6	GO Function	GO:0005488	Binding
MS3_08642	6185.A0A095A3M6	GO Function	GO:0005515	Protein binding
MS3_08642	6185.A0A095A3M6	GO Function	GO:0008092	Cytoskeletal protein binding
MS3_08642	6185.A0A095A3M6	GO Function	GO:0044877	Protein-containing complex binding
MS3_08642	6185.A0A095A3M6	GO Function	GO:0051015	Actin filament binding
MS3_08642	6185.A0A095A3M6	GO Component	GO:0005622	Intracellular anatomical structure
MS3_08642	6185.A0A095A3M6	GO Component	GO:0005737	Cytoplasm
MS3_08642	6185.A0A095A3M6	GO Component	GO:0005856	Cytoskeleton
MS3_08642	6185.A0A095A3M6	GO Component	GO:0005886	Plasma membrane
MS3_08642	6185.A0A095A3M6	GO Component	GO:0005911	Cell-cell junction
MS3_08642	6185.A0A095A3M6	GO Component	GO:0005912	Adherens junction
MS3_08642	6185.A0A095A3M6	GO Component	GO:0005925	Focal adhesion
MS3_08642	6185.A0A095A3M6	GO Component	GO:0015629	Actin cytoskeleton
MS3_08642	6185.A0A095A3M6	GO Component	GO:0016020	Membrane
MS3_08642	6185.A0A095A3M6	GO Component	GO:0030054	Cell junction
MS3_08642	6185.A0A095A3M6	GO Component	GO:0030055	Cell-substrate junction
MS3_08642	6185.A0A095A3M6	GO Component	GO:0043226	Organelle
MS3_08642	6185.A0A095A3M6	GO Component	GO:0043228	Membraneless organelle
MS3_08642	6185.A0A095A3M6	GO Component	GO:0043229	Intracellular organelle
MS3_08642	6185.A0A095A3M6	GO Component	GO:0043232	Intracellular membraneless organelle
MS3_08642	6185.A0A095A3M6	GO Component	GO:0043292	Contractile muscle fiber
MS3_08642	6185.A0A095A3M6	GO Component	GO:0044291	Cell-cell contact zone
MS3_08642	6185.A0A095A3M6	GO Component	GO:0070161	Anchoring junction
MS3_08642	6185.A0A095A3M6	GO Component	GO:0071944	Cell periphery
MS3_08642	6185.A0A095A3M6	GO Component	GO:0099080	Supramolecular complex
MS3_08642	6185.A0A095A3M6	GO Component	GO:0099081	Supramolecular polymer
MS3_08642	6185.A0A095A3M6	GO Component	GO:0099512	Supramolecular fiber
MS3_08642	6185.A0A095A3M6	GO Component	GO:0110165	Cellular anatomical structure
MS3_08642	6185.A0A095A3M6	STRING clusters	CL:10319	Cell-substrate junction, and Integrin domain superfamily
MS3_08642	6185.A0A095A3M6	STRING clusters	CL:10321	Mixed, incl. Smooth Muscle Contraction, and Integrin complex
MS3_08642	6185.A0A095A3M6	STRING clusters	CL:10324	Integrin complex, and Smooth Muscle Contraction
MS3_08642	6185.A0A095A3M6	STRING clusters	CL:10325	Smooth Muscle Contraction, and Adherens junction organization
MS3_08642	6185.A0A095A3M6	Reactome	MAP-109582	Hemostasis
MS3_08642	6185.A0A095A3M6	Reactome	MAP-114608	Platelet degranulation
MS3_08642	6185.A0A095A3M6	Reactome	MAP-1500931	Cell-Cell communication
MS3_08642	6185.A0A095A3M6	Reactome	MAP-162582	Signal Transduction
MS3_08642	6185.A0A095A3M6	Reactome	MAP-168249	Innate Immune System
MS3_08642	6185.A0A095A3M6	Reactome	MAP-168256	Immune System
MS3_08642	6185.A0A095A3M6	Reactome	MAP-397014	Muscle contraction
MS3_08642	6185.A0A095A3M6	Reactome	MAP-418990	Adherens junctions interactions
MS3_08642	6185.A0A095A3M6	Reactome	MAP-421270	Cell-cell junction organization
MS3_08642	6185.A0A095A3M6	Reactome	MAP-445355	Smooth Muscle Contraction
MS3_08642	6185.A0A095A3M6	Reactome	MAP-446728	Cell junction organization
MS3_08642	6185.A0A095A3M6	Reactome	MAP-5673001	RAF/MAP kinase cascade
MS3_08642	6185.A0A095A3M6	Reactome	MAP-5674135	MAP2K and MAPK activation
MS3_08642	6185.A0A095A3M6	Reactome	MAP-5683057	MAPK family signaling cascades
MS3_08642	6185.A0A095A3M6	Reactome	MAP-5684996	MAPK1/MAPK3 signaling
MS3_08642	6185.A0A095A3M6	Reactome	MAP-6798695	Neutrophil degranulation
MS3_08642	6185.A0A095A3M6	Reactome	MAP-76002	Platelet activation, signaling and aggregation
MS3_08642	6185.A0A095A3M6	Reactome	MAP-76005	Response to elevated platelet cytosolic Ca2+
MS3_08642	6185.A0A095A3M6	Reactome	MAP-9759476	Regulation of Homotypic Cell-Cell Adhesion
MS3_08642	6185.A0A095A3M6	Reactome	MAP-9764265	Regulation of CDH1 Expression and Function
MS3_08642	6185.A0A095A3M6	Reactome	MAP-9764274	Regulation of Expression and Function of Type I Classical Cadherins
MS3_08642	6185.A0A095A3M6	Reactome	MAP-9764561	Regulation of CDH1 Function
MS3_08642	6185.A0A095A3M6	COMPARTMENTS	GOCC:0005911	Cell-cell junction
MS3_08642	6185.A0A095A3M6	COMPARTMENTS	GOCC:0005912	Adherens junction
MS3_08642	6185.A0A095A3M6	COMPARTMENTS	GOCC:0030054	Cell junction
MS3_08642	6185.A0A095A3M6	COMPARTMENTS	GOCC:0070161	Anchoring junction
MS3_08642	6185.A0A095A3M6	COMPARTMENTS	GOCC:0110165	Cellular anatomical structure
MS3_08642	6185.A0A095A3M6	UniProt Keywords	KW-0009	Actin-binding
MS3_08642	6185.A0A095A3M6	UniProt Keywords	KW-0130	Cell adhesion
MS3_08642	6185.A0A095A3M6	UniProt Keywords	KW-0206	Cytoskeleton
MS3_08642	6185.A0A095A3M6	UniProt Keywords	KW-0472	Membrane
MS3_08642	6185.A0A095A3M6	UniProt Keywords	KW-0677	Repeat
MS3_08642	6185.A0A095A3M6	UniProt Keywords	KW-0963	Cytoplasm
MS3_08642	6185.A0A095A3M6	UniProt Keywords	KW-0965	Cell junction
MS3_08642	6185.A0A095A3M6	UniProt Keywords	KW-1003	Cell membrane
MS3_08642	6185.A0A095A3M6	Pfam	PF01044	Vinculin family
MS3_08642	6185.A0A095A3M6	InterPro	IPR006077	Vinculin/alpha-catenin
MS3_08642	6185.A0A095A3M6	InterPro	IPR017997	Vinculin
MS3_08642	6185.A0A095A3M6	InterPro	IPR036723	Alpha-catenin/vinculin-like superfamily
MS3_08655	6185.A0A095A3P2	GO Process	GO:0007155	Cell adhesion
MS3_08655	6185.A0A095A3P2	GO Process	GO:0009966	Regulation of signal transduction
MS3_08655	6185.A0A095A3P2	GO Process	GO:0009967	Positive regulation of signal transduction
MS3_08655	6185.A0A095A3P2	GO Process	GO:0009987	Cellular process
MS3_08655	6185.A0A095A3P2	GO Process	GO:0010646	Regulation of cell communication
MS3_08655	6185.A0A095A3P2	GO Process	GO:0010647	Positive regulation of cell communication
MS3_08655	6185.A0A095A3P2	GO Process	GO:0010810	Regulation of cell-substrate adhesion
MS3_08655	6185.A0A095A3P2	GO Process	GO:0010811	Positive regulation of cell-substrate adhesion
MS3_08655	6185.A0A095A3P2	GO Process	GO:0016043	Cellular component organization
MS3_08655	6185.A0A095A3P2	GO Process	GO:0023051	Regulation of signaling
MS3_08655	6185.A0A095A3P2	GO Process	GO:0023056	Positive regulation of signaling
MS3_08655	6185.A0A095A3P2	GO Process	GO:0030155	Regulation of cell adhesion
MS3_08655	6185.A0A095A3P2	GO Process	GO:0034330	Cell junction organization
MS3_08655	6185.A0A095A3P2	GO Process	GO:0045216	Cell-cell junction organization
MS3_08655	6185.A0A095A3P2	GO Process	GO:0045785	Positive regulation of cell adhesion
MS3_08655	6185.A0A095A3P2	GO Process	GO:0048518	Positive regulation of biological process
MS3_08655	6185.A0A095A3P2	GO Process	GO:0048519	Negative regulation of biological process
MS3_08655	6185.A0A095A3P2	GO Process	GO:0048522	Positive regulation of cellular process
MS3_08655	6185.A0A095A3P2	GO Process	GO:0048523	Negative regulation of cellular process
MS3_08655	6185.A0A095A3P2	GO Process	GO:0048583	Regulation of response to stimulus
MS3_08655	6185.A0A095A3P2	GO Process	GO:0048584	Positive regulation of response to stimulus
MS3_08655	6185.A0A095A3P2	GO Process	GO:0050789	Regulation of biological process
MS3_08655	6185.A0A095A3P2	GO Process	GO:0050794	Regulation of cellular process
MS3_08655	6185.A0A095A3P2	GO Process	GO:0065007	Biological regulation
MS3_08655	6185.A0A095A3P2	GO Process	GO:0071840	Cellular component organization or biogenesis
MS3_08655	6185.A0A095A3P2	GO Process	GO:0098609	Cell-cell adhesion
MS3_08655	6185.A0A095A3P2	GO Process	GO:1900024	Regulation of substrate adhesion-dependent cell spreading
MS3_08655	6185.A0A095A3P2	GO Process	GO:1900026	Positive regulation of substrate adhesion-dependent cell spreading
MS3_08655	6185.A0A095A3P2	GO Function	GO:0005488	Binding
MS3_08655	6185.A0A095A3P2	GO Function	GO:0036094	Small molecule binding
MS3_08655	6185.A0A095A3P2	GO Function	GO:0043167	Ion binding
MS3_08655	6185.A0A095A3P2	GO Function	GO:0043169	Cation binding
MS3_08655	6185.A0A095A3P2	GO Function	GO:0046872	Metal ion binding
MS3_08655	6185.A0A095A3P2	GO Component	GO:0005622	Intracellular anatomical structure
MS3_08655	6185.A0A095A3P2	GO Component	GO:0005737	Cytoplasm
MS3_08655	6185.A0A095A3P2	GO Component	GO:0005886	Plasma membrane
MS3_08655	6185.A0A095A3P2	GO Component	GO:0005911	Cell-cell junction
MS3_08655	6185.A0A095A3P2	GO Component	GO:0005925	Focal adhesion
MS3_08655	6185.A0A095A3P2	GO Component	GO:0016020	Membrane
MS3_08655	6185.A0A095A3P2	GO Component	GO:0030054	Cell junction
MS3_08655	6185.A0A095A3P2	GO Component	GO:0030055	Cell-substrate junction
MS3_08655	6185.A0A095A3P2	GO Component	GO:0070161	Anchoring junction
MS3_08655	6185.A0A095A3P2	GO Component	GO:0071944	Cell periphery
MS3_08655	6185.A0A095A3P2	GO Component	GO:0110165	Cellular anatomical structure
MS3_08655	6185.A0A095A3P2	STRING clusters	CL:10319	Cell-substrate junction, and Integrin domain superfamily
MS3_08655	6185.A0A095A3P2	STRING clusters	CL:10381	Cell-extracellular matrix interactions
MS3_08655	6185.A0A095A3P2	Reactome	MAP-1500931	Cell-Cell communication
MS3_08655	6185.A0A095A3P2	Reactome	MAP-446353	Cell-extracellular matrix interactions
MS3_08655	6185.A0A095A3P2	Reactome	MAP-446728	Cell junction organization
MS3_08655	6185.A0A095A3P2	COMPARTMENTS	GOCC:0005925	Focal adhesion
MS3_08655	6185.A0A095A3P2	COMPARTMENTS	GOCC:0030054	Cell junction
MS3_08655	6185.A0A095A3P2	COMPARTMENTS	GOCC:0030055	Cell-substrate junction
MS3_08655	6185.A0A095A3P2	COMPARTMENTS	GOCC:0070161	Anchoring junction
MS3_08655	6185.A0A095A3P2	COMPARTMENTS	GOCC:0110165	Cellular anatomical structure
MS3_08655	6185.A0A095A3P2	UniProt Keywords	KW-0440	LIM domain
MS3_08655	6185.A0A095A3P2	UniProt Keywords	KW-0479	Metal-binding
MS3_08655	6185.A0A095A3P2	UniProt Keywords	KW-0862	Zinc
MS3_08655	6185.A0A095A3P2	InterPro	IPR001781	Zinc finger, LIM-type
MS3_08655	6185.A0A095A3P2	InterPro	IPR013087	Zinc finger C2H2-type
MS3_08655	6185.A0A095A3P2	InterPro	IPR017351	LIM and senescent cell antigen-like-containing domain protein 1-4-like
MS3_08655	6185.A0A095A3P2	SMART	SM00132	Zinc-binding domain present in Lin-11, Isl-1, Mec-3.
MS3_08997	6185.A0A095A147	GO Process	GO:0007155	Cell adhesion
MS3_08997	6185.A0A095A147	GO Process	GO:0007275	Multicellular organism development
MS3_08997	6185.A0A095A147	GO Process	GO:0007399	Nervous system development
MS3_08997	6185.A0A095A147	GO Process	GO:0009653	Anatomical structure morphogenesis
MS3_08997	6185.A0A095A147	GO Process	GO:0009887	Animal organ morphogenesis
MS3_08997	6185.A0A095A147	GO Process	GO:0009888	Tissue development
MS3_08997	6185.A0A095A147	GO Process	GO:0009987	Cellular process
MS3_08997	6185.A0A095A147	GO Process	GO:0016043	Cellular component organization
MS3_08997	6185.A0A095A147	GO Process	GO:0016477	Cell migration
MS3_08997	6185.A0A095A147	GO Process	GO:0022008	Neurogenesis
MS3_08997	6185.A0A095A147	GO Process	GO:0030030	Cell projection organization
MS3_08997	6185.A0A095A147	GO Process	GO:0030154	Cell differentiation
MS3_08997	6185.A0A095A147	GO Process	GO:0030182	Neuron differentiation
MS3_08997	6185.A0A095A147	GO Process	GO:0031175	Neuron projection development
MS3_08997	6185.A0A095A147	GO Process	GO:0031589	Cell-substrate adhesion
MS3_08997	6185.A0A095A147	GO Process	GO:0032501	Multicellular organismal process
MS3_08997	6185.A0A095A147	GO Process	GO:0032502	Developmental process
MS3_08997	6185.A0A095A147	GO Process	GO:0034446	Substrate adhesion-dependent cell spreading
MS3_08997	6185.A0A095A147	GO Process	GO:0048468	Cell development
MS3_08997	6185.A0A095A147	GO Process	GO:0048513	Animal organ development
MS3_08997	6185.A0A095A147	GO Process	GO:0048666	Neuron development
MS3_08997	6185.A0A095A147	GO Process	GO:0048699	Generation of neurons
MS3_08997	6185.A0A095A147	GO Process	GO:0048731	System development
MS3_08997	6185.A0A095A147	GO Process	GO:0048856	Anatomical structure development
MS3_08997	6185.A0A095A147	GO Process	GO:0048869	Cellular developmental process
MS3_08997	6185.A0A095A147	GO Process	GO:0048870	Cell motility
MS3_08997	6185.A0A095A147	GO Process	GO:0071840	Cellular component organization or biogenesis
MS3_08997	6185.A0A095A147	GO Process	GO:0120036	Plasma membrane bounded cell projection organization
MS3_08997	6185.A0A095A147	GO Function	GO:0005198	Structural molecule activity
MS3_08997	6185.A0A095A147	GO Function	GO:0005201	Extracellular matrix structural constituent
MS3_08997	6185.A0A095A147	GO Function	GO:0005488	Binding
MS3_08997	6185.A0A095A147	GO Function	GO:0005515	Protein binding
MS3_08997	6185.A0A095A147	GO Function	GO:0044877	Protein-containing complex binding
MS3_08997	6185.A0A095A147	GO Component	GO:0005576	Extracellular region
MS3_08997	6185.A0A095A147	GO Component	GO:0005604	Basement membrane
MS3_08997	6185.A0A095A147	GO Component	GO:0030312	External encapsulating structure
MS3_08997	6185.A0A095A147	GO Component	GO:0031012	Extracellular matrix
MS3_08997	6185.A0A095A147	GO Component	GO:0032991	Protein-containing complex
MS3_08997	6185.A0A095A147	GO Component	GO:0071944	Cell periphery
MS3_08997	6185.A0A095A147	GO Component	GO:0110165	Cellular anatomical structure
MS3_08997	6185.A0A095A147	STRING clusters	CL:9300	Mixed, incl. Anchoring of the basal body to the plasma membrane, and Extracellular matrix
MS3_08997	6185.A0A095A147	STRING clusters	CL:9520	Mixed, incl. Biofilm formation, and Memo-like protein
MS3_08997	6185.A0A095A147	STRING clusters	CL:9521	Biofilm formation, and Memo-like protein
MS3_08997	6185.A0A095A147	STRING clusters	CL:9523	Biofilm formation, and Extracellular matrix structural constituent
MS3_08997	6185.A0A095A147	Reactome	MAP-1266738	Developmental Biology
MS3_08997	6185.A0A095A147	Reactome	MAP-1474244	Extracellular matrix organization
MS3_08997	6185.A0A095A147	Reactome	MAP-162582	Signal Transduction
MS3_08997	6185.A0A095A147	Reactome	MAP-1643685	Disease
MS3_08997	6185.A0A095A147	Reactome	MAP-3000171	Non-integrin membrane-ECM interactions
MS3_08997	6185.A0A095A147	Reactome	MAP-5663205	Infectious disease
MS3_08997	6185.A0A095A147	Reactome	MAP-9006934	Signaling by Receptor Tyrosine Kinases
MS3_08997	6185.A0A095A147	Reactome	MAP-9638630	Attachment of bacteria to epithelial cells
MS3_08997	6185.A0A095A147	Reactome	MAP-9640148	Infection with Enterobacteria
MS3_08997	6185.A0A095A147	Reactome	MAP-9824439	Bacterial Infection Pathways
MS3_08997	6185.A0A095A147	Reactome	MAP-9913351	Formation of the dystrophin-glycoprotein complex (DGC)
MS3_08997	6185.A0A095A147	Reactome	MAP-9931953	Biofilm formation
MS3_08997	6185.A0A095A147	COMPARTMENTS	GOCC:0005604	Basement membrane
MS3_08997	6185.A0A095A147	COMPARTMENTS	GOCC:0030312	External encapsulating structure
MS3_08997	6185.A0A095A147	COMPARTMENTS	GOCC:0031012	Extracellular matrix
MS3_08997	6185.A0A095A147	COMPARTMENTS	GOCC:0062023	Collagen-containing extracellular matrix
MS3_08997	6185.A0A095A147	COMPARTMENTS	GOCC:0071944	Cell periphery
MS3_08997	6185.A0A095A147	COMPARTMENTS	GOCC:0110165	Cellular anatomical structure
MS3_08997	6185.A0A095A147	UniProt Keywords	KW-0084	Basement membrane
MS3_08997	6185.A0A095A147	UniProt Keywords	KW-0175	Coiled coil
MS3_08997	6185.A0A095A147	UniProt Keywords	KW-0272	Extracellular matrix
MS3_08997	6185.A0A095A147	UniProt Keywords	KW-0325	Glycoprotein
MS3_08997	6185.A0A095A147	UniProt Keywords	KW-0424	Laminin EGF-like domain
MS3_08997	6185.A0A095A147	UniProt Keywords	KW-0677	Repeat
MS3_08997	6185.A0A095A147	UniProt Keywords	KW-0732	Signal
MS3_08997	6185.A0A095A147	UniProt Keywords	KW-0964	Secreted
MS3_08997	6185.A0A095A147	UniProt Keywords	KW-1015	Disulfide bond
MS3_08997	6185.A0A095A147	InterPro	IPR000742	EGF-like domain
MS3_08997	6185.A0A095A147	InterPro	IPR002049	Laminin-type EGF domain
MS3_08997	6185.A0A095A147	InterPro	IPR008211	Laminin, N-terminal
MS3_08997	6185.A0A095A147	InterPro	IPR050440	Laminin/Netrin Extracellular Matrix
MS3_08997	6185.A0A095A147	SMART	SM00136	Laminin N-terminal domain (domain VI)
MS3_08997	6185.A0A095A147	SMART	SM00180	Laminin-type epidermal growth factor-like domai
MS3_09318	6185.A0A095A5F3	GO Process	GO:0007154	Cell communication
MS3_09318	6185.A0A095A5F3	GO Process	GO:0007165	Signal transduction
MS3_09318	6185.A0A095A5F3	GO Process	GO:0009987	Cellular process
MS3_09318	6185.A0A095A5F3	GO Process	GO:0023052	Signaling
MS3_09318	6185.A0A095A5F3	GO Process	GO:0050789	Regulation of biological process
MS3_09318	6185.A0A095A5F3	GO Process	GO:0050794	Regulation of cellular process
MS3_09318	6185.A0A095A5F3	GO Process	GO:0050896	Response to stimulus
MS3_09318	6185.A0A095A5F3	GO Process	GO:0051716	Cellular response to stimulus
MS3_09318	6185.A0A095A5F3	GO Process	GO:0065007	Biological regulation
MS3_09318	6185.A0A095A5F3	GO Function	GO:0000166	Nucleotide binding
MS3_09318	6185.A0A095A5F3	GO Function	GO:0003824	Catalytic activity
MS3_09318	6185.A0A095A5F3	GO Function	GO:0004672	Protein kinase activity
MS3_09318	6185.A0A095A5F3	GO Function	GO:0005488	Binding
MS3_09318	6185.A0A095A5F3	GO Function	GO:0005524	ATP binding
MS3_09318	6185.A0A095A5F3	GO Function	GO:0016301	Kinase activity
MS3_09318	6185.A0A095A5F3	GO Function	GO:0016740	Transferase activity
MS3_09318	6185.A0A095A5F3	GO Function	GO:0016772	Transferase activity, transferring phosphorus-containing groups
MS3_09318	6185.A0A095A5F3	GO Function	GO:0016773	Phosphotransferase activity, alcohol group as acceptor
MS3_09318	6185.A0A095A5F3	GO Function	GO:0017076	Purine nucleotide binding
MS3_09318	6185.A0A095A5F3	GO Function	GO:0030554	Adenyl nucleotide binding
MS3_09318	6185.A0A095A5F3	GO Function	GO:0032553	Ribonucleotide binding
MS3_09318	6185.A0A095A5F3	GO Function	GO:0032555	Purine ribonucleotide binding
MS3_09318	6185.A0A095A5F3	GO Function	GO:0032559	Adenyl ribonucleotide binding
MS3_09318	6185.A0A095A5F3	GO Function	GO:0035639	Purine ribonucleoside triphosphate binding
MS3_09318	6185.A0A095A5F3	GO Function	GO:0036094	Small molecule binding
MS3_09318	6185.A0A095A5F3	GO Function	GO:0043167	Ion binding
MS3_09318	6185.A0A095A5F3	GO Function	GO:0043168	Anion binding
MS3_09318	6185.A0A095A5F3	GO Function	GO:0097367	Carbohydrate derivative binding
MS3_09318	6185.A0A095A5F3	GO Function	GO:0140096	Catalytic activity, acting on a protein
MS3_09318	6185.A0A095A5F3	GO Function	GO:1901265	Nucleoside phosphate binding
MS3_09318	6185.A0A095A5F3	GO Function	GO:1901363	Heterocyclic compound binding
MS3_09318	6185.A0A095A5F3	GO Component	GO:0005622	Intracellular anatomical structure
MS3_09318	6185.A0A095A5F3	GO Component	GO:0005737	Cytoplasm
MS3_09318	6185.A0A095A5F3	GO Component	GO:0110165	Cellular anatomical structure
MS3_09318	6185.A0A095A5F3	STRING clusters	CL:9903	Mixed, incl. MAPK1/MAPK3 signaling, and Enzyme-linked receptor protein signaling pathway
MS3_09318	6185.A0A095A5F3	STRING clusters	CL:9904	Mixed, incl. MAPK1/MAPK3 signaling, and Enzyme-linked receptor protein signaling pathway
MS3_09318	6185.A0A095A5F3	STRING clusters	CL:9905	Mixed, incl. Cell surface receptor protein tyrosine kinase signaling pathway, and Negative regulation of Ras protein signal transduction
MS3_09318	6185.A0A095A5F3	STRING clusters	CL:9906	Mixed, incl. Cell surface receptor protein tyrosine kinase signaling pathway, and Ras protein signal transduction
MS3_09318	6185.A0A095A5F3	STRING clusters	CL:9909	Cell surface receptor protein tyrosine kinase signaling pathway, and Ras protein signal transduction
MS3_09318	6185.A0A095A5F3	STRING clusters	CL:9980	Immune response-activating cell surface receptor signaling pathway, and Learning
MS3_09318	6185.A0A095A5F3	Reactome	MAP-162582	Signal Transduction
MS3_09318	6185.A0A095A5F3	COMPARTMENTS	GOCC:0005622	Intracellular anatomical structure
MS3_09318	6185.A0A095A5F3	COMPARTMENTS	GOCC:0005737	Cytoplasm
MS3_09318	6185.A0A095A5F3	COMPARTMENTS	GOCC:0110165	Cellular anatomical structure
MS3_09318	6185.A0A095A5F3	UniProt Keywords	KW-0418	Kinase
MS3_09318	6185.A0A095A5F3	UniProt Keywords	KW-0479	Metal-binding
MS3_09318	6185.A0A095A5F3	UniProt Keywords	KW-0597	Phosphoprotein
MS3_09318	6185.A0A095A5F3	UniProt Keywords	KW-0727	SH2 domain
MS3_09318	6185.A0A095A5F3	UniProt Keywords	KW-0728	SH3 domain
MS3_09318	6185.A0A095A5F3	UniProt Keywords	KW-0808	Transferase
MS3_09318	6185.A0A095A5F3	UniProt Keywords	KW-0862	Zinc
MS3_09318	6185.A0A095A5F3	UniProt Keywords	KW-0863	Zinc-finger
MS3_09318	6185.A0A095A5F3	InterPro	IPR000980	SH2 domain
MS3_09318	6185.A0A095A5F3	InterPro	IPR001452	SH3 domain
MS3_09318	6185.A0A095A5F3	InterPro	IPR001849	Pleckstrin homology domain
MS3_09318	6185.A0A095A5F3	InterPro	IPR011993	PH-like domain superfamily
MS3_09318	6185.A0A095A5F3	InterPro	IPR036028	SH3-like domain superfamily
MS3_09318	6185.A0A095A5F3	InterPro	IPR036860	SH2 domain superfamily
MS3_09318	6185.A0A095A5F3	InterPro	IPR043539	Grb2-like
MS3_09318	6185.A0A095A5F3	SMART	SM00233	Pleckstrin homology domain.
MS3_09318	6185.A0A095A5F3	SMART	SM00252	Src homology 2 domains
MS3_09318	6185.A0A095A5F3	SMART	SM00326	Src homology 3 domains
MS3_10188	6185.A0A095B398	GO Process	GO:0006996	Organelle organization
MS3_10188	6185.A0A095B398	GO Process	GO:0007010	Cytoskeleton organization
MS3_10188	6185.A0A095B398	GO Process	GO:0007154	Cell communication
MS3_10188	6185.A0A095B398	GO Process	GO:0007155	Cell adhesion
MS3_10188	6185.A0A095B398	GO Process	GO:0007160	Cell-matrix adhesion
MS3_10188	6185.A0A095B398	GO Process	GO:0007165	Signal transduction
MS3_10188	6185.A0A095B398	GO Process	GO:0007166	Cell surface receptor signaling pathway
MS3_10188	6185.A0A095B398	GO Process	GO:0007229	Integrin-mediated signaling pathway
MS3_10188	6185.A0A095B398	GO Process	GO:0007275	Multicellular organism development
MS3_10188	6185.A0A095B398	GO Process	GO:0009653	Anatomical structure morphogenesis
MS3_10188	6185.A0A095B398	GO Process	GO:0009987	Cellular process
MS3_10188	6185.A0A095B398	GO Process	GO:0016043	Cellular component organization
MS3_10188	6185.A0A095B398	GO Process	GO:0022607	Cellular component assembly
MS3_10188	6185.A0A095B398	GO Process	GO:0023052	Signaling
MS3_10188	6185.A0A095B398	GO Process	GO:0030154	Cell differentiation
MS3_10188	6185.A0A095B398	GO Process	GO:0031589	Cell-substrate adhesion
MS3_10188	6185.A0A095B398	GO Process	GO:0032501	Multicellular organismal process
MS3_10188	6185.A0A095B398	GO Process	GO:0032502	Developmental process
MS3_10188	6185.A0A095B398	GO Process	GO:0034446	Substrate adhesion-dependent cell spreading
MS3_10188	6185.A0A095B398	GO Process	GO:0044085	Cellular component biogenesis
MS3_10188	6185.A0A095B398	GO Process	GO:0048856	Anatomical structure development
MS3_10188	6185.A0A095B398	GO Process	GO:0048869	Cellular developmental process
MS3_10188	6185.A0A095B398	GO Process	GO:0050789	Regulation of biological process
MS3_10188	6185.A0A095B398	GO Process	GO:0050794	Regulation of cellular process
MS3_10188	6185.A0A095B398	GO Process	GO:0050896	Response to stimulus
MS3_10188	6185.A0A095B398	GO Process	GO:0051716	Cellular response to stimulus
MS3_10188	6185.A0A095B398	GO Process	GO:0065007	Biological regulation
MS3_10188	6185.A0A095B398	GO Process	GO:0071840	Cellular component organization or biogenesis
MS3_10188	6185.A0A095B398	GO Function	GO:0000166	Nucleotide binding
MS3_10188	6185.A0A095B398	GO Function	GO:0003824	Catalytic activity
MS3_10188	6185.A0A095B398	GO Function	GO:0004672	Protein kinase activity
MS3_10188	6185.A0A095B398	GO Function	GO:0004674	Protein serine/threonine kinase activity
MS3_10188	6185.A0A095B398	GO Function	GO:0005102	Signaling receptor binding
MS3_10188	6185.A0A095B398	GO Function	GO:0005178	Integrin binding
MS3_10188	6185.A0A095B398	GO Function	GO:0005488	Binding
MS3_10188	6185.A0A095B398	GO Function	GO:0005515	Protein binding
MS3_10188	6185.A0A095B398	GO Function	GO:0005524	ATP binding
MS3_10188	6185.A0A095B398	GO Function	GO:0016301	Kinase activity
MS3_10188	6185.A0A095B398	GO Function	GO:0016740	Transferase activity
MS3_10188	6185.A0A095B398	GO Function	GO:0016772	Transferase activity, transferring phosphorus-containing groups
MS3_10188	6185.A0A095B398	GO Function	GO:0016773	Phosphotransferase activity, alcohol group as acceptor
MS3_10188	6185.A0A095B398	GO Function	GO:0017076	Purine nucleotide binding
MS3_10188	6185.A0A095B398	GO Function	GO:0030554	Adenyl nucleotide binding
MS3_10188	6185.A0A095B398	GO Function	GO:0032553	Ribonucleotide binding
MS3_10188	6185.A0A095B398	GO Function	GO:0032555	Purine ribonucleotide binding
MS3_10188	6185.A0A095B398	GO Function	GO:0032559	Adenyl ribonucleotide binding
MS3_10188	6185.A0A095B398	GO Function	GO:0035639	Purine ribonucleoside triphosphate binding
MS3_10188	6185.A0A095B398	GO Function	GO:0036094	Small molecule binding
MS3_10188	6185.A0A095B398	GO Function	GO:0043167	Ion binding
MS3_10188	6185.A0A095B398	GO Function	GO:0043168	Anion binding
MS3_10188	6185.A0A095B398	GO Function	GO:0044877	Protein-containing complex binding
MS3_10188	6185.A0A095B398	GO Function	GO:0050839	Cell adhesion molecule binding
MS3_10188	6185.A0A095B398	GO Function	GO:0097367	Carbohydrate derivative binding
MS3_10188	6185.A0A095B398	GO Function	GO:0140096	Catalytic activity, acting on a protein
MS3_10188	6185.A0A095B398	GO Function	GO:1901265	Nucleoside phosphate binding
MS3_10188	6185.A0A095B398	GO Function	GO:1901363	Heterocyclic compound binding
MS3_10188	6185.A0A095B398	GO Component	GO:0005622	Intracellular anatomical structure
MS3_10188	6185.A0A095B398	GO Component	GO:0005737	Cytoplasm
MS3_10188	6185.A0A095B398	GO Component	GO:0005886	Plasma membrane
MS3_10188	6185.A0A095B398	GO Component	GO:0005925	Focal adhesion
MS3_10188	6185.A0A095B398	GO Component	GO:0016020	Membrane
MS3_10188	6185.A0A095B398	GO Component	GO:0030016	Myofibril
MS3_10188	6185.A0A095B398	GO Component	GO:0030017	Sarcomere
MS3_10188	6185.A0A095B398	GO Component	GO:0030054	Cell junction
MS3_10188	6185.A0A095B398	GO Component	GO:0030055	Cell-substrate junction
MS3_10188	6185.A0A095B398	GO Component	GO:0043226	Organelle
MS3_10188	6185.A0A095B398	GO Component	GO:0043228	Membraneless organelle
MS3_10188	6185.A0A095B398	GO Component	GO:0043229	Intracellular organelle
MS3_10188	6185.A0A095B398	GO Component	GO:0043232	Intracellular membraneless organelle
MS3_10188	6185.A0A095B398	GO Component	GO:0043292	Contractile muscle fiber
MS3_10188	6185.A0A095B398	GO Component	GO:0070161	Anchoring junction
MS3_10188	6185.A0A095B398	GO Component	GO:0071944	Cell periphery
MS3_10188	6185.A0A095B398	GO Component	GO:0099080	Supramolecular complex
MS3_10188	6185.A0A095B398	GO Component	GO:0099081	Supramolecular polymer
MS3_10188	6185.A0A095B398	GO Component	GO:0099512	Supramolecular fiber
MS3_10188	6185.A0A095B398	GO Component	GO:0110165	Cellular anatomical structure
MS3_10188	6185.A0A095B398	STRING clusters	CL:10319	Cell-substrate junction, and Integrin domain superfamily
MS3_10188	6185.A0A095B398	STRING clusters	CL:10381	Cell-extracellular matrix interactions
MS3_10188	6185.A0A095B398	KEGG	shx05100	Bacterial invasion of epithelial cells
MS3_10188	6185.A0A095B398	Reactome	MAP-1500931	Cell-Cell communication
MS3_10188	6185.A0A095B398	Reactome	MAP-446343	Localization of the PINCH-ILK-PARVIN complex to focal adhesions
MS3_10188	6185.A0A095B398	Reactome	MAP-446353	Cell-extracellular matrix interactions
MS3_10188	6185.A0A095B398	Reactome	MAP-446728	Cell junction organization
MS3_10188	6185.A0A095B398	COMPARTMENTS	GOCC:0005622	Intracellular anatomical structure
MS3_10188	6185.A0A095B398	COMPARTMENTS	GOCC:0043226	Organelle
MS3_10188	6185.A0A095B398	COMPARTMENTS	GOCC:0043228	Membraneless organelle
MS3_10188	6185.A0A095B398	COMPARTMENTS	GOCC:0043229	Intracellular organelle
MS3_10188	6185.A0A095B398	COMPARTMENTS	GOCC:0043232	Intracellular membraneless organelle
MS3_10188	6185.A0A095B398	COMPARTMENTS	GOCC:0110165	Cellular anatomical structure
MS3_10188	6185.A0A095B398	UniProt Keywords	KW-0401	Integrin
MS3_10188	6185.A0A095B398	UniProt Keywords	KW-0418	Kinase
MS3_10188	6185.A0A095B398	UniProt Keywords	KW-0472	Membrane
MS3_10188	6185.A0A095B398	UniProt Keywords	KW-0808	Transferase
MS3_10188	6185.A0A095B398	UniProt Keywords	KW-0963	Cytoplasm
MS3_10188	6185.A0A095B398	InterPro	IPR000719	Protein kinase domain
MS3_10188	6185.A0A095B398	InterPro	IPR001245	Serine-threonine/tyrosine-protein kinase, catalytic domain
MS3_10188	6185.A0A095B398	InterPro	IPR011009	Protein kinase-like domain superfamily
MS3_10188	6185.A0A095B398	InterPro	IPR051681	Serine/Threonine Kinases and Pseudokinases
MS3_10940	6185.A0A095BRI5	GO Process	GO:0007154	Cell communication
MS3_10940	6185.A0A095BRI5	GO Process	GO:0007165	Signal transduction
MS3_10940	6185.A0A095BRI5	GO Process	GO:0007166	Cell surface receptor signaling pathway
MS3_10940	6185.A0A095BRI5	GO Process	GO:0007167	Enzyme-linked receptor protein signaling pathway
MS3_10940	6185.A0A095BRI5	GO Process	GO:0007169	Cell surface receptor protein tyrosine kinase signaling pathway
MS3_10940	6185.A0A095BRI5	GO Process	GO:0009987	Cellular process
MS3_10940	6185.A0A095BRI5	GO Process	GO:0023052	Signaling
MS3_10940	6185.A0A095BRI5	GO Process	GO:0030154	Cell differentiation
MS3_10940	6185.A0A095BRI5	GO Process	GO:0032502	Developmental process
MS3_10940	6185.A0A095BRI5	GO Process	GO:0048518	Positive regulation of biological process
MS3_10940	6185.A0A095BRI5	GO Process	GO:0048522	Positive regulation of cellular process
MS3_10940	6185.A0A095BRI5	GO Process	GO:0048869	Cellular developmental process
MS3_10940	6185.A0A095BRI5	GO Process	GO:0050789	Regulation of biological process
MS3_10940	6185.A0A095BRI5	GO Process	GO:0050794	Regulation of cellular process
MS3_10940	6185.A0A095BRI5	GO Process	GO:0050896	Response to stimulus
MS3_10940	6185.A0A095BRI5	GO Process	GO:0051716	Cellular response to stimulus
MS3_10940	6185.A0A095BRI5	GO Process	GO:0065007	Biological regulation
MS3_10940	6185.A0A095BRI5	GO Function	GO:0000166	Nucleotide binding
MS3_10940	6185.A0A095BRI5	GO Function	GO:0003824	Catalytic activity
MS3_10940	6185.A0A095BRI5	GO Function	GO:0004672	Protein kinase activity
MS3_10940	6185.A0A095BRI5	GO Function	GO:0004713	Protein tyrosine kinase activity
MS3_10940	6185.A0A095BRI5	GO Function	GO:0004715	Non-membrane spanning protein tyrosine kinase activity
MS3_10940	6185.A0A095BRI5	GO Function	GO:0005102	Signaling receptor binding
MS3_10940	6185.A0A095BRI5	GO Function	GO:0005488	Binding
MS3_10940	6185.A0A095BRI5	GO Function	GO:0005515	Protein binding
MS3_10940	6185.A0A095BRI5	GO Function	GO:0005524	ATP binding
MS3_10940	6185.A0A095BRI5	GO Function	GO:0016301	Kinase activity
MS3_10940	6185.A0A095BRI5	GO Function	GO:0016740	Transferase activity
MS3_10940	6185.A0A095BRI5	GO Function	GO:0016772	Transferase activity, transferring phosphorus-containing groups
MS3_10940	6185.A0A095BRI5	GO Function	GO:0016773	Phosphotransferase activity, alcohol group as acceptor
MS3_10940	6185.A0A095BRI5	GO Function	GO:0017076	Purine nucleotide binding
MS3_10940	6185.A0A095BRI5	GO Function	GO:0030554	Adenyl nucleotide binding
MS3_10940	6185.A0A095BRI5	GO Function	GO:0032553	Ribonucleotide binding
MS3_10940	6185.A0A095BRI5	GO Function	GO:0032555	Purine ribonucleotide binding
MS3_10940	6185.A0A095BRI5	GO Function	GO:0032559	Adenyl ribonucleotide binding
MS3_10940	6185.A0A095BRI5	GO Function	GO:0035639	Purine ribonucleoside triphosphate binding
MS3_10940	6185.A0A095BRI5	GO Function	GO:0036094	Small molecule binding
MS3_10940	6185.A0A095BRI5	GO Function	GO:0043167	Ion binding
MS3_10940	6185.A0A095BRI5	GO Function	GO:0043168	Anion binding
MS3_10940	6185.A0A095BRI5	GO Function	GO:0097367	Carbohydrate derivative binding
MS3_10940	6185.A0A095BRI5	GO Function	GO:0140096	Catalytic activity, acting on a protein
MS3_10940	6185.A0A095BRI5	GO Function	GO:1901265	Nucleoside phosphate binding
MS3_10940	6185.A0A095BRI5	GO Function	GO:1901363	Heterocyclic compound binding
MS3_10940	6185.A0A095BRI5	GO Component	GO:0005622	Intracellular anatomical structure
MS3_10940	6185.A0A095BRI5	GO Component	GO:0005737	Cytoplasm
MS3_10940	6185.A0A095BRI5	GO Component	GO:0005829	Cytosol
MS3_10940	6185.A0A095BRI5	GO Component	GO:0005886	Plasma membrane
MS3_10940	6185.A0A095BRI5	GO Component	GO:0016020	Membrane
MS3_10940	6185.A0A095BRI5	GO Component	GO:0043226	Organelle
MS3_10940	6185.A0A095BRI5	GO Component	GO:0043229	Intracellular organelle
MS3_10940	6185.A0A095BRI5	GO Component	GO:0071944	Cell periphery
MS3_10940	6185.A0A095BRI5	GO Component	GO:0110165	Cellular anatomical structure
MS3_10940	6185.A0A095BRI5	STRING clusters	CL:9903	Mixed, incl. MAPK1/MAPK3 signaling, and Enzyme-linked receptor protein signaling pathway
MS3_10940	6185.A0A095BRI5	STRING clusters	CL:9904	Mixed, incl. MAPK1/MAPK3 signaling, and Enzyme-linked receptor protein signaling pathway
MS3_10940	6185.A0A095BRI5	STRING clusters	CL:9905	Mixed, incl. Cell surface receptor protein tyrosine kinase signaling pathway, and Negative regulation of Ras protein signal transduction
MS3_10940	6185.A0A095BRI5	STRING clusters	CL:9906	Mixed, incl. Cell surface receptor protein tyrosine kinase signaling pathway, and Ras protein signal transduction
MS3_10940	6185.A0A095BRI5	STRING clusters	CL:9909	Cell surface receptor protein tyrosine kinase signaling pathway, and Ras protein signal transduction
MS3_10940	6185.A0A095BRI5	STRING clusters	CL:9980	Immune response-activating cell surface receptor signaling pathway, and Learning
MS3_10940	6185.A0A095BRI5	Reactome	MAP-162582	Signal Transduction
MS3_10940	6185.A0A095BRI5	Reactome	MAP-168249	Innate Immune System
MS3_10940	6185.A0A095BRI5	Reactome	MAP-168256	Immune System
MS3_10940	6185.A0A095BRI5	COMPARTMENTS	GOCC:0005622	Intracellular anatomical structure
MS3_10940	6185.A0A095BRI5	COMPARTMENTS	GOCC:0005737	Cytoplasm
MS3_10940	6185.A0A095BRI5	COMPARTMENTS	GOCC:0110165	Cellular anatomical structure
MS3_10940	6185.A0A095BRI5	SMART	SM00252	Src homology 2 domains
MS3_11012	6185.A0A095B548	GO Process	GO:0000902	Cell morphogenesis
MS3_11012	6185.A0A095B548	GO Process	GO:0007155	Cell adhesion
MS3_11012	6185.A0A095B548	GO Process	GO:0007275	Multicellular organism development
MS3_11012	6185.A0A095B548	GO Process	GO:0007399	Nervous system development
MS3_11012	6185.A0A095B548	GO Process	GO:0009653	Anatomical structure morphogenesis
MS3_11012	6185.A0A095B548	GO Process	GO:0009888	Tissue development
MS3_11012	6185.A0A095B548	GO Process	GO:0009987	Cellular process
MS3_11012	6185.A0A095B548	GO Process	GO:0016043	Cellular component organization
MS3_11012	6185.A0A095B548	GO Process	GO:0022008	Neurogenesis
MS3_11012	6185.A0A095B548	GO Process	GO:0030154	Cell differentiation
MS3_11012	6185.A0A095B548	GO Process	GO:0032501	Multicellular organismal process
MS3_11012	6185.A0A095B548	GO Process	GO:0032502	Developmental process
MS3_11012	6185.A0A095B548	GO Process	GO:0048468	Cell development
MS3_11012	6185.A0A095B548	GO Process	GO:0048513	Animal organ development
MS3_11012	6185.A0A095B548	GO Process	GO:0048731	System development
MS3_11012	6185.A0A095B548	GO Process	GO:0048856	Anatomical structure development
MS3_11012	6185.A0A095B548	GO Process	GO:0048869	Cellular developmental process
MS3_11012	6185.A0A095B548	GO Process	GO:0071840	Cellular component organization or biogenesis
MS3_11012	6185.A0A095B548	GO Function	GO:0005488	Binding
MS3_11012	6185.A0A095B548	GO Component	GO:0005576	Extracellular region
MS3_11012	6185.A0A095B548	GO Component	GO:0030312	External encapsulating structure
MS3_11012	6185.A0A095B548	GO Component	GO:0031012	Extracellular matrix
MS3_11012	6185.A0A095B548	GO Component	GO:0071944	Cell periphery
MS3_11012	6185.A0A095B548	GO Component	GO:0110165	Cellular anatomical structure
MS3_11012	6185.A0A095B548	STRING clusters	CL:9300	Mixed, incl. Anchoring of the basal body to the plasma membrane, and Extracellular matrix
MS3_11012	6185.A0A095B548	STRING clusters	CL:9520	Mixed, incl. Biofilm formation, and Memo-like protein
MS3_11012	6185.A0A095B548	STRING clusters	CL:9521	Biofilm formation, and Memo-like protein
MS3_11012	6185.A0A095B548	STRING clusters	CL:9523	Biofilm formation, and Extracellular matrix structural constituent
MS3_11012	6185.A0A095B548	STRING clusters	CL:9526	Biofilm formation, and Extracellular matrix structural constituent
MS3_11012	6185.A0A095B548	Reactome	MAP-1266738	Developmental Biology
MS3_11012	6185.A0A095B548	Reactome	MAP-1474244	Extracellular matrix organization
MS3_11012	6185.A0A095B548	Reactome	MAP-162582	Signal Transduction
MS3_11012	6185.A0A095B548	Reactome	MAP-1643685	Disease
MS3_11012	6185.A0A095B548	Reactome	MAP-5663205	Infectious disease
MS3_11012	6185.A0A095B548	Reactome	MAP-9006934	Signaling by Receptor Tyrosine Kinases
MS3_11012	6185.A0A095B548	Reactome	MAP-9638630	Attachment of bacteria to epithelial cells
MS3_11012	6185.A0A095B548	Reactome	MAP-9640148	Infection with Enterobacteria
MS3_11012	6185.A0A095B548	Reactome	MAP-9824439	Bacterial Infection Pathways
MS3_11012	6185.A0A095B548	Reactome	MAP-9931953	Biofilm formation
MS3_11012	6185.A0A095B548	COMPARTMENTS	GOCC:0005604	Basement membrane
MS3_11012	6185.A0A095B548	COMPARTMENTS	GOCC:0030312	External encapsulating structure
MS3_11012	6185.A0A095B548	COMPARTMENTS	GOCC:0031012	Extracellular matrix
MS3_11012	6185.A0A095B548	COMPARTMENTS	GOCC:0062023	Collagen-containing extracellular matrix
MS3_11012	6185.A0A095B548	COMPARTMENTS	GOCC:0071944	Cell periphery
MS3_11012	6185.A0A095B548	COMPARTMENTS	GOCC:0110165	Cellular anatomical structure
MS3_11012	6185.A0A095B548	UniProt Keywords	KW-0175	Coiled coil
