#node	identifier	category	term ID	term description
Act5C	6182.Q5DF69	GO Process	GO:0009653	Anatomical structure morphogenesis
Act5C	6182.Q5DF69	GO Process	GO:0009987	Cellular process
Act5C	6182.Q5DF69	GO Process	GO:0032502	Developmental process
Act5C	6182.Q5DF69	GO Process	GO:0048856	Anatomical structure development
Act5C	6182.Q5DF69	GO Function	GO:0000166	Nucleotide binding
Act5C	6182.Q5DF69	GO Function	GO:0005488	Binding
Act5C	6182.Q5DF69	GO Function	GO:0005524	ATP binding
Act5C	6182.Q5DF69	GO Function	GO:0017076	Purine nucleotide binding
Act5C	6182.Q5DF69	GO Function	GO:0030554	Adenyl nucleotide binding
Act5C	6182.Q5DF69	GO Function	GO:0032553	Ribonucleotide binding
Act5C	6182.Q5DF69	GO Function	GO:0032555	Purine ribonucleotide binding
Act5C	6182.Q5DF69	GO Function	GO:0032559	Adenyl ribonucleotide binding
Act5C	6182.Q5DF69	GO Function	GO:0035639	Purine ribonucleoside triphosphate binding
Act5C	6182.Q5DF69	GO Function	GO:0036094	Small molecule binding
Act5C	6182.Q5DF69	GO Function	GO:0043167	Ion binding
Act5C	6182.Q5DF69	GO Function	GO:0043168	Anion binding
Act5C	6182.Q5DF69	GO Function	GO:0097367	Carbohydrate derivative binding
Act5C	6182.Q5DF69	GO Function	GO:1901265	Nucleoside phosphate binding
Act5C	6182.Q5DF69	GO Function	GO:1901363	Heterocyclic compound binding
Act5C	6182.Q5DF69	GO Component	GO:0005622	Intracellular anatomical structure
Act5C	6182.Q5DF69	GO Component	GO:0005856	Cytoskeleton
Act5C	6182.Q5DF69	GO Component	GO:0015629	Actin cytoskeleton
Act5C	6182.Q5DF69	GO Component	GO:0043226	Organelle
Act5C	6182.Q5DF69	GO Component	GO:0043228	Membraneless organelle
Act5C	6182.Q5DF69	GO Component	GO:0043229	Intracellular organelle
Act5C	6182.Q5DF69	GO Component	GO:0043232	Intracellular membraneless organelle
Act5C	6182.Q5DF69	GO Component	GO:0110165	Cellular anatomical structure
Act5C	6182.Q5DF69	STRING clusters	CL:1240	Dynein complex, and Cilium movement
Act5C	6182.Q5DF69	STRING clusters	CL:1241	Dynein complex, and Tubulin
Act5C	6182.Q5DF69	STRING clusters	CL:1243	Dynein, and Tubulin
Act5C	6182.Q5DF69	STRING clusters	CL:1244	Dynein, and Dynactin complex
Act5C	6182.Q5DF69	STRING clusters	CL:1344	Dynein heavy chain, and Dynactin complex
Act5C	6182.Q5DF69	STRING clusters	CL:1376	Dynactin complex, and Dynactin binding
Act5C	6182.Q5DF69	KEGG	map03082	ATP-dependent chromatin remodeling
Act5C	6182.Q5DF69	KEGG	map04145	Phagosome
Act5C	6182.Q5DF69	KEGG	map04814	Motor proteins
Act5C	6182.Q5DF69	KEGG	map04820	Cytoskeleton in muscle cells
Act5C	6182.Q5DF69	KEGG	map05100	Bacterial invasion of epithelial cells
Act5C	6182.Q5DF69	Reactome	MAP-1500931	Cell-Cell communication
Act5C	6182.Q5DF69	Reactome	MAP-418990	Adherens junctions interactions
Act5C	6182.Q5DF69	Reactome	MAP-421270	Cell-cell junction organization
Act5C	6182.Q5DF69	Reactome	MAP-446728	Cell junction organization
Act5C	6182.Q5DF69	Reactome	MAP-9759476	Regulation of Homotypic Cell-Cell Adhesion
Act5C	6182.Q5DF69	Reactome	MAP-9764265	Regulation of CDH1 Expression and Function
Act5C	6182.Q5DF69	Reactome	MAP-9764274	Regulation of Expression and Function of Type I Classical Cadherins
Act5C	6182.Q5DF69	COMPARTMENTS	GOCC:0005622	Intracellular anatomical structure
Act5C	6182.Q5DF69	COMPARTMENTS	GOCC:0110165	Cellular anatomical structure
Act5C	6182.Q5DF69	UniProt Keywords	KW-0067	ATP-binding
Act5C	6182.Q5DF69	UniProt Keywords	KW-0206	Cytoskeleton
Act5C	6182.Q5DF69	UniProt Keywords	KW-0547	Nucleotide-binding
Act5C	6182.Q5DF69	UniProt Keywords	KW-0963	Cytoplasm
Act5C	6182.Q5DF69	InterPro	IPR004000	Actin family
Act5C	6182.Q5DF69	InterPro	IPR004001	Actin, conserved site
Act5C	6182.Q5DF69	InterPro	IPR020902	Actin/actin-like conserved site
Act5C	6182.Q5DF69	InterPro	IPR043129	ATPase, nucleotide binding domain
Act5C	6182.Q5DF69	SMART	SM00268	Actin
EWB00_000274	6182.A0A4Z2DJH5	GO Process	GO:0009987	Cellular process
EWB00_000274	6182.A0A4Z2DJH5	GO Function	GO:0005198	Structural molecule activity
EWB00_000274	6182.A0A4Z2DJH5	GO Component	GO:0005581	Collagen trimer
EWB00_000274	6182.A0A4Z2DJH5	GO Component	GO:0032991	Protein-containing complex
EWB00_000274	6182.A0A4Z2DJH5	STRING clusters	CL:4286	Mixed, incl. Collagen formation, and SAGA-type complex
EWB00_000274	6182.A0A4Z2DJH5	STRING clusters	CL:4287	Mixed, incl. Collagen formation, and SAGA-type complex
EWB00_000274	6182.A0A4Z2DJH5	STRING clusters	CL:4390	Mixed, incl. Collagen chain trimerization, and Lewis blood group biosynthesis
EWB00_000274	6182.A0A4Z2DJH5	STRING clusters	CL:4392	Mixed, incl. Collagen chain trimerization, and Protein-cysteine S-acyltransferase activity
EWB00_000274	6182.A0A4Z2DJH5	STRING clusters	CL:4395	Collagen triple helix repeat, and Protein-cysteine S-acyltransferase activity
EWB00_000274	6182.A0A4Z2DJH5	STRING clusters	CL:4398	Collagen triple helix repeat, and Protein-cysteine S-acyltransferase activity
EWB00_000274	6182.A0A4Z2DJH5	STRING clusters	CL:4399	Protein-cysteine S-acyltransferase activity, and Collagen triple helix repeat
EWB00_000274	6182.A0A4Z2DJH5	KEGG	map04820	Cytoskeleton in muscle cells
EWB00_000274	6182.A0A4Z2DJH5	Reactome	MAP-1474244	Extracellular matrix organization
EWB00_000274	6182.A0A4Z2DJH5	Reactome	MAP-1474290	Collagen formation
EWB00_000274	6182.A0A4Z2DJH5	Reactome	MAP-1650814	Collagen biosynthesis and modifying enzymes
EWB00_000274	6182.A0A4Z2DJH5	Reactome	MAP-8948216	Collagen chain trimerization
EWB00_000274	6182.A0A4Z2DJH5	COMPARTMENTS	GOCC:0005581	Collagen trimer
EWB00_000274	6182.A0A4Z2DJH5	COMPARTMENTS	GOCC:0032991	Protein-containing complex
EWB00_000274	6182.A0A4Z2DJH5	UniProt Keywords	KW-0176	Collagen
EWB00_000274	6182.A0A4Z2DJH5	UniProt Keywords	KW-0732	Signal
EWB00_000274	6182.A0A4Z2DJH5	UniProt Keywords	KW-0964	Secreted
EWB00_000274	6182.A0A4Z2DJH5	Pfam	PF01391	Collagen triple helix repeat (20 copies)
EWB00_000274	6182.A0A4Z2DJH5	InterPro	IPR000885	Fibrillar collagen, C-terminal
EWB00_000274	6182.A0A4Z2DJH5	InterPro	IPR008160	Collagen triple helix repeat
EWB00_000274	6182.A0A4Z2DJH5	InterPro	IPR013320	Concanavalin A-like lectin/glucanase domain superfamily
EWB00_000274	6182.A0A4Z2DJH5	InterPro	IPR050938	Collagen and Collagen-like Structural Proteins
EWB00_000274	6182.A0A4Z2DJH5	SMART	SM00038	Fibrillar collagens C-terminal domain
EWB00_001102	6182.A0A4Z2DGT3	GO Process	GO:0009987	Cellular process
EWB00_001102	6182.A0A4Z2DGT3	GO Function	GO:0005198	Structural molecule activity
EWB00_001102	6182.A0A4Z2DGT3	GO Component	GO:0005581	Collagen trimer
EWB00_001102	6182.A0A4Z2DGT3	GO Component	GO:0032991	Protein-containing complex
EWB00_001102	6182.A0A4Z2DGT3	STRING clusters	CL:4286	Mixed, incl. Collagen formation, and SAGA-type complex
EWB00_001102	6182.A0A4Z2DGT3	STRING clusters	CL:4287	Mixed, incl. Collagen formation, and SAGA-type complex
EWB00_001102	6182.A0A4Z2DGT3	STRING clusters	CL:4390	Mixed, incl. Collagen chain trimerization, and Lewis blood group biosynthesis
EWB00_001102	6182.A0A4Z2DGT3	STRING clusters	CL:4392	Mixed, incl. Collagen chain trimerization, and Protein-cysteine S-acyltransferase activity
EWB00_001102	6182.A0A4Z2DGT3	STRING clusters	CL:4395	Collagen triple helix repeat, and Protein-cysteine S-acyltransferase activity
EWB00_001102	6182.A0A4Z2DGT3	STRING clusters	CL:4398	Collagen triple helix repeat, and Protein-cysteine S-acyltransferase activity
EWB00_001102	6182.A0A4Z2DGT3	STRING clusters	CL:4428	Collagen IV, non-collagenous
EWB00_001102	6182.A0A4Z2DGT3	KEGG	map04382	Cornified envelope formation
EWB00_001102	6182.A0A4Z2DGT3	KEGG	map04512	ECM-receptor interaction
EWB00_001102	6182.A0A4Z2DGT3	KEGG	map04820	Cytoskeleton in muscle cells
EWB00_001102	6182.A0A4Z2DGT3	Reactome	MAP-1474244	Extracellular matrix organization
EWB00_001102	6182.A0A4Z2DGT3	Reactome	MAP-1474290	Collagen formation
EWB00_001102	6182.A0A4Z2DGT3	Reactome	MAP-1650814	Collagen biosynthesis and modifying enzymes
EWB00_001102	6182.A0A4Z2DGT3	Reactome	MAP-8948216	Collagen chain trimerization
EWB00_001102	6182.A0A4Z2DGT3	COMPARTMENTS	GOCC:0005604	Basement membrane
EWB00_001102	6182.A0A4Z2DGT3	COMPARTMENTS	GOCC:0030312	External encapsulating structure
EWB00_001102	6182.A0A4Z2DGT3	COMPARTMENTS	GOCC:0031012	Extracellular matrix
EWB00_001102	6182.A0A4Z2DGT3	COMPARTMENTS	GOCC:0062023	Collagen-containing extracellular matrix
EWB00_001102	6182.A0A4Z2DGT3	COMPARTMENTS	GOCC:0071944	Cell periphery
EWB00_001102	6182.A0A4Z2DGT3	COMPARTMENTS	GOCC:0110165	Cellular anatomical structure
EWB00_001102	6182.A0A4Z2DGT3	UniProt Keywords	KW-0084	Basement membrane
EWB00_001102	6182.A0A4Z2DGT3	UniProt Keywords	KW-0176	Collagen
EWB00_001102	6182.A0A4Z2DGT3	UniProt Keywords	KW-0272	Extracellular matrix
EWB00_001102	6182.A0A4Z2DGT3	UniProt Keywords	KW-0732	Signal
EWB00_001102	6182.A0A4Z2DGT3	UniProt Keywords	KW-0964	Secreted
EWB00_001102	6182.A0A4Z2DGT3	Pfam	PF01391	Collagen triple helix repeat (20 copies)
EWB00_001102	6182.A0A4Z2DGT3	InterPro	IPR001442	Collagen IV, non-collagenous
EWB00_001102	6182.A0A4Z2DGT3	InterPro	IPR008160	Collagen triple helix repeat
EWB00_001102	6182.A0A4Z2DGT3	InterPro	IPR016187	C-type lectin fold
EWB00_001102	6182.A0A4Z2DGT3	InterPro	IPR036954	Collagen IV, non-collagenous domain superfamily
EWB00_001102	6182.A0A4Z2DGT3	InterPro	IPR050938	Collagen and Collagen-like Structural Proteins
EWB00_001102	6182.A0A4Z2DGT3	SMART	SM00111	C-terminal tandem repeated domain in type 4 procollagens
EWB00_001311	6182.A0A4Z2DG67	GO Process	GO:0009987	Cellular process
EWB00_001311	6182.A0A4Z2DG67	GO Function	GO:0005198	Structural molecule activity
EWB00_001311	6182.A0A4Z2DG67	GO Component	GO:0005581	Collagen trimer
EWB00_001311	6182.A0A4Z2DG67	GO Component	GO:0032991	Protein-containing complex
EWB00_001311	6182.A0A4Z2DG67	STRING clusters	CL:4286	Mixed, incl. Collagen formation, and SAGA-type complex
EWB00_001311	6182.A0A4Z2DG67	STRING clusters	CL:4287	Mixed, incl. Collagen formation, and SAGA-type complex
EWB00_001311	6182.A0A4Z2DG67	STRING clusters	CL:4390	Mixed, incl. Collagen chain trimerization, and Lewis blood group biosynthesis
EWB00_001311	6182.A0A4Z2DG67	STRING clusters	CL:4392	Mixed, incl. Collagen chain trimerization, and Protein-cysteine S-acyltransferase activity
EWB00_001311	6182.A0A4Z2DG67	STRING clusters	CL:4395	Collagen triple helix repeat, and Protein-cysteine S-acyltransferase activity
EWB00_001311	6182.A0A4Z2DG67	STRING clusters	CL:4398	Collagen triple helix repeat, and Protein-cysteine S-acyltransferase activity
EWB00_001311	6182.A0A4Z2DG67	STRING clusters	CL:4399	Protein-cysteine S-acyltransferase activity, and Collagen triple helix repeat
EWB00_001311	6182.A0A4Z2DG67	KEGG	map04820	Cytoskeleton in muscle cells
EWB00_001311	6182.A0A4Z2DG67	Reactome	MAP-1474244	Extracellular matrix organization
EWB00_001311	6182.A0A4Z2DG67	Reactome	MAP-1474290	Collagen formation
EWB00_001311	6182.A0A4Z2DG67	Reactome	MAP-1650814	Collagen biosynthesis and modifying enzymes
EWB00_001311	6182.A0A4Z2DG67	Reactome	MAP-8948216	Collagen chain trimerization
EWB00_001311	6182.A0A4Z2DG67	COMPARTMENTS	GOCC:0005581	Collagen trimer
EWB00_001311	6182.A0A4Z2DG67	COMPARTMENTS	GOCC:0032991	Protein-containing complex
EWB00_001311	6182.A0A4Z2DG67	UniProt Keywords	KW-0176	Collagen
EWB00_001311	6182.A0A4Z2DG67	UniProt Keywords	KW-0964	Secreted
EWB00_001311	6182.A0A4Z2DG67	Pfam	PF01391	Collagen triple helix repeat (20 copies)
EWB00_001311	6182.A0A4Z2DG67	InterPro	IPR000885	Fibrillar collagen, C-terminal
EWB00_001311	6182.A0A4Z2DG67	InterPro	IPR001791	Laminin G domain
EWB00_001311	6182.A0A4Z2DG67	InterPro	IPR008160	Collagen triple helix repeat
EWB00_001311	6182.A0A4Z2DG67	InterPro	IPR013320	Concanavalin A-like lectin/glucanase domain superfamily
EWB00_001311	6182.A0A4Z2DG67	InterPro	IPR050938	Collagen and Collagen-like Structural Proteins
EWB00_001311	6182.A0A4Z2DG67	SMART	SM00038	Fibrillar collagens C-terminal domain
EWB00_001311	6182.A0A4Z2DG67	SMART	SM00282	Laminin G domain
EWB00_001328	6182.A0A4Z2DG14	GO Process	GO:0007155	Cell adhesion
EWB00_001328	6182.A0A4Z2DG14	GO Process	GO:0007275	Multicellular organism development
EWB00_001328	6182.A0A4Z2DG14	GO Process	GO:0009653	Anatomical structure morphogenesis
EWB00_001328	6182.A0A4Z2DG14	GO Process	GO:0009987	Cellular process
EWB00_001328	6182.A0A4Z2DG14	GO Process	GO:0030154	Cell differentiation
EWB00_001328	6182.A0A4Z2DG14	GO Process	GO:0030155	Regulation of cell adhesion
EWB00_001328	6182.A0A4Z2DG14	GO Process	GO:0030334	Regulation of cell migration
EWB00_001328	6182.A0A4Z2DG14	GO Process	GO:0032501	Multicellular organismal process
EWB00_001328	6182.A0A4Z2DG14	GO Process	GO:0032502	Developmental process
EWB00_001328	6182.A0A4Z2DG14	GO Process	GO:0040012	Regulation of locomotion
EWB00_001328	6182.A0A4Z2DG14	GO Process	GO:0045995	Regulation of embryonic development
EWB00_001328	6182.A0A4Z2DG14	GO Process	GO:0048731	System development
EWB00_001328	6182.A0A4Z2DG14	GO Process	GO:0048856	Anatomical structure development
EWB00_001328	6182.A0A4Z2DG14	GO Process	GO:0048869	Cellular developmental process
EWB00_001328	6182.A0A4Z2DG14	GO Process	GO:0050789	Regulation of biological process
EWB00_001328	6182.A0A4Z2DG14	GO Process	GO:0050793	Regulation of developmental process
EWB00_001328	6182.A0A4Z2DG14	GO Process	GO:0050794	Regulation of cellular process
EWB00_001328	6182.A0A4Z2DG14	GO Process	GO:0051239	Regulation of multicellular organismal process
EWB00_001328	6182.A0A4Z2DG14	GO Process	GO:0065007	Biological regulation
EWB00_001328	6182.A0A4Z2DG14	GO Process	GO:2000026	Regulation of multicellular organismal development
EWB00_001328	6182.A0A4Z2DG14	GO Process	GO:2000145	Regulation of cell motility
EWB00_001328	6182.A0A4Z2DG14	GO Function	GO:0005102	Signaling receptor binding
EWB00_001328	6182.A0A4Z2DG14	GO Function	GO:0005198	Structural molecule activity
EWB00_001328	6182.A0A4Z2DG14	GO Function	GO:0005201	Extracellular matrix structural constituent
EWB00_001328	6182.A0A4Z2DG14	GO Function	GO:0005488	Binding
EWB00_001328	6182.A0A4Z2DG14	GO Function	GO:0005515	Protein binding
EWB00_001328	6182.A0A4Z2DG14	GO Component	GO:0005576	Extracellular region
EWB00_001328	6182.A0A4Z2DG14	GO Component	GO:0005604	Basement membrane
EWB00_001328	6182.A0A4Z2DG14	GO Component	GO:0030312	External encapsulating structure
EWB00_001328	6182.A0A4Z2DG14	GO Component	GO:0031012	Extracellular matrix
EWB00_001328	6182.A0A4Z2DG14	GO Component	GO:0071944	Cell periphery
EWB00_001328	6182.A0A4Z2DG14	GO Component	GO:0110165	Cellular anatomical structure
EWB00_001328	6182.A0A4Z2DG14	STRING clusters	CL:585	Mixed, incl. Integrin-mediated signaling pathway, and PDZ and LIM domain-containing
EWB00_001328	6182.A0A4Z2DG14	STRING clusters	CL:588	Integrin-mediated signaling pathway, and Cell-extracellular matrix interactions
EWB00_001328	6182.A0A4Z2DG14	STRING clusters	CL:589	Integrin cell surface interactions, and Laminin, N-terminal
EWB00_001328	6182.A0A4Z2DG14	STRING clusters	CL:609	Laminin, N-terminal, and Integrin beta N-terminal
EWB00_001328	6182.A0A4Z2DG14	KEGG	map04512	ECM-receptor interaction
EWB00_001328	6182.A0A4Z2DG14	KEGG	map04820	Cytoskeleton in muscle cells
EWB00_001328	6182.A0A4Z2DG14	Reactome	MAP-1474244	Extracellular matrix organization
EWB00_001328	6182.A0A4Z2DG14	Reactome	MAP-162582	Signal Transduction
EWB00_001328	6182.A0A4Z2DG14	Reactome	MAP-3000171	Non-integrin membrane-ECM interactions
EWB00_001328	6182.A0A4Z2DG14	Reactome	MAP-9006934	Signaling by Receptor Tyrosine Kinases
EWB00_001328	6182.A0A4Z2DG14	Reactome	MAP-9913351	Formation of the dystrophin-glycoprotein complex (DGC)
EWB00_001328	6182.A0A4Z2DG14	COMPARTMENTS	GOCC:0005604	Basement membrane
EWB00_001328	6182.A0A4Z2DG14	COMPARTMENTS	GOCC:0030312	External encapsulating structure
EWB00_001328	6182.A0A4Z2DG14	COMPARTMENTS	GOCC:0031012	Extracellular matrix
EWB00_001328	6182.A0A4Z2DG14	COMPARTMENTS	GOCC:0062023	Collagen-containing extracellular matrix
EWB00_001328	6182.A0A4Z2DG14	COMPARTMENTS	GOCC:0071944	Cell periphery
EWB00_001328	6182.A0A4Z2DG14	COMPARTMENTS	GOCC:0110165	Cellular anatomical structure
EWB00_001328	6182.A0A4Z2DG14	UniProt Keywords	KW-0084	Basement membrane
EWB00_001328	6182.A0A4Z2DG14	UniProt Keywords	KW-0175	Coiled coil
EWB00_001328	6182.A0A4Z2DG14	UniProt Keywords	KW-0272	Extracellular matrix
EWB00_001328	6182.A0A4Z2DG14	UniProt Keywords	KW-0325	Glycoprotein
EWB00_001328	6182.A0A4Z2DG14	UniProt Keywords	KW-0424	Laminin EGF-like domain
EWB00_001328	6182.A0A4Z2DG14	UniProt Keywords	KW-0677	Repeat
EWB00_001328	6182.A0A4Z2DG14	UniProt Keywords	KW-0732	Signal
EWB00_001328	6182.A0A4Z2DG14	UniProt Keywords	KW-0964	Secreted
EWB00_001328	6182.A0A4Z2DG14	UniProt Keywords	KW-1015	Disulfide bond
EWB00_001328	6182.A0A4Z2DG14	InterPro	IPR000742	EGF-like domain
EWB00_001328	6182.A0A4Z2DG14	InterPro	IPR001791	Laminin G domain
EWB00_001328	6182.A0A4Z2DG14	InterPro	IPR002049	Laminin-type EGF domain
EWB00_001328	6182.A0A4Z2DG14	InterPro	IPR008211	Laminin, N-terminal
EWB00_001328	6182.A0A4Z2DG14	InterPro	IPR013320	Concanavalin A-like lectin/glucanase domain superfamily
EWB00_001328	6182.A0A4Z2DG14	InterPro	IPR050440	Laminin/Netrin Extracellular Matrix
EWB00_001328	6182.A0A4Z2DG14	InterPro	IPR056863	Laminin/attractin/netrin-like, EGF domain
EWB00_001328	6182.A0A4Z2DG14	SMART	SM00001	EGF domain, unclasssified subfamily
EWB00_001328	6182.A0A4Z2DG14	SMART	SM00136	Laminin N-terminal domain (domain VI)
EWB00_001328	6182.A0A4Z2DG14	SMART	SM00180	Laminin-type epidermal growth factor-like domai
EWB00_001408	6182.A0A4Z2DX44	GO Process	GO:0006996	Organelle organization
EWB00_001408	6182.A0A4Z2DX44	GO Process	GO:0006997	Nucleus organization
EWB00_001408	6182.A0A4Z2DX44	GO Process	GO:0007000	Nucleolus organization
EWB00_001408	6182.A0A4Z2DX44	GO Process	GO:0009987	Cellular process
EWB00_001408	6182.A0A4Z2DX44	GO Process	GO:0016043	Cellular component organization
EWB00_001408	6182.A0A4Z2DX44	GO Process	GO:0071840	Cellular component organization or biogenesis
EWB00_001408	6182.A0A4Z2DX44	GO Function	GO:0003682	Chromatin binding
EWB00_001408	6182.A0A4Z2DX44	GO Function	GO:0005488	Binding
EWB00_001408	6182.A0A4Z2DX44	GO Function	GO:0031491	Nucleosome binding
EWB00_001408	6182.A0A4Z2DX44	GO Function	GO:0044877	Protein-containing complex binding
EWB00_001408	6182.A0A4Z2DX44	GO Component	GO:0000118	Histone deacetylase complex
EWB00_001408	6182.A0A4Z2DX44	GO Component	GO:0000228	Nuclear chromosome
EWB00_001408	6182.A0A4Z2DX44	GO Component	GO:0000785	Chromatin
EWB00_001408	6182.A0A4Z2DX44	GO Component	GO:0000812	Swr1 complex
EWB00_001408	6182.A0A4Z2DX44	GO Component	GO:0005622	Intracellular anatomical structure
EWB00_001408	6182.A0A4Z2DX44	GO Component	GO:0005634	Nucleus
EWB00_001408	6182.A0A4Z2DX44	GO Component	GO:0005654	Nucleoplasm
EWB00_001408	6182.A0A4Z2DX44	GO Component	GO:0005694	Chromosome
EWB00_001408	6182.A0A4Z2DX44	GO Component	GO:0005730	Nucleolus
EWB00_001408	6182.A0A4Z2DX44	GO Component	GO:0005856	Cytoskeleton
EWB00_001408	6182.A0A4Z2DX44	GO Component	GO:0031974	Membrane-enclosed lumen
EWB00_001408	6182.A0A4Z2DX44	GO Component	GO:0031981	Nuclear lumen
EWB00_001408	6182.A0A4Z2DX44	GO Component	GO:0032991	Protein-containing complex
EWB00_001408	6182.A0A4Z2DX44	GO Component	GO:0043226	Organelle
EWB00_001408	6182.A0A4Z2DX44	GO Component	GO:0043227	Membrane-bounded organelle
EWB00_001408	6182.A0A4Z2DX44	GO Component	GO:0043228	Membraneless organelle
EWB00_001408	6182.A0A4Z2DX44	GO Component	GO:0043229	Intracellular organelle
EWB00_001408	6182.A0A4Z2DX44	GO Component	GO:0043231	Intracellular membrane-bounded organelle
EWB00_001408	6182.A0A4Z2DX44	GO Component	GO:0043232	Intracellular membraneless organelle
EWB00_001408	6182.A0A4Z2DX44	GO Component	GO:0043233	Organelle lumen
EWB00_001408	6182.A0A4Z2DX44	GO Component	GO:0070013	Intracellular organelle lumen
EWB00_001408	6182.A0A4Z2DX44	GO Component	GO:0070603	SWI/SNF superfamily-type complex
EWB00_001408	6182.A0A4Z2DX44	GO Component	GO:0097346	INO80-type complex
EWB00_001408	6182.A0A4Z2DX44	GO Component	GO:0110165	Cellular anatomical structure
EWB00_001408	6182.A0A4Z2DX44	GO Component	GO:0140513	Nuclear protein-containing complex
EWB00_001408	6182.A0A4Z2DX44	GO Component	GO:1902494	Catalytic complex
EWB00_001408	6182.A0A4Z2DX44	GO Component	GO:1904949	ATPase complex
EWB00_001408	6182.A0A4Z2DX44	STRING clusters	CL:3508	ATP-dependent chromatin remodeling, and HULC complex
EWB00_001408	6182.A0A4Z2DX44	STRING clusters	CL:3513	Mixed, incl. Histone acetyltransferase complex, and Zinc finger SWIM domain-containing protein
EWB00_001408	6182.A0A4Z2DX44	STRING clusters	CL:3518	Mixed, incl. Histone acetyltransferase complex, and Coiled-coil domain-containing protein 170-like
EWB00_001408	6182.A0A4Z2DX44	STRING clusters	CL:3523	Mixed, incl. Histone acetyltransferase complex, and Coiled-coil domain-containing protein 170-like
EWB00_001408	6182.A0A4Z2DX44	STRING clusters	CL:3565	Mixed, incl. Coiled-coil domain-containing protein 170-like, and HULC complex
EWB00_001408	6182.A0A4Z2DX44	STRING clusters	CL:3567	Mixed, incl. Coiled-coil domain-containing protein 170-like, and Nucleolus organization
EWB00_001408	6182.A0A4Z2DX44	KEGG	map03082	ATP-dependent chromatin remodeling
EWB00_001408	6182.A0A4Z2DX44	Reactome	MAP-168249	Innate Immune System
EWB00_001408	6182.A0A4Z2DX44	Reactome	MAP-168256	Immune System
EWB00_001408	6182.A0A4Z2DX44	Reactome	MAP-2262752	Cellular responses to stress
EWB00_001408	6182.A0A4Z2DX44	Reactome	MAP-3371497	HSP90 chaperone cycle for steroid hormone receptors (SHR) in the presence of ligand
EWB00_001408	6182.A0A4Z2DX44	Reactome	MAP-6798695	Neutrophil degranulation
EWB00_001408	6182.A0A4Z2DX44	Reactome	MAP-8953897	Cellular responses to stimuli
EWB00_001408	6182.A0A4Z2DX44	COMPARTMENTS	GOCC:0000228	Nuclear chromosome
EWB00_001408	6182.A0A4Z2DX44	COMPARTMENTS	GOCC:0000785	Chromatin
EWB00_001408	6182.A0A4Z2DX44	COMPARTMENTS	GOCC:0000812	Swr1 complex
EWB00_001408	6182.A0A4Z2DX44	COMPARTMENTS	GOCC:0005622	Intracellular anatomical structure
EWB00_001408	6182.A0A4Z2DX44	COMPARTMENTS	GOCC:0005634	Nucleus
EWB00_001408	6182.A0A4Z2DX44	COMPARTMENTS	GOCC:0005654	Nucleoplasm
EWB00_001408	6182.A0A4Z2DX44	COMPARTMENTS	GOCC:0005694	Chromosome
EWB00_001408	6182.A0A4Z2DX44	COMPARTMENTS	GOCC:0031974	Membrane-enclosed lumen
EWB00_001408	6182.A0A4Z2DX44	COMPARTMENTS	GOCC:0031981	Nuclear lumen
EWB00_001408	6182.A0A4Z2DX44	COMPARTMENTS	GOCC:0032991	Protein-containing complex
EWB00_001408	6182.A0A4Z2DX44	COMPARTMENTS	GOCC:0043226	Organelle
EWB00_001408	6182.A0A4Z2DX44	COMPARTMENTS	GOCC:0043227	Membrane-bounded organelle
EWB00_001408	6182.A0A4Z2DX44	COMPARTMENTS	GOCC:0043228	Membraneless organelle
EWB00_001408	6182.A0A4Z2DX44	COMPARTMENTS	GOCC:0043229	Intracellular organelle
EWB00_001408	6182.A0A4Z2DX44	COMPARTMENTS	GOCC:0043231	Intracellular membrane-bounded organelle
EWB00_001408	6182.A0A4Z2DX44	COMPARTMENTS	GOCC:0043232	Intracellular membraneless organelle
EWB00_001408	6182.A0A4Z2DX44	COMPARTMENTS	GOCC:0043233	Organelle lumen
EWB00_001408	6182.A0A4Z2DX44	COMPARTMENTS	GOCC:0070013	Intracellular organelle lumen
EWB00_001408	6182.A0A4Z2DX44	COMPARTMENTS	GOCC:0070603	SWI/SNF superfamily-type complex
EWB00_001408	6182.A0A4Z2DX44	COMPARTMENTS	GOCC:0097346	INO80-type complex
EWB00_001408	6182.A0A4Z2DX44	COMPARTMENTS	GOCC:0110165	Cellular anatomical structure
EWB00_001408	6182.A0A4Z2DX44	COMPARTMENTS	GOCC:1904949	ATPase complex
EWB00_001408	6182.A0A4Z2DX44	UniProt Keywords	KW-0963	Cytoplasm
EWB00_001408	6182.A0A4Z2DX44	InterPro	IPR004000	Actin family
EWB00_001408	6182.A0A4Z2DX44	InterPro	IPR043129	ATPase, nucleotide binding domain
EWB00_001408	6182.A0A4Z2DX44	SMART	SM00268	Actin
EWB00_001471	6182.A0A4Z2DFS2	GO Process	GO:0000165	MAPK cascade
EWB00_001471	6182.A0A4Z2DFS2	GO Process	GO:0002009	Morphogenesis of an epithelium
EWB00_001471	6182.A0A4Z2DFS2	GO Process	GO:0003006	Developmental process involved in reproduction
EWB00_001471	6182.A0A4Z2DFS2	GO Process	GO:0003008	System process
EWB00_001471	6182.A0A4Z2DFS2	GO Process	GO:0006139	Nucleobase-containing compound metabolic process
EWB00_001471	6182.A0A4Z2DFS2	GO Process	GO:0006259	DNA metabolic process
EWB00_001471	6182.A0A4Z2DFS2	GO Process	GO:0006260	DNA replication
EWB00_001471	6182.A0A4Z2DFS2	GO Process	GO:0006261	DNA-templated DNA replication
EWB00_001471	6182.A0A4Z2DFS2	GO Process	GO:0006810	Transport
EWB00_001471	6182.A0A4Z2DFS2	GO Process	GO:0006996	Organelle organization
EWB00_001471	6182.A0A4Z2DFS2	GO Process	GO:0007010	Cytoskeleton organization
EWB00_001471	6182.A0A4Z2DFS2	GO Process	GO:0007049	Cell cycle
EWB00_001471	6182.A0A4Z2DFS2	GO Process	GO:0007154	Cell communication
EWB00_001471	6182.A0A4Z2DFS2	GO Process	GO:0007165	Signal transduction
EWB00_001471	6182.A0A4Z2DFS2	GO Process	GO:0007254	JNK cascade
EWB00_001471	6182.A0A4Z2DFS2	GO Process	GO:0007275	Multicellular organism development
EWB00_001471	6182.A0A4Z2DFS2	GO Process	GO:0007276	Gamete generation
EWB00_001471	6182.A0A4Z2DFS2	GO Process	GO:0007281	Germ cell development
EWB00_001471	6182.A0A4Z2DFS2	GO Process	GO:0007292	Female gamete generation
EWB00_001471	6182.A0A4Z2DFS2	GO Process	GO:0007349	Cellularization
EWB00_001471	6182.A0A4Z2DFS2	GO Process	GO:0007431	Salivary gland development
EWB00_001471	6182.A0A4Z2DFS2	GO Process	GO:0007435	Salivary gland morphogenesis
EWB00_001471	6182.A0A4Z2DFS2	GO Process	GO:0007444	Imaginal disc development
EWB00_001471	6182.A0A4Z2DFS2	GO Process	GO:0007548	Sex differentiation
EWB00_001471	6182.A0A4Z2DFS2	GO Process	GO:0007610	Behavior
EWB00_001471	6182.A0A4Z2DFS2	GO Process	GO:0007611	Learning or memory
EWB00_001471	6182.A0A4Z2DFS2	GO Process	GO:0008064	Regulation of actin polymerization or depolymerization
EWB00_001471	6182.A0A4Z2DFS2	GO Process	GO:0008152	Metabolic process
EWB00_001471	6182.A0A4Z2DFS2	GO Process	GO:0008340	Determination of adult lifespan
EWB00_001471	6182.A0A4Z2DFS2	GO Process	GO:0009653	Anatomical structure morphogenesis
EWB00_001471	6182.A0A4Z2DFS2	GO Process	GO:0009790	Embryo development
EWB00_001471	6182.A0A4Z2DFS2	GO Process	GO:0009792	Embryo development ending in birth or egg hatching
EWB00_001471	6182.A0A4Z2DFS2	GO Process	GO:0009887	Animal organ morphogenesis
EWB00_001471	6182.A0A4Z2DFS2	GO Process	GO:0009888	Tissue development
EWB00_001471	6182.A0A4Z2DFS2	GO Process	GO:0009987	Cellular process
EWB00_001471	6182.A0A4Z2DFS2	GO Process	GO:0016043	Cellular component organization
EWB00_001471	6182.A0A4Z2DFS2	GO Process	GO:0016331	Morphogenesis of embryonic epithelium
EWB00_001471	6182.A0A4Z2DFS2	GO Process	GO:0019953	Sexual reproduction
EWB00_001471	6182.A0A4Z2DFS2	GO Process	GO:0022402	Cell cycle process
EWB00_001471	6182.A0A4Z2DFS2	GO Process	GO:0022412	Cellular process involved in reproduction in multicellular organism
EWB00_001471	6182.A0A4Z2DFS2	GO Process	GO:0022414	Reproductive process
EWB00_001471	6182.A0A4Z2DFS2	GO Process	GO:0022612	Gland morphogenesis
EWB00_001471	6182.A0A4Z2DFS2	GO Process	GO:0023052	Signaling
EWB00_001471	6182.A0A4Z2DFS2	GO Process	GO:0030029	Actin filament-based process
EWB00_001471	6182.A0A4Z2DFS2	GO Process	GO:0030036	Actin cytoskeleton organization
EWB00_001471	6182.A0A4Z2DFS2	GO Process	GO:0030154	Cell differentiation
EWB00_001471	6182.A0A4Z2DFS2	GO Process	GO:0030832	Regulation of actin filament length
EWB00_001471	6182.A0A4Z2DFS2	GO Process	GO:0030833	Regulation of actin filament polymerization
EWB00_001471	6182.A0A4Z2DFS2	GO Process	GO:0032271	Regulation of protein polymerization
EWB00_001471	6182.A0A4Z2DFS2	GO Process	GO:0032501	Multicellular organismal process
EWB00_001471	6182.A0A4Z2DFS2	GO Process	GO:0032502	Developmental process
EWB00_001471	6182.A0A4Z2DFS2	GO Process	GO:0032535	Regulation of cellular component size
EWB00_001471	6182.A0A4Z2DFS2	GO Process	GO:0032956	Regulation of actin cytoskeleton organization
EWB00_001471	6182.A0A4Z2DFS2	GO Process	GO:0032970	Regulation of actin filament-based process
EWB00_001471	6182.A0A4Z2DFS2	GO Process	GO:0033043	Regulation of organelle organization
EWB00_001471	6182.A0A4Z2DFS2	GO Process	GO:0035272	Exocrine system development
EWB00_001471	6182.A0A4Z2DFS2	GO Process	GO:0035556	Intracellular signal transduction
EWB00_001471	6182.A0A4Z2DFS2	GO Process	GO:0042023	DNA endoreduplication
EWB00_001471	6182.A0A4Z2DFS2	GO Process	GO:0043062	Extracellular structure organization
EWB00_001471	6182.A0A4Z2DFS2	GO Process	GO:0043170	Macromolecule metabolic process
EWB00_001471	6182.A0A4Z2DFS2	GO Process	GO:0043254	Regulation of protein-containing complex assembly
EWB00_001471	6182.A0A4Z2DFS2	GO Process	GO:0044087	Regulation of cellular component biogenesis
EWB00_001471	6182.A0A4Z2DFS2	GO Process	GO:0044238	Primary metabolic process
EWB00_001471	6182.A0A4Z2DFS2	GO Process	GO:0044786	Cell cycle DNA replication
EWB00_001471	6182.A0A4Z2DFS2	GO Process	GO:0048468	Cell development
EWB00_001471	6182.A0A4Z2DFS2	GO Process	GO:0048477	Oogenesis
EWB00_001471	6182.A0A4Z2DFS2	GO Process	GO:0048513	Animal organ development
EWB00_001471	6182.A0A4Z2DFS2	GO Process	GO:0048598	Embryonic morphogenesis
EWB00_001471	6182.A0A4Z2DFS2	GO Process	GO:0048608	Reproductive structure development
EWB00_001471	6182.A0A4Z2DFS2	GO Process	GO:0048609	Multicellular organismal reproductive process
EWB00_001471	6182.A0A4Z2DFS2	GO Process	GO:0048646	Anatomical structure formation involved in morphogenesis
EWB00_001471	6182.A0A4Z2DFS2	GO Process	GO:0048729	Tissue morphogenesis
EWB00_001471	6182.A0A4Z2DFS2	GO Process	GO:0048731	System development
EWB00_001471	6182.A0A4Z2DFS2	GO Process	GO:0048732	Gland development
EWB00_001471	6182.A0A4Z2DFS2	GO Process	GO:0048806	Genitalia development
EWB00_001471	6182.A0A4Z2DFS2	GO Process	GO:0048856	Anatomical structure development
EWB00_001471	6182.A0A4Z2DFS2	GO Process	GO:0048869	Cellular developmental process
EWB00_001471	6182.A0A4Z2DFS2	GO Process	GO:0050789	Regulation of biological process
EWB00_001471	6182.A0A4Z2DFS2	GO Process	GO:0050794	Regulation of cellular process
EWB00_001471	6182.A0A4Z2DFS2	GO Process	GO:0050877	Nervous system process
EWB00_001471	6182.A0A4Z2DFS2	GO Process	GO:0050890	Cognition
EWB00_001471	6182.A0A4Z2DFS2	GO Process	GO:0050896	Response to stimulus
EWB00_001471	6182.A0A4Z2DFS2	GO Process	GO:0051128	Regulation of cellular component organization
EWB00_001471	6182.A0A4Z2DFS2	GO Process	GO:0051179	Localization
EWB00_001471	6182.A0A4Z2DFS2	GO Process	GO:0051234	Establishment of localization
EWB00_001471	6182.A0A4Z2DFS2	GO Process	GO:0051276	Chromosome organization
EWB00_001471	6182.A0A4Z2DFS2	GO Process	GO:0051321	Meiotic cell cycle
EWB00_001471	6182.A0A4Z2DFS2	GO Process	GO:0051493	Regulation of cytoskeleton organization
EWB00_001471	6182.A0A4Z2DFS2	GO Process	GO:0051716	Cellular response to stimulus
EWB00_001471	6182.A0A4Z2DFS2	GO Process	GO:0060429	Epithelium development
EWB00_001471	6182.A0A4Z2DFS2	GO Process	GO:0060541	Respiratory system development
EWB00_001471	6182.A0A4Z2DFS2	GO Process	GO:0061458	Reproductive system development
EWB00_001471	6182.A0A4Z2DFS2	GO Process	GO:0061982	Meiosis I cell cycle process
EWB00_001471	6182.A0A4Z2DFS2	GO Process	GO:0065007	Biological regulation
EWB00_001471	6182.A0A4Z2DFS2	GO Process	GO:0065008	Regulation of biological quality
EWB00_001471	6182.A0A4Z2DFS2	GO Process	GO:0070192	Chromosome organization involved in meiotic cell cycle
EWB00_001471	6182.A0A4Z2DFS2	GO Process	GO:0071840	Cellular component organization or biogenesis
EWB00_001471	6182.A0A4Z2DFS2	GO Process	GO:0090066	Regulation of anatomical structure size
EWB00_001471	6182.A0A4Z2DFS2	GO Process	GO:0090304	Nucleic acid metabolic process
EWB00_001471	6182.A0A4Z2DFS2	GO Process	GO:0110053	Regulation of actin filament organization
EWB00_001471	6182.A0A4Z2DFS2	GO Process	GO:0141124	Intracellular signaling cassette
EWB00_001471	6182.A0A4Z2DFS2	GO Process	GO:1902903	Regulation of supramolecular fiber organization
EWB00_001471	6182.A0A4Z2DFS2	GO Process	GO:1903046	Meiotic cell cycle process
EWB00_001471	6182.A0A4Z2DFS2	GO Function	GO:0000166	Nucleotide binding
EWB00_001471	6182.A0A4Z2DFS2	GO Function	GO:0003824	Catalytic activity
EWB00_001471	6182.A0A4Z2DFS2	GO Function	GO:0004672	Protein kinase activity
EWB00_001471	6182.A0A4Z2DFS2	GO Function	GO:0004713	Protein tyrosine kinase activity
EWB00_001471	6182.A0A4Z2DFS2	GO Function	GO:0004715	Non-membrane spanning protein tyrosine kinase activity
EWB00_001471	6182.A0A4Z2DFS2	GO Function	GO:0005488	Binding
EWB00_001471	6182.A0A4Z2DFS2	GO Function	GO:0005524	ATP binding
EWB00_001471	6182.A0A4Z2DFS2	GO Function	GO:0008270	Zinc ion binding
EWB00_001471	6182.A0A4Z2DFS2	GO Function	GO:0016301	Kinase activity
EWB00_001471	6182.A0A4Z2DFS2	GO Function	GO:0016740	Transferase activity
EWB00_001471	6182.A0A4Z2DFS2	GO Function	GO:0016772	Transferase activity, transferring phosphorus-containing groups
EWB00_001471	6182.A0A4Z2DFS2	GO Function	GO:0016773	Phosphotransferase activity, alcohol group as acceptor
EWB00_001471	6182.A0A4Z2DFS2	GO Function	GO:0017076	Purine nucleotide binding
EWB00_001471	6182.A0A4Z2DFS2	GO Function	GO:0030554	Adenyl nucleotide binding
EWB00_001471	6182.A0A4Z2DFS2	GO Function	GO:0032553	Ribonucleotide binding
EWB00_001471	6182.A0A4Z2DFS2	GO Function	GO:0032555	Purine ribonucleotide binding
EWB00_001471	6182.A0A4Z2DFS2	GO Function	GO:0032559	Adenyl ribonucleotide binding
EWB00_001471	6182.A0A4Z2DFS2	GO Function	GO:0035639	Purine ribonucleoside triphosphate binding
EWB00_001471	6182.A0A4Z2DFS2	GO Function	GO:0036094	Small molecule binding
EWB00_001471	6182.A0A4Z2DFS2	GO Function	GO:0043167	Ion binding
EWB00_001471	6182.A0A4Z2DFS2	GO Function	GO:0043168	Anion binding
EWB00_001471	6182.A0A4Z2DFS2	GO Function	GO:0043169	Cation binding
EWB00_001471	6182.A0A4Z2DFS2	GO Function	GO:0046872	Metal ion binding
EWB00_001471	6182.A0A4Z2DFS2	GO Function	GO:0046914	Transition metal ion binding
EWB00_001471	6182.A0A4Z2DFS2	GO Function	GO:0097367	Carbohydrate derivative binding
EWB00_001471	6182.A0A4Z2DFS2	GO Function	GO:0140096	Catalytic activity, acting on a protein
EWB00_001471	6182.A0A4Z2DFS2	GO Function	GO:1901265	Nucleoside phosphate binding
EWB00_001471	6182.A0A4Z2DFS2	GO Function	GO:1901363	Heterocyclic compound binding
EWB00_001471	6182.A0A4Z2DFS2	GO Component	GO:0005622	Intracellular anatomical structure
EWB00_001471	6182.A0A4Z2DFS2	GO Component	GO:0005737	Cytoplasm
EWB00_001471	6182.A0A4Z2DFS2	GO Component	GO:0005886	Plasma membrane
EWB00_001471	6182.A0A4Z2DFS2	GO Component	GO:0016020	Membrane
EWB00_001471	6182.A0A4Z2DFS2	GO Component	GO:0045171	Intercellular bridge
EWB00_001471	6182.A0A4Z2DFS2	GO Component	GO:0045177	Apical part of cell
EWB00_001471	6182.A0A4Z2DFS2	GO Component	GO:0071944	Cell periphery
EWB00_001471	6182.A0A4Z2DFS2	GO Component	GO:0110165	Cellular anatomical structure
EWB00_001471	6182.A0A4Z2DFS2	STRING clusters	CL:654	Mixed, incl. Small GTPase-mediated signal transduction, and Cell surface receptor protein tyrosine kinase signaling pathway
EWB00_001471	6182.A0A4Z2DFS2	STRING clusters	CL:872	Mixed, incl. mTOR signaling pathway, and 14-3-3 domain
EWB00_001471	6182.A0A4Z2DFS2	Reactome	MAP-109581	Apoptosis
EWB00_001471	6182.A0A4Z2DFS2	Reactome	MAP-111465	Apoptotic cleavage of cellular proteins
EWB00_001471	6182.A0A4Z2DFS2	Reactome	MAP-1280215	Cytokine Signaling in Immune system
EWB00_001471	6182.A0A4Z2DFS2	Reactome	MAP-1280218	Adaptive Immune System
EWB00_001471	6182.A0A4Z2DFS2	Reactome	MAP-1430728	Metabolism
EWB00_001471	6182.A0A4Z2DFS2	Reactome	MAP-1483255	PI Metabolism
EWB00_001471	6182.A0A4Z2DFS2	Reactome	MAP-1483257	Phospholipid metabolism
EWB00_001471	6182.A0A4Z2DFS2	Reactome	MAP-162582	Signal Transduction
EWB00_001471	6182.A0A4Z2DFS2	Reactome	MAP-1660499	Synthesis of PIPs at the plasma membrane
EWB00_001471	6182.A0A4Z2DFS2	Reactome	MAP-168249	Innate Immune System
EWB00_001471	6182.A0A4Z2DFS2	Reactome	MAP-168256	Immune System
EWB00_001471	6182.A0A4Z2DFS2	Reactome	MAP-202403	TCR signaling
EWB00_001471	6182.A0A4Z2DFS2	Reactome	MAP-202433	Generation of second messenger molecules
EWB00_001471	6182.A0A4Z2DFS2	Reactome	MAP-2172127	DAP12 interactions
EWB00_001471	6182.A0A4Z2DFS2	Reactome	MAP-2424491	DAP12 signaling
EWB00_001471	6182.A0A4Z2DFS2	Reactome	MAP-2454202	Fc epsilon receptor (FCERI) signaling
EWB00_001471	6182.A0A4Z2DFS2	Reactome	MAP-2871809	FCERI mediated Ca+2 mobilization
EWB00_001471	6182.A0A4Z2DFS2	Reactome	MAP-372790	Signaling by GPCR
EWB00_001471	6182.A0A4Z2DFS2	Reactome	MAP-388396	GPCR downstream signalling
EWB00_001471	6182.A0A4Z2DFS2	Reactome	MAP-397795	G-protein beta:gamma signalling
EWB00_001471	6182.A0A4Z2DFS2	Reactome	MAP-416476	G alpha (q) signalling events
EWB00_001471	6182.A0A4Z2DFS2	Reactome	MAP-416482	G alpha (12/13) signalling events
EWB00_001471	6182.A0A4Z2DFS2	Reactome	MAP-449147	Signaling by Interleukins
EWB00_001471	6182.A0A4Z2DFS2	Reactome	MAP-512988	Interleukin-3, Interleukin-5 and GM-CSF signaling
EWB00_001471	6182.A0A4Z2DFS2	Reactome	MAP-5357801	Programmed Cell Death
EWB00_001471	6182.A0A4Z2DFS2	Reactome	MAP-556833	Metabolism of lipids
EWB00_001471	6182.A0A4Z2DFS2	Reactome	MAP-75153	Apoptotic execution phase
EWB00_001471	6182.A0A4Z2DFS2	Reactome	MAP-8964315	G beta:gamma signalling through BTK
EWB00_001471	6182.A0A4Z2DFS2	COMPARTMENTS	GOCC:0005576	Extracellular region
EWB00_001471	6182.A0A4Z2DFS2	COMPARTMENTS	GOCC:0005622	Intracellular anatomical structure
EWB00_001471	6182.A0A4Z2DFS2	COMPARTMENTS	GOCC:0005737	Cytoplasm
EWB00_001471	6182.A0A4Z2DFS2	COMPARTMENTS	GOCC:0005886	Plasma membrane
EWB00_001471	6182.A0A4Z2DFS2	COMPARTMENTS	GOCC:0016020	Membrane
EWB00_001471	6182.A0A4Z2DFS2	COMPARTMENTS	GOCC:0045171	Intercellular bridge
EWB00_001471	6182.A0A4Z2DFS2	COMPARTMENTS	GOCC:0045177	Apical part of cell
EWB00_001471	6182.A0A4Z2DFS2	COMPARTMENTS	GOCC:0071944	Cell periphery
EWB00_001471	6182.A0A4Z2DFS2	COMPARTMENTS	GOCC:0110165	Cellular anatomical structure
EWB00_001471	6182.A0A4Z2DFS2	UniProt Keywords	KW-0067	ATP-binding
EWB00_001471	6182.A0A4Z2DFS2	UniProt Keywords	KW-0418	Kinase
EWB00_001471	6182.A0A4Z2DFS2	UniProt Keywords	KW-0472	Membrane
EWB00_001471	6182.A0A4Z2DFS2	UniProt Keywords	KW-0479	Metal-binding
EWB00_001471	6182.A0A4Z2DFS2	UniProt Keywords	KW-0547	Nucleotide-binding
EWB00_001471	6182.A0A4Z2DFS2	UniProt Keywords	KW-0597	Phosphoprotein
EWB00_001471	6182.A0A4Z2DFS2	UniProt Keywords	KW-0727	SH2 domain
EWB00_001471	6182.A0A4Z2DFS2	UniProt Keywords	KW-0728	SH3 domain
EWB00_001471	6182.A0A4Z2DFS2	UniProt Keywords	KW-0808	Transferase
EWB00_001471	6182.A0A4Z2DFS2	UniProt Keywords	KW-0829	Tyrosine-protein kinase
EWB00_001471	6182.A0A4Z2DFS2	UniProt Keywords	KW-0862	Zinc
EWB00_001471	6182.A0A4Z2DFS2	UniProt Keywords	KW-0863	Zinc-finger
EWB00_001471	6182.A0A4Z2DFS2	InterPro	IPR000719	Protein kinase domain
EWB00_001471	6182.A0A4Z2DFS2	InterPro	IPR000980	SH2 domain
EWB00_001471	6182.A0A4Z2DFS2	InterPro	IPR001245	Serine-threonine/tyrosine-protein kinase, catalytic domain
EWB00_001471	6182.A0A4Z2DFS2	InterPro	IPR001452	SH3 domain
EWB00_001471	6182.A0A4Z2DFS2	InterPro	IPR001849	Pleckstrin homology domain
EWB00_001471	6182.A0A4Z2DFS2	InterPro	IPR008266	Tyrosine-protein kinase, active site
EWB00_001471	6182.A0A4Z2DFS2	InterPro	IPR011009	Protein kinase-like domain superfamily
EWB00_001471	6182.A0A4Z2DFS2	InterPro	IPR011993	PH-like domain superfamily
EWB00_001471	6182.A0A4Z2DFS2	InterPro	IPR017441	Protein kinase, ATP binding site
EWB00_001471	6182.A0A4Z2DFS2	InterPro	IPR020635	Tyrosine-protein kinase, catalytic domain
EWB00_001471	6182.A0A4Z2DFS2	InterPro	IPR036028	SH3-like domain superfamily
EWB00_001471	6182.A0A4Z2DFS2	InterPro	IPR036860	SH2 domain superfamily
EWB00_001471	6182.A0A4Z2DFS2	InterPro	IPR050198	Non-receptor tyrosine kinases involved in cell signaling
EWB00_001471	6182.A0A4Z2DFS2	SMART	SM00219	Tyrosine kinase, catalytic domain
EWB00_001471	6182.A0A4Z2DFS2	SMART	SM00233	Pleckstrin homology domain.
EWB00_001471	6182.A0A4Z2DFS2	SMART	SM00252	Src homology 2 domains
EWB00_001471	6182.A0A4Z2DFS2	SMART	SM00326	Src homology 3 domains
EWB00_001618	6182.A0A4Z2DF74	GO Process	GO:0006325	Chromatin organization
EWB00_001618	6182.A0A4Z2DF74	GO Process	GO:0006338	Chromatin remodeling
EWB00_001618	6182.A0A4Z2DF74	GO Process	GO:0006355	Regulation of DNA-templated transcription
EWB00_001618	6182.A0A4Z2DF74	GO Process	GO:0006357	Regulation of transcription by RNA polymerase II
EWB00_001618	6182.A0A4Z2DF74	GO Process	GO:0007275	Multicellular organism development
EWB00_001618	6182.A0A4Z2DF74	GO Process	GO:0007399	Nervous system development
EWB00_001618	6182.A0A4Z2DF74	GO Process	GO:0009889	Regulation of biosynthetic process
EWB00_001618	6182.A0A4Z2DF74	GO Process	GO:0009893	Positive regulation of metabolic process
EWB00_001618	6182.A0A4Z2DF74	GO Process	GO:0009987	Cellular process
EWB00_001618	6182.A0A4Z2DF74	GO Process	GO:0010468	Regulation of gene expression
EWB00_001618	6182.A0A4Z2DF74	GO Process	GO:0010556	Regulation of macromolecule biosynthetic process
EWB00_001618	6182.A0A4Z2DF74	GO Process	GO:0010604	Positive regulation of macromolecule metabolic process
EWB00_001618	6182.A0A4Z2DF74	GO Process	GO:0016043	Cellular component organization
EWB00_001618	6182.A0A4Z2DF74	GO Process	GO:0019219	Regulation of nucleobase-containing compound metabolic process
EWB00_001618	6182.A0A4Z2DF74	GO Process	GO:0019222	Regulation of metabolic process
EWB00_001618	6182.A0A4Z2DF74	GO Process	GO:0032501	Multicellular organismal process
EWB00_001618	6182.A0A4Z2DF74	GO Process	GO:0032502	Developmental process
EWB00_001618	6182.A0A4Z2DF74	GO Process	GO:0045935	Positive regulation of nucleobase-containing compound metabolic process
EWB00_001618	6182.A0A4Z2DF74	GO Process	GO:0048518	Positive regulation of biological process
EWB00_001618	6182.A0A4Z2DF74	GO Process	GO:0048522	Positive regulation of cellular process
EWB00_001618	6182.A0A4Z2DF74	GO Process	GO:0048731	System development
EWB00_001618	6182.A0A4Z2DF74	GO Process	GO:0048856	Anatomical structure development
EWB00_001618	6182.A0A4Z2DF74	GO Process	GO:0050789	Regulation of biological process
EWB00_001618	6182.A0A4Z2DF74	GO Process	GO:0050794	Regulation of cellular process
EWB00_001618	6182.A0A4Z2DF74	GO Process	GO:0051252	Regulation of RNA metabolic process
EWB00_001618	6182.A0A4Z2DF74	GO Process	GO:0060255	Regulation of macromolecule metabolic process
EWB00_001618	6182.A0A4Z2DF74	GO Process	GO:0065007	Biological regulation
EWB00_001618	6182.A0A4Z2DF74	GO Process	GO:0071840	Cellular component organization or biogenesis
EWB00_001618	6182.A0A4Z2DF74	GO Process	GO:0080090	Regulation of primary metabolic process
EWB00_001618	6182.A0A4Z2DF74	GO Process	GO:2001141	Regulation of RNA biosynthetic process
EWB00_001618	6182.A0A4Z2DF74	GO Function	GO:0003682	Chromatin binding
EWB00_001618	6182.A0A4Z2DF74	GO Function	GO:0005488	Binding
EWB00_001618	6182.A0A4Z2DF74	GO Component	GO:0000123	Histone acetyltransferase complex
EWB00_001618	6182.A0A4Z2DF74	GO Component	GO:0000785	Chromatin
EWB00_001618	6182.A0A4Z2DF74	GO Component	GO:0005622	Intracellular anatomical structure
EWB00_001618	6182.A0A4Z2DF74	GO Component	GO:0005634	Nucleus
EWB00_001618	6182.A0A4Z2DF74	GO Component	GO:0005694	Chromosome
EWB00_001618	6182.A0A4Z2DF74	GO Component	GO:0016514	SWI/SNF complex
EWB00_001618	6182.A0A4Z2DF74	GO Component	GO:0031248	Protein acetyltransferase complex
EWB00_001618	6182.A0A4Z2DF74	GO Component	GO:0032991	Protein-containing complex
EWB00_001618	6182.A0A4Z2DF74	GO Component	GO:0035267	NuA4 histone acetyltransferase complex
EWB00_001618	6182.A0A4Z2DF74	GO Component	GO:0043189	H4/H2A histone acetyltransferase complex
EWB00_001618	6182.A0A4Z2DF74	GO Component	GO:0043226	Organelle
EWB00_001618	6182.A0A4Z2DF74	GO Component	GO:0043227	Membrane-bounded organelle
EWB00_001618	6182.A0A4Z2DF74	GO Component	GO:0043228	Membraneless organelle
EWB00_001618	6182.A0A4Z2DF74	GO Component	GO:0043229	Intracellular organelle
EWB00_001618	6182.A0A4Z2DF74	GO Component	GO:0043231	Intracellular membrane-bounded organelle
EWB00_001618	6182.A0A4Z2DF74	GO Component	GO:0043232	Intracellular membraneless organelle
EWB00_001618	6182.A0A4Z2DF74	GO Component	GO:0070603	SWI/SNF superfamily-type complex
EWB00_001618	6182.A0A4Z2DF74	GO Component	GO:0110165	Cellular anatomical structure
EWB00_001618	6182.A0A4Z2DF74	GO Component	GO:0140513	Nuclear protein-containing complex
EWB00_001618	6182.A0A4Z2DF74	GO Component	GO:0140535	Intracellular protein-containing complex
EWB00_001618	6182.A0A4Z2DF74	GO Component	GO:1902493	Acetyltransferase complex
EWB00_001618	6182.A0A4Z2DF74	GO Component	GO:1902494	Catalytic complex
EWB00_001618	6182.A0A4Z2DF74	GO Component	GO:1902562	H4 histone acetyltransferase complex
EWB00_001618	6182.A0A4Z2DF74	GO Component	GO:1904949	ATPase complex
EWB00_001618	6182.A0A4Z2DF74	GO Component	GO:1990234	Transferase complex
EWB00_001618	6182.A0A4Z2DF74	STRING clusters	CL:3611	SWI/SNF chromatin remodelers, and SWIB domain
EWB00_001618	6182.A0A4Z2DF74	STRING clusters	CL:3616	SWI/SNF chromatin remodelers
EWB00_001618	6182.A0A4Z2DF74	STRING clusters	CL:3620	SWI/SNF chromatin remodelers
EWB00_001618	6182.A0A4Z2DF74	STRING clusters	CL:3624	SWI/SNF complex, and Chromatin Remodeling Complex Component
EWB00_001618	6182.A0A4Z2DF74	KEGG	map03082	ATP-dependent chromatin remodeling
EWB00_001618	6182.A0A4Z2DF74	Reactome	MAP-212436	Generic Transcription Pathway
EWB00_001618	6182.A0A4Z2DF74	Reactome	MAP-3214858	RMTs methylate histone arginines
EWB00_001618	6182.A0A4Z2DF74	Reactome	MAP-3247509	Chromatin modifying enzymes
EWB00_001618	6182.A0A4Z2DF74	Reactome	MAP-4839726	Chromatin organization
EWB00_001618	6182.A0A4Z2DF74	Reactome	MAP-73857	RNA Polymerase II Transcription
EWB00_001618	6182.A0A4Z2DF74	Reactome	MAP-74160	Gene expression (Transcription)
EWB00_001618	6182.A0A4Z2DF74	Reactome	MAP-8878171	Transcriptional regulation by RUNX1
EWB00_001618	6182.A0A4Z2DF74	Reactome	MAP-8939243	RUNX1 interacts with co-factors whose precise effect on RUNX1 targets is not known
EWB00_001618	6182.A0A4Z2DF74	COMPARTMENTS	GOCC:0000785	Chromatin
EWB00_001618	6182.A0A4Z2DF74	COMPARTMENTS	GOCC:0005622	Intracellular anatomical structure
EWB00_001618	6182.A0A4Z2DF74	COMPARTMENTS	GOCC:0005634	Nucleus
EWB00_001618	6182.A0A4Z2DF74	COMPARTMENTS	GOCC:0005694	Chromosome
EWB00_001618	6182.A0A4Z2DF74	COMPARTMENTS	GOCC:0016514	SWI/SNF complex
EWB00_001618	6182.A0A4Z2DF74	COMPARTMENTS	GOCC:0032991	Protein-containing complex
EWB00_001618	6182.A0A4Z2DF74	COMPARTMENTS	GOCC:0043226	Organelle
EWB00_001618	6182.A0A4Z2DF74	COMPARTMENTS	GOCC:0043227	Membrane-bounded organelle
EWB00_001618	6182.A0A4Z2DF74	COMPARTMENTS	GOCC:0043228	Membraneless organelle
EWB00_001618	6182.A0A4Z2DF74	COMPARTMENTS	GOCC:0043229	Intracellular organelle
EWB00_001618	6182.A0A4Z2DF74	COMPARTMENTS	GOCC:0043231	Intracellular membrane-bounded organelle
EWB00_001618	6182.A0A4Z2DF74	COMPARTMENTS	GOCC:0043232	Intracellular membraneless organelle
EWB00_001618	6182.A0A4Z2DF74	COMPARTMENTS	GOCC:0070603	SWI/SNF superfamily-type complex
EWB00_001618	6182.A0A4Z2DF74	COMPARTMENTS	GOCC:0110165	Cellular anatomical structure
EWB00_001618	6182.A0A4Z2DF74	COMPARTMENTS	GOCC:1904949	ATPase complex
EWB00_001618	6182.A0A4Z2DF74	InterPro	IPR004000	Actin family
EWB00_001618	6182.A0A4Z2DF74	InterPro	IPR043129	ATPase, nucleotide binding domain
EWB00_001618	6182.A0A4Z2DF74	SMART	SM00268	Actin
EWB00_002103	6182.A0A4Z2DDE8	GO Process	GO:0007154	Cell communication
EWB00_002103	6182.A0A4Z2DDE8	GO Process	GO:0007155	Cell adhesion
EWB00_002103	6182.A0A4Z2DDE8	GO Process	GO:0007160	Cell-matrix adhesion
EWB00_002103	6182.A0A4Z2DDE8	GO Process	GO:0007165	Signal transduction
EWB00_002103	6182.A0A4Z2DDE8	GO Process	GO:0007166	Cell surface receptor signaling pathway
EWB00_002103	6182.A0A4Z2DDE8	GO Process	GO:0007229	Integrin-mediated signaling pathway
EWB00_002103	6182.A0A4Z2DDE8	GO Process	GO:0009987	Cellular process
EWB00_002103	6182.A0A4Z2DDE8	GO Process	GO:0023052	Signaling
EWB00_002103	6182.A0A4Z2DDE8	GO Process	GO:0031589	Cell-substrate adhesion
EWB00_002103	6182.A0A4Z2DDE8	GO Process	GO:0050789	Regulation of biological process
EWB00_002103	6182.A0A4Z2DDE8	GO Process	GO:0050794	Regulation of cellular process
EWB00_002103	6182.A0A4Z2DDE8	GO Process	GO:0050896	Response to stimulus
EWB00_002103	6182.A0A4Z2DDE8	GO Process	GO:0051716	Cellular response to stimulus
EWB00_002103	6182.A0A4Z2DDE8	GO Process	GO:0065007	Biological regulation
EWB00_002103	6182.A0A4Z2DDE8	GO Function	GO:0005102	Signaling receptor binding
EWB00_002103	6182.A0A4Z2DDE8	GO Function	GO:0005178	Integrin binding
EWB00_002103	6182.A0A4Z2DDE8	GO Function	GO:0005488	Binding
EWB00_002103	6182.A0A4Z2DDE8	GO Function	GO:0005515	Protein binding
EWB00_002103	6182.A0A4Z2DDE8	GO Function	GO:0044877	Protein-containing complex binding
EWB00_002103	6182.A0A4Z2DDE8	GO Function	GO:0050839	Cell adhesion molecule binding
EWB00_002103	6182.A0A4Z2DDE8	GO Component	GO:0030054	Cell junction
EWB00_002103	6182.A0A4Z2DDE8	GO Component	GO:0030055	Cell-substrate junction
EWB00_002103	6182.A0A4Z2DDE8	GO Component	GO:0042995	Cell projection
EWB00_002103	6182.A0A4Z2DDE8	GO Component	GO:0070161	Anchoring junction
EWB00_002103	6182.A0A4Z2DDE8	GO Component	GO:0110165	Cellular anatomical structure
EWB00_002103	6182.A0A4Z2DDE8	STRING clusters	CL:585	Mixed, incl. Integrin-mediated signaling pathway, and PDZ and LIM domain-containing
EWB00_002103	6182.A0A4Z2DDE8	STRING clusters	CL:588	Integrin-mediated signaling pathway, and Cell-extracellular matrix interactions
EWB00_002103	6182.A0A4Z2DDE8	STRING clusters	CL:620	Cell-extracellular matrix interactions
EWB00_002103	6182.A0A4Z2DDE8	Reactome	MAP-1500931	Cell-Cell communication
EWB00_002103	6182.A0A4Z2DDE8	Reactome	MAP-162582	Signal Transduction
EWB00_002103	6182.A0A4Z2DDE8	Reactome	MAP-194315	Signaling by Rho GTPases
EWB00_002103	6182.A0A4Z2DDE8	Reactome	MAP-446353	Cell-extracellular matrix interactions
EWB00_002103	6182.A0A4Z2DDE8	Reactome	MAP-446728	Cell junction organization
EWB00_002103	6182.A0A4Z2DDE8	Reactome	MAP-9012999	RHO GTPase cycle
EWB00_002103	6182.A0A4Z2DDE8	Reactome	MAP-9013149	RAC1 GTPase cycle
EWB00_002103	6182.A0A4Z2DDE8	Reactome	MAP-9013423	RAC3 GTPase cycle
EWB00_002103	6182.A0A4Z2DDE8	Reactome	MAP-9716542	Signaling by Rho GTPases, Miro GTPases and RHOBTB3
EWB00_002103	6182.A0A4Z2DDE8	COMPARTMENTS	GOCC:0030054	Cell junction
EWB00_002103	6182.A0A4Z2DDE8	COMPARTMENTS	GOCC:0030055	Cell-substrate junction
EWB00_002103	6182.A0A4Z2DDE8	COMPARTMENTS	GOCC:0070161	Anchoring junction
EWB00_002103	6182.A0A4Z2DDE8	COMPARTMENTS	GOCC:0110165	Cellular anatomical structure
EWB00_002103	6182.A0A4Z2DDE8	InterPro	IPR001849	Pleckstrin homology domain
EWB00_002103	6182.A0A4Z2DDE8	InterPro	IPR011993	PH-like domain superfamily
EWB00_002103	6182.A0A4Z2DDE8	InterPro	IPR014352	FERM/acyl-CoA-binding protein superfamily
EWB00_002103	6182.A0A4Z2DDE8	InterPro	IPR019748	FERM central domain
EWB00_002103	6182.A0A4Z2DDE8	InterPro	IPR019749	Band 4.1 domain
EWB00_002103	6182.A0A4Z2DDE8	InterPro	IPR035963	FERM superfamily, second domain
EWB00_002103	6182.A0A4Z2DDE8	InterPro	IPR037843	Kindlin/fermitin
EWB00_002103	6182.A0A4Z2DDE8	InterPro	IPR040790	Kindlin-2, N-terminal
EWB00_002103	6182.A0A4Z2DDE8	SMART	SM00233	Pleckstrin homology domain.
EWB00_002502	6182.Q71TT8	GO Process	GO:0009653	Anatomical structure morphogenesis
EWB00_002502	6182.Q71TT8	GO Process	GO:0009987	Cellular process
EWB00_002502	6182.Q71TT8	GO Process	GO:0032502	Developmental process
EWB00_002502	6182.Q71TT8	GO Process	GO:0048856	Anatomical structure development
EWB00_002502	6182.Q71TT8	GO Function	GO:0000166	Nucleotide binding
EWB00_002502	6182.Q71TT8	GO Function	GO:0003824	Catalytic activity
EWB00_002502	6182.Q71TT8	GO Function	GO:0005488	Binding
EWB00_002502	6182.Q71TT8	GO Function	GO:0005524	ATP binding
EWB00_002502	6182.Q71TT8	GO Function	GO:0016787	Hydrolase activity
EWB00_002502	6182.Q71TT8	GO Function	GO:0017076	Purine nucleotide binding
EWB00_002502	6182.Q71TT8	GO Function	GO:0030554	Adenyl nucleotide binding
EWB00_002502	6182.Q71TT8	GO Function	GO:0032553	Ribonucleotide binding
EWB00_002502	6182.Q71TT8	GO Function	GO:0032555	Purine ribonucleotide binding
EWB00_002502	6182.Q71TT8	GO Function	GO:0032559	Adenyl ribonucleotide binding
EWB00_002502	6182.Q71TT8	GO Function	GO:0035639	Purine ribonucleoside triphosphate binding
EWB00_002502	6182.Q71TT8	GO Function	GO:0036094	Small molecule binding
EWB00_002502	6182.Q71TT8	GO Function	GO:0043167	Ion binding
EWB00_002502	6182.Q71TT8	GO Function	GO:0043168	Anion binding
EWB00_002502	6182.Q71TT8	GO Function	GO:0097367	Carbohydrate derivative binding
EWB00_002502	6182.Q71TT8	GO Function	GO:1901265	Nucleoside phosphate binding
EWB00_002502	6182.Q71TT8	GO Function	GO:1901363	Heterocyclic compound binding
EWB00_002502	6182.Q71TT8	GO Component	GO:0005622	Intracellular anatomical structure
EWB00_002502	6182.Q71TT8	GO Component	GO:0005856	Cytoskeleton
EWB00_002502	6182.Q71TT8	GO Component	GO:0043226	Organelle
EWB00_002502	6182.Q71TT8	GO Component	GO:0043228	Membraneless organelle
EWB00_002502	6182.Q71TT8	GO Component	GO:0043229	Intracellular organelle
EWB00_002502	6182.Q71TT8	GO Component	GO:0043232	Intracellular membraneless organelle
EWB00_002502	6182.Q71TT8	GO Component	GO:0110165	Cellular anatomical structure
EWB00_002502	6182.Q71TT8	STRING clusters	CL:1135	Regulation of actin dynamics for phagocytic cup formation, and Actin filament organization
EWB00_002502	6182.Q71TT8	STRING clusters	CL:1137	RHO GTPases Activate WASPs and WAVEs, and Regulation of store-operated calcium entry
EWB00_002502	6182.Q71TT8	STRING clusters	CL:1140	RHO GTPases Activate WASPs and WAVEs
EWB00_002502	6182.Q71TT8	STRING clusters	CL:1142	Actin nucleation
EWB00_002502	6182.Q71TT8	KEGG	map03082	ATP-dependent chromatin remodeling
EWB00_002502	6182.Q71TT8	KEGG	map04145	Phagosome
EWB00_002502	6182.Q71TT8	KEGG	map04814	Motor proteins
EWB00_002502	6182.Q71TT8	KEGG	map04820	Cytoskeleton in muscle cells
EWB00_002502	6182.Q71TT8	KEGG	map05100	Bacterial invasion of epithelial cells
EWB00_002502	6182.Q71TT8	Reactome	MAP-1500931	Cell-Cell communication
EWB00_002502	6182.Q71TT8	Reactome	MAP-418990	Adherens junctions interactions
EWB00_002502	6182.Q71TT8	Reactome	MAP-421270	Cell-cell junction organization
EWB00_002502	6182.Q71TT8	Reactome	MAP-446728	Cell junction organization
EWB00_002502	6182.Q71TT8	Reactome	MAP-9759476	Regulation of Homotypic Cell-Cell Adhesion
EWB00_002502	6182.Q71TT8	Reactome	MAP-9764265	Regulation of CDH1 Expression and Function
EWB00_002502	6182.Q71TT8	Reactome	MAP-9764274	Regulation of Expression and Function of Type I Classical Cadherins
EWB00_002502	6182.Q71TT8	Reactome	MAP-9764561	Regulation of CDH1 Function
EWB00_002502	6182.Q71TT8	COMPARTMENTS	GOCC:0005622	Intracellular anatomical structure
EWB00_002502	6182.Q71TT8	COMPARTMENTS	GOCC:0005856	Cytoskeleton
EWB00_002502	6182.Q71TT8	COMPARTMENTS	GOCC:0043226	Organelle
EWB00_002502	6182.Q71TT8	COMPARTMENTS	GOCC:0043228	Membraneless organelle
EWB00_002502	6182.Q71TT8	COMPARTMENTS	GOCC:0043229	Intracellular organelle
EWB00_002502	6182.Q71TT8	COMPARTMENTS	GOCC:0043232	Intracellular membraneless organelle
EWB00_002502	6182.Q71TT8	COMPARTMENTS	GOCC:0110165	Cellular anatomical structure
EWB00_002502	6182.Q71TT8	UniProt Keywords	KW-0067	ATP-binding
EWB00_002502	6182.Q71TT8	UniProt Keywords	KW-0206	Cytoskeleton
EWB00_002502	6182.Q71TT8	UniProt Keywords	KW-0547	Nucleotide-binding
EWB00_002502	6182.Q71TT8	UniProt Keywords	KW-0963	Cytoplasm
EWB00_002502	6182.Q71TT8	InterPro	IPR004000	Actin family
EWB00_002502	6182.Q71TT8	InterPro	IPR004001	Actin, conserved site
EWB00_002502	6182.Q71TT8	InterPro	IPR020902	Actin/actin-like conserved site
EWB00_002502	6182.Q71TT8	InterPro	IPR043129	ATPase, nucleotide binding domain
EWB00_002502	6182.Q71TT8	SMART	SM00268	Actin
EWB00_002741	6182.A0A4Z2DB14	GO Process	GO:0007155	Cell adhesion
EWB00_002741	6182.A0A4Z2DB14	GO Process	GO:0007275	Multicellular organism development
EWB00_002741	6182.A0A4Z2DB14	GO Process	GO:0007399	Nervous system development
EWB00_002741	6182.A0A4Z2DB14	GO Process	GO:0009653	Anatomical structure morphogenesis
EWB00_002741	6182.A0A4Z2DB14	GO Process	GO:0009887	Animal organ morphogenesis
EWB00_002741	6182.A0A4Z2DB14	GO Process	GO:0009888	Tissue development
EWB00_002741	6182.A0A4Z2DB14	GO Process	GO:0009987	Cellular process
EWB00_002741	6182.A0A4Z2DB14	GO Process	GO:0016043	Cellular component organization
EWB00_002741	6182.A0A4Z2DB14	GO Process	GO:0016477	Cell migration
EWB00_002741	6182.A0A4Z2DB14	GO Process	GO:0022008	Neurogenesis
EWB00_002741	6182.A0A4Z2DB14	GO Process	GO:0030030	Cell projection organization
EWB00_002741	6182.A0A4Z2DB14	GO Process	GO:0030154	Cell differentiation
EWB00_002741	6182.A0A4Z2DB14	GO Process	GO:0030182	Neuron differentiation
EWB00_002741	6182.A0A4Z2DB14	GO Process	GO:0031175	Neuron projection development
EWB00_002741	6182.A0A4Z2DB14	GO Process	GO:0031589	Cell-substrate adhesion
EWB00_002741	6182.A0A4Z2DB14	GO Process	GO:0032501	Multicellular organismal process
EWB00_002741	6182.A0A4Z2DB14	GO Process	GO:0032502	Developmental process
EWB00_002741	6182.A0A4Z2DB14	GO Process	GO:0034446	Substrate adhesion-dependent cell spreading
EWB00_002741	6182.A0A4Z2DB14	GO Process	GO:0048468	Cell development
EWB00_002741	6182.A0A4Z2DB14	GO Process	GO:0048513	Animal organ development
EWB00_002741	6182.A0A4Z2DB14	GO Process	GO:0048666	Neuron development
EWB00_002741	6182.A0A4Z2DB14	GO Process	GO:0048699	Generation of neurons
EWB00_002741	6182.A0A4Z2DB14	GO Process	GO:0048731	System development
EWB00_002741	6182.A0A4Z2DB14	GO Process	GO:0048856	Anatomical structure development
EWB00_002741	6182.A0A4Z2DB14	GO Process	GO:0048869	Cellular developmental process
EWB00_002741	6182.A0A4Z2DB14	GO Process	GO:0048870	Cell motility
EWB00_002741	6182.A0A4Z2DB14	GO Process	GO:0071840	Cellular component organization or biogenesis
EWB00_002741	6182.A0A4Z2DB14	GO Process	GO:0120036	Plasma membrane bounded cell projection organization
EWB00_002741	6182.A0A4Z2DB14	GO Function	GO:0005198	Structural molecule activity
EWB00_002741	6182.A0A4Z2DB14	GO Function	GO:0005201	Extracellular matrix structural constituent
EWB00_002741	6182.A0A4Z2DB14	GO Function	GO:0005488	Binding
EWB00_002741	6182.A0A4Z2DB14	GO Function	GO:0005515	Protein binding
EWB00_002741	6182.A0A4Z2DB14	GO Function	GO:0044877	Protein-containing complex binding
EWB00_002741	6182.A0A4Z2DB14	GO Component	GO:0005576	Extracellular region
EWB00_002741	6182.A0A4Z2DB14	GO Component	GO:0005604	Basement membrane
EWB00_002741	6182.A0A4Z2DB14	GO Component	GO:0030312	External encapsulating structure
EWB00_002741	6182.A0A4Z2DB14	GO Component	GO:0031012	Extracellular matrix
EWB00_002741	6182.A0A4Z2DB14	GO Component	GO:0032991	Protein-containing complex
EWB00_002741	6182.A0A4Z2DB14	GO Component	GO:0071944	Cell periphery
EWB00_002741	6182.A0A4Z2DB14	GO Component	GO:0110165	Cellular anatomical structure
EWB00_002741	6182.A0A4Z2DB14	STRING clusters	CL:585	Mixed, incl. Integrin-mediated signaling pathway, and PDZ and LIM domain-containing
EWB00_002741	6182.A0A4Z2DB14	STRING clusters	CL:588	Integrin-mediated signaling pathway, and Cell-extracellular matrix interactions
EWB00_002741	6182.A0A4Z2DB14	STRING clusters	CL:589	Integrin cell surface interactions, and Laminin, N-terminal
EWB00_002741	6182.A0A4Z2DB14	STRING clusters	CL:609	Laminin, N-terminal, and Integrin beta N-terminal
EWB00_002741	6182.A0A4Z2DB14	KEGG	map04512	ECM-receptor interaction
EWB00_002741	6182.A0A4Z2DB14	Reactome	MAP-1266738	Developmental Biology
EWB00_002741	6182.A0A4Z2DB14	Reactome	MAP-1474244	Extracellular matrix organization
EWB00_002741	6182.A0A4Z2DB14	Reactome	MAP-162582	Signal Transduction
EWB00_002741	6182.A0A4Z2DB14	Reactome	MAP-1643685	Disease
EWB00_002741	6182.A0A4Z2DB14	Reactome	MAP-3000171	Non-integrin membrane-ECM interactions
EWB00_002741	6182.A0A4Z2DB14	Reactome	MAP-5663205	Infectious disease
EWB00_002741	6182.A0A4Z2DB14	Reactome	MAP-9006934	Signaling by Receptor Tyrosine Kinases
EWB00_002741	6182.A0A4Z2DB14	Reactome	MAP-9638630	Attachment of bacteria to epithelial cells
EWB00_002741	6182.A0A4Z2DB14	Reactome	MAP-9640148	Infection with Enterobacteria
EWB00_002741	6182.A0A4Z2DB14	Reactome	MAP-9824439	Bacterial Infection Pathways
EWB00_002741	6182.A0A4Z2DB14	Reactome	MAP-9913351	Formation of the dystrophin-glycoprotein complex (DGC)
EWB00_002741	6182.A0A4Z2DB14	Reactome	MAP-9931953	Biofilm formation
EWB00_002741	6182.A0A4Z2DB14	COMPARTMENTS	GOCC:0005604	Basement membrane
EWB00_002741	6182.A0A4Z2DB14	COMPARTMENTS	GOCC:0030312	External encapsulating structure
EWB00_002741	6182.A0A4Z2DB14	COMPARTMENTS	GOCC:0031012	Extracellular matrix
EWB00_002741	6182.A0A4Z2DB14	COMPARTMENTS	GOCC:0062023	Collagen-containing extracellular matrix
EWB00_002741	6182.A0A4Z2DB14	COMPARTMENTS	GOCC:0071944	Cell periphery
EWB00_002741	6182.A0A4Z2DB14	COMPARTMENTS	GOCC:0110165	Cellular anatomical structure
EWB00_002741	6182.A0A4Z2DB14	UniProt Keywords	KW-0084	Basement membrane
EWB00_002741	6182.A0A4Z2DB14	UniProt Keywords	KW-0175	Coiled coil
EWB00_002741	6182.A0A4Z2DB14	UniProt Keywords	KW-0272	Extracellular matrix
EWB00_002741	6182.A0A4Z2DB14	UniProt Keywords	KW-0325	Glycoprotein
EWB00_002741	6182.A0A4Z2DB14	UniProt Keywords	KW-0424	Laminin EGF-like domain
EWB00_002741	6182.A0A4Z2DB14	UniProt Keywords	KW-0677	Repeat
EWB00_002741	6182.A0A4Z2DB14	UniProt Keywords	KW-0732	Signal
EWB00_002741	6182.A0A4Z2DB14	UniProt Keywords	KW-0964	Secreted
EWB00_002741	6182.A0A4Z2DB14	UniProt Keywords	KW-1015	Disulfide bond
EWB00_002741	6182.A0A4Z2DB14	InterPro	IPR000742	EGF-like domain
EWB00_002741	6182.A0A4Z2DB14	InterPro	IPR002049	Laminin-type EGF domain
EWB00_002741	6182.A0A4Z2DB14	InterPro	IPR008211	Laminin, N-terminal
EWB00_002741	6182.A0A4Z2DB14	InterPro	IPR050440	Laminin/Netrin Extracellular Matrix
EWB00_002741	6182.A0A4Z2DB14	InterPro	IPR056863	Laminin/attractin/netrin-like, EGF domain
EWB00_002741	6182.A0A4Z2DB14	SMART	SM00136	Laminin N-terminal domain (domain VI)
EWB00_002741	6182.A0A4Z2DB14	SMART	SM00180	Laminin-type epidermal growth factor-like domai
EWB00_002775	6182.A0A4Z2DBA8	GO Process	GO:0006996	Organelle organization
EWB00_002775	6182.A0A4Z2DBA8	GO Process	GO:0007010	Cytoskeleton organization
EWB00_002775	6182.A0A4Z2DBA8	GO Process	GO:0009987	Cellular process
EWB00_002775	6182.A0A4Z2DBA8	GO Process	GO:0016043	Cellular component organization
EWB00_002775	6182.A0A4Z2DBA8	GO Process	GO:0030029	Actin filament-based process
EWB00_002775	6182.A0A4Z2DBA8	GO Process	GO:0030036	Actin cytoskeleton organization
EWB00_002775	6182.A0A4Z2DBA8	GO Process	GO:0071840	Cellular component organization or biogenesis
EWB00_002775	6182.A0A4Z2DBA8	GO Function	GO:0003779	Actin binding
EWB00_002775	6182.A0A4Z2DBA8	GO Function	GO:0005488	Binding
EWB00_002775	6182.A0A4Z2DBA8	GO Function	GO:0005515	Protein binding
EWB00_002775	6182.A0A4Z2DBA8	GO Function	GO:0008092	Cytoskeletal protein binding
EWB00_002775	6182.A0A4Z2DBA8	GO Function	GO:0044877	Protein-containing complex binding
EWB00_002775	6182.A0A4Z2DBA8	GO Function	GO:0051015	Actin filament binding
EWB00_002775	6182.A0A4Z2DBA8	GO Component	GO:0005622	Intracellular anatomical structure
EWB00_002775	6182.A0A4Z2DBA8	GO Component	GO:0005737	Cytoplasm
EWB00_002775	6182.A0A4Z2DBA8	GO Component	GO:0005856	Cytoskeleton
EWB00_002775	6182.A0A4Z2DBA8	GO Component	GO:0043226	Organelle
EWB00_002775	6182.A0A4Z2DBA8	GO Component	GO:0043228	Membraneless organelle
EWB00_002775	6182.A0A4Z2DBA8	GO Component	GO:0043229	Intracellular organelle
EWB00_002775	6182.A0A4Z2DBA8	GO Component	GO:0043232	Intracellular membraneless organelle
EWB00_002775	6182.A0A4Z2DBA8	GO Component	GO:0071944	Cell periphery
EWB00_002775	6182.A0A4Z2DBA8	GO Component	GO:0110165	Cellular anatomical structure
EWB00_002775	6182.A0A4Z2DBA8	STRING clusters	CL:585	Mixed, incl. Integrin-mediated signaling pathway, and PDZ and LIM domain-containing
EWB00_002775	6182.A0A4Z2DBA8	STRING clusters	CL:588	Integrin-mediated signaling pathway, and Cell-extracellular matrix interactions
EWB00_002775	6182.A0A4Z2DBA8	STRING clusters	CL:589	Integrin cell surface interactions, and Laminin, N-terminal
EWB00_002775	6182.A0A4Z2DBA8	STRING clusters	CL:590	Integrin cell surface interactions, and Filamin family
EWB00_002775	6182.A0A4Z2DBA8	STRING clusters	CL:591	Talin, central, and Filamin family
EWB00_002775	6182.A0A4Z2DBA8	COMPARTMENTS	GOCC:0005622	Intracellular anatomical structure
EWB00_002775	6182.A0A4Z2DBA8	COMPARTMENTS	GOCC:0043226	Organelle
EWB00_002775	6182.A0A4Z2DBA8	COMPARTMENTS	GOCC:0043229	Intracellular organelle
EWB00_002775	6182.A0A4Z2DBA8	COMPARTMENTS	GOCC:0110165	Cellular anatomical structure
EWB00_002775	6182.A0A4Z2DBA8	UniProt Keywords	KW-0009	Actin-binding
EWB00_002775	6182.A0A4Z2DBA8	UniProt Keywords	KW-0677	Repeat
EWB00_002775	6182.A0A4Z2DBA8	InterPro	IPR001298	Filamin/ABP280 repeat
EWB00_002775	6182.A0A4Z2DBA8	InterPro	IPR001589	Actinin-type actin-binding domain, conserved site
EWB00_002775	6182.A0A4Z2DBA8	InterPro	IPR001715	Calponin homology domain
EWB00_002775	6182.A0A4Z2DBA8	InterPro	IPR013783	Immunoglobulin-like fold
EWB00_002775	6182.A0A4Z2DBA8	InterPro	IPR014756	Immunoglobulin E-set
EWB00_002775	6182.A0A4Z2DBA8	InterPro	IPR017868	Filamin/ABP280 repeat-like
EWB00_002775	6182.A0A4Z2DBA8	InterPro	IPR036872	CH domain superfamily
EWB00_002775	6182.A0A4Z2DBA8	InterPro	IPR044801	Filamin family
EWB00_002775	6182.A0A4Z2DBA8	SMART	SM00033	Calponin homology domain
EWB00_002775	6182.A0A4Z2DBA8	SMART	SM00557	Filamin-type immunoglobulin domains
EWB00_002869	6182.A0A4Z2DAG8	GO Process	GO:0007154	Cell communication
EWB00_002869	6182.A0A4Z2DAG8	GO Process	GO:0007155	Cell adhesion
EWB00_002869	6182.A0A4Z2DAG8	GO Process	GO:0007160	Cell-matrix adhesion
EWB00_002869	6182.A0A4Z2DAG8	GO Process	GO:0007165	Signal transduction
EWB00_002869	6182.A0A4Z2DAG8	GO Process	GO:0007166	Cell surface receptor signaling pathway
EWB00_002869	6182.A0A4Z2DAG8	GO Process	GO:0007229	Integrin-mediated signaling pathway
EWB00_002869	6182.A0A4Z2DAG8	GO Process	GO:0009987	Cellular process
EWB00_002869	6182.A0A4Z2DAG8	GO Process	GO:0016477	Cell migration
EWB00_002869	6182.A0A4Z2DAG8	GO Process	GO:0023052	Signaling
EWB00_002869	6182.A0A4Z2DAG8	GO Process	GO:0031589	Cell-substrate adhesion
EWB00_002869	6182.A0A4Z2DAG8	GO Process	GO:0033627	Cell adhesion mediated by integrin
EWB00_002869	6182.A0A4Z2DAG8	GO Process	GO:0048870	Cell motility
EWB00_002869	6182.A0A4Z2DAG8	GO Process	GO:0050789	Regulation of biological process
EWB00_002869	6182.A0A4Z2DAG8	GO Process	GO:0050794	Regulation of cellular process
EWB00_002869	6182.A0A4Z2DAG8	GO Process	GO:0050896	Response to stimulus
EWB00_002869	6182.A0A4Z2DAG8	GO Process	GO:0051716	Cellular response to stimulus
EWB00_002869	6182.A0A4Z2DAG8	GO Process	GO:0065007	Biological regulation
EWB00_002869	6182.A0A4Z2DAG8	GO Process	GO:0098609	Cell-cell adhesion
EWB00_002869	6182.A0A4Z2DAG8	GO Function	GO:0005102	Signaling receptor binding
EWB00_002869	6182.A0A4Z2DAG8	GO Function	GO:0005178	Integrin binding
EWB00_002869	6182.A0A4Z2DAG8	GO Function	GO:0005488	Binding
EWB00_002869	6182.A0A4Z2DAG8	GO Function	GO:0005515	Protein binding
EWB00_002869	6182.A0A4Z2DAG8	GO Function	GO:0036094	Small molecule binding
EWB00_002869	6182.A0A4Z2DAG8	GO Function	GO:0043167	Ion binding
EWB00_002869	6182.A0A4Z2DAG8	GO Function	GO:0043169	Cation binding
EWB00_002869	6182.A0A4Z2DAG8	GO Function	GO:0044877	Protein-containing complex binding
EWB00_002869	6182.A0A4Z2DAG8	GO Function	GO:0046872	Metal ion binding
EWB00_002869	6182.A0A4Z2DAG8	GO Function	GO:0050839	Cell adhesion molecule binding
EWB00_002869	6182.A0A4Z2DAG8	GO Component	GO:0005886	Plasma membrane
EWB00_002869	6182.A0A4Z2DAG8	GO Component	GO:0005925	Focal adhesion
EWB00_002869	6182.A0A4Z2DAG8	GO Component	GO:0008305	Integrin complex
EWB00_002869	6182.A0A4Z2DAG8	GO Component	GO:0009986	Cell surface
EWB00_002869	6182.A0A4Z2DAG8	GO Component	GO:0016020	Membrane
EWB00_002869	6182.A0A4Z2DAG8	GO Component	GO:0030054	Cell junction
EWB00_002869	6182.A0A4Z2DAG8	GO Component	GO:0030055	Cell-substrate junction
EWB00_002869	6182.A0A4Z2DAG8	GO Component	GO:0032991	Protein-containing complex
EWB00_002869	6182.A0A4Z2DAG8	GO Component	GO:0043235	Receptor complex
EWB00_002869	6182.A0A4Z2DAG8	GO Component	GO:0070161	Anchoring junction
EWB00_002869	6182.A0A4Z2DAG8	GO Component	GO:0071944	Cell periphery
EWB00_002869	6182.A0A4Z2DAG8	GO Component	GO:0098636	Protein complex involved in cell adhesion
EWB00_002869	6182.A0A4Z2DAG8	GO Component	GO:0098796	Membrane protein complex
EWB00_002869	6182.A0A4Z2DAG8	GO Component	GO:0098797	Plasma membrane protein complex
EWB00_002869	6182.A0A4Z2DAG8	GO Component	GO:0098802	Plasma membrane signaling receptor complex
EWB00_002869	6182.A0A4Z2DAG8	GO Component	GO:0110165	Cellular anatomical structure
EWB00_002869	6182.A0A4Z2DAG8	STRING clusters	CL:585	Mixed, incl. Integrin-mediated signaling pathway, and PDZ and LIM domain-containing
EWB00_002869	6182.A0A4Z2DAG8	STRING clusters	CL:588	Integrin-mediated signaling pathway, and Cell-extracellular matrix interactions
EWB00_002869	6182.A0A4Z2DAG8	STRING clusters	CL:589	Integrin cell surface interactions, and Laminin, N-terminal
EWB00_002869	6182.A0A4Z2DAG8	STRING clusters	CL:590	Integrin cell surface interactions, and Filamin family
EWB00_002869	6182.A0A4Z2DAG8	STRING clusters	CL:600	FG-GAP repeat, and Filamin family
EWB00_002869	6182.A0A4Z2DAG8	KEGG	map04512	ECM-receptor interaction
EWB00_002869	6182.A0A4Z2DAG8	KEGG	map04820	Cytoskeleton in muscle cells
EWB00_002869	6182.A0A4Z2DAG8	Reactome	MAP-1474244	Extracellular matrix organization
EWB00_002869	6182.A0A4Z2DAG8	Reactome	MAP-216083	Integrin cell surface interactions
EWB00_002869	6182.A0A4Z2DAG8	COMPARTMENTS	GOCC:0005886	Plasma membrane
EWB00_002869	6182.A0A4Z2DAG8	COMPARTMENTS	GOCC:0016020	Membrane
EWB00_002869	6182.A0A4Z2DAG8	COMPARTMENTS	GOCC:0071944	Cell periphery
EWB00_002869	6182.A0A4Z2DAG8	COMPARTMENTS	GOCC:0110165	Cellular anatomical structure
EWB00_002869	6182.A0A4Z2DAG8	UniProt Keywords	KW-0130	Cell adhesion
EWB00_002869	6182.A0A4Z2DAG8	UniProt Keywords	KW-0325	Glycoprotein
EWB00_002869	6182.A0A4Z2DAG8	UniProt Keywords	KW-0401	Integrin
EWB00_002869	6182.A0A4Z2DAG8	UniProt Keywords	KW-0472	Membrane
EWB00_002869	6182.A0A4Z2DAG8	UniProt Keywords	KW-0677	Repeat
EWB00_002869	6182.A0A4Z2DAG8	UniProt Keywords	KW-0812	Transmembrane
EWB00_002869	6182.A0A4Z2DAG8	UniProt Keywords	KW-1003	Cell membrane
EWB00_002869	6182.A0A4Z2DAG8	UniProt Keywords	KW-1015	Disulfide bond
EWB00_002869	6182.A0A4Z2DAG8	UniProt Keywords	KW-1133	Transmembrane helix
EWB00_002869	6182.A0A4Z2DAG8	InterPro	IPR000742	EGF-like domain
EWB00_002869	6182.A0A4Z2DAG8	InterPro	IPR002049	Laminin-type EGF domain
EWB00_002869	6182.A0A4Z2DAG8	InterPro	IPR015812	Integrin beta subunit
EWB00_002869	6182.A0A4Z2DAG8	InterPro	IPR036465	Von Willebrand factor A-like domain superfamily
EWB00_002869	6182.A0A4Z2DAG8	SMART	SM00181	Epidermal growth factor-like domain.
EWB00_002869	6182.A0A4Z2DAG8	SMART	SM00327	Von Willebrand factor (vWF) type A domain
EWB00_002919	6182.A0A4Z2DWJ9	GO Process	GO:0007154	Cell communication
EWB00_002919	6182.A0A4Z2DWJ9	GO Process	GO:0007155	Cell adhesion
EWB00_002919	6182.A0A4Z2DWJ9	GO Process	GO:0007165	Signal transduction
EWB00_002919	6182.A0A4Z2DWJ9	GO Process	GO:0007166	Cell surface receptor signaling pathway
EWB00_002919	6182.A0A4Z2DWJ9	GO Process	GO:0007229	Integrin-mediated signaling pathway
EWB00_002919	6182.A0A4Z2DWJ9	GO Process	GO:0007275	Multicellular organism development
EWB00_002919	6182.A0A4Z2DWJ9	GO Process	GO:0009987	Cellular process
EWB00_002919	6182.A0A4Z2DWJ9	GO Process	GO:0023052	Signaling
EWB00_002919	6182.A0A4Z2DWJ9	GO Process	GO:0032501	Multicellular organismal process
EWB00_002919	6182.A0A4Z2DWJ9	GO Process	GO:0032502	Developmental process
EWB00_002919	6182.A0A4Z2DWJ9	GO Process	GO:0048856	Anatomical structure development
EWB00_002919	6182.A0A4Z2DWJ9	GO Process	GO:0050789	Regulation of biological process
EWB00_002919	6182.A0A4Z2DWJ9	GO Process	GO:0050794	Regulation of cellular process
EWB00_002919	6182.A0A4Z2DWJ9	GO Process	GO:0050896	Response to stimulus
EWB00_002919	6182.A0A4Z2DWJ9	GO Process	GO:0051716	Cellular response to stimulus
EWB00_002919	6182.A0A4Z2DWJ9	GO Process	GO:0065007	Biological regulation
EWB00_002919	6182.A0A4Z2DWJ9	GO Process	GO:0098609	Cell-cell adhesion
EWB00_002919	6182.A0A4Z2DWJ9	GO Function	GO:0005488	Binding
EWB00_002919	6182.A0A4Z2DWJ9	GO Function	GO:0036094	Small molecule binding
EWB00_002919	6182.A0A4Z2DWJ9	GO Function	GO:0038023	Signaling receptor activity
EWB00_002919	6182.A0A4Z2DWJ9	GO Function	GO:0043167	Ion binding
EWB00_002919	6182.A0A4Z2DWJ9	GO Function	GO:0043169	Cation binding
EWB00_002919	6182.A0A4Z2DWJ9	GO Function	GO:0046872	Metal ion binding
EWB00_002919	6182.A0A4Z2DWJ9	GO Function	GO:0060089	Molecular transducer activity
EWB00_002919	6182.A0A4Z2DWJ9	GO Component	GO:0005886	Plasma membrane
EWB00_002919	6182.A0A4Z2DWJ9	GO Component	GO:0008305	Integrin complex
EWB00_002919	6182.A0A4Z2DWJ9	GO Component	GO:0009986	Cell surface
EWB00_002919	6182.A0A4Z2DWJ9	GO Component	GO:0016020	Membrane
EWB00_002919	6182.A0A4Z2DWJ9	GO Component	GO:0032991	Protein-containing complex
EWB00_002919	6182.A0A4Z2DWJ9	GO Component	GO:0043235	Receptor complex
EWB00_002919	6182.A0A4Z2DWJ9	GO Component	GO:0071944	Cell periphery
EWB00_002919	6182.A0A4Z2DWJ9	GO Component	GO:0098636	Protein complex involved in cell adhesion
EWB00_002919	6182.A0A4Z2DWJ9	GO Component	GO:0098796	Membrane protein complex
EWB00_002919	6182.A0A4Z2DWJ9	GO Component	GO:0098797	Plasma membrane protein complex
EWB00_002919	6182.A0A4Z2DWJ9	GO Component	GO:0098802	Plasma membrane signaling receptor complex
EWB00_002919	6182.A0A4Z2DWJ9	GO Component	GO:0110165	Cellular anatomical structure
EWB00_002919	6182.A0A4Z2DWJ9	STRING clusters	CL:585	Mixed, incl. Integrin-mediated signaling pathway, and PDZ and LIM domain-containing
EWB00_002919	6182.A0A4Z2DWJ9	STRING clusters	CL:588	Integrin-mediated signaling pathway, and Cell-extracellular matrix interactions
EWB00_002919	6182.A0A4Z2DWJ9	STRING clusters	CL:589	Integrin cell surface interactions, and Laminin, N-terminal
EWB00_002919	6182.A0A4Z2DWJ9	STRING clusters	CL:590	Integrin cell surface interactions, and Filamin family
EWB00_002919	6182.A0A4Z2DWJ9	STRING clusters	CL:600	FG-GAP repeat, and Filamin family
EWB00_002919	6182.A0A4Z2DWJ9	KEGG	map04512	ECM-receptor interaction
EWB00_002919	6182.A0A4Z2DWJ9	KEGG	map04820	Cytoskeleton in muscle cells
EWB00_002919	6182.A0A4Z2DWJ9	Reactome	MAP-1474244	Extracellular matrix organization
EWB00_002919	6182.A0A4Z2DWJ9	Reactome	MAP-216083	Integrin cell surface interactions
EWB00_002919	6182.A0A4Z2DWJ9	COMPARTMENTS	GOCC:0005886	Plasma membrane
EWB00_002919	6182.A0A4Z2DWJ9	COMPARTMENTS	GOCC:0008305	Integrin complex
EWB00_002919	6182.A0A4Z2DWJ9	COMPARTMENTS	GOCC:0016020	Membrane
EWB00_002919	6182.A0A4Z2DWJ9	COMPARTMENTS	GOCC:0032991	Protein-containing complex
EWB00_002919	6182.A0A4Z2DWJ9	COMPARTMENTS	GOCC:0071944	Cell periphery
EWB00_002919	6182.A0A4Z2DWJ9	COMPARTMENTS	GOCC:0098797	Plasma membrane protein complex
EWB00_002919	6182.A0A4Z2DWJ9	COMPARTMENTS	GOCC:0098802	Plasma membrane signaling receptor complex
EWB00_002919	6182.A0A4Z2DWJ9	COMPARTMENTS	GOCC:0110165	Cellular anatomical structure
EWB00_002919	6182.A0A4Z2DWJ9	UniProt Keywords	KW-0130	Cell adhesion
EWB00_002919	6182.A0A4Z2DWJ9	UniProt Keywords	KW-0325	Glycoprotein
EWB00_002919	6182.A0A4Z2DWJ9	UniProt Keywords	KW-0401	Integrin
EWB00_002919	6182.A0A4Z2DWJ9	UniProt Keywords	KW-0472	Membrane
EWB00_002919	6182.A0A4Z2DWJ9	UniProt Keywords	KW-0675	Receptor
EWB00_002919	6182.A0A4Z2DWJ9	UniProt Keywords	KW-0677	Repeat
EWB00_002919	6182.A0A4Z2DWJ9	UniProt Keywords	KW-0732	Signal
EWB00_002919	6182.A0A4Z2DWJ9	UniProt Keywords	KW-0812	Transmembrane
EWB00_002919	6182.A0A4Z2DWJ9	UniProt Keywords	KW-1133	Transmembrane helix
EWB00_002919	6182.A0A4Z2DWJ9	InterPro	IPR000413	Integrin alpha chain
EWB00_002919	6182.A0A4Z2DWJ9	InterPro	IPR013517	FG-GAP repeat
EWB00_002919	6182.A0A4Z2DWJ9	InterPro	IPR013519	Integrin alpha beta-propellor
EWB00_002919	6182.A0A4Z2DWJ9	InterPro	IPR028994	Integrin alpha, N-terminal
EWB00_002919	6182.A0A4Z2DWJ9	InterPro	IPR032695	Integrin domain superfamily
EWB00_002919	6182.A0A4Z2DWJ9	InterPro	IPR048286	Integrin alpha, third immunoglobulin-like domain
EWB00_002919	6182.A0A4Z2DWJ9	SMART	SM00191	Integrin alpha (beta-propellor repeats).
EWB00_003146	6182.A0A4Z2D9E0	GO Process	GO:0006996	Organelle organization
EWB00_003146	6182.A0A4Z2D9E0	GO Process	GO:0007010	Cytoskeleton organization
EWB00_003146	6182.A0A4Z2D9E0	GO Process	GO:0007155	Cell adhesion
EWB00_003146	6182.A0A4Z2D9E0	GO Process	GO:0009987	Cellular process
EWB00_003146	6182.A0A4Z2D9E0	GO Process	GO:0016043	Cellular component organization
EWB00_003146	6182.A0A4Z2D9E0	GO Process	GO:0030029	Actin filament-based process
EWB00_003146	6182.A0A4Z2D9E0	GO Process	GO:0030036	Actin cytoskeleton organization
EWB00_003146	6182.A0A4Z2D9E0	GO Process	GO:0071840	Cellular component organization or biogenesis
EWB00_003146	6182.A0A4Z2D9E0	GO Process	GO:0098609	Cell-cell adhesion
EWB00_003146	6182.A0A4Z2D9E0	GO Function	GO:0003779	Actin binding
EWB00_003146	6182.A0A4Z2D9E0	GO Function	GO:0005102	Signaling receptor binding
EWB00_003146	6182.A0A4Z2D9E0	GO Function	GO:0005178	Integrin binding
EWB00_003146	6182.A0A4Z2D9E0	GO Function	GO:0005198	Structural molecule activity
EWB00_003146	6182.A0A4Z2D9E0	GO Function	GO:0005200	Structural constituent of cytoskeleton
EWB00_003146	6182.A0A4Z2D9E0	GO Function	GO:0005488	Binding
EWB00_003146	6182.A0A4Z2D9E0	GO Function	GO:0005515	Protein binding
EWB00_003146	6182.A0A4Z2D9E0	GO Function	GO:0008092	Cytoskeletal protein binding
EWB00_003146	6182.A0A4Z2D9E0	GO Function	GO:0044877	Protein-containing complex binding
EWB00_003146	6182.A0A4Z2D9E0	GO Function	GO:0050839	Cell adhesion molecule binding
EWB00_003146	6182.A0A4Z2D9E0	GO Function	GO:0051015	Actin filament binding
EWB00_003146	6182.A0A4Z2D9E0	GO Component	GO:0001726	Ruffle
EWB00_003146	6182.A0A4Z2D9E0	GO Component	GO:0005622	Intracellular anatomical structure
EWB00_003146	6182.A0A4Z2D9E0	GO Component	GO:0005737	Cytoplasm
EWB00_003146	6182.A0A4Z2D9E0	GO Component	GO:0005856	Cytoskeleton
EWB00_003146	6182.A0A4Z2D9E0	GO Component	GO:0005886	Plasma membrane
EWB00_003146	6182.A0A4Z2D9E0	GO Component	GO:0005925	Focal adhesion
EWB00_003146	6182.A0A4Z2D9E0	GO Component	GO:0016020	Membrane
EWB00_003146	6182.A0A4Z2D9E0	GO Component	GO:0030054	Cell junction
EWB00_003146	6182.A0A4Z2D9E0	GO Component	GO:0030055	Cell-substrate junction
EWB00_003146	6182.A0A4Z2D9E0	GO Component	GO:0031252	Cell leading edge
EWB00_003146	6182.A0A4Z2D9E0	GO Component	GO:0042995	Cell projection
EWB00_003146	6182.A0A4Z2D9E0	GO Component	GO:0043226	Organelle
EWB00_003146	6182.A0A4Z2D9E0	GO Component	GO:0043228	Membraneless organelle
EWB00_003146	6182.A0A4Z2D9E0	GO Component	GO:0043229	Intracellular organelle
EWB00_003146	6182.A0A4Z2D9E0	GO Component	GO:0043232	Intracellular membraneless organelle
EWB00_003146	6182.A0A4Z2D9E0	GO Component	GO:0070161	Anchoring junction
EWB00_003146	6182.A0A4Z2D9E0	GO Component	GO:0071944	Cell periphery
EWB00_003146	6182.A0A4Z2D9E0	GO Component	GO:0110165	Cellular anatomical structure
EWB00_003146	6182.A0A4Z2D9E0	GO Component	GO:0120025	Plasma membrane bounded cell projection
EWB00_003146	6182.A0A4Z2D9E0	STRING clusters	CL:585	Mixed, incl. Integrin-mediated signaling pathway, and PDZ and LIM domain-containing
EWB00_003146	6182.A0A4Z2D9E0	STRING clusters	CL:588	Integrin-mediated signaling pathway, and Cell-extracellular matrix interactions
EWB00_003146	6182.A0A4Z2D9E0	STRING clusters	CL:589	Integrin cell surface interactions, and Laminin, N-terminal
EWB00_003146	6182.A0A4Z2D9E0	STRING clusters	CL:590	Integrin cell surface interactions, and Filamin family
EWB00_003146	6182.A0A4Z2D9E0	STRING clusters	CL:591	Talin, central, and Filamin family
EWB00_003146	6182.A0A4Z2D9E0	KEGG	map04820	Cytoskeleton in muscle cells
EWB00_003146	6182.A0A4Z2D9E0	Reactome	MAP-109582	Hemostasis
EWB00_003146	6182.A0A4Z2D9E0	Reactome	MAP-114608	Platelet degranulation
EWB00_003146	6182.A0A4Z2D9E0	Reactome	MAP-1266738	Developmental Biology
EWB00_003146	6182.A0A4Z2D9E0	Reactome	MAP-162582	Signal Transduction
EWB00_003146	6182.A0A4Z2D9E0	Reactome	MAP-354192	Integrin signaling
EWB00_003146	6182.A0A4Z2D9E0	Reactome	MAP-373755	Semaphorin interactions
EWB00_003146	6182.A0A4Z2D9E0	Reactome	MAP-397014	Muscle contraction
EWB00_003146	6182.A0A4Z2D9E0	Reactome	MAP-422475	Axon guidance
EWB00_003146	6182.A0A4Z2D9E0	Reactome	MAP-445355	Smooth Muscle Contraction
EWB00_003146	6182.A0A4Z2D9E0	Reactome	MAP-5673001	RAF/MAP kinase cascade
EWB00_003146	6182.A0A4Z2D9E0	Reactome	MAP-5674135	MAP2K and MAPK activation
EWB00_003146	6182.A0A4Z2D9E0	Reactome	MAP-5683057	MAPK family signaling cascades
EWB00_003146	6182.A0A4Z2D9E0	Reactome	MAP-5684996	MAPK1/MAPK3 signaling
EWB00_003146	6182.A0A4Z2D9E0	Reactome	MAP-76002	Platelet activation, signaling and aggregation
EWB00_003146	6182.A0A4Z2D9E0	Reactome	MAP-76005	Response to elevated platelet cytosolic Ca2+
EWB00_003146	6182.A0A4Z2D9E0	Reactome	MAP-76009	Platelet Aggregation (Plug Formation)
EWB00_003146	6182.A0A4Z2D9E0	Reactome	MAP-9675108	Nervous system development
EWB00_003146	6182.A0A4Z2D9E0	COMPARTMENTS	GOCC:0001726	Ruffle
EWB00_003146	6182.A0A4Z2D9E0	COMPARTMENTS	GOCC:0031252	Cell leading edge
EWB00_003146	6182.A0A4Z2D9E0	COMPARTMENTS	GOCC:0042995	Cell projection
EWB00_003146	6182.A0A4Z2D9E0	COMPARTMENTS	GOCC:0110165	Cellular anatomical structure
EWB00_003146	6182.A0A4Z2D9E0	COMPARTMENTS	GOCC:0120025	Plasma membrane bounded cell projection
EWB00_003146	6182.A0A4Z2D9E0	UniProt Keywords	KW-0206	Cytoskeleton
EWB00_003146	6182.A0A4Z2D9E0	UniProt Keywords	KW-0963	Cytoplasm
EWB00_003146	6182.A0A4Z2D9E0	Pfam	PF01608	I/LWEQ domain
EWB00_003146	6182.A0A4Z2D9E0	Pfam	PF09141	Talin, middle domain
EWB00_003146	6182.A0A4Z2D9E0	InterPro	IPR000299	FERM domain
EWB00_003146	6182.A0A4Z2D9E0	InterPro	IPR002404	IRS-type PTB domain
EWB00_003146	6182.A0A4Z2D9E0	InterPro	IPR002558	I/LWEQ domain
EWB00_003146	6182.A0A4Z2D9E0	InterPro	IPR011993	PH-like domain superfamily
EWB00_003146	6182.A0A4Z2D9E0	InterPro	IPR014352	FERM/acyl-CoA-binding protein superfamily
EWB00_003146	6182.A0A4Z2D9E0	InterPro	IPR015224	Talin, central
EWB00_003146	6182.A0A4Z2D9E0	InterPro	IPR019748	FERM central domain
EWB00_003146	6182.A0A4Z2D9E0	InterPro	IPR019749	Band 4.1 domain
EWB00_003146	6182.A0A4Z2D9E0	InterPro	IPR035963	FERM superfamily, second domain
EWB00_003146	6182.A0A4Z2D9E0	InterPro	IPR035964	I/LWEQ domain superfamily
EWB00_003146	6182.A0A4Z2D9E0	InterPro	IPR036476	Talin, central domain superfamily
EWB00_003146	6182.A0A4Z2D9E0	InterPro	IPR036723	Alpha-catenin/vinculin-like superfamily
EWB00_003146	6182.A0A4Z2D9E0	InterPro	IPR049108	Talin, R4 domain
EWB00_003146	6182.A0A4Z2D9E0	InterPro	IPR054060	Talin 1-like, rod-segment domain
EWB00_003146	6182.A0A4Z2D9E0	SMART	SM00295	Band 4.1 homologues
EWB00_003146	6182.A0A4Z2D9E0	SMART	SM01244	Phosphotyrosine-binding domain
EWB00_003359	6182.C1LMR7	GO Process	GO:0006996	Organelle organization
EWB00_003359	6182.C1LMR7	GO Process	GO:0007010	Cytoskeleton organization
EWB00_003359	6182.C1LMR7	GO Process	GO:0007015	Actin filament organization
EWB00_003359	6182.C1LMR7	GO Process	GO:0008154	Actin polymerization or depolymerization
EWB00_003359	6182.C1LMR7	GO Process	GO:0009987	Cellular process
EWB00_003359	6182.C1LMR7	GO Process	GO:0016043	Cellular component organization
EWB00_003359	6182.C1LMR7	GO Process	GO:0022411	Cellular component disassembly
EWB00_003359	6182.C1LMR7	GO Process	GO:0030029	Actin filament-based process
EWB00_003359	6182.C1LMR7	GO Process	GO:0030036	Actin cytoskeleton organization
EWB00_003359	6182.C1LMR7	GO Process	GO:0030042	Actin filament depolymerization
EWB00_003359	6182.C1LMR7	GO Process	GO:0030043	Actin filament fragmentation
EWB00_003359	6182.C1LMR7	GO Process	GO:0032984	Protein-containing complex disassembly
EWB00_003359	6182.C1LMR7	GO Process	GO:0043933	Protein-containing complex organization
EWB00_003359	6182.C1LMR7	GO Process	GO:0048518	Positive regulation of biological process
EWB00_003359	6182.C1LMR7	GO Process	GO:0050789	Regulation of biological process
EWB00_003359	6182.C1LMR7	GO Process	GO:0051014	Actin filament severing
EWB00_003359	6182.C1LMR7	GO Process	GO:0051261	Protein depolymerization
EWB00_003359	6182.C1LMR7	GO Process	GO:0065007	Biological regulation
EWB00_003359	6182.C1LMR7	GO Process	GO:0071840	Cellular component organization or biogenesis
EWB00_003359	6182.C1LMR7	GO Process	GO:0097435	Supramolecular fiber organization
EWB00_003359	6182.C1LMR7	GO Function	GO:0003779	Actin binding
EWB00_003359	6182.C1LMR7	GO Function	GO:0005488	Binding
EWB00_003359	6182.C1LMR7	GO Function	GO:0005515	Protein binding
EWB00_003359	6182.C1LMR7	GO Function	GO:0008092	Cytoskeletal protein binding
EWB00_003359	6182.C1LMR7	GO Function	GO:0044877	Protein-containing complex binding
EWB00_003359	6182.C1LMR7	GO Function	GO:0051015	Actin filament binding
EWB00_003359	6182.C1LMR7	GO Component	GO:0005622	Intracellular anatomical structure
EWB00_003359	6182.C1LMR7	GO Component	GO:0005737	Cytoplasm
EWB00_003359	6182.C1LMR7	GO Component	GO:0005856	Cytoskeleton
EWB00_003359	6182.C1LMR7	GO Component	GO:0015629	Actin cytoskeleton
EWB00_003359	6182.C1LMR7	GO Component	GO:0043226	Organelle
EWB00_003359	6182.C1LMR7	GO Component	GO:0043228	Membraneless organelle
EWB00_003359	6182.C1LMR7	GO Component	GO:0043229	Intracellular organelle
EWB00_003359	6182.C1LMR7	GO Component	GO:0043232	Intracellular membraneless organelle
EWB00_003359	6182.C1LMR7	GO Component	GO:0110165	Cellular anatomical structure
EWB00_003359	6182.C1LMR7	STRING clusters	CL:1135	Regulation of actin dynamics for phagocytic cup formation, and Actin filament organization
EWB00_003359	6182.C1LMR7	STRING clusters	CL:1189	Mixed, incl. Actin-depolymerising factor homology domain, and Fimbrin/Plastin
EWB00_003359	6182.C1LMR7	STRING clusters	CL:1213	ADF/Cofilin, and Dual specificity phosphatase, catalytic domain
EWB00_003359	6182.C1LMR7	Reactome	MAP-109582	Hemostasis
EWB00_003359	6182.C1LMR7	Reactome	MAP-114608	Platelet degranulation
EWB00_003359	6182.C1LMR7	Reactome	MAP-1266738	Developmental Biology
EWB00_003359	6182.C1LMR7	Reactome	MAP-1280215	Cytokine Signaling in Immune system
EWB00_003359	6182.C1LMR7	Reactome	MAP-162582	Signal Transduction
EWB00_003359	6182.C1LMR7	Reactome	MAP-168249	Innate Immune System
EWB00_003359	6182.C1LMR7	Reactome	MAP-168256	Immune System
EWB00_003359	6182.C1LMR7	Reactome	MAP-194315	Signaling by Rho GTPases
EWB00_003359	6182.C1LMR7	Reactome	MAP-195258	RHO GTPase Effectors
EWB00_003359	6182.C1LMR7	Reactome	MAP-2029480	Fcgamma receptor (FCGR) dependent phagocytosis
EWB00_003359	6182.C1LMR7	Reactome	MAP-2029482	Regulation of actin dynamics for phagocytic cup formation
EWB00_003359	6182.C1LMR7	Reactome	MAP-2682334	EPH-Ephrin signaling
EWB00_003359	6182.C1LMR7	Reactome	MAP-373755	Semaphorin interactions
EWB00_003359	6182.C1LMR7	Reactome	MAP-3928662	EPHB-mediated forward signaling
EWB00_003359	6182.C1LMR7	Reactome	MAP-399954	Sema3A PAK dependent Axon repulsion
EWB00_003359	6182.C1LMR7	Reactome	MAP-422475	Axon guidance
EWB00_003359	6182.C1LMR7	Reactome	MAP-447115	Interleukin-12 family signaling
EWB00_003359	6182.C1LMR7	Reactome	MAP-449147	Signaling by Interleukins
EWB00_003359	6182.C1LMR7	Reactome	MAP-5627117	RHO GTPases Activate ROCKs
EWB00_003359	6182.C1LMR7	Reactome	MAP-76002	Platelet activation, signaling and aggregation
EWB00_003359	6182.C1LMR7	Reactome	MAP-76005	Response to elevated platelet cytosolic Ca2+
EWB00_003359	6182.C1LMR7	Reactome	MAP-9020591	Interleukin-12 signaling
EWB00_003359	6182.C1LMR7	Reactome	MAP-9675108	Nervous system development
EWB00_003359	6182.C1LMR7	Reactome	MAP-9716542	Signaling by Rho GTPases, Miro GTPases and RHOBTB3
EWB00_003359	6182.C1LMR7	COMPARTMENTS	GOCC:0005886	Plasma membrane
EWB00_003359	6182.C1LMR7	COMPARTMENTS	GOCC:0016020	Membrane
EWB00_003359	6182.C1LMR7	COMPARTMENTS	GOCC:0030027	Lamellipodium
EWB00_003359	6182.C1LMR7	COMPARTMENTS	GOCC:0031252	Cell leading edge
EWB00_003359	6182.C1LMR7	COMPARTMENTS	GOCC:0031253	Cell projection membrane
EWB00_003359	6182.C1LMR7	COMPARTMENTS	GOCC:0031256	Leading edge membrane
EWB00_003359	6182.C1LMR7	COMPARTMENTS	GOCC:0031258	Lamellipodium membrane
EWB00_003359	6182.C1LMR7	COMPARTMENTS	GOCC:0042995	Cell projection
EWB00_003359	6182.C1LMR7	COMPARTMENTS	GOCC:0071944	Cell periphery
EWB00_003359	6182.C1LMR7	COMPARTMENTS	GOCC:0098590	Plasma membrane region
EWB00_003359	6182.C1LMR7	COMPARTMENTS	GOCC:0110165	Cellular anatomical structure
EWB00_003359	6182.C1LMR7	COMPARTMENTS	GOCC:0120025	Plasma membrane bounded cell projection
EWB00_003359	6182.C1LMR7	UniProt Keywords	KW-0009	Actin-binding
EWB00_003359	6182.C1LMR7	InterPro	IPR002108	Actin-depolymerising factor homology domain
EWB00_003359	6182.C1LMR7	InterPro	IPR013087	Zinc finger C2H2-type
EWB00_003359	6182.C1LMR7	InterPro	IPR017904	ADF/Cofilin
EWB00_003359	6182.C1LMR7	InterPro	IPR029006	ADF-H/Gelsolin-like domain superfamily
EWB00_003359	6182.C1LMR7	SMART	SM00102	Actin depolymerisation factor/cofilin -like domains
EWB00_003429	6182.A0A4Z2DWH7	GO Process	GO:0009987	Cellular process
EWB00_003429	6182.A0A4Z2DWH7	GO Process	GO:0050789	Regulation of biological process
EWB00_003429	6182.A0A4Z2DWH7	GO Process	GO:0050794	Regulation of cellular process
EWB00_003429	6182.A0A4Z2DWH7	GO Process	GO:0065007	Biological regulation
EWB00_003429	6182.A0A4Z2DWH7	GO Function	GO:0005488	Binding
EWB00_003429	6182.A0A4Z2DWH7	GO Function	GO:0036094	Small molecule binding
EWB00_003429	6182.A0A4Z2DWH7	GO Function	GO:0043167	Ion binding
EWB00_003429	6182.A0A4Z2DWH7	GO Function	GO:0043169	Cation binding
EWB00_003429	6182.A0A4Z2DWH7	GO Function	GO:0046872	Metal ion binding
EWB00_003429	6182.A0A4Z2DWH7	GO Component	GO:0005622	Intracellular anatomical structure
EWB00_003429	6182.A0A4Z2DWH7	GO Component	GO:0005737	Cytoplasm
EWB00_003429	6182.A0A4Z2DWH7	GO Component	GO:0005856	Cytoskeleton
EWB00_003429	6182.A0A4Z2DWH7	GO Component	GO:0005925	Focal adhesion
EWB00_003429	6182.A0A4Z2DWH7	GO Component	GO:0030054	Cell junction
EWB00_003429	6182.A0A4Z2DWH7	GO Component	GO:0030055	Cell-substrate junction
EWB00_003429	6182.A0A4Z2DWH7	GO Component	GO:0043226	Organelle
EWB00_003429	6182.A0A4Z2DWH7	GO Component	GO:0043228	Membraneless organelle
EWB00_003429	6182.A0A4Z2DWH7	GO Component	GO:0043229	Intracellular organelle
EWB00_003429	6182.A0A4Z2DWH7	GO Component	GO:0043232	Intracellular membraneless organelle
EWB00_003429	6182.A0A4Z2DWH7	GO Component	GO:0070161	Anchoring junction
EWB00_003429	6182.A0A4Z2DWH7	GO Component	GO:0110165	Cellular anatomical structure
EWB00_003429	6182.A0A4Z2DWH7	STRING clusters	CL:654	Mixed, incl. Small GTPase-mediated signal transduction, and Cell surface receptor protein tyrosine kinase signaling pathway
EWB00_003429	6182.A0A4Z2DWH7	STRING clusters	CL:655	Mixed, incl. Small GTPase-mediated signal transduction, and Cell surface receptor protein tyrosine kinase signaling pathway
EWB00_003429	6182.A0A4Z2DWH7	STRING clusters	CL:656	Mixed, incl. Cell surface receptor protein tyrosine kinase signaling pathway, and Small GTPase-mediated signal transduction
EWB00_003429	6182.A0A4Z2DWH7	STRING clusters	CL:657	Mixed, incl. Cell surface receptor protein tyrosine kinase signaling pathway, and Protein tyrosine phosphatase, catalytic domain
EWB00_003429	6182.A0A4Z2DWH7	STRING clusters	CL:659	Mixed, incl. Cell surface receptor protein tyrosine kinase signaling pathway, and Protein tyrosine phosphatase, catalytic domain
EWB00_003429	6182.A0A4Z2DWH7	STRING clusters	CL:701	Mixed, incl. Non-membrane spanning protein tyrosine kinase activity, and PTK6 Regulates RHO GTPases, RAS GTPase and MAP kinases
EWB00_003429	6182.A0A4Z2DWH7	STRING clusters	CL:704	Non-membrane spanning protein tyrosine kinase activity, and GAB1 signalosome
EWB00_003429	6182.A0A4Z2DWH7	KEGG	map05100	Bacterial invasion of epithelial cells
EWB00_003429	6182.A0A4Z2DWH7	Reactome	MAP-1500931	Cell-Cell communication
EWB00_003429	6182.A0A4Z2DWH7	Reactome	MAP-162582	Signal Transduction
EWB00_003429	6182.A0A4Z2DWH7	Reactome	MAP-177929	Signaling by EGFR
EWB00_003429	6182.A0A4Z2DWH7	Reactome	MAP-180292	GAB1 signalosome
EWB00_003429	6182.A0A4Z2DWH7	Reactome	MAP-194138	Signaling by VEGF
EWB00_003429	6182.A0A4Z2DWH7	Reactome	MAP-397014	Muscle contraction
EWB00_003429	6182.A0A4Z2DWH7	Reactome	MAP-4420097	VEGFA-VEGFR2 Pathway
EWB00_003429	6182.A0A4Z2DWH7	Reactome	MAP-445355	Smooth Muscle Contraction
EWB00_003429	6182.A0A4Z2DWH7	Reactome	MAP-446343	Localization of the PINCH-ILK-PARVIN complex to focal adhesions
EWB00_003429	6182.A0A4Z2DWH7	Reactome	MAP-446353	Cell-extracellular matrix interactions
EWB00_003429	6182.A0A4Z2DWH7	Reactome	MAP-446388	Regulation of cytoskeletal remodeling and cell spreading by IPP complex components
EWB00_003429	6182.A0A4Z2DWH7	Reactome	MAP-446728	Cell junction organization
EWB00_003429	6182.A0A4Z2DWH7	Reactome	MAP-8848021	Signaling by PTK6
EWB00_003429	6182.A0A4Z2DWH7	Reactome	MAP-8849471	PTK6 Regulates RHO GTPases, RAS GTPase and MAP kinases
EWB00_003429	6182.A0A4Z2DWH7	Reactome	MAP-9006927	Signaling by Non-Receptor Tyrosine Kinases
EWB00_003429	6182.A0A4Z2DWH7	Reactome	MAP-9006934	Signaling by Receptor Tyrosine Kinases
EWB00_003429	6182.A0A4Z2DWH7	COMPARTMENTS	GOCC:0005622	Intracellular anatomical structure
EWB00_003429	6182.A0A4Z2DWH7	COMPARTMENTS	GOCC:0110165	Cellular anatomical structure
EWB00_003429	6182.A0A4Z2DWH7	UniProt Keywords	KW-0175	Coiled coil
EWB00_003429	6182.A0A4Z2DWH7	UniProt Keywords	KW-0440	LIM domain
EWB00_003429	6182.A0A4Z2DWH7	UniProt Keywords	KW-0479	Metal-binding
EWB00_003429	6182.A0A4Z2DWH7	UniProt Keywords	KW-0862	Zinc
EWB00_003429	6182.A0A4Z2DWH7	InterPro	IPR001781	Zinc finger, LIM-type
EWB00_003429	6182.A0A4Z2DWH7	InterPro	IPR050604	PDZ and LIM domain-containing
EWB00_003429	6182.A0A4Z2DWH7	SMART	SM00132	Zinc-binding domain present in Lin-11, Isl-1, Mec-3.
EWB00_003565	6182.A0A4Z2D923	GO Process	GO:0007155	Cell adhesion
EWB00_003565	6182.A0A4Z2D923	GO Process	GO:0009987	Cellular process
EWB00_003565	6182.A0A4Z2D923	GO Function	GO:0003779	Actin binding
EWB00_003565	6182.A0A4Z2D923	GO Function	GO:0005198	Structural molecule activity
EWB00_003565	6182.A0A4Z2D923	GO Function	GO:0005488	Binding
EWB00_003565	6182.A0A4Z2D923	GO Function	GO:0005515	Protein binding
EWB00_003565	6182.A0A4Z2D923	GO Function	GO:0008092	Cytoskeletal protein binding
EWB00_003565	6182.A0A4Z2D923	GO Function	GO:0044877	Protein-containing complex binding
EWB00_003565	6182.A0A4Z2D923	GO Function	GO:0051015	Actin filament binding
EWB00_003565	6182.A0A4Z2D923	GO Component	GO:0005622	Intracellular anatomical structure
EWB00_003565	6182.A0A4Z2D923	GO Component	GO:0005737	Cytoplasm
EWB00_003565	6182.A0A4Z2D923	GO Component	GO:0005856	Cytoskeleton
EWB00_003565	6182.A0A4Z2D923	GO Component	GO:0005886	Plasma membrane
EWB00_003565	6182.A0A4Z2D923	GO Component	GO:0005911	Cell-cell junction
EWB00_003565	6182.A0A4Z2D923	GO Component	GO:0005912	Adherens junction
EWB00_003565	6182.A0A4Z2D923	GO Component	GO:0005925	Focal adhesion
EWB00_003565	6182.A0A4Z2D923	GO Component	GO:0015629	Actin cytoskeleton
EWB00_003565	6182.A0A4Z2D923	GO Component	GO:0016020	Membrane
EWB00_003565	6182.A0A4Z2D923	GO Component	GO:0030054	Cell junction
EWB00_003565	6182.A0A4Z2D923	GO Component	GO:0030055	Cell-substrate junction
EWB00_003565	6182.A0A4Z2D923	GO Component	GO:0043226	Organelle
EWB00_003565	6182.A0A4Z2D923	GO Component	GO:0043228	Membraneless organelle
EWB00_003565	6182.A0A4Z2D923	GO Component	GO:0043229	Intracellular organelle
EWB00_003565	6182.A0A4Z2D923	GO Component	GO:0043232	Intracellular membraneless organelle
EWB00_003565	6182.A0A4Z2D923	GO Component	GO:0043292	Contractile muscle fiber
EWB00_003565	6182.A0A4Z2D923	GO Component	GO:0070161	Anchoring junction
EWB00_003565	6182.A0A4Z2D923	GO Component	GO:0071944	Cell periphery
EWB00_003565	6182.A0A4Z2D923	GO Component	GO:0099080	Supramolecular complex
EWB00_003565	6182.A0A4Z2D923	GO Component	GO:0099081	Supramolecular polymer
EWB00_003565	6182.A0A4Z2D923	GO Component	GO:0099512	Supramolecular fiber
EWB00_003565	6182.A0A4Z2D923	GO Component	GO:0110165	Cellular anatomical structure
EWB00_003565	6182.A0A4Z2D923	STRING clusters	CL:585	Mixed, incl. Integrin-mediated signaling pathway, and PDZ and LIM domain-containing
EWB00_003565	6182.A0A4Z2D923	STRING clusters	CL:588	Integrin-mediated signaling pathway, and Cell-extracellular matrix interactions
EWB00_003565	6182.A0A4Z2D923	STRING clusters	CL:589	Integrin cell surface interactions, and Laminin, N-terminal
EWB00_003565	6182.A0A4Z2D923	STRING clusters	CL:590	Integrin cell surface interactions, and Filamin family
EWB00_003565	6182.A0A4Z2D923	STRING clusters	CL:591	Talin, central, and Filamin family
EWB00_003565	6182.A0A4Z2D923	KEGG	map04820	Cytoskeleton in muscle cells
EWB00_003565	6182.A0A4Z2D923	KEGG	map05100	Bacterial invasion of epithelial cells
EWB00_003565	6182.A0A4Z2D923	Reactome	MAP-109582	Hemostasis
EWB00_003565	6182.A0A4Z2D923	Reactome	MAP-114608	Platelet degranulation
EWB00_003565	6182.A0A4Z2D923	Reactome	MAP-1500931	Cell-Cell communication
EWB00_003565	6182.A0A4Z2D923	Reactome	MAP-162582	Signal Transduction
EWB00_003565	6182.A0A4Z2D923	Reactome	MAP-168249	Innate Immune System
EWB00_003565	6182.A0A4Z2D923	Reactome	MAP-168256	Immune System
EWB00_003565	6182.A0A4Z2D923	Reactome	MAP-397014	Muscle contraction
EWB00_003565	6182.A0A4Z2D923	Reactome	MAP-418990	Adherens junctions interactions
EWB00_003565	6182.A0A4Z2D923	Reactome	MAP-421270	Cell-cell junction organization
EWB00_003565	6182.A0A4Z2D923	Reactome	MAP-445355	Smooth Muscle Contraction
EWB00_003565	6182.A0A4Z2D923	Reactome	MAP-446728	Cell junction organization
EWB00_003565	6182.A0A4Z2D923	Reactome	MAP-5673001	RAF/MAP kinase cascade
EWB00_003565	6182.A0A4Z2D923	Reactome	MAP-5674135	MAP2K and MAPK activation
EWB00_003565	6182.A0A4Z2D923	Reactome	MAP-5683057	MAPK family signaling cascades
EWB00_003565	6182.A0A4Z2D923	Reactome	MAP-5684996	MAPK1/MAPK3 signaling
EWB00_003565	6182.A0A4Z2D923	Reactome	MAP-6798695	Neutrophil degranulation
EWB00_003565	6182.A0A4Z2D923	Reactome	MAP-76002	Platelet activation, signaling and aggregation
EWB00_003565	6182.A0A4Z2D923	Reactome	MAP-76005	Response to elevated platelet cytosolic Ca2+
EWB00_003565	6182.A0A4Z2D923	Reactome	MAP-9759476	Regulation of Homotypic Cell-Cell Adhesion
EWB00_003565	6182.A0A4Z2D923	Reactome	MAP-9764265	Regulation of CDH1 Expression and Function
EWB00_003565	6182.A0A4Z2D923	Reactome	MAP-9764274	Regulation of Expression and Function of Type I Classical Cadherins
EWB00_003565	6182.A0A4Z2D923	Reactome	MAP-9764561	Regulation of CDH1 Function
EWB00_003565	6182.A0A4Z2D923	COMPARTMENTS	GOCC:0005911	Cell-cell junction
EWB00_003565	6182.A0A4Z2D923	COMPARTMENTS	GOCC:0005912	Adherens junction
EWB00_003565	6182.A0A4Z2D923	COMPARTMENTS	GOCC:0030054	Cell junction
EWB00_003565	6182.A0A4Z2D923	COMPARTMENTS	GOCC:0070161	Anchoring junction
EWB00_003565	6182.A0A4Z2D923	COMPARTMENTS	GOCC:0110165	Cellular anatomical structure
EWB00_003565	6182.A0A4Z2D923	UniProt Keywords	KW-0009	Actin-binding
EWB00_003565	6182.A0A4Z2D923	UniProt Keywords	KW-0130	Cell adhesion
EWB00_003565	6182.A0A4Z2D923	UniProt Keywords	KW-0206	Cytoskeleton
EWB00_003565	6182.A0A4Z2D923	UniProt Keywords	KW-0472	Membrane
EWB00_003565	6182.A0A4Z2D923	UniProt Keywords	KW-0677	Repeat
EWB00_003565	6182.A0A4Z2D923	UniProt Keywords	KW-0963	Cytoplasm
EWB00_003565	6182.A0A4Z2D923	UniProt Keywords	KW-0965	Cell junction
EWB00_003565	6182.A0A4Z2D923	UniProt Keywords	KW-1003	Cell membrane
EWB00_003565	6182.A0A4Z2D923	Pfam	PF01044	Vinculin family
EWB00_003565	6182.A0A4Z2D923	InterPro	IPR006077	Vinculin/alpha-catenin
EWB00_003565	6182.A0A4Z2D923	InterPro	IPR036723	Alpha-catenin/vinculin-like superfamily
EWB00_003590	6182.A0A4Z2D831	GO Function	GO:0003712	Transcription coregulator activity
EWB00_003590	6182.A0A4Z2D831	GO Function	GO:0005488	Binding
EWB00_003590	6182.A0A4Z2D831	GO Function	GO:0008270	Zinc ion binding
EWB00_003590	6182.A0A4Z2D831	GO Function	GO:0030674	Protein-macromolecule adaptor activity
EWB00_003590	6182.A0A4Z2D831	GO Function	GO:0036094	Small molecule binding
EWB00_003590	6182.A0A4Z2D831	GO Function	GO:0043167	Ion binding
EWB00_003590	6182.A0A4Z2D831	GO Function	GO:0043169	Cation binding
EWB00_003590	6182.A0A4Z2D831	GO Function	GO:0046872	Metal ion binding
EWB00_003590	6182.A0A4Z2D831	GO Function	GO:0046914	Transition metal ion binding
EWB00_003590	6182.A0A4Z2D831	GO Function	GO:0060090	Molecular adaptor activity
EWB00_003590	6182.A0A4Z2D831	GO Function	GO:0140110	Transcription regulator activity
EWB00_003590	6182.A0A4Z2D831	GO Component	GO:0005622	Intracellular anatomical structure
EWB00_003590	6182.A0A4Z2D831	GO Component	GO:0005634	Nucleus
EWB00_003590	6182.A0A4Z2D831	GO Component	GO:0005737	Cytoplasm
EWB00_003590	6182.A0A4Z2D831	GO Component	GO:0030016	Myofibril
EWB00_003590	6182.A0A4Z2D831	GO Component	GO:0030017	Sarcomere
EWB00_003590	6182.A0A4Z2D831	GO Component	GO:0030018	Z disc
EWB00_003590	6182.A0A4Z2D831	GO Component	GO:0031674	I band
EWB00_003590	6182.A0A4Z2D831	GO Component	GO:0043226	Organelle
EWB00_003590	6182.A0A4Z2D831	GO Component	GO:0043227	Membrane-bounded organelle
EWB00_003590	6182.A0A4Z2D831	GO Component	GO:0043228	Membraneless organelle
EWB00_003590	6182.A0A4Z2D831	GO Component	GO:0043229	Intracellular organelle
EWB00_003590	6182.A0A4Z2D831	GO Component	GO:0043231	Intracellular membrane-bounded organelle
EWB00_003590	6182.A0A4Z2D831	GO Component	GO:0043232	Intracellular membraneless organelle
EWB00_003590	6182.A0A4Z2D831	GO Component	GO:0043292	Contractile muscle fiber
EWB00_003590	6182.A0A4Z2D831	GO Component	GO:0099080	Supramolecular complex
EWB00_003590	6182.A0A4Z2D831	GO Component	GO:0099081	Supramolecular polymer
EWB00_003590	6182.A0A4Z2D831	GO Component	GO:0099512	Supramolecular fiber
EWB00_003590	6182.A0A4Z2D831	GO Component	GO:0110165	Cellular anatomical structure
EWB00_003590	6182.A0A4Z2D831	STRING clusters	CL:7250	Wnt signaling pathway, and Regulation of canonical Wnt signaling pathway
EWB00_003590	6182.A0A4Z2D831	STRING clusters	CL:7252	Wnt signaling pathway, and Regulation of canonical Wnt signaling pathway
EWB00_003590	6182.A0A4Z2D831	STRING clusters	CL:7334	Mixed, incl. Vang-like protein, and FHL1/2/3/5, N-terminal LIM domain
EWB00_003590	6182.A0A4Z2D831	KEGG	map04820	Cytoskeleton in muscle cells
EWB00_003590	6182.A0A4Z2D831	Reactome	MAP-1430728	Metabolism
EWB00_003590	6182.A0A4Z2D831	Reactome	MAP-400206	Regulation of lipid metabolism by PPARalpha
EWB00_003590	6182.A0A4Z2D831	Reactome	MAP-556833	Metabolism of lipids
EWB00_003590	6182.A0A4Z2D831	COMPARTMENTS	GOCC:0005622	Intracellular anatomical structure
EWB00_003590	6182.A0A4Z2D831	COMPARTMENTS	GOCC:0005737	Cytoplasm
EWB00_003590	6182.A0A4Z2D831	COMPARTMENTS	GOCC:0030016	Myofibril
EWB00_003590	6182.A0A4Z2D831	COMPARTMENTS	GOCC:0030017	Sarcomere
EWB00_003590	6182.A0A4Z2D831	COMPARTMENTS	GOCC:0030018	Z disc
EWB00_003590	6182.A0A4Z2D831	COMPARTMENTS	GOCC:0031674	I band
EWB00_003590	6182.A0A4Z2D831	COMPARTMENTS	GOCC:0043226	Organelle
EWB00_003590	6182.A0A4Z2D831	COMPARTMENTS	GOCC:0043228	Membraneless organelle
EWB00_003590	6182.A0A4Z2D831	COMPARTMENTS	GOCC:0043229	Intracellular organelle
EWB00_003590	6182.A0A4Z2D831	COMPARTMENTS	GOCC:0043232	Intracellular membraneless organelle
EWB00_003590	6182.A0A4Z2D831	COMPARTMENTS	GOCC:0043292	Contractile muscle fiber
EWB00_003590	6182.A0A4Z2D831	COMPARTMENTS	GOCC:0099080	Supramolecular complex
EWB00_003590	6182.A0A4Z2D831	COMPARTMENTS	GOCC:0099081	Supramolecular polymer
EWB00_003590	6182.A0A4Z2D831	COMPARTMENTS	GOCC:0099512	Supramolecular fiber
EWB00_003590	6182.A0A4Z2D831	COMPARTMENTS	GOCC:0110165	Cellular anatomical structure
EWB00_003590	6182.A0A4Z2D831	UniProt Keywords	KW-0440	LIM domain
EWB00_003590	6182.A0A4Z2D831	UniProt Keywords	KW-0479	Metal-binding
EWB00_003590	6182.A0A4Z2D831	UniProt Keywords	KW-0677	Repeat
EWB00_003590	6182.A0A4Z2D831	UniProt Keywords	KW-0862	Zinc
EWB00_003590	6182.A0A4Z2D831	UniProt Keywords	KW-0863	Zinc-finger
EWB00_003590	6182.A0A4Z2D831	InterPro	IPR001781	Zinc finger, LIM-type
EWB00_003590	6182.A0A4Z2D831	InterPro	IPR056807	FHL1/2/3/5, N-terminal LIM domain
EWB00_003590	6182.A0A4Z2D831	SMART	SM00132	Zinc-binding domain present in Lin-11, Isl-1, Mec-3.
EWB00_004122	6182.A0A4Z2D6I6	GO Process	GO:0007155	Cell adhesion
EWB00_004122	6182.A0A4Z2D6I6	GO Process	GO:0009966	Regulation of signal transduction
EWB00_004122	6182.A0A4Z2D6I6	GO Process	GO:0009967	Positive regulation of signal transduction
EWB00_004122	6182.A0A4Z2D6I6	GO Process	GO:0009987	Cellular process
EWB00_004122	6182.A0A4Z2D6I6	GO Process	GO:0010646	Regulation of cell communication
EWB00_004122	6182.A0A4Z2D6I6	GO Process	GO:0010647	Positive regulation of cell communication
EWB00_004122	6182.A0A4Z2D6I6	GO Process	GO:0010810	Regulation of cell-substrate adhesion
EWB00_004122	6182.A0A4Z2D6I6	GO Process	GO:0010811	Positive regulation of cell-substrate adhesion
EWB00_004122	6182.A0A4Z2D6I6	GO Process	GO:0016043	Cellular component organization
EWB00_004122	6182.A0A4Z2D6I6	GO Process	GO:0023051	Regulation of signaling
EWB00_004122	6182.A0A4Z2D6I6	GO Process	GO:0023056	Positive regulation of signaling
EWB00_004122	6182.A0A4Z2D6I6	GO Process	GO:0030155	Regulation of cell adhesion
EWB00_004122	6182.A0A4Z2D6I6	GO Process	GO:0034330	Cell junction organization
EWB00_004122	6182.A0A4Z2D6I6	GO Process	GO:0045216	Cell-cell junction organization
EWB00_004122	6182.A0A4Z2D6I6	GO Process	GO:0045785	Positive regulation of cell adhesion
EWB00_004122	6182.A0A4Z2D6I6	GO Process	GO:0048518	Positive regulation of biological process
EWB00_004122	6182.A0A4Z2D6I6	GO Process	GO:0048522	Positive regulation of cellular process
EWB00_004122	6182.A0A4Z2D6I6	GO Process	GO:0048583	Regulation of response to stimulus
EWB00_004122	6182.A0A4Z2D6I6	GO Process	GO:0048584	Positive regulation of response to stimulus
EWB00_004122	6182.A0A4Z2D6I6	GO Process	GO:0050789	Regulation of biological process
EWB00_004122	6182.A0A4Z2D6I6	GO Process	GO:0050794	Regulation of cellular process
EWB00_004122	6182.A0A4Z2D6I6	GO Process	GO:0065007	Biological regulation
EWB00_004122	6182.A0A4Z2D6I6	GO Process	GO:0071840	Cellular component organization or biogenesis
EWB00_004122	6182.A0A4Z2D6I6	GO Process	GO:0098609	Cell-cell adhesion
EWB00_004122	6182.A0A4Z2D6I6	GO Process	GO:1900024	Regulation of substrate adhesion-dependent cell spreading
EWB00_004122	6182.A0A4Z2D6I6	GO Process	GO:1900026	Positive regulation of substrate adhesion-dependent cell spreading
EWB00_004122	6182.A0A4Z2D6I6	GO Function	GO:0005488	Binding
EWB00_004122	6182.A0A4Z2D6I6	GO Function	GO:0036094	Small molecule binding
EWB00_004122	6182.A0A4Z2D6I6	GO Function	GO:0043167	Ion binding
EWB00_004122	6182.A0A4Z2D6I6	GO Function	GO:0043169	Cation binding
EWB00_004122	6182.A0A4Z2D6I6	GO Function	GO:0046872	Metal ion binding
EWB00_004122	6182.A0A4Z2D6I6	GO Component	GO:0005622	Intracellular anatomical structure
EWB00_004122	6182.A0A4Z2D6I6	GO Component	GO:0005737	Cytoplasm
EWB00_004122	6182.A0A4Z2D6I6	GO Component	GO:0005911	Cell-cell junction
EWB00_004122	6182.A0A4Z2D6I6	GO Component	GO:0005925	Focal adhesion
EWB00_004122	6182.A0A4Z2D6I6	GO Component	GO:0030054	Cell junction
EWB00_004122	6182.A0A4Z2D6I6	GO Component	GO:0030055	Cell-substrate junction
EWB00_004122	6182.A0A4Z2D6I6	GO Component	GO:0070161	Anchoring junction
EWB00_004122	6182.A0A4Z2D6I6	GO Component	GO:0110165	Cellular anatomical structure
EWB00_004122	6182.A0A4Z2D6I6	STRING clusters	CL:585	Mixed, incl. Integrin-mediated signaling pathway, and PDZ and LIM domain-containing
EWB00_004122	6182.A0A4Z2D6I6	STRING clusters	CL:588	Integrin-mediated signaling pathway, and Cell-extracellular matrix interactions
EWB00_004122	6182.A0A4Z2D6I6	KEGG	map04820	Cytoskeleton in muscle cells
EWB00_004122	6182.A0A4Z2D6I6	Reactome	MAP-1500931	Cell-Cell communication
EWB00_004122	6182.A0A4Z2D6I6	Reactome	MAP-446353	Cell-extracellular matrix interactions
EWB00_004122	6182.A0A4Z2D6I6	Reactome	MAP-446728	Cell junction organization
EWB00_004122	6182.A0A4Z2D6I6	COMPARTMENTS	GOCC:0005925	Focal adhesion
EWB00_004122	6182.A0A4Z2D6I6	COMPARTMENTS	GOCC:0030054	Cell junction
EWB00_004122	6182.A0A4Z2D6I6	COMPARTMENTS	GOCC:0030055	Cell-substrate junction
EWB00_004122	6182.A0A4Z2D6I6	COMPARTMENTS	GOCC:0070161	Anchoring junction
EWB00_004122	6182.A0A4Z2D6I6	COMPARTMENTS	GOCC:0110165	Cellular anatomical structure
EWB00_004122	6182.A0A4Z2D6I6	UniProt Keywords	KW-0440	LIM domain
EWB00_004122	6182.A0A4Z2D6I6	UniProt Keywords	KW-0479	Metal-binding
EWB00_004122	6182.A0A4Z2D6I6	UniProt Keywords	KW-0677	Repeat
EWB00_004122	6182.A0A4Z2D6I6	UniProt Keywords	KW-0862	Zinc
EWB00_004122	6182.A0A4Z2D6I6	InterPro	IPR001781	Zinc finger, LIM-type
EWB00_004122	6182.A0A4Z2D6I6	InterPro	IPR017351	LIM and senescent cell antigen-like-containing domain protein 1-4-like
EWB00_004122	6182.A0A4Z2D6I6	InterPro	IPR047944	LIMS1/2-like, LIM domain 1
EWB00_004122	6182.A0A4Z2D6I6	SMART	SM00132	Zinc-binding domain present in Lin-11, Isl-1, Mec-3.
EWB00_004406	6182.A0A4Z2D5D6	GO Process	GO:0007154	Cell communication
EWB00_004406	6182.A0A4Z2D5D6	GO Process	GO:0007165	Signal transduction
EWB00_004406	6182.A0A4Z2D5D6	GO Process	GO:0007166	Cell surface receptor signaling pathway
EWB00_004406	6182.A0A4Z2D5D6	GO Process	GO:0007167	Enzyme-linked receptor protein signaling pathway
EWB00_004406	6182.A0A4Z2D5D6	GO Process	GO:0007169	Cell surface receptor protein tyrosine kinase signaling pathway
EWB00_004406	6182.A0A4Z2D5D6	GO Process	GO:0009987	Cellular process
EWB00_004406	6182.A0A4Z2D5D6	GO Process	GO:0023052	Signaling
EWB00_004406	6182.A0A4Z2D5D6	GO Process	GO:0030154	Cell differentiation
EWB00_004406	6182.A0A4Z2D5D6	GO Process	GO:0032502	Developmental process
EWB00_004406	6182.A0A4Z2D5D6	GO Process	GO:0048518	Positive regulation of biological process
EWB00_004406	6182.A0A4Z2D5D6	GO Process	GO:0048522	Positive regulation of cellular process
EWB00_004406	6182.A0A4Z2D5D6	GO Process	GO:0048869	Cellular developmental process
EWB00_004406	6182.A0A4Z2D5D6	GO Process	GO:0050789	Regulation of biological process
EWB00_004406	6182.A0A4Z2D5D6	GO Process	GO:0050794	Regulation of cellular process
EWB00_004406	6182.A0A4Z2D5D6	GO Process	GO:0050896	Response to stimulus
EWB00_004406	6182.A0A4Z2D5D6	GO Process	GO:0051716	Cellular response to stimulus
EWB00_004406	6182.A0A4Z2D5D6	GO Process	GO:0065007	Biological regulation
EWB00_004406	6182.A0A4Z2D5D6	GO Function	GO:0000166	Nucleotide binding
EWB00_004406	6182.A0A4Z2D5D6	GO Function	GO:0003824	Catalytic activity
EWB00_004406	6182.A0A4Z2D5D6	GO Function	GO:0004672	Protein kinase activity
EWB00_004406	6182.A0A4Z2D5D6	GO Function	GO:0004713	Protein tyrosine kinase activity
EWB00_004406	6182.A0A4Z2D5D6	GO Function	GO:0004715	Non-membrane spanning protein tyrosine kinase activity
EWB00_004406	6182.A0A4Z2D5D6	GO Function	GO:0005102	Signaling receptor binding
EWB00_004406	6182.A0A4Z2D5D6	GO Function	GO:0005488	Binding
EWB00_004406	6182.A0A4Z2D5D6	GO Function	GO:0005515	Protein binding
EWB00_004406	6182.A0A4Z2D5D6	GO Function	GO:0005524	ATP binding
EWB00_004406	6182.A0A4Z2D5D6	GO Function	GO:0016301	Kinase activity
EWB00_004406	6182.A0A4Z2D5D6	GO Function	GO:0016740	Transferase activity
EWB00_004406	6182.A0A4Z2D5D6	GO Function	GO:0016772	Transferase activity, transferring phosphorus-containing groups
EWB00_004406	6182.A0A4Z2D5D6	GO Function	GO:0016773	Phosphotransferase activity, alcohol group as acceptor
EWB00_004406	6182.A0A4Z2D5D6	GO Function	GO:0017076	Purine nucleotide binding
EWB00_004406	6182.A0A4Z2D5D6	GO Function	GO:0030554	Adenyl nucleotide binding
EWB00_004406	6182.A0A4Z2D5D6	GO Function	GO:0032553	Ribonucleotide binding
EWB00_004406	6182.A0A4Z2D5D6	GO Function	GO:0032555	Purine ribonucleotide binding
EWB00_004406	6182.A0A4Z2D5D6	GO Function	GO:0032559	Adenyl ribonucleotide binding
EWB00_004406	6182.A0A4Z2D5D6	GO Function	GO:0035639	Purine ribonucleoside triphosphate binding
EWB00_004406	6182.A0A4Z2D5D6	GO Function	GO:0036094	Small molecule binding
EWB00_004406	6182.A0A4Z2D5D6	GO Function	GO:0043167	Ion binding
EWB00_004406	6182.A0A4Z2D5D6	GO Function	GO:0043168	Anion binding
EWB00_004406	6182.A0A4Z2D5D6	GO Function	GO:0097367	Carbohydrate derivative binding
EWB00_004406	6182.A0A4Z2D5D6	GO Function	GO:0140096	Catalytic activity, acting on a protein
EWB00_004406	6182.A0A4Z2D5D6	GO Function	GO:1901265	Nucleoside phosphate binding
EWB00_004406	6182.A0A4Z2D5D6	GO Function	GO:1901363	Heterocyclic compound binding
EWB00_004406	6182.A0A4Z2D5D6	GO Component	GO:0005622	Intracellular anatomical structure
EWB00_004406	6182.A0A4Z2D5D6	GO Component	GO:0005737	Cytoplasm
EWB00_004406	6182.A0A4Z2D5D6	GO Component	GO:0005829	Cytosol
EWB00_004406	6182.A0A4Z2D5D6	GO Component	GO:0005886	Plasma membrane
EWB00_004406	6182.A0A4Z2D5D6	GO Component	GO:0016020	Membrane
EWB00_004406	6182.A0A4Z2D5D6	GO Component	GO:0043226	Organelle
EWB00_004406	6182.A0A4Z2D5D6	GO Component	GO:0043229	Intracellular organelle
EWB00_004406	6182.A0A4Z2D5D6	GO Component	GO:0071944	Cell periphery
EWB00_004406	6182.A0A4Z2D5D6	GO Component	GO:0110165	Cellular anatomical structure
EWB00_004406	6182.A0A4Z2D5D6	STRING clusters	CL:654	Mixed, incl. Small GTPase-mediated signal transduction, and Cell surface receptor protein tyrosine kinase signaling pathway
EWB00_004406	6182.A0A4Z2D5D6	STRING clusters	CL:655	Mixed, incl. Small GTPase-mediated signal transduction, and Cell surface receptor protein tyrosine kinase signaling pathway
EWB00_004406	6182.A0A4Z2D5D6	STRING clusters	CL:656	Mixed, incl. Cell surface receptor protein tyrosine kinase signaling pathway, and Small GTPase-mediated signal transduction
EWB00_004406	6182.A0A4Z2D5D6	STRING clusters	CL:657	Mixed, incl. Cell surface receptor protein tyrosine kinase signaling pathway, and Protein tyrosine phosphatase, catalytic domain
EWB00_004406	6182.A0A4Z2D5D6	STRING clusters	CL:659	Mixed, incl. Cell surface receptor protein tyrosine kinase signaling pathway, and Protein tyrosine phosphatase, catalytic domain
EWB00_004406	6182.A0A4Z2D5D6	STRING clusters	CL:701	Mixed, incl. Non-membrane spanning protein tyrosine kinase activity, and PTK6 Regulates RHO GTPases, RAS GTPase and MAP kinases
EWB00_004406	6182.A0A4Z2D5D6	STRING clusters	CL:704	Non-membrane spanning protein tyrosine kinase activity, and GAB1 signalosome
EWB00_004406	6182.A0A4Z2D5D6	Reactome	MAP-162582	Signal Transduction
EWB00_004406	6182.A0A4Z2D5D6	Reactome	MAP-168249	Innate Immune System
EWB00_004406	6182.A0A4Z2D5D6	Reactome	MAP-168256	Immune System
EWB00_004406	6182.A0A4Z2D5D6	COMPARTMENTS	GOCC:0005622	Intracellular anatomical structure
EWB00_004406	6182.A0A4Z2D5D6	COMPARTMENTS	GOCC:0005737	Cytoplasm
EWB00_004406	6182.A0A4Z2D5D6	COMPARTMENTS	GOCC:0110165	Cellular anatomical structure
EWB00_004406	6182.A0A4Z2D5D6	UniProt Keywords	KW-0067	ATP-binding
EWB00_004406	6182.A0A4Z2D5D6	UniProt Keywords	KW-0418	Kinase
EWB00_004406	6182.A0A4Z2D5D6	UniProt Keywords	KW-0449	Lipoprotein
EWB00_004406	6182.A0A4Z2D5D6	UniProt Keywords	KW-0519	Myristate
EWB00_004406	6182.A0A4Z2D5D6	UniProt Keywords	KW-0547	Nucleotide-binding
EWB00_004406	6182.A0A4Z2D5D6	UniProt Keywords	KW-0597	Phosphoprotein
EWB00_004406	6182.A0A4Z2D5D6	UniProt Keywords	KW-0727	SH2 domain
EWB00_004406	6182.A0A4Z2D5D6	UniProt Keywords	KW-0728	SH3 domain
EWB00_004406	6182.A0A4Z2D5D6	UniProt Keywords	KW-0808	Transferase
EWB00_004406	6182.A0A4Z2D5D6	UniProt Keywords	KW-0829	Tyrosine-protein kinase
EWB00_004406	6182.A0A4Z2D5D6	InterPro	IPR000719	Protein kinase domain
EWB00_004406	6182.A0A4Z2D5D6	InterPro	IPR000980	SH2 domain
EWB00_004406	6182.A0A4Z2D5D6	InterPro	IPR001245	Serine-threonine/tyrosine-protein kinase, catalytic domain
EWB00_004406	6182.A0A4Z2D5D6	InterPro	IPR001452	SH3 domain
EWB00_004406	6182.A0A4Z2D5D6	InterPro	IPR008266	Tyrosine-protein kinase, active site
EWB00_004406	6182.A0A4Z2D5D6	InterPro	IPR011009	Protein kinase-like domain superfamily
EWB00_004406	6182.A0A4Z2D5D6	InterPro	IPR017441	Protein kinase, ATP binding site
EWB00_004406	6182.A0A4Z2D5D6	InterPro	IPR020635	Tyrosine-protein kinase, catalytic domain
EWB00_004406	6182.A0A4Z2D5D6	InterPro	IPR036028	SH3-like domain superfamily
EWB00_004406	6182.A0A4Z2D5D6	InterPro	IPR036860	SH2 domain superfamily
EWB00_004406	6182.A0A4Z2D5D6	InterPro	IPR050198	Non-receptor tyrosine kinases involved in cell signaling
EWB00_004406	6182.A0A4Z2D5D6	SMART	SM00219	Tyrosine kinase, catalytic domain
EWB00_004406	6182.A0A4Z2D5D6	SMART	SM00252	Src homology 2 domains
EWB00_004406	6182.A0A4Z2D5D6	SMART	SM00326	Src homology 3 domains
EWB00_004876	6182.A0A4Z2DUG9	GO Process	GO:0009653	Anatomical structure morphogenesis
EWB00_004876	6182.A0A4Z2DUG9	GO Process	GO:0009987	Cellular process
EWB00_004876	6182.A0A4Z2DUG9	GO Process	GO:0032502	Developmental process
EWB00_004876	6182.A0A4Z2DUG9	GO Process	GO:0048856	Anatomical structure development
EWB00_004876	6182.A0A4Z2DUG9	GO Function	GO:0000166	Nucleotide binding
EWB00_004876	6182.A0A4Z2DUG9	GO Function	GO:0003824	Catalytic activity
EWB00_004876	6182.A0A4Z2DUG9	GO Function	GO:0005488	Binding
EWB00_004876	6182.A0A4Z2DUG9	GO Function	GO:0005524	ATP binding
EWB00_004876	6182.A0A4Z2DUG9	GO Function	GO:0016787	Hydrolase activity
EWB00_004876	6182.A0A4Z2DUG9	GO Function	GO:0017076	Purine nucleotide binding
EWB00_004876	6182.A0A4Z2DUG9	GO Function	GO:0030554	Adenyl nucleotide binding
EWB00_004876	6182.A0A4Z2DUG9	GO Function	GO:0032553	Ribonucleotide binding
EWB00_004876	6182.A0A4Z2DUG9	GO Function	GO:0032555	Purine ribonucleotide binding
EWB00_004876	6182.A0A4Z2DUG9	GO Function	GO:0032559	Adenyl ribonucleotide binding
EWB00_004876	6182.A0A4Z2DUG9	GO Function	GO:0035639	Purine ribonucleoside triphosphate binding
EWB00_004876	6182.A0A4Z2DUG9	GO Function	GO:0036094	Small molecule binding
EWB00_004876	6182.A0A4Z2DUG9	GO Function	GO:0043167	Ion binding
EWB00_004876	6182.A0A4Z2DUG9	GO Function	GO:0043168	Anion binding
EWB00_004876	6182.A0A4Z2DUG9	GO Function	GO:0097367	Carbohydrate derivative binding
EWB00_004876	6182.A0A4Z2DUG9	GO Function	GO:1901265	Nucleoside phosphate binding
EWB00_004876	6182.A0A4Z2DUG9	GO Function	GO:1901363	Heterocyclic compound binding
EWB00_004876	6182.A0A4Z2DUG9	GO Component	GO:0005622	Intracellular anatomical structure
EWB00_004876	6182.A0A4Z2DUG9	GO Component	GO:0005856	Cytoskeleton
EWB00_004876	6182.A0A4Z2DUG9	GO Component	GO:0043226	Organelle
EWB00_004876	6182.A0A4Z2DUG9	GO Component	GO:0043228	Membraneless organelle
EWB00_004876	6182.A0A4Z2DUG9	GO Component	GO:0043229	Intracellular organelle
EWB00_004876	6182.A0A4Z2DUG9	GO Component	GO:0043232	Intracellular membraneless organelle
EWB00_004876	6182.A0A4Z2DUG9	GO Component	GO:0110165	Cellular anatomical structure
EWB00_004876	6182.A0A4Z2DUG9	STRING clusters	CL:1747	Mixed, incl. EF-hand domain, and Transmission across Chemical Synapses
EWB00_004876	6182.A0A4Z2DUG9	STRING clusters	CL:1748	Mixed, incl. EF-hand domain, and Ionotropic glutamate receptor, C-terminal
EWB00_004876	6182.A0A4Z2DUG9	STRING clusters	CL:1749	Mixed, incl. EF-hand domain, and Myosin filament
EWB00_004876	6182.A0A4Z2DUG9	STRING clusters	CL:1750	Mixed, incl. Myosin complex, and Muscle contraction
EWB00_004876	6182.A0A4Z2DUG9	STRING clusters	CL:1753	Mixed, incl. Myosin complex, and Muscle contraction
EWB00_004876	6182.A0A4Z2DUG9	STRING clusters	CL:1756	Mixed, incl. Myosin complex, and Muscle contraction
EWB00_004876	6182.A0A4Z2DUG9	STRING clusters	CL:1758	Mixed, incl. Myosin complex, and Muscle contraction
EWB00_004876	6182.A0A4Z2DUG9	STRING clusters	CL:1762	Muscle contraction, and Myosin
EWB00_004876	6182.A0A4Z2DUG9	KEGG	map03082	ATP-dependent chromatin remodeling
EWB00_004876	6182.A0A4Z2DUG9	KEGG	map04145	Phagosome
EWB00_004876	6182.A0A4Z2DUG9	KEGG	map04814	Motor proteins
EWB00_004876	6182.A0A4Z2DUG9	KEGG	map04820	Cytoskeleton in muscle cells
EWB00_004876	6182.A0A4Z2DUG9	KEGG	map05100	Bacterial invasion of epithelial cells
EWB00_004876	6182.A0A4Z2DUG9	Reactome	MAP-1500931	Cell-Cell communication
EWB00_004876	6182.A0A4Z2DUG9	Reactome	MAP-418990	Adherens junctions interactions
EWB00_004876	6182.A0A4Z2DUG9	Reactome	MAP-421270	Cell-cell junction organization
EWB00_004876	6182.A0A4Z2DUG9	Reactome	MAP-446728	Cell junction organization
EWB00_004876	6182.A0A4Z2DUG9	Reactome	MAP-9759476	Regulation of Homotypic Cell-Cell Adhesion
EWB00_004876	6182.A0A4Z2DUG9	Reactome	MAP-9764265	Regulation of CDH1 Expression and Function
EWB00_004876	6182.A0A4Z2DUG9	Reactome	MAP-9764274	Regulation of Expression and Function of Type I Classical Cadherins
EWB00_004876	6182.A0A4Z2DUG9	Reactome	MAP-9764561	Regulation of CDH1 Function
EWB00_004876	6182.A0A4Z2DUG9	COMPARTMENTS	GOCC:0005622	Intracellular anatomical structure
EWB00_004876	6182.A0A4Z2DUG9	COMPARTMENTS	GOCC:0005856	Cytoskeleton
EWB00_004876	6182.A0A4Z2DUG9	COMPARTMENTS	GOCC:0043226	Organelle
EWB00_004876	6182.A0A4Z2DUG9	COMPARTMENTS	GOCC:0043228	Membraneless organelle
EWB00_004876	6182.A0A4Z2DUG9	COMPARTMENTS	GOCC:0043229	Intracellular organelle
EWB00_004876	6182.A0A4Z2DUG9	COMPARTMENTS	GOCC:0043232	Intracellular membraneless organelle
EWB00_004876	6182.A0A4Z2DUG9	COMPARTMENTS	GOCC:0110165	Cellular anatomical structure
EWB00_004876	6182.A0A4Z2DUG9	UniProt Keywords	KW-0067	ATP-binding
EWB00_004876	6182.A0A4Z2DUG9	UniProt Keywords	KW-0206	Cytoskeleton
EWB00_004876	6182.A0A4Z2DUG9	UniProt Keywords	KW-0547	Nucleotide-binding
EWB00_004876	6182.A0A4Z2DUG9	UniProt Keywords	KW-0963	Cytoplasm
EWB00_004876	6182.A0A4Z2DUG9	InterPro	IPR004000	Actin family
EWB00_004876	6182.A0A4Z2DUG9	InterPro	IPR004001	Actin, conserved site
EWB00_004876	6182.A0A4Z2DUG9	InterPro	IPR020902	Actin/actin-like conserved site
EWB00_004876	6182.A0A4Z2DUG9	InterPro	IPR043129	ATPase, nucleotide binding domain
EWB00_004876	6182.A0A4Z2DUG9	SMART	SM00268	Actin
EWB00_004878	6182.A0A4Z2DUX1	GO Process	GO:0009653	Anatomical structure morphogenesis
EWB00_004878	6182.A0A4Z2DUX1	GO Process	GO:0009987	Cellular process
EWB00_004878	6182.A0A4Z2DUX1	GO Process	GO:0032502	Developmental process
EWB00_004878	6182.A0A4Z2DUX1	GO Process	GO:0048856	Anatomical structure development
EWB00_004878	6182.A0A4Z2DUX1	GO Function	GO:0000166	Nucleotide binding
EWB00_004878	6182.A0A4Z2DUX1	GO Function	GO:0003824	Catalytic activity
EWB00_004878	6182.A0A4Z2DUX1	GO Function	GO:0005488	Binding
EWB00_004878	6182.A0A4Z2DUX1	GO Function	GO:0005524	ATP binding
EWB00_004878	6182.A0A4Z2DUX1	GO Function	GO:0016787	Hydrolase activity
EWB00_004878	6182.A0A4Z2DUX1	GO Function	GO:0017076	Purine nucleotide binding
EWB00_004878	6182.A0A4Z2DUX1	GO Function	GO:0030554	Adenyl nucleotide binding
EWB00_004878	6182.A0A4Z2DUX1	GO Function	GO:0032553	Ribonucleotide binding
EWB00_004878	6182.A0A4Z2DUX1	GO Function	GO:0032555	Purine ribonucleotide binding
EWB00_004878	6182.A0A4Z2DUX1	GO Function	GO:0032559	Adenyl ribonucleotide binding
EWB00_004878	6182.A0A4Z2DUX1	GO Function	GO:0035639	Purine ribonucleoside triphosphate binding
EWB00_004878	6182.A0A4Z2DUX1	GO Function	GO:0036094	Small molecule binding
EWB00_004878	6182.A0A4Z2DUX1	GO Function	GO:0043167	Ion binding
EWB00_004878	6182.A0A4Z2DUX1	GO Function	GO:0043168	Anion binding
EWB00_004878	6182.A0A4Z2DUX1	GO Function	GO:0097367	Carbohydrate derivative binding
EWB00_004878	6182.A0A4Z2DUX1	GO Function	GO:1901265	Nucleoside phosphate binding
EWB00_004878	6182.A0A4Z2DUX1	GO Function	GO:1901363	Heterocyclic compound binding
EWB00_004878	6182.A0A4Z2DUX1	GO Component	GO:0005622	Intracellular anatomical structure
EWB00_004878	6182.A0A4Z2DUX1	GO Component	GO:0005856	Cytoskeleton
EWB00_004878	6182.A0A4Z2DUX1	GO Component	GO:0043226	Organelle
EWB00_004878	6182.A0A4Z2DUX1	GO Component	GO:0043228	Membraneless organelle
EWB00_004878	6182.A0A4Z2DUX1	GO Component	GO:0043229	Intracellular organelle
EWB00_004878	6182.A0A4Z2DUX1	GO Component	GO:0043232	Intracellular membraneless organelle
EWB00_004878	6182.A0A4Z2DUX1	GO Component	GO:0110165	Cellular anatomical structure
EWB00_004878	6182.A0A4Z2DUX1	STRING clusters	CL:1747	Mixed, incl. EF-hand domain, and Transmission across Chemical Synapses
EWB00_004878	6182.A0A4Z2DUX1	STRING clusters	CL:1748	Mixed, incl. EF-hand domain, and Ionotropic glutamate receptor, C-terminal
EWB00_004878	6182.A0A4Z2DUX1	STRING clusters	CL:1749	Mixed, incl. EF-hand domain, and Myosin filament
EWB00_004878	6182.A0A4Z2DUX1	STRING clusters	CL:1750	Mixed, incl. Myosin complex, and Muscle contraction
EWB00_004878	6182.A0A4Z2DUX1	STRING clusters	CL:1753	Mixed, incl. Myosin complex, and Muscle contraction
EWB00_004878	6182.A0A4Z2DUX1	STRING clusters	CL:1756	Mixed, incl. Myosin complex, and Muscle contraction
EWB00_004878	6182.A0A4Z2DUX1	STRING clusters	CL:1758	Mixed, incl. Myosin complex, and Muscle contraction
EWB00_004878	6182.A0A4Z2DUX1	STRING clusters	CL:1762	Muscle contraction, and Myosin
EWB00_004878	6182.A0A4Z2DUX1	KEGG	map03082	ATP-dependent chromatin remodeling
EWB00_004878	6182.A0A4Z2DUX1	KEGG	map04145	Phagosome
EWB00_004878	6182.A0A4Z2DUX1	KEGG	map04814	Motor proteins
EWB00_004878	6182.A0A4Z2DUX1	KEGG	map04820	Cytoskeleton in muscle cells
EWB00_004878	6182.A0A4Z2DUX1	KEGG	map05100	Bacterial invasion of epithelial cells
EWB00_004878	6182.A0A4Z2DUX1	Reactome	MAP-1500931	Cell-Cell communication
EWB00_004878	6182.A0A4Z2DUX1	Reactome	MAP-418990	Adherens junctions interactions
EWB00_004878	6182.A0A4Z2DUX1	Reactome	MAP-421270	Cell-cell junction organization
EWB00_004878	6182.A0A4Z2DUX1	Reactome	MAP-446728	Cell junction organization
EWB00_004878	6182.A0A4Z2DUX1	Reactome	MAP-9759476	Regulation of Homotypic Cell-Cell Adhesion
EWB00_004878	6182.A0A4Z2DUX1	Reactome	MAP-9764265	Regulation of CDH1 Expression and Function
EWB00_004878	6182.A0A4Z2DUX1	Reactome	MAP-9764274	Regulation of Expression and Function of Type I Classical Cadherins
EWB00_004878	6182.A0A4Z2DUX1	Reactome	MAP-9764561	Regulation of CDH1 Function
EWB00_004878	6182.A0A4Z2DUX1	COMPARTMENTS	GOCC:0005622	Intracellular anatomical structure
EWB00_004878	6182.A0A4Z2DUX1	COMPARTMENTS	GOCC:0005856	Cytoskeleton
EWB00_004878	6182.A0A4Z2DUX1	COMPARTMENTS	GOCC:0043226	Organelle
EWB00_004878	6182.A0A4Z2DUX1	COMPARTMENTS	GOCC:0043228	Membraneless organelle
EWB00_004878	6182.A0A4Z2DUX1	COMPARTMENTS	GOCC:0043229	Intracellular organelle
EWB00_004878	6182.A0A4Z2DUX1	COMPARTMENTS	GOCC:0043232	Intracellular membraneless organelle
EWB00_004878	6182.A0A4Z2DUX1	COMPARTMENTS	GOCC:0110165	Cellular anatomical structure
EWB00_004878	6182.A0A4Z2DUX1	UniProt Keywords	KW-0067	ATP-binding
EWB00_004878	6182.A0A4Z2DUX1	UniProt Keywords	KW-0206	Cytoskeleton
EWB00_004878	6182.A0A4Z2DUX1	UniProt Keywords	KW-0547	Nucleotide-binding
EWB00_004878	6182.A0A4Z2DUX1	UniProt Keywords	KW-0963	Cytoplasm
EWB00_004878	6182.A0A4Z2DUX1	InterPro	IPR004000	Actin family
EWB00_004878	6182.A0A4Z2DUX1	InterPro	IPR004001	Actin, conserved site
EWB00_004878	6182.A0A4Z2DUX1	InterPro	IPR020902	Actin/actin-like conserved site
EWB00_004878	6182.A0A4Z2DUX1	InterPro	IPR043129	ATPase, nucleotide binding domain
EWB00_004878	6182.A0A4Z2DUX1	SMART	SM00268	Actin
EWB00_004965	6182.A0A4Z2D4A5	GO Process	GO:0001666	Response to hypoxia
EWB00_004965	6182.A0A4Z2D4A5	GO Process	GO:0006355	Regulation of DNA-templated transcription
EWB00_004965	6182.A0A4Z2D4A5	GO Process	GO:0006950	Response to stress
EWB00_004965	6182.A0A4Z2D4A5	GO Process	GO:0006996	Organelle organization
EWB00_004965	6182.A0A4Z2D4A5	GO Process	GO:0007010	Cytoskeleton organization
EWB00_004965	6182.A0A4Z2D4A5	GO Process	GO:0009628	Response to abiotic stimulus
EWB00_004965	6182.A0A4Z2D4A5	GO Process	GO:0009889	Regulation of biosynthetic process
EWB00_004965	6182.A0A4Z2D4A5	GO Process	GO:0009890	Negative regulation of biosynthetic process
EWB00_004965	6182.A0A4Z2D4A5	GO Process	GO:0009892	Negative regulation of metabolic process
EWB00_004965	6182.A0A4Z2D4A5	GO Process	GO:0009966	Regulation of signal transduction
EWB00_004965	6182.A0A4Z2D4A5	GO Process	GO:0009968	Negative regulation of signal transduction
EWB00_004965	6182.A0A4Z2D4A5	GO Process	GO:0009987	Cellular process
EWB00_004965	6182.A0A4Z2D4A5	GO Process	GO:0010468	Regulation of gene expression
EWB00_004965	6182.A0A4Z2D4A5	GO Process	GO:0010556	Regulation of macromolecule biosynthetic process
EWB00_004965	6182.A0A4Z2D4A5	GO Process	GO:0010558	Negative regulation of macromolecule biosynthetic process
EWB00_004965	6182.A0A4Z2D4A5	GO Process	GO:0010605	Negative regulation of macromolecule metabolic process
EWB00_004965	6182.A0A4Z2D4A5	GO Process	GO:0010646	Regulation of cell communication
EWB00_004965	6182.A0A4Z2D4A5	GO Process	GO:0010648	Negative regulation of cell communication
EWB00_004965	6182.A0A4Z2D4A5	GO Process	GO:0016043	Cellular component organization
EWB00_004965	6182.A0A4Z2D4A5	GO Process	GO:0019219	Regulation of nucleobase-containing compound metabolic process
EWB00_004965	6182.A0A4Z2D4A5	GO Process	GO:0019222	Regulation of metabolic process
EWB00_004965	6182.A0A4Z2D4A5	GO Process	GO:0023051	Regulation of signaling
EWB00_004965	6182.A0A4Z2D4A5	GO Process	GO:0023057	Negative regulation of signaling
EWB00_004965	6182.A0A4Z2D4A5	GO Process	GO:0035330	Regulation of hippo signaling
EWB00_004965	6182.A0A4Z2D4A5	GO Process	GO:0035331	Negative regulation of hippo signaling
EWB00_004965	6182.A0A4Z2D4A5	GO Process	GO:0036293	Response to decreased oxygen levels
EWB00_004965	6182.A0A4Z2D4A5	GO Process	GO:0045892	Negative regulation of DNA-templated transcription
EWB00_004965	6182.A0A4Z2D4A5	GO Process	GO:0045934	Negative regulation of nucleobase-containing compound metabolic process
EWB00_004965	6182.A0A4Z2D4A5	GO Process	GO:0048519	Negative regulation of biological process
EWB00_004965	6182.A0A4Z2D4A5	GO Process	GO:0048523	Negative regulation of cellular process
EWB00_004965	6182.A0A4Z2D4A5	GO Process	GO:0048583	Regulation of response to stimulus
EWB00_004965	6182.A0A4Z2D4A5	GO Process	GO:0048585	Negative regulation of response to stimulus
EWB00_004965	6182.A0A4Z2D4A5	GO Process	GO:0050789	Regulation of biological process
EWB00_004965	6182.A0A4Z2D4A5	GO Process	GO:0050794	Regulation of cellular process
EWB00_004965	6182.A0A4Z2D4A5	GO Process	GO:0050896	Response to stimulus
EWB00_004965	6182.A0A4Z2D4A5	GO Process	GO:0051252	Regulation of RNA metabolic process
EWB00_004965	6182.A0A4Z2D4A5	GO Process	GO:0051253	Negative regulation of RNA metabolic process
EWB00_004965	6182.A0A4Z2D4A5	GO Process	GO:0060255	Regulation of macromolecule metabolic process
EWB00_004965	6182.A0A4Z2D4A5	GO Process	GO:0065007	Biological regulation
EWB00_004965	6182.A0A4Z2D4A5	GO Process	GO:0070482	Response to oxygen levels
EWB00_004965	6182.A0A4Z2D4A5	GO Process	GO:0071840	Cellular component organization or biogenesis
EWB00_004965	6182.A0A4Z2D4A5	GO Process	GO:0080090	Regulation of primary metabolic process
EWB00_004965	6182.A0A4Z2D4A5	GO Process	GO:1902531	Regulation of intracellular signal transduction
EWB00_004965	6182.A0A4Z2D4A5	GO Process	GO:1902532	Negative regulation of intracellular signal transduction
EWB00_004965	6182.A0A4Z2D4A5	GO Process	GO:1902679	Negative regulation of RNA biosynthetic process
EWB00_004965	6182.A0A4Z2D4A5	GO Process	GO:2001141	Regulation of RNA biosynthetic process
EWB00_004965	6182.A0A4Z2D4A5	GO Function	GO:0003712	Transcription coregulator activity
EWB00_004965	6182.A0A4Z2D4A5	GO Function	GO:0003714	Transcription corepressor activity
EWB00_004965	6182.A0A4Z2D4A5	GO Function	GO:0005488	Binding
EWB00_004965	6182.A0A4Z2D4A5	GO Function	GO:0030674	Protein-macromolecule adaptor activity
EWB00_004965	6182.A0A4Z2D4A5	GO Function	GO:0036094	Small molecule binding
EWB00_004965	6182.A0A4Z2D4A5	GO Function	GO:0043167	Ion binding
EWB00_004965	6182.A0A4Z2D4A5	GO Function	GO:0043169	Cation binding
EWB00_004965	6182.A0A4Z2D4A5	GO Function	GO:0046872	Metal ion binding
EWB00_004965	6182.A0A4Z2D4A5	GO Function	GO:0060090	Molecular adaptor activity
EWB00_004965	6182.A0A4Z2D4A5	GO Function	GO:0140110	Transcription regulator activity
EWB00_004965	6182.A0A4Z2D4A5	GO Component	GO:0000932	P-body
EWB00_004965	6182.A0A4Z2D4A5	GO Component	GO:0005622	Intracellular anatomical structure
EWB00_004965	6182.A0A4Z2D4A5	GO Component	GO:0005634	Nucleus
EWB00_004965	6182.A0A4Z2D4A5	GO Component	GO:0005667	Transcription regulator complex
EWB00_004965	6182.A0A4Z2D4A5	GO Component	GO:0005737	Cytoplasm
EWB00_004965	6182.A0A4Z2D4A5	GO Component	GO:0005911	Cell-cell junction
EWB00_004965	6182.A0A4Z2D4A5	GO Component	GO:0005912	Adherens junction
EWB00_004965	6182.A0A4Z2D4A5	GO Component	GO:0030054	Cell junction
EWB00_004965	6182.A0A4Z2D4A5	GO Component	GO:0032991	Protein-containing complex
EWB00_004965	6182.A0A4Z2D4A5	GO Component	GO:0035770	Ribonucleoprotein granule
EWB00_004965	6182.A0A4Z2D4A5	GO Component	GO:0036464	Cytoplasmic ribonucleoprotein granule
EWB00_004965	6182.A0A4Z2D4A5	GO Component	GO:0043226	Organelle
EWB00_004965	6182.A0A4Z2D4A5	GO Component	GO:0043227	Membrane-bounded organelle
EWB00_004965	6182.A0A4Z2D4A5	GO Component	GO:0043228	Membraneless organelle
EWB00_004965	6182.A0A4Z2D4A5	GO Component	GO:0043229	Intracellular organelle
EWB00_004965	6182.A0A4Z2D4A5	GO Component	GO:0043231	Intracellular membrane-bounded organelle
EWB00_004965	6182.A0A4Z2D4A5	GO Component	GO:0043232	Intracellular membraneless organelle
EWB00_004965	6182.A0A4Z2D4A5	GO Component	GO:0070161	Anchoring junction
EWB00_004965	6182.A0A4Z2D4A5	GO Component	GO:0099080	Supramolecular complex
EWB00_004965	6182.A0A4Z2D4A5	GO Component	GO:0110165	Cellular anatomical structure
EWB00_004965	6182.A0A4Z2D4A5	STRING clusters	CL:1981	Mixed, incl. Anchoring of the basal body to the plasma membrane, and Initiation of Nuclear Envelope (NE) Reformation
EWB00_004965	6182.A0A4Z2D4A5	STRING clusters	CL:1982	Anchoring of the basal body to the plasma membrane, and Microtubule anchoring
EWB00_004965	6182.A0A4Z2D4A5	STRING clusters	CL:2043	Mixed, incl. SSNA1 family, and Response to hypoxia
EWB00_004965	6182.A0A4Z2D4A5	KEGG	map04392	Hippo signaling pathway - multiple species
EWB00_004965	6182.A0A4Z2D4A5	Reactome	MAP-1234174	Cellular response to hypoxia
EWB00_004965	6182.A0A4Z2D4A5	Reactome	MAP-1234176	Oxygen-dependent proline hydroxylation of Hypoxia-inducible Factor Alpha
EWB00_004965	6182.A0A4Z2D4A5	Reactome	MAP-2262752	Cellular responses to stress
EWB00_004965	6182.A0A4Z2D4A5	Reactome	MAP-8953897	Cellular responses to stimuli
EWB00_004965	6182.A0A4Z2D4A5	COMPARTMENTS	GOCC:0005622	Intracellular anatomical structure
EWB00_004965	6182.A0A4Z2D4A5	COMPARTMENTS	GOCC:0005737	Cytoplasm
EWB00_004965	6182.A0A4Z2D4A5	COMPARTMENTS	GOCC:0043226	Organelle
EWB00_004965	6182.A0A4Z2D4A5	COMPARTMENTS	GOCC:0043228	Membraneless organelle
EWB00_004965	6182.A0A4Z2D4A5	COMPARTMENTS	GOCC:0043229	Intracellular organelle
EWB00_004965	6182.A0A4Z2D4A5	COMPARTMENTS	GOCC:0043232	Intracellular membraneless organelle
EWB00_004965	6182.A0A4Z2D4A5	COMPARTMENTS	GOCC:0110165	Cellular anatomical structure
EWB00_004965	6182.A0A4Z2D4A5	UniProt Keywords	KW-0440	LIM domain
EWB00_004965	6182.A0A4Z2D4A5	UniProt Keywords	KW-0479	Metal-binding
EWB00_004965	6182.A0A4Z2D4A5	UniProt Keywords	KW-0862	Zinc
EWB00_004965	6182.A0A4Z2D4A5	InterPro	IPR001781	Zinc finger, LIM-type
EWB00_004965	6182.A0A4Z2D4A5	SMART	SM00132	Zinc-binding domain present in Lin-11, Isl-1, Mec-3.
EWB00_006002	6182.A0A4Z2DTC9	GO Process	GO:0006810	Transport
EWB00_006002	6182.A0A4Z2DTC9	GO Process	GO:0007017	Microtubule-based process
EWB00_006002	6182.A0A4Z2DTC9	GO Process	GO:0007018	Microtubule-based movement
EWB00_006002	6182.A0A4Z2DTC9	GO Process	GO:0008088	Axo-dendritic transport
EWB00_006002	6182.A0A4Z2DTC9	GO Process	GO:0009987	Cellular process
EWB00_006002	6182.A0A4Z2DTC9	GO Process	GO:0010970	Transport along microtubule
EWB00_006002	6182.A0A4Z2DTC9	GO Process	GO:0030705	Cytoskeleton-dependent intracellular transport
EWB00_006002	6182.A0A4Z2DTC9	GO Process	GO:0034643	Establishment of mitochondrion localization, microtubule-mediated
EWB00_006002	6182.A0A4Z2DTC9	GO Process	GO:0046907	Intracellular transport
EWB00_006002	6182.A0A4Z2DTC9	GO Process	GO:0047497	Mitochondrion transport along microtubule
EWB00_006002	6182.A0A4Z2DTC9	GO Process	GO:0051179	Localization
EWB00_006002	6182.A0A4Z2DTC9	GO Process	GO:0051234	Establishment of localization
EWB00_006002	6182.A0A4Z2DTC9	GO Process	GO:0051640	Organelle localization
EWB00_006002	6182.A0A4Z2DTC9	GO Process	GO:0051641	Cellular localization
EWB00_006002	6182.A0A4Z2DTC9	GO Process	GO:0051646	Mitochondrion localization
EWB00_006002	6182.A0A4Z2DTC9	GO Process	GO:0051649	Establishment of localization in cell
EWB00_006002	6182.A0A4Z2DTC9	GO Process	GO:0051654	Establishment of mitochondrion localization
EWB00_006002	6182.A0A4Z2DTC9	GO Process	GO:0051656	Establishment of organelle localization
EWB00_006002	6182.A0A4Z2DTC9	GO Process	GO:0072384	Organelle transport along microtubule
EWB00_006002	6182.A0A4Z2DTC9	GO Process	GO:0098930	Axonal transport
EWB00_006002	6182.A0A4Z2DTC9	GO Process	GO:0099111	Microtubule-based transport
EWB00_006002	6182.A0A4Z2DTC9	GO Function	GO:0005488	Binding
EWB00_006002	6182.A0A4Z2DTC9	GO Function	GO:0005515	Protein binding
EWB00_006002	6182.A0A4Z2DTC9	GO Component	GO:0005622	Intracellular anatomical structure
EWB00_006002	6182.A0A4Z2DTC9	GO Component	GO:0005737	Cytoplasm
EWB00_006002	6182.A0A4Z2DTC9	GO Component	GO:0005856	Cytoskeleton
EWB00_006002	6182.A0A4Z2DTC9	GO Component	GO:0005869	Dynactin complex
EWB00_006002	6182.A0A4Z2DTC9	GO Component	GO:0005875	Microtubule associated complex
EWB00_006002	6182.A0A4Z2DTC9	GO Component	GO:0015629	Actin cytoskeleton
EWB00_006002	6182.A0A4Z2DTC9	GO Component	GO:0015630	Microtubule cytoskeleton
EWB00_006002	6182.A0A4Z2DTC9	GO Component	GO:0030424	Axon
EWB00_006002	6182.A0A4Z2DTC9	GO Component	GO:0032838	Plasma membrane bounded cell projection cytoplasm
EWB00_006002	6182.A0A4Z2DTC9	GO Component	GO:0032991	Protein-containing complex
EWB00_006002	6182.A0A4Z2DTC9	GO Component	GO:0042995	Cell projection
EWB00_006002	6182.A0A4Z2DTC9	GO Component	GO:0043005	Neuron projection
EWB00_006002	6182.A0A4Z2DTC9	GO Component	GO:0043226	Organelle
EWB00_006002	6182.A0A4Z2DTC9	GO Component	GO:0043228	Membraneless organelle
EWB00_006002	6182.A0A4Z2DTC9	GO Component	GO:0043229	Intracellular organelle
EWB00_006002	6182.A0A4Z2DTC9	GO Component	GO:0043232	Intracellular membraneless organelle
EWB00_006002	6182.A0A4Z2DTC9	GO Component	GO:0099568	Cytoplasmic region
EWB00_006002	6182.A0A4Z2DTC9	GO Component	GO:0110165	Cellular anatomical structure
EWB00_006002	6182.A0A4Z2DTC9	GO Component	GO:0120025	Plasma membrane bounded cell projection
EWB00_006002	6182.A0A4Z2DTC9	GO Component	GO:0120111	Neuron projection cytoplasm
EWB00_006002	6182.A0A4Z2DTC9	GO Component	GO:1904115	Axon cytoplasm
EWB00_006002	6182.A0A4Z2DTC9	STRING clusters	CL:1240	Dynein complex, and Cilium movement
EWB00_006002	6182.A0A4Z2DTC9	STRING clusters	CL:1241	Dynein complex, and Tubulin
EWB00_006002	6182.A0A4Z2DTC9	STRING clusters	CL:1243	Dynein, and Tubulin
EWB00_006002	6182.A0A4Z2DTC9	STRING clusters	CL:1244	Dynein, and Dynactin complex
EWB00_006002	6182.A0A4Z2DTC9	STRING clusters	CL:1344	Dynein heavy chain, and Dynactin complex
EWB00_006002	6182.A0A4Z2DTC9	STRING clusters	CL:1376	Dynactin complex, and Dynactin binding
EWB00_006002	6182.A0A4Z2DTC9	STRING clusters	CL:1380	Dynactin complex
EWB00_006002	6182.A0A4Z2DTC9	KEGG	map04814	Motor proteins
EWB00_006002	6182.A0A4Z2DTC9	Reactome	MAP-168249	Innate Immune System
EWB00_006002	6182.A0A4Z2DTC9	Reactome	MAP-168256	Immune System
EWB00_006002	6182.A0A4Z2DTC9	Reactome	MAP-199977	ER to Golgi Anterograde Transport
EWB00_006002	6182.A0A4Z2DTC9	Reactome	MAP-199991	Membrane Trafficking
EWB00_006002	6182.A0A4Z2DTC9	Reactome	MAP-2262752	Cellular responses to stress
EWB00_006002	6182.A0A4Z2DTC9	Reactome	MAP-3371497	HSP90 chaperone cycle for steroid hormone receptors (SHR) in the presence of ligand
EWB00_006002	6182.A0A4Z2DTC9	Reactome	MAP-392499	Metabolism of proteins
EWB00_006002	6182.A0A4Z2DTC9	Reactome	MAP-446203	Asparagine N-linked glycosylation
EWB00_006002	6182.A0A4Z2DTC9	Reactome	MAP-5653656	Vesicle-mediated transport
EWB00_006002	6182.A0A4Z2DTC9	Reactome	MAP-597592	Post-translational protein modification
EWB00_006002	6182.A0A4Z2DTC9	Reactome	MAP-6798695	Neutrophil degranulation
EWB00_006002	6182.A0A4Z2DTC9	Reactome	MAP-6807878	COPI-mediated anterograde transport
EWB00_006002	6182.A0A4Z2DTC9	Reactome	MAP-6811436	COPI-independent Golgi-to-ER retrograde traffic
EWB00_006002	6182.A0A4Z2DTC9	Reactome	MAP-6811442	Intra-Golgi and retrograde Golgi-to-ER traffic
EWB00_006002	6182.A0A4Z2DTC9	Reactome	MAP-8856688	Golgi-to-ER retrograde transport
EWB00_006002	6182.A0A4Z2DTC9	Reactome	MAP-8953897	Cellular responses to stimuli
EWB00_006002	6182.A0A4Z2DTC9	Reactome	MAP-948021	Transport to the Golgi and subsequent modification
EWB00_006002	6182.A0A4Z2DTC9	COMPARTMENTS	GOCC:0005622	Intracellular anatomical structure
EWB00_006002	6182.A0A4Z2DTC9	COMPARTMENTS	GOCC:0005856	Cytoskeleton
EWB00_006002	6182.A0A4Z2DTC9	COMPARTMENTS	GOCC:0005869	Dynactin complex
EWB00_006002	6182.A0A4Z2DTC9	COMPARTMENTS	GOCC:0015629	Actin cytoskeleton
EWB00_006002	6182.A0A4Z2DTC9	COMPARTMENTS	GOCC:0015630	Microtubule cytoskeleton
EWB00_006002	6182.A0A4Z2DTC9	COMPARTMENTS	GOCC:0032991	Protein-containing complex
EWB00_006002	6182.A0A4Z2DTC9	COMPARTMENTS	GOCC:0043226	Organelle
EWB00_006002	6182.A0A4Z2DTC9	COMPARTMENTS	GOCC:0043228	Membraneless organelle
EWB00_006002	6182.A0A4Z2DTC9	COMPARTMENTS	GOCC:0043229	Intracellular organelle
EWB00_006002	6182.A0A4Z2DTC9	COMPARTMENTS	GOCC:0043232	Intracellular membraneless organelle
EWB00_006002	6182.A0A4Z2DTC9	COMPARTMENTS	GOCC:0110165	Cellular anatomical structure
EWB00_006002	6182.A0A4Z2DTC9	Pfam	PF00022	Actin
EWB00_006002	6182.A0A4Z2DTC9	InterPro	IPR004000	Actin family
EWB00_006002	6182.A0A4Z2DTC9	InterPro	IPR043129	ATPase, nucleotide binding domain
EWB00_006050	6182.A0A4Z2DTJ0	GO Process	GO:0006996	Organelle organization
EWB00_006050	6182.A0A4Z2DTJ0	GO Process	GO:0007010	Cytoskeleton organization
EWB00_006050	6182.A0A4Z2DTJ0	GO Process	GO:0009987	Cellular process
EWB00_006050	6182.A0A4Z2DTJ0	GO Process	GO:0016043	Cellular component organization
EWB00_006050	6182.A0A4Z2DTJ0	GO Process	GO:0030029	Actin filament-based process
EWB00_006050	6182.A0A4Z2DTJ0	GO Process	GO:0030036	Actin cytoskeleton organization
EWB00_006050	6182.A0A4Z2DTJ0	GO Process	GO:0030154	Cell differentiation
EWB00_006050	6182.A0A4Z2DTJ0	GO Process	GO:0032502	Developmental process
EWB00_006050	6182.A0A4Z2DTJ0	GO Process	GO:0042692	Muscle cell differentiation
EWB00_006050	6182.A0A4Z2DTJ0	GO Process	GO:0048468	Cell development
EWB00_006050	6182.A0A4Z2DTJ0	GO Process	GO:0048856	Anatomical structure development
EWB00_006050	6182.A0A4Z2DTJ0	GO Process	GO:0048869	Cellular developmental process
EWB00_006050	6182.A0A4Z2DTJ0	GO Process	GO:0055001	Muscle cell development
EWB00_006050	6182.A0A4Z2DTJ0	GO Process	GO:0061061	Muscle structure development
EWB00_006050	6182.A0A4Z2DTJ0	GO Process	GO:0071840	Cellular component organization or biogenesis
EWB00_006050	6182.A0A4Z2DTJ0	GO Function	GO:0003779	Actin binding
EWB00_006050	6182.A0A4Z2DTJ0	GO Function	GO:0005488	Binding
EWB00_006050	6182.A0A4Z2DTJ0	GO Function	GO:0005509	Calcium ion binding
EWB00_006050	6182.A0A4Z2DTJ0	GO Function	GO:0005515	Protein binding
EWB00_006050	6182.A0A4Z2DTJ0	GO Function	GO:0008092	Cytoskeletal protein binding
EWB00_006050	6182.A0A4Z2DTJ0	GO Function	GO:0036094	Small molecule binding
EWB00_006050	6182.A0A4Z2DTJ0	GO Function	GO:0043167	Ion binding
EWB00_006050	6182.A0A4Z2DTJ0	GO Function	GO:0043169	Cation binding
EWB00_006050	6182.A0A4Z2DTJ0	GO Function	GO:0044877	Protein-containing complex binding
EWB00_006050	6182.A0A4Z2DTJ0	GO Function	GO:0046872	Metal ion binding
EWB00_006050	6182.A0A4Z2DTJ0	GO Function	GO:0051015	Actin filament binding
EWB00_006050	6182.A0A4Z2DTJ0	GO Component	GO:0005622	Intracellular anatomical structure
EWB00_006050	6182.A0A4Z2DTJ0	GO Component	GO:0005737	Cytoplasm
EWB00_006050	6182.A0A4Z2DTJ0	GO Component	GO:0005856	Cytoskeleton
EWB00_006050	6182.A0A4Z2DTJ0	GO Component	GO:0005886	Plasma membrane
EWB00_006050	6182.A0A4Z2DTJ0	GO Component	GO:0005938	Cell cortex
EWB00_006050	6182.A0A4Z2DTJ0	GO Component	GO:0015629	Actin cytoskeleton
EWB00_006050	6182.A0A4Z2DTJ0	GO Component	GO:0016020	Membrane
EWB00_006050	6182.A0A4Z2DTJ0	GO Component	GO:0030016	Myofibril
EWB00_006050	6182.A0A4Z2DTJ0	GO Component	GO:0030017	Sarcomere
EWB00_006050	6182.A0A4Z2DTJ0	GO Component	GO:0030018	Z disc
EWB00_006050	6182.A0A4Z2DTJ0	GO Component	GO:0030054	Cell junction
EWB00_006050	6182.A0A4Z2DTJ0	GO Component	GO:0030863	Cortical cytoskeleton
EWB00_006050	6182.A0A4Z2DTJ0	GO Component	GO:0030864	Cortical actin cytoskeleton
EWB00_006050	6182.A0A4Z2DTJ0	GO Component	GO:0031674	I band
EWB00_006050	6182.A0A4Z2DTJ0	GO Component	GO:0042995	Cell projection
EWB00_006050	6182.A0A4Z2DTJ0	GO Component	GO:0043226	Organelle
EWB00_006050	6182.A0A4Z2DTJ0	GO Component	GO:0043228	Membraneless organelle
EWB00_006050	6182.A0A4Z2DTJ0	GO Component	GO:0043229	Intracellular organelle
EWB00_006050	6182.A0A4Z2DTJ0	GO Component	GO:0043232	Intracellular membraneless organelle
EWB00_006050	6182.A0A4Z2DTJ0	GO Component	GO:0043292	Contractile muscle fiber
EWB00_006050	6182.A0A4Z2DTJ0	GO Component	GO:0070161	Anchoring junction
EWB00_006050	6182.A0A4Z2DTJ0	GO Component	GO:0071944	Cell periphery
EWB00_006050	6182.A0A4Z2DTJ0	GO Component	GO:0099080	Supramolecular complex
EWB00_006050	6182.A0A4Z2DTJ0	GO Component	GO:0099081	Supramolecular polymer
EWB00_006050	6182.A0A4Z2DTJ0	GO Component	GO:0099512	Supramolecular fiber
EWB00_006050	6182.A0A4Z2DTJ0	GO Component	GO:0110165	Cellular anatomical structure
EWB00_006050	6182.A0A4Z2DTJ0	STRING clusters	CL:1747	Mixed, incl. EF-hand domain, and Transmission across Chemical Synapses
EWB00_006050	6182.A0A4Z2DTJ0	STRING clusters	CL:1748	Mixed, incl. EF-hand domain, and Ionotropic glutamate receptor, C-terminal
EWB00_006050	6182.A0A4Z2DTJ0	STRING clusters	CL:1749	Mixed, incl. EF-hand domain, and Myosin filament
EWB00_006050	6182.A0A4Z2DTJ0	STRING clusters	CL:1750	Mixed, incl. Myosin complex, and Muscle contraction
EWB00_006050	6182.A0A4Z2DTJ0	STRING clusters	CL:1753	Mixed, incl. Myosin complex, and Muscle contraction
EWB00_006050	6182.A0A4Z2DTJ0	STRING clusters	CL:1756	Mixed, incl. Myosin complex, and Muscle contraction
EWB00_006050	6182.A0A4Z2DTJ0	STRING clusters	CL:1758	Mixed, incl. Myosin complex, and Muscle contraction
EWB00_006050	6182.A0A4Z2DTJ0	STRING clusters	CL:1762	Muscle contraction, and Myosin
EWB00_006050	6182.A0A4Z2DTJ0	Reactome	MAP-109582	Hemostasis
EWB00_006050	6182.A0A4Z2DTJ0	Reactome	MAP-114608	Platelet degranulation
EWB00_006050	6182.A0A4Z2DTJ0	Reactome	MAP-76002	Platelet activation, signaling and aggregation
EWB00_006050	6182.A0A4Z2DTJ0	Reactome	MAP-76005	Response to elevated platelet cytosolic Ca2+
EWB00_006050	6182.A0A4Z2DTJ0	COMPARTMENTS	GOCC:0005622	Intracellular anatomical structure
EWB00_006050	6182.A0A4Z2DTJ0	COMPARTMENTS	GOCC:0005737	Cytoplasm
EWB00_006050	6182.A0A4Z2DTJ0	COMPARTMENTS	GOCC:0005856	Cytoskeleton
EWB00_006050	6182.A0A4Z2DTJ0	COMPARTMENTS	GOCC:0015629	Actin cytoskeleton
EWB00_006050	6182.A0A4Z2DTJ0	COMPARTMENTS	GOCC:0043226	Organelle
EWB00_006050	6182.A0A4Z2DTJ0	COMPARTMENTS	GOCC:0043228	Membraneless organelle
EWB00_006050	6182.A0A4Z2DTJ0	COMPARTMENTS	GOCC:0043229	Intracellular organelle
EWB00_006050	6182.A0A4Z2DTJ0	COMPARTMENTS	GOCC:0043232	Intracellular membraneless organelle
EWB00_006050	6182.A0A4Z2DTJ0	COMPARTMENTS	GOCC:0043292	Contractile muscle fiber
EWB00_006050	6182.A0A4Z2DTJ0	COMPARTMENTS	GOCC:0099080	Supramolecular complex
EWB00_006050	6182.A0A4Z2DTJ0	COMPARTMENTS	GOCC:0099081	Supramolecular polymer
EWB00_006050	6182.A0A4Z2DTJ0	COMPARTMENTS	GOCC:0099512	Supramolecular fiber
EWB00_006050	6182.A0A4Z2DTJ0	COMPARTMENTS	GOCC:0110165	Cellular anatomical structure
EWB00_006050	6182.A0A4Z2DTJ0	UniProt Keywords	KW-0009	Actin-binding
EWB00_006050	6182.A0A4Z2DTJ0	UniProt Keywords	KW-0106	Calcium
EWB00_006050	6182.A0A4Z2DTJ0	UniProt Keywords	KW-0175	Coiled coil
EWB00_006050	6182.A0A4Z2DTJ0	UniProt Keywords	KW-0479	Metal-binding
EWB00_006050	6182.A0A4Z2DTJ0	UniProt Keywords	KW-0677	Repeat
EWB00_006050	6182.A0A4Z2DTJ0	Pfam	PF00435	Spectrin repeat
EWB00_006050	6182.A0A4Z2DTJ0	InterPro	IPR001589	Actinin-type actin-binding domain, conserved site
EWB00_006050	6182.A0A4Z2DTJ0	InterPro	IPR001715	Calponin homology domain
EWB00_006050	6182.A0A4Z2DTJ0	InterPro	IPR002017	Spectrin repeat
EWB00_006050	6182.A0A4Z2DTJ0	InterPro	IPR002048	EF-hand domain
EWB00_006050	6182.A0A4Z2DTJ0	InterPro	IPR011992	EF-hand domain pair
EWB00_006050	6182.A0A4Z2DTJ0	InterPro	IPR014837	EF-hand, Ca insensitive
EWB00_006050	6182.A0A4Z2DTJ0	InterPro	IPR018159	Spectrin/alpha-actinin
EWB00_006050	6182.A0A4Z2DTJ0	InterPro	IPR036872	CH domain superfamily
EWB00_006050	6182.A0A4Z2DTJ0	SMART	SM00033	Calponin homology domain
EWB00_006050	6182.A0A4Z2DTJ0	SMART	SM00054	EF-hand, calcium binding motif
EWB00_006050	6182.A0A4Z2DTJ0	SMART	SM00150	Spectrin repeats
EWB00_006199	6182.A0A4Z2D0J4	GO Process	GO:0009987	Cellular process
EWB00_006199	6182.A0A4Z2D0J4	GO Function	GO:0005198	Structural molecule activity
EWB00_006199	6182.A0A4Z2D0J4	GO Component	GO:0005581	Collagen trimer
EWB00_006199	6182.A0A4Z2D0J4	GO Component	GO:0032991	Protein-containing complex
EWB00_006199	6182.A0A4Z2D0J4	STRING clusters	CL:4286	Mixed, incl. Collagen formation, and SAGA-type complex
EWB00_006199	6182.A0A4Z2D0J4	STRING clusters	CL:4287	Mixed, incl. Collagen formation, and SAGA-type complex
EWB00_006199	6182.A0A4Z2D0J4	STRING clusters	CL:4390	Mixed, incl. Collagen chain trimerization, and Lewis blood group biosynthesis
EWB00_006199	6182.A0A4Z2D0J4	STRING clusters	CL:4392	Mixed, incl. Collagen chain trimerization, and Protein-cysteine S-acyltransferase activity
EWB00_006199	6182.A0A4Z2D0J4	STRING clusters	CL:4395	Collagen triple helix repeat, and Protein-cysteine S-acyltransferase activity
EWB00_006199	6182.A0A4Z2D0J4	STRING clusters	CL:4398	Collagen triple helix repeat, and Protein-cysteine S-acyltransferase activity
EWB00_006199	6182.A0A4Z2D0J4	STRING clusters	CL:4428	Collagen IV, non-collagenous
EWB00_006199	6182.A0A4Z2D0J4	KEGG	map04382	Cornified envelope formation
EWB00_006199	6182.A0A4Z2D0J4	KEGG	map04512	ECM-receptor interaction
EWB00_006199	6182.A0A4Z2D0J4	KEGG	map04820	Cytoskeleton in muscle cells
EWB00_006199	6182.A0A4Z2D0J4	Reactome	MAP-1474244	Extracellular matrix organization
EWB00_006199	6182.A0A4Z2D0J4	Reactome	MAP-1474290	Collagen formation
EWB00_006199	6182.A0A4Z2D0J4	Reactome	MAP-1650814	Collagen biosynthesis and modifying enzymes
EWB00_006199	6182.A0A4Z2D0J4	Reactome	MAP-8948216	Collagen chain trimerization
EWB00_006199	6182.A0A4Z2D0J4	COMPARTMENTS	GOCC:0005604	Basement membrane
EWB00_006199	6182.A0A4Z2D0J4	COMPARTMENTS	GOCC:0030312	External encapsulating structure
EWB00_006199	6182.A0A4Z2D0J4	COMPARTMENTS	GOCC:0031012	Extracellular matrix
EWB00_006199	6182.A0A4Z2D0J4	COMPARTMENTS	GOCC:0062023	Collagen-containing extracellular matrix
EWB00_006199	6182.A0A4Z2D0J4	COMPARTMENTS	GOCC:0071944	Cell periphery
EWB00_006199	6182.A0A4Z2D0J4	COMPARTMENTS	GOCC:0110165	Cellular anatomical structure
EWB00_006199	6182.A0A4Z2D0J4	UniProt Keywords	KW-0084	Basement membrane
EWB00_006199	6182.A0A4Z2D0J4	UniProt Keywords	KW-0176	Collagen
EWB00_006199	6182.A0A4Z2D0J4	UniProt Keywords	KW-0272	Extracellular matrix
EWB00_006199	6182.A0A4Z2D0J4	UniProt Keywords	KW-0472	Membrane
EWB00_006199	6182.A0A4Z2D0J4	UniProt Keywords	KW-0677	Repeat
EWB00_006199	6182.A0A4Z2D0J4	UniProt Keywords	KW-0812	Transmembrane
EWB00_006199	6182.A0A4Z2D0J4	UniProt Keywords	KW-0964	Secreted
EWB00_006199	6182.A0A4Z2D0J4	UniProt Keywords	KW-1015	Disulfide bond
EWB00_006199	6182.A0A4Z2D0J4	UniProt Keywords	KW-1133	Transmembrane helix
EWB00_006199	6182.A0A4Z2D0J4	Pfam	PF01391	Collagen triple helix repeat (20 copies)
EWB00_006199	6182.A0A4Z2D0J4	InterPro	IPR001442	Collagen IV, non-collagenous
EWB00_006199	6182.A0A4Z2D0J4	InterPro	IPR008160	Collagen triple helix repeat
EWB00_006199	6182.A0A4Z2D0J4	InterPro	IPR016187	C-type lectin fold
EWB00_006199	6182.A0A4Z2D0J4	InterPro	IPR036954	Collagen IV, non-collagenous domain superfamily
EWB00_006199	6182.A0A4Z2D0J4	InterPro	IPR050149	Collagen superfamily
EWB00_006199	6182.A0A4Z2D0J4	SMART	SM00111	C-terminal tandem repeated domain in type 4 procollagens
EWB00_006200	6182.A0A4Z2CZM0	GO Process	GO:0009987	Cellular process
EWB00_006200	6182.A0A4Z2CZM0	GO Function	GO:0005198	Structural molecule activity
EWB00_006200	6182.A0A4Z2CZM0	GO Component	GO:0005581	Collagen trimer
EWB00_006200	6182.A0A4Z2CZM0	GO Component	GO:0032991	Protein-containing complex
EWB00_006200	6182.A0A4Z2CZM0	STRING clusters	CL:4286	Mixed, incl. Collagen formation, and SAGA-type complex
EWB00_006200	6182.A0A4Z2CZM0	STRING clusters	CL:4287	Mixed, incl. Collagen formation, and SAGA-type complex
EWB00_006200	6182.A0A4Z2CZM0	STRING clusters	CL:4390	Mixed, incl. Collagen chain trimerization, and Lewis blood group biosynthesis
EWB00_006200	6182.A0A4Z2CZM0	STRING clusters	CL:4392	Mixed, incl. Collagen chain trimerization, and Protein-cysteine S-acyltransferase activity
EWB00_006200	6182.A0A4Z2CZM0	STRING clusters	CL:4395	Collagen triple helix repeat, and Protein-cysteine S-acyltransferase activity
EWB00_006200	6182.A0A4Z2CZM0	STRING clusters	CL:4398	Collagen triple helix repeat, and Protein-cysteine S-acyltransferase activity
EWB00_006200	6182.A0A4Z2CZM0	STRING clusters	CL:4428	Collagen IV, non-collagenous
EWB00_006200	6182.A0A4Z2CZM0	KEGG	map04382	Cornified envelope formation
EWB00_006200	6182.A0A4Z2CZM0	KEGG	map04512	ECM-receptor interaction
EWB00_006200	6182.A0A4Z2CZM0	KEGG	map04820	Cytoskeleton in muscle cells
EWB00_006200	6182.A0A4Z2CZM0	Reactome	MAP-1474244	Extracellular matrix organization
EWB00_006200	6182.A0A4Z2CZM0	Reactome	MAP-1474290	Collagen formation
EWB00_006200	6182.A0A4Z2CZM0	Reactome	MAP-1650814	Collagen biosynthesis and modifying enzymes
EWB00_006200	6182.A0A4Z2CZM0	Reactome	MAP-8948216	Collagen chain trimerization
EWB00_006200	6182.A0A4Z2CZM0	COMPARTMENTS	GOCC:0005604	Basement membrane
EWB00_006200	6182.A0A4Z2CZM0	COMPARTMENTS	GOCC:0030312	External encapsulating structure
EWB00_006200	6182.A0A4Z2CZM0	COMPARTMENTS	GOCC:0031012	Extracellular matrix
EWB00_006200	6182.A0A4Z2CZM0	COMPARTMENTS	GOCC:0062023	Collagen-containing extracellular matrix
EWB00_006200	6182.A0A4Z2CZM0	COMPARTMENTS	GOCC:0071944	Cell periphery
EWB00_006200	6182.A0A4Z2CZM0	COMPARTMENTS	GOCC:0110165	Cellular anatomical structure
EWB00_006200	6182.A0A4Z2CZM0	UniProt Keywords	KW-0084	Basement membrane
EWB00_006200	6182.A0A4Z2CZM0	UniProt Keywords	KW-0176	Collagen
EWB00_006200	6182.A0A4Z2CZM0	UniProt Keywords	KW-0272	Extracellular matrix
EWB00_006200	6182.A0A4Z2CZM0	UniProt Keywords	KW-0964	Secreted
EWB00_006200	6182.A0A4Z2CZM0	Pfam	PF01391	Collagen triple helix repeat (20 copies)
EWB00_006200	6182.A0A4Z2CZM0	Pfam	PF01413	C-terminal tandem repeated domain in type 4 procollagen
EWB00_006200	6182.A0A4Z2CZM0	InterPro	IPR001442	Collagen IV, non-collagenous
EWB00_006200	6182.A0A4Z2CZM0	InterPro	IPR008160	Collagen triple helix repeat
EWB00_006200	6182.A0A4Z2CZM0	InterPro	IPR016187	C-type lectin fold
EWB00_006200	6182.A0A4Z2CZM0	InterPro	IPR036954	Collagen IV, non-collagenous domain superfamily
EWB00_006200	6182.A0A4Z2CZM0	InterPro	IPR050938	Collagen and Collagen-like Structural Proteins
EWB00_006201	6182.A0A4Z2CZR4	GO Process	GO:0009987	Cellular process
EWB00_006201	6182.A0A4Z2CZR4	GO Function	GO:0005198	Structural molecule activity
EWB00_006201	6182.A0A4Z2CZR4	GO Component	GO:0005581	Collagen trimer
EWB00_006201	6182.A0A4Z2CZR4	GO Component	GO:0032991	Protein-containing complex
EWB00_006201	6182.A0A4Z2CZR4	STRING clusters	CL:4286	Mixed, incl. Collagen formation, and SAGA-type complex
EWB00_006201	6182.A0A4Z2CZR4	STRING clusters	CL:4287	Mixed, incl. Collagen formation, and SAGA-type complex
EWB00_006201	6182.A0A4Z2CZR4	STRING clusters	CL:4390	Mixed, incl. Collagen chain trimerization, and Lewis blood group biosynthesis
EWB00_006201	6182.A0A4Z2CZR4	STRING clusters	CL:4392	Mixed, incl. Collagen chain trimerization, and Protein-cysteine S-acyltransferase activity
EWB00_006201	6182.A0A4Z2CZR4	STRING clusters	CL:4395	Collagen triple helix repeat, and Protein-cysteine S-acyltransferase activity
EWB00_006201	6182.A0A4Z2CZR4	STRING clusters	CL:4398	Collagen triple helix repeat, and Protein-cysteine S-acyltransferase activity
EWB00_006201	6182.A0A4Z2CZR4	STRING clusters	CL:4428	Collagen IV, non-collagenous
EWB00_006201	6182.A0A4Z2CZR4	KEGG	map04382	Cornified envelope formation
EWB00_006201	6182.A0A4Z2CZR4	KEGG	map04512	ECM-receptor interaction
EWB00_006201	6182.A0A4Z2CZR4	KEGG	map04820	Cytoskeleton in muscle cells
EWB00_006201	6182.A0A4Z2CZR4	Reactome	MAP-1474244	Extracellular matrix organization
EWB00_006201	6182.A0A4Z2CZR4	Reactome	MAP-1474290	Collagen formation
EWB00_006201	6182.A0A4Z2CZR4	Reactome	MAP-1650814	Collagen biosynthesis and modifying enzymes
EWB00_006201	6182.A0A4Z2CZR4	Reactome	MAP-8948216	Collagen chain trimerization
EWB00_006201	6182.A0A4Z2CZR4	COMPARTMENTS	GOCC:0005604	Basement membrane
EWB00_006201	6182.A0A4Z2CZR4	COMPARTMENTS	GOCC:0030312	External encapsulating structure
EWB00_006201	6182.A0A4Z2CZR4	COMPARTMENTS	GOCC:0031012	Extracellular matrix
EWB00_006201	6182.A0A4Z2CZR4	COMPARTMENTS	GOCC:0062023	Collagen-containing extracellular matrix
EWB00_006201	6182.A0A4Z2CZR4	COMPARTMENTS	GOCC:0071944	Cell periphery
EWB00_006201	6182.A0A4Z2CZR4	COMPARTMENTS	GOCC:0110165	Cellular anatomical structure
EWB00_006201	6182.A0A4Z2CZR4	UniProt Keywords	KW-0084	Basement membrane
EWB00_006201	6182.A0A4Z2CZR4	UniProt Keywords	KW-0176	Collagen
EWB00_006201	6182.A0A4Z2CZR4	UniProt Keywords	KW-0272	Extracellular matrix
EWB00_006201	6182.A0A4Z2CZR4	UniProt Keywords	KW-0964	Secreted
EWB00_006201	6182.A0A4Z2CZR4	Pfam	PF01391	Collagen triple helix repeat (20 copies)
EWB00_006201	6182.A0A4Z2CZR4	Pfam	PF01413	C-terminal tandem repeated domain in type 4 procollagen
EWB00_006201	6182.A0A4Z2CZR4	InterPro	IPR001442	Collagen IV, non-collagenous
EWB00_006201	6182.A0A4Z2CZR4	InterPro	IPR008160	Collagen triple helix repeat
EWB00_006201	6182.A0A4Z2CZR4	InterPro	IPR016187	C-type lectin fold
EWB00_006201	6182.A0A4Z2CZR4	InterPro	IPR036954	Collagen IV, non-collagenous domain superfamily
EWB00_006201	6182.A0A4Z2CZR4	InterPro	IPR050149	Collagen superfamily
EWB00_006234	6182.A0A4Z2CZ44	GO Process	GO:0006996	Organelle organization
EWB00_006234	6182.A0A4Z2CZ44	GO Process	GO:0007010	Cytoskeleton organization
EWB00_006234	6182.A0A4Z2CZ44	GO Process	GO:0009987	Cellular process
EWB00_006234	6182.A0A4Z2CZ44	GO Process	GO:0016043	Cellular component organization
EWB00_006234	6182.A0A4Z2CZ44	GO Process	GO:0030029	Actin filament-based process
EWB00_006234	6182.A0A4Z2CZ44	GO Process	GO:0030036	Actin cytoskeleton organization
EWB00_006234	6182.A0A4Z2CZ44	GO Process	GO:0071840	Cellular component organization or biogenesis
EWB00_006234	6182.A0A4Z2CZ44	GO Function	GO:0003779	Actin binding
EWB00_006234	6182.A0A4Z2CZ44	GO Function	GO:0005488	Binding
EWB00_006234	6182.A0A4Z2CZ44	GO Function	GO:0005515	Protein binding
EWB00_006234	6182.A0A4Z2CZ44	GO Function	GO:0008092	Cytoskeletal protein binding
EWB00_006234	6182.A0A4Z2CZ44	GO Function	GO:0044877	Protein-containing complex binding
EWB00_006234	6182.A0A4Z2CZ44	GO Function	GO:0051015	Actin filament binding
EWB00_006234	6182.A0A4Z2CZ44	GO Component	GO:0005622	Intracellular anatomical structure
EWB00_006234	6182.A0A4Z2CZ44	GO Component	GO:0005737	Cytoplasm
EWB00_006234	6182.A0A4Z2CZ44	GO Component	GO:0005856	Cytoskeleton
EWB00_006234	6182.A0A4Z2CZ44	GO Component	GO:0043226	Organelle
EWB00_006234	6182.A0A4Z2CZ44	GO Component	GO:0043228	Membraneless organelle
EWB00_006234	6182.A0A4Z2CZ44	GO Component	GO:0043229	Intracellular organelle
EWB00_006234	6182.A0A4Z2CZ44	GO Component	GO:0043232	Intracellular membraneless organelle
EWB00_006234	6182.A0A4Z2CZ44	GO Component	GO:0071944	Cell periphery
EWB00_006234	6182.A0A4Z2CZ44	GO Component	GO:0110165	Cellular anatomical structure
EWB00_006234	6182.A0A4Z2CZ44	STRING clusters	CL:585	Mixed, incl. Integrin-mediated signaling pathway, and PDZ and LIM domain-containing
EWB00_006234	6182.A0A4Z2CZ44	STRING clusters	CL:588	Integrin-mediated signaling pathway, and Cell-extracellular matrix interactions
EWB00_006234	6182.A0A4Z2CZ44	STRING clusters	CL:589	Integrin cell surface interactions, and Laminin, N-terminal
EWB00_006234	6182.A0A4Z2CZ44	STRING clusters	CL:590	Integrin cell surface interactions, and Filamin family
EWB00_006234	6182.A0A4Z2CZ44	STRING clusters	CL:600	FG-GAP repeat, and Filamin family
EWB00_006234	6182.A0A4Z2CZ44	COMPARTMENTS	GOCC:0005622	Intracellular anatomical structure
EWB00_006234	6182.A0A4Z2CZ44	COMPARTMENTS	GOCC:0043226	Organelle
EWB00_006234	6182.A0A4Z2CZ44	COMPARTMENTS	GOCC:0043229	Intracellular organelle
EWB00_006234	6182.A0A4Z2CZ44	COMPARTMENTS	GOCC:0110165	Cellular anatomical structure
EWB00_006234	6182.A0A4Z2CZ44	UniProt Keywords	KW-0009	Actin-binding
EWB00_006234	6182.A0A4Z2CZ44	UniProt Keywords	KW-0677	Repeat
EWB00_006234	6182.A0A4Z2CZ44	InterPro	IPR001298	Filamin/ABP280 repeat
EWB00_006234	6182.A0A4Z2CZ44	InterPro	IPR001589	Actinin-type actin-binding domain, conserved site
EWB00_006234	6182.A0A4Z2CZ44	InterPro	IPR001715	Calponin homology domain
EWB00_006234	6182.A0A4Z2CZ44	InterPro	IPR013783	Immunoglobulin-like fold
EWB00_006234	6182.A0A4Z2CZ44	InterPro	IPR014756	Immunoglobulin E-set
EWB00_006234	6182.A0A4Z2CZ44	InterPro	IPR017868	Filamin/ABP280 repeat-like
EWB00_006234	6182.A0A4Z2CZ44	InterPro	IPR036872	CH domain superfamily
EWB00_006234	6182.A0A4Z2CZ44	InterPro	IPR044801	Filamin family
EWB00_006234	6182.A0A4Z2CZ44	SMART	SM00033	Calponin homology domain
EWB00_006234	6182.A0A4Z2CZ44	SMART	SM00557	Filamin-type immunoglobulin domains
EWB00_006505	6182.A0A4Z2CYG9	GO Process	GO:0006996	Organelle organization
EWB00_006505	6182.A0A4Z2CYG9	GO Process	GO:0007010	Cytoskeleton organization
EWB00_006505	6182.A0A4Z2CYG9	GO Process	GO:0007155	Cell adhesion
EWB00_006505	6182.A0A4Z2CYG9	GO Process	GO:0009987	Cellular process
EWB00_006505	6182.A0A4Z2CYG9	GO Process	GO:0016043	Cellular component organization
EWB00_006505	6182.A0A4Z2CYG9	GO Process	GO:0030029	Actin filament-based process
EWB00_006505	6182.A0A4Z2CYG9	GO Process	GO:0030036	Actin cytoskeleton organization
EWB00_006505	6182.A0A4Z2CYG9	GO Process	GO:0071840	Cellular component organization or biogenesis
EWB00_006505	6182.A0A4Z2CYG9	GO Process	GO:0098609	Cell-cell adhesion
EWB00_006505	6182.A0A4Z2CYG9	GO Function	GO:0003779	Actin binding
EWB00_006505	6182.A0A4Z2CYG9	GO Function	GO:0005102	Signaling receptor binding
EWB00_006505	6182.A0A4Z2CYG9	GO Function	GO:0005178	Integrin binding
EWB00_006505	6182.A0A4Z2CYG9	GO Function	GO:0005198	Structural molecule activity
EWB00_006505	6182.A0A4Z2CYG9	GO Function	GO:0005200	Structural constituent of cytoskeleton
EWB00_006505	6182.A0A4Z2CYG9	GO Function	GO:0005488	Binding
EWB00_006505	6182.A0A4Z2CYG9	GO Function	GO:0005515	Protein binding
EWB00_006505	6182.A0A4Z2CYG9	GO Function	GO:0008092	Cytoskeletal protein binding
EWB00_006505	6182.A0A4Z2CYG9	GO Function	GO:0044877	Protein-containing complex binding
EWB00_006505	6182.A0A4Z2CYG9	GO Function	GO:0050839	Cell adhesion molecule binding
EWB00_006505	6182.A0A4Z2CYG9	GO Function	GO:0051015	Actin filament binding
EWB00_006505	6182.A0A4Z2CYG9	GO Component	GO:0001726	Ruffle
EWB00_006505	6182.A0A4Z2CYG9	GO Component	GO:0005622	Intracellular anatomical structure
EWB00_006505	6182.A0A4Z2CYG9	GO Component	GO:0005737	Cytoplasm
EWB00_006505	6182.A0A4Z2CYG9	GO Component	GO:0005856	Cytoskeleton
EWB00_006505	6182.A0A4Z2CYG9	GO Component	GO:0005886	Plasma membrane
EWB00_006505	6182.A0A4Z2CYG9	GO Component	GO:0005925	Focal adhesion
EWB00_006505	6182.A0A4Z2CYG9	GO Component	GO:0016020	Membrane
EWB00_006505	6182.A0A4Z2CYG9	GO Component	GO:0030054	Cell junction
EWB00_006505	6182.A0A4Z2CYG9	GO Component	GO:0030055	Cell-substrate junction
EWB00_006505	6182.A0A4Z2CYG9	GO Component	GO:0031252	Cell leading edge
EWB00_006505	6182.A0A4Z2CYG9	GO Component	GO:0042995	Cell projection
EWB00_006505	6182.A0A4Z2CYG9	GO Component	GO:0043226	Organelle
EWB00_006505	6182.A0A4Z2CYG9	GO Component	GO:0043228	Membraneless organelle
EWB00_006505	6182.A0A4Z2CYG9	GO Component	GO:0043229	Intracellular organelle
EWB00_006505	6182.A0A4Z2CYG9	GO Component	GO:0043232	Intracellular membraneless organelle
EWB00_006505	6182.A0A4Z2CYG9	GO Component	GO:0070161	Anchoring junction
EWB00_006505	6182.A0A4Z2CYG9	GO Component	GO:0071944	Cell periphery
EWB00_006505	6182.A0A4Z2CYG9	GO Component	GO:0110165	Cellular anatomical structure
EWB00_006505	6182.A0A4Z2CYG9	GO Component	GO:0120025	Plasma membrane bounded cell projection
EWB00_006505	6182.A0A4Z2CYG9	STRING clusters	CL:585	Mixed, incl. Integrin-mediated signaling pathway, and PDZ and LIM domain-containing
EWB00_006505	6182.A0A4Z2CYG9	STRING clusters	CL:588	Integrin-mediated signaling pathway, and Cell-extracellular matrix interactions
EWB00_006505	6182.A0A4Z2CYG9	STRING clusters	CL:589	Integrin cell surface interactions, and Laminin, N-terminal
EWB00_006505	6182.A0A4Z2CYG9	STRING clusters	CL:590	Integrin cell surface interactions, and Filamin family
EWB00_006505	6182.A0A4Z2CYG9	STRING clusters	CL:591	Talin, central, and Filamin family
EWB00_006505	6182.A0A4Z2CYG9	KEGG	map04820	Cytoskeleton in muscle cells
EWB00_006505	6182.A0A4Z2CYG9	Reactome	MAP-109582	Hemostasis
EWB00_006505	6182.A0A4Z2CYG9	Reactome	MAP-114608	Platelet degranulation
EWB00_006505	6182.A0A4Z2CYG9	Reactome	MAP-1266738	Developmental Biology
EWB00_006505	6182.A0A4Z2CYG9	Reactome	MAP-162582	Signal Transduction
EWB00_006505	6182.A0A4Z2CYG9	Reactome	MAP-354192	Integrin signaling
EWB00_006505	6182.A0A4Z2CYG9	Reactome	MAP-373755	Semaphorin interactions
EWB00_006505	6182.A0A4Z2CYG9	Reactome	MAP-397014	Muscle contraction
EWB00_006505	6182.A0A4Z2CYG9	Reactome	MAP-422475	Axon guidance
EWB00_006505	6182.A0A4Z2CYG9	Reactome	MAP-445355	Smooth Muscle Contraction
EWB00_006505	6182.A0A4Z2CYG9	Reactome	MAP-5673001	RAF/MAP kinase cascade
EWB00_006505	6182.A0A4Z2CYG9	Reactome	MAP-5674135	MAP2K and MAPK activation
EWB00_006505	6182.A0A4Z2CYG9	Reactome	MAP-5683057	MAPK family signaling cascades
EWB00_006505	6182.A0A4Z2CYG9	Reactome	MAP-5684996	MAPK1/MAPK3 signaling
EWB00_006505	6182.A0A4Z2CYG9	Reactome	MAP-76002	Platelet activation, signaling and aggregation
EWB00_006505	6182.A0A4Z2CYG9	Reactome	MAP-76005	Response to elevated platelet cytosolic Ca2+
EWB00_006505	6182.A0A4Z2CYG9	Reactome	MAP-76009	Platelet Aggregation (Plug Formation)
EWB00_006505	6182.A0A4Z2CYG9	Reactome	MAP-9675108	Nervous system development
EWB00_006505	6182.A0A4Z2CYG9	COMPARTMENTS	GOCC:0001726	Ruffle
EWB00_006505	6182.A0A4Z2CYG9	COMPARTMENTS	GOCC:0031252	Cell leading edge
EWB00_006505	6182.A0A4Z2CYG9	COMPARTMENTS	GOCC:0042995	Cell projection
EWB00_006505	6182.A0A4Z2CYG9	COMPARTMENTS	GOCC:0110165	Cellular anatomical structure
EWB00_006505	6182.A0A4Z2CYG9	COMPARTMENTS	GOCC:0120025	Plasma membrane bounded cell projection
EWB00_006505	6182.A0A4Z2CYG9	UniProt Keywords	KW-0206	Cytoskeleton
EWB00_006505	6182.A0A4Z2CYG9	UniProt Keywords	KW-0963	Cytoplasm
EWB00_006505	6182.A0A4Z2CYG9	Pfam	PF01608	I/LWEQ domain
EWB00_006505	6182.A0A4Z2CYG9	Pfam	PF09141	Talin, middle domain
EWB00_006505	6182.A0A4Z2CYG9	InterPro	IPR000299	FERM domain
EWB00_006505	6182.A0A4Z2CYG9	InterPro	IPR002404	IRS-type PTB domain
EWB00_006505	6182.A0A4Z2CYG9	InterPro	IPR002558	I/LWEQ domain
EWB00_006505	6182.A0A4Z2CYG9	InterPro	IPR011993	PH-like domain superfamily
EWB00_006505	6182.A0A4Z2CYG9	InterPro	IPR014352	FERM/acyl-CoA-binding protein superfamily
EWB00_006505	6182.A0A4Z2CYG9	InterPro	IPR015224	Talin, central
EWB00_006505	6182.A0A4Z2CYG9	InterPro	IPR019747	FERM conserved site
EWB00_006505	6182.A0A4Z2CYG9	InterPro	IPR019748	FERM central domain
EWB00_006505	6182.A0A4Z2CYG9	InterPro	IPR019749	Band 4.1 domain
EWB00_006505	6182.A0A4Z2CYG9	InterPro	IPR035963	FERM superfamily, second domain
EWB00_006505	6182.A0A4Z2CYG9	InterPro	IPR035964	I/LWEQ domain superfamily
EWB00_006505	6182.A0A4Z2CYG9	InterPro	IPR036476	Talin, central domain superfamily
EWB00_006505	6182.A0A4Z2CYG9	InterPro	IPR049108	Talin, R4 domain
EWB00_006505	6182.A0A4Z2CYG9	InterPro	IPR054060	Talin 1-like, rod-segment domain
EWB00_006505	6182.A0A4Z2CYG9	SMART	SM00295	Band 4.1 homologues
EWB00_006505	6182.A0A4Z2CYG9	SMART	SM01244	Phosphotyrosine-binding domain
EWB00_006747	6182.A0A4Z2CWY6	GO Process	GO:0007154	Cell communication
EWB00_006747	6182.A0A4Z2CWY6	GO Process	GO:0007155	Cell adhesion
EWB00_006747	6182.A0A4Z2CWY6	GO Process	GO:0007160	Cell-matrix adhesion
EWB00_006747	6182.A0A4Z2CWY6	GO Process	GO:0007165	Signal transduction
EWB00_006747	6182.A0A4Z2CWY6	GO Process	GO:0007166	Cell surface receptor signaling pathway
EWB00_006747	6182.A0A4Z2CWY6	GO Process	GO:0007229	Integrin-mediated signaling pathway
EWB00_006747	6182.A0A4Z2CWY6	GO Process	GO:0009987	Cellular process
EWB00_006747	6182.A0A4Z2CWY6	GO Process	GO:0023052	Signaling
EWB00_006747	6182.A0A4Z2CWY6	GO Process	GO:0031589	Cell-substrate adhesion
EWB00_006747	6182.A0A4Z2CWY6	GO Process	GO:0050789	Regulation of biological process
EWB00_006747	6182.A0A4Z2CWY6	GO Process	GO:0050794	Regulation of cellular process
EWB00_006747	6182.A0A4Z2CWY6	GO Process	GO:0050896	Response to stimulus
EWB00_006747	6182.A0A4Z2CWY6	GO Process	GO:0051716	Cellular response to stimulus
EWB00_006747	6182.A0A4Z2CWY6	GO Process	GO:0065007	Biological regulation
EWB00_006747	6182.A0A4Z2CWY6	GO Function	GO:0005102	Signaling receptor binding
EWB00_006747	6182.A0A4Z2CWY6	GO Function	GO:0005488	Binding
EWB00_006747	6182.A0A4Z2CWY6	GO Function	GO:0005515	Protein binding
EWB00_006747	6182.A0A4Z2CWY6	GO Function	GO:0044877	Protein-containing complex binding
EWB00_006747	6182.A0A4Z2CWY6	GO Function	GO:0050839	Cell adhesion molecule binding
EWB00_006747	6182.A0A4Z2CWY6	GO Component	GO:0030054	Cell junction
EWB00_006747	6182.A0A4Z2CWY6	GO Component	GO:0030055	Cell-substrate junction
EWB00_006747	6182.A0A4Z2CWY6	GO Component	GO:0070161	Anchoring junction
EWB00_006747	6182.A0A4Z2CWY6	GO Component	GO:0110165	Cellular anatomical structure
EWB00_006747	6182.A0A4Z2CWY6	STRING clusters	CL:585	Mixed, incl. Integrin-mediated signaling pathway, and PDZ and LIM domain-containing
EWB00_006747	6182.A0A4Z2CWY6	STRING clusters	CL:588	Integrin-mediated signaling pathway, and Cell-extracellular matrix interactions
EWB00_006747	6182.A0A4Z2CWY6	COMPARTMENTS	GOCC:0005622	Intracellular anatomical structure
EWB00_006747	6182.A0A4Z2CWY6	COMPARTMENTS	GOCC:0110165	Cellular anatomical structure
EWB00_006747	6182.A0A4Z2CWY6	InterPro	IPR011993	PH-like domain superfamily
EWB00_006747	6182.A0A4Z2CWY6	InterPro	IPR014352	FERM/acyl-CoA-binding protein superfamily
EWB00_006747	6182.A0A4Z2CWY6	InterPro	IPR019748	FERM central domain
EWB00_006747	6182.A0A4Z2CWY6	InterPro	IPR019749	Band 4.1 domain
EWB00_006747	6182.A0A4Z2CWY6	InterPro	IPR035963	FERM superfamily, second domain
EWB00_006747	6182.A0A4Z2CWY6	InterPro	IPR037843	Kindlin/fermitin
EWB00_006747	6182.A0A4Z2CWY6	InterPro	IPR040790	Kindlin-2, N-terminal
EWB00_006747	6182.A0A4Z2CWY6	SMART	SM00295	Band 4.1 homologues
EWB00_007322	6182.A0A4Z2CUR2	GO Process	GO:0007275	Multicellular organism development
EWB00_007322	6182.A0A4Z2CUR2	GO Process	GO:0007399	Nervous system development
EWB00_007322	6182.A0A4Z2CUR2	GO Process	GO:0008284	Positive regulation of cell population proliferation
EWB00_007322	6182.A0A4Z2CUR2	GO Process	GO:0009653	Anatomical structure morphogenesis
EWB00_007322	6182.A0A4Z2CUR2	GO Process	GO:0009966	Regulation of signal transduction
EWB00_007322	6182.A0A4Z2CUR2	GO Process	GO:0009987	Cellular process
EWB00_007322	6182.A0A4Z2CUR2	GO Process	GO:0010646	Regulation of cell communication
EWB00_007322	6182.A0A4Z2CUR2	GO Process	GO:0016043	Cellular component organization
EWB00_007322	6182.A0A4Z2CUR2	GO Process	GO:0019222	Regulation of metabolic process
EWB00_007322	6182.A0A4Z2CUR2	GO Process	GO:0022008	Neurogenesis
EWB00_007322	6182.A0A4Z2CUR2	GO Process	GO:0022607	Cellular component assembly
EWB00_007322	6182.A0A4Z2CUR2	GO Process	GO:0023051	Regulation of signaling
EWB00_007322	6182.A0A4Z2CUR2	GO Process	GO:0030154	Cell differentiation
EWB00_007322	6182.A0A4Z2CUR2	GO Process	GO:0032501	Multicellular organismal process
EWB00_007322	6182.A0A4Z2CUR2	GO Process	GO:0032502	Developmental process
EWB00_007322	6182.A0A4Z2CUR2	GO Process	GO:0042127	Regulation of cell population proliferation
EWB00_007322	6182.A0A4Z2CUR2	GO Process	GO:0043933	Protein-containing complex organization
EWB00_007322	6182.A0A4Z2CUR2	GO Process	GO:0044085	Cellular component biogenesis
EWB00_007322	6182.A0A4Z2CUR2	GO Process	GO:0044087	Regulation of cellular component biogenesis
EWB00_007322	6182.A0A4Z2CUR2	GO Process	GO:0048518	Positive regulation of biological process
EWB00_007322	6182.A0A4Z2CUR2	GO Process	GO:0048519	Negative regulation of biological process
EWB00_007322	6182.A0A4Z2CUR2	GO Process	GO:0048522	Positive regulation of cellular process
EWB00_007322	6182.A0A4Z2CUR2	GO Process	GO:0048523	Negative regulation of cellular process
EWB00_007322	6182.A0A4Z2CUR2	GO Process	GO:0048583	Regulation of response to stimulus
EWB00_007322	6182.A0A4Z2CUR2	GO Process	GO:0048699	Generation of neurons
EWB00_007322	6182.A0A4Z2CUR2	GO Process	GO:0048731	System development
EWB00_007322	6182.A0A4Z2CUR2	GO Process	GO:0048856	Anatomical structure development
EWB00_007322	6182.A0A4Z2CUR2	GO Process	GO:0048869	Cellular developmental process
EWB00_007322	6182.A0A4Z2CUR2	GO Process	GO:0050789	Regulation of biological process
EWB00_007322	6182.A0A4Z2CUR2	GO Process	GO:0050793	Regulation of developmental process
EWB00_007322	6182.A0A4Z2CUR2	GO Process	GO:0050794	Regulation of cellular process
EWB00_007322	6182.A0A4Z2CUR2	GO Process	GO:0051128	Regulation of cellular component organization
EWB00_007322	6182.A0A4Z2CUR2	GO Process	GO:0051239	Regulation of multicellular organismal process
EWB00_007322	6182.A0A4Z2CUR2	GO Process	GO:0060255	Regulation of macromolecule metabolic process
EWB00_007322	6182.A0A4Z2CUR2	GO Process	GO:0065003	Protein-containing complex assembly
EWB00_007322	6182.A0A4Z2CUR2	GO Process	GO:0065007	Biological regulation
EWB00_007322	6182.A0A4Z2CUR2	GO Process	GO:0071840	Cellular component organization or biogenesis
EWB00_007322	6182.A0A4Z2CUR2	GO Process	GO:1901888	Regulation of cell junction assembly
EWB00_007322	6182.A0A4Z2CUR2	GO Function	GO:0000166	Nucleotide binding
EWB00_007322	6182.A0A4Z2CUR2	GO Function	GO:0003824	Catalytic activity
EWB00_007322	6182.A0A4Z2CUR2	GO Function	GO:0004672	Protein kinase activity
EWB00_007322	6182.A0A4Z2CUR2	GO Function	GO:0004713	Protein tyrosine kinase activity
EWB00_007322	6182.A0A4Z2CUR2	GO Function	GO:0004715	Non-membrane spanning protein tyrosine kinase activity
EWB00_007322	6182.A0A4Z2CUR2	GO Function	GO:0005488	Binding
EWB00_007322	6182.A0A4Z2CUR2	GO Function	GO:0005524	ATP binding
EWB00_007322	6182.A0A4Z2CUR2	GO Function	GO:0016301	Kinase activity
EWB00_007322	6182.A0A4Z2CUR2	GO Function	GO:0016740	Transferase activity
EWB00_007322	6182.A0A4Z2CUR2	GO Function	GO:0016772	Transferase activity, transferring phosphorus-containing groups
EWB00_007322	6182.A0A4Z2CUR2	GO Function	GO:0016773	Phosphotransferase activity, alcohol group as acceptor
EWB00_007322	6182.A0A4Z2CUR2	GO Function	GO:0017076	Purine nucleotide binding
EWB00_007322	6182.A0A4Z2CUR2	GO Function	GO:0030554	Adenyl nucleotide binding
EWB00_007322	6182.A0A4Z2CUR2	GO Function	GO:0032553	Ribonucleotide binding
EWB00_007322	6182.A0A4Z2CUR2	GO Function	GO:0032555	Purine ribonucleotide binding
EWB00_007322	6182.A0A4Z2CUR2	GO Function	GO:0032559	Adenyl ribonucleotide binding
EWB00_007322	6182.A0A4Z2CUR2	GO Function	GO:0035639	Purine ribonucleoside triphosphate binding
EWB00_007322	6182.A0A4Z2CUR2	GO Function	GO:0036094	Small molecule binding
EWB00_007322	6182.A0A4Z2CUR2	GO Function	GO:0043167	Ion binding
EWB00_007322	6182.A0A4Z2CUR2	GO Function	GO:0043168	Anion binding
EWB00_007322	6182.A0A4Z2CUR2	GO Function	GO:0097367	Carbohydrate derivative binding
EWB00_007322	6182.A0A4Z2CUR2	GO Function	GO:0140096	Catalytic activity, acting on a protein
EWB00_007322	6182.A0A4Z2CUR2	GO Function	GO:1901265	Nucleoside phosphate binding
EWB00_007322	6182.A0A4Z2CUR2	GO Function	GO:1901363	Heterocyclic compound binding
EWB00_007322	6182.A0A4Z2CUR2	GO Component	GO:0005622	Intracellular anatomical structure
EWB00_007322	6182.A0A4Z2CUR2	GO Component	GO:0005737	Cytoplasm
EWB00_007322	6182.A0A4Z2CUR2	GO Component	GO:0005886	Plasma membrane
EWB00_007322	6182.A0A4Z2CUR2	GO Component	GO:0005925	Focal adhesion
EWB00_007322	6182.A0A4Z2CUR2	GO Component	GO:0005938	Cell cortex
EWB00_007322	6182.A0A4Z2CUR2	GO Component	GO:0016020	Membrane
EWB00_007322	6182.A0A4Z2CUR2	GO Component	GO:0030054	Cell junction
EWB00_007322	6182.A0A4Z2CUR2	GO Component	GO:0030055	Cell-substrate junction
EWB00_007322	6182.A0A4Z2CUR2	GO Component	GO:0042995	Cell projection
EWB00_007322	6182.A0A4Z2CUR2	GO Component	GO:0070161	Anchoring junction
EWB00_007322	6182.A0A4Z2CUR2	GO Component	GO:0071944	Cell periphery
EWB00_007322	6182.A0A4Z2CUR2	GO Component	GO:0110165	Cellular anatomical structure
EWB00_007322	6182.A0A4Z2CUR2	GO Component	GO:0120025	Plasma membrane bounded cell projection
EWB00_007322	6182.A0A4Z2CUR2	STRING clusters	CL:654	Mixed, incl. Small GTPase-mediated signal transduction, and Cell surface receptor protein tyrosine kinase signaling pathway
EWB00_007322	6182.A0A4Z2CUR2	STRING clusters	CL:655	Mixed, incl. Small GTPase-mediated signal transduction, and Cell surface receptor protein tyrosine kinase signaling pathway
EWB00_007322	6182.A0A4Z2CUR2	STRING clusters	CL:656	Mixed, incl. Cell surface receptor protein tyrosine kinase signaling pathway, and Small GTPase-mediated signal transduction
EWB00_007322	6182.A0A4Z2CUR2	STRING clusters	CL:657	Mixed, incl. Cell surface receptor protein tyrosine kinase signaling pathway, and Protein tyrosine phosphatase, catalytic domain
EWB00_007322	6182.A0A4Z2CUR2	STRING clusters	CL:659	Mixed, incl. Cell surface receptor protein tyrosine kinase signaling pathway, and Protein tyrosine phosphatase, catalytic domain
EWB00_007322	6182.A0A4Z2CUR2	STRING clusters	CL:701	Mixed, incl. Non-membrane spanning protein tyrosine kinase activity, and PTK6 Regulates RHO GTPases, RAS GTPase and MAP kinases
EWB00_007322	6182.A0A4Z2CUR2	STRING clusters	CL:704	Non-membrane spanning protein tyrosine kinase activity, and GAB1 signalosome
EWB00_007322	6182.A0A4Z2CUR2	Reactome	MAP-162582	Signal Transduction
EWB00_007322	6182.A0A4Z2CUR2	Reactome	MAP-168256	Immune System
EWB00_007322	6182.A0A4Z2CUR2	Reactome	MAP-194138	Signaling by VEGF
EWB00_007322	6182.A0A4Z2CUR2	Reactome	MAP-194315	Signaling by Rho GTPases
EWB00_007322	6182.A0A4Z2CUR2	Reactome	MAP-4420097	VEGFA-VEGFR2 Pathway
EWB00_007322	6182.A0A4Z2CUR2	Reactome	MAP-9006934	Signaling by Receptor Tyrosine Kinases
EWB00_007322	6182.A0A4Z2CUR2	Reactome	MAP-9716542	Signaling by Rho GTPases, Miro GTPases and RHOBTB3
EWB00_007322	6182.A0A4Z2CUR2	COMPARTMENTS	GOCC:0005925	Focal adhesion
EWB00_007322	6182.A0A4Z2CUR2	COMPARTMENTS	GOCC:0030054	Cell junction
EWB00_007322	6182.A0A4Z2CUR2	COMPARTMENTS	GOCC:0030055	Cell-substrate junction
EWB00_007322	6182.A0A4Z2CUR2	COMPARTMENTS	GOCC:0070161	Anchoring junction
EWB00_007322	6182.A0A4Z2CUR2	COMPARTMENTS	GOCC:0110165	Cellular anatomical structure
EWB00_007322	6182.A0A4Z2CUR2	UniProt Keywords	KW-0067	ATP-binding
EWB00_007322	6182.A0A4Z2CUR2	UniProt Keywords	KW-0418	Kinase
EWB00_007322	6182.A0A4Z2CUR2	UniProt Keywords	KW-0472	Membrane
EWB00_007322	6182.A0A4Z2CUR2	UniProt Keywords	KW-0547	Nucleotide-binding
EWB00_007322	6182.A0A4Z2CUR2	UniProt Keywords	KW-0597	Phosphoprotein
EWB00_007322	6182.A0A4Z2CUR2	UniProt Keywords	KW-0808	Transferase
EWB00_007322	6182.A0A4Z2CUR2	UniProt Keywords	KW-0829	Tyrosine-protein kinase
EWB00_007322	6182.A0A4Z2CUR2	UniProt Keywords	KW-0963	Cytoplasm
EWB00_007322	6182.A0A4Z2CUR2	UniProt Keywords	KW-1003	Cell membrane
EWB00_007322	6182.A0A4Z2CUR2	InterPro	IPR000299	FERM domain
EWB00_007322	6182.A0A4Z2CUR2	InterPro	IPR000719	Protein kinase domain
EWB00_007322	6182.A0A4Z2CUR2	InterPro	IPR001245	Serine-threonine/tyrosine-protein kinase, catalytic domain
EWB00_007322	6182.A0A4Z2CUR2	InterPro	IPR008266	Tyrosine-protein kinase, active site
EWB00_007322	6182.A0A4Z2CUR2	InterPro	IPR011009	Protein kinase-like domain superfamily
EWB00_007322	6182.A0A4Z2CUR2	InterPro	IPR011993	PH-like domain superfamily
EWB00_007322	6182.A0A4Z2CUR2	InterPro	IPR014352	FERM/acyl-CoA-binding protein superfamily
EWB00_007322	6182.A0A4Z2CUR2	InterPro	IPR017441	Protein kinase, ATP binding site
EWB00_007322	6182.A0A4Z2CUR2	InterPro	IPR020635	Tyrosine-protein kinase, catalytic domain
EWB00_007322	6182.A0A4Z2CUR2	InterPro	IPR035963	FERM superfamily, second domain
EWB00_007322	6182.A0A4Z2CUR2	InterPro	IPR050122	Receptor Tyrosine Kinase
EWB00_007322	6182.A0A4Z2CUR2	SMART	SM00219	Tyrosine kinase, catalytic domain
EWB00_007395	6182.A0A4Z2CUS5	GO Process	GO:0009987	Cellular process
EWB00_007395	6182.A0A4Z2CUS5	GO Function	GO:0005198	Structural molecule activity
EWB00_007395	6182.A0A4Z2CUS5	GO Component	GO:0005581	Collagen trimer
EWB00_007395	6182.A0A4Z2CUS5	GO Component	GO:0032991	Protein-containing complex
EWB00_007395	6182.A0A4Z2CUS5	STRING clusters	CL:4286	Mixed, incl. Collagen formation, and SAGA-type complex
EWB00_007395	6182.A0A4Z2CUS5	STRING clusters	CL:4287	Mixed, incl. Collagen formation, and SAGA-type complex
EWB00_007395	6182.A0A4Z2CUS5	STRING clusters	CL:4390	Mixed, incl. Collagen chain trimerization, and Lewis blood group biosynthesis
EWB00_007395	6182.A0A4Z2CUS5	STRING clusters	CL:4392	Mixed, incl. Collagen chain trimerization, and Protein-cysteine S-acyltransferase activity
EWB00_007395	6182.A0A4Z2CUS5	STRING clusters	CL:4395	Collagen triple helix repeat, and Protein-cysteine S-acyltransferase activity
EWB00_007395	6182.A0A4Z2CUS5	KEGG	map04512	ECM-receptor interaction
EWB00_007395	6182.A0A4Z2CUS5	Reactome	MAP-1474244	Extracellular matrix organization
EWB00_007395	6182.A0A4Z2CUS5	Reactome	MAP-1474290	Collagen formation
EWB00_007395	6182.A0A4Z2CUS5	Reactome	MAP-1650814	Collagen biosynthesis and modifying enzymes
EWB00_007395	6182.A0A4Z2CUS5	Reactome	MAP-8948216	Collagen chain trimerization
EWB00_007395	6182.A0A4Z2CUS5	COMPARTMENTS	GOCC:0005581	Collagen trimer
EWB00_007395	6182.A0A4Z2CUS5	COMPARTMENTS	GOCC:0032991	Protein-containing complex
EWB00_007395	6182.A0A4Z2CUS5	UniProt Keywords	KW-0176	Collagen
EWB00_007395	6182.A0A4Z2CUS5	UniProt Keywords	KW-0964	Secreted
EWB00_007395	6182.A0A4Z2CUS5	Pfam	PF01391	Collagen triple helix repeat (20 copies)
EWB00_007395	6182.A0A4Z2CUS5	InterPro	IPR000885	Fibrillar collagen, C-terminal
EWB00_007395	6182.A0A4Z2CUS5	InterPro	IPR008160	Collagen triple helix repeat
EWB00_007395	6182.A0A4Z2CUS5	InterPro	IPR050149	Collagen superfamily
EWB00_007395	6182.A0A4Z2CUS5	SMART	SM00038	Fibrillar collagens C-terminal domain
EWB00_007426	6182.C1LJL2	GO Process	GO:0006996	Organelle organization
EWB00_007426	6182.C1LJL2	GO Process	GO:0007010	Cytoskeleton organization
EWB00_007426	6182.C1LJL2	GO Process	GO:0007015	Actin filament organization
EWB00_007426	6182.C1LJL2	GO Process	GO:0009987	Cellular process
EWB00_007426	6182.C1LJL2	GO Process	GO:0016043	Cellular component organization
EWB00_007426	6182.C1LJL2	GO Process	GO:0030029	Actin filament-based process
EWB00_007426	6182.C1LJL2	GO Process	GO:0030036	Actin cytoskeleton organization
EWB00_007426	6182.C1LJL2	GO Process	GO:0034314	Arp2/3 complex-mediated actin nucleation
EWB00_007426	6182.C1LJL2	GO Process	GO:0045010	Actin nucleation
EWB00_007426	6182.C1LJL2	GO Process	GO:0071840	Cellular component organization or biogenesis
EWB00_007426	6182.C1LJL2	GO Process	GO:0097435	Supramolecular fiber organization
EWB00_007426	6182.C1LJL2	GO Function	GO:0000166	Nucleotide binding
EWB00_007426	6182.C1LJL2	GO Function	GO:0003779	Actin binding
EWB00_007426	6182.C1LJL2	GO Function	GO:0005488	Binding
EWB00_007426	6182.C1LJL2	GO Function	GO:0005515	Protein binding
EWB00_007426	6182.C1LJL2	GO Function	GO:0005524	ATP binding
EWB00_007426	6182.C1LJL2	GO Function	GO:0008092	Cytoskeletal protein binding
EWB00_007426	6182.C1LJL2	GO Function	GO:0017076	Purine nucleotide binding
EWB00_007426	6182.C1LJL2	GO Function	GO:0030554	Adenyl nucleotide binding
EWB00_007426	6182.C1LJL2	GO Function	GO:0032553	Ribonucleotide binding
EWB00_007426	6182.C1LJL2	GO Function	GO:0032555	Purine ribonucleotide binding
EWB00_007426	6182.C1LJL2	GO Function	GO:0032559	Adenyl ribonucleotide binding
EWB00_007426	6182.C1LJL2	GO Function	GO:0035639	Purine ribonucleoside triphosphate binding
EWB00_007426	6182.C1LJL2	GO Function	GO:0036094	Small molecule binding
EWB00_007426	6182.C1LJL2	GO Function	GO:0043167	Ion binding
EWB00_007426	6182.C1LJL2	GO Function	GO:0043168	Anion binding
EWB00_007426	6182.C1LJL2	GO Function	GO:0044877	Protein-containing complex binding
EWB00_007426	6182.C1LJL2	GO Function	GO:0051015	Actin filament binding
EWB00_007426	6182.C1LJL2	GO Function	GO:0097367	Carbohydrate derivative binding
EWB00_007426	6182.C1LJL2	GO Function	GO:1901265	Nucleoside phosphate binding
EWB00_007426	6182.C1LJL2	GO Function	GO:1901363	Heterocyclic compound binding
EWB00_007426	6182.C1LJL2	GO Component	GO:0005622	Intracellular anatomical structure
EWB00_007426	6182.C1LJL2	GO Component	GO:0005856	Cytoskeleton
EWB00_007426	6182.C1LJL2	GO Component	GO:0043226	Organelle
EWB00_007426	6182.C1LJL2	GO Component	GO:0043228	Membraneless organelle
EWB00_007426	6182.C1LJL2	GO Component	GO:0043229	Intracellular organelle
EWB00_007426	6182.C1LJL2	GO Component	GO:0043232	Intracellular membraneless organelle
EWB00_007426	6182.C1LJL2	GO Component	GO:0110165	Cellular anatomical structure
EWB00_007426	6182.C1LJL2	STRING clusters	CL:1135	Regulation of actin dynamics for phagocytic cup formation, and Actin filament organization
EWB00_007426	6182.C1LJL2	STRING clusters	CL:1137	RHO GTPases Activate WASPs and WAVEs, and Regulation of store-operated calcium entry
EWB00_007426	6182.C1LJL2	STRING clusters	CL:1140	RHO GTPases Activate WASPs and WAVEs
EWB00_007426	6182.C1LJL2	STRING clusters	CL:1142	Actin nucleation
EWB00_007426	6182.C1LJL2	KEGG	map04144	Endocytosis
EWB00_007426	6182.C1LJL2	KEGG	map05100	Bacterial invasion of epithelial cells
EWB00_007426	6182.C1LJL2	Reactome	MAP-1266738	Developmental Biology
EWB00_007426	6182.C1LJL2	Reactome	MAP-162582	Signal Transduction
EWB00_007426	6182.C1LJL2	Reactome	MAP-168249	Innate Immune System
EWB00_007426	6182.C1LJL2	Reactome	MAP-168256	Immune System
EWB00_007426	6182.C1LJL2	Reactome	MAP-194315	Signaling by Rho GTPases
EWB00_007426	6182.C1LJL2	Reactome	MAP-195258	RHO GTPase Effectors
EWB00_007426	6182.C1LJL2	Reactome	MAP-199991	Membrane Trafficking
EWB00_007426	6182.C1LJL2	Reactome	MAP-2029480	Fcgamma receptor (FCGR) dependent phagocytosis
EWB00_007426	6182.C1LJL2	Reactome	MAP-2029482	Regulation of actin dynamics for phagocytic cup formation
EWB00_007426	6182.C1LJL2	Reactome	MAP-2682334	EPH-Ephrin signaling
EWB00_007426	6182.C1LJL2	Reactome	MAP-3928662	EPHB-mediated forward signaling
EWB00_007426	6182.C1LJL2	Reactome	MAP-422475	Axon guidance
EWB00_007426	6182.C1LJL2	Reactome	MAP-5653656	Vesicle-mediated transport
EWB00_007426	6182.C1LJL2	Reactome	MAP-5663213	RHO GTPases Activate WASPs and WAVEs
EWB00_007426	6182.C1LJL2	Reactome	MAP-8856828	Clathrin-mediated endocytosis
EWB00_007426	6182.C1LJL2	Reactome	MAP-9675108	Nervous system development
EWB00_007426	6182.C1LJL2	Reactome	MAP-9716542	Signaling by Rho GTPases, Miro GTPases and RHOBTB3
EWB00_007426	6182.C1LJL2	COMPARTMENTS	GOCC:0005622	Intracellular anatomical structure
EWB00_007426	6182.C1LJL2	COMPARTMENTS	GOCC:0005856	Cytoskeleton
EWB00_007426	6182.C1LJL2	COMPARTMENTS	GOCC:0005885	Arp2/3 protein complex
EWB00_007426	6182.C1LJL2	COMPARTMENTS	GOCC:0015629	Actin cytoskeleton
EWB00_007426	6182.C1LJL2	COMPARTMENTS	GOCC:0032991	Protein-containing complex
EWB00_007426	6182.C1LJL2	COMPARTMENTS	GOCC:0043226	Organelle
EWB00_007426	6182.C1LJL2	COMPARTMENTS	GOCC:0043228	Membraneless organelle
EWB00_007426	6182.C1LJL2	COMPARTMENTS	GOCC:0043229	Intracellular organelle
EWB00_007426	6182.C1LJL2	COMPARTMENTS	GOCC:0043232	Intracellular membraneless organelle
EWB00_007426	6182.C1LJL2	COMPARTMENTS	GOCC:0110165	Cellular anatomical structure
EWB00_007426	6182.C1LJL2	UniProt Keywords	KW-0009	Actin-binding
EWB00_007426	6182.C1LJL2	UniProt Keywords	KW-0067	ATP-binding
EWB00_007426	6182.C1LJL2	UniProt Keywords	KW-0206	Cytoskeleton
EWB00_007426	6182.C1LJL2	UniProt Keywords	KW-0547	Nucleotide-binding
EWB00_007426	6182.C1LJL2	UniProt Keywords	KW-0963	Cytoplasm
EWB00_007426	6182.C1LJL2	InterPro	IPR004000	Actin family
EWB00_007426	6182.C1LJL2	InterPro	IPR020902	Actin/actin-like conserved site
EWB00_007426	6182.C1LJL2	InterPro	IPR043129	ATPase, nucleotide binding domain
EWB00_007426	6182.C1LJL2	SMART	SM00268	Actin
EWB00_007520	6182.A0A4Z2CUE7	GO Process	GO:0007154	Cell communication
EWB00_007520	6182.A0A4Z2CUE7	GO Process	GO:0007165	Signal transduction
EWB00_007520	6182.A0A4Z2CUE7	GO Process	GO:0007166	Cell surface receptor signaling pathway
EWB00_007520	6182.A0A4Z2CUE7	GO Process	GO:0007167	Enzyme-linked receptor protein signaling pathway
EWB00_007520	6182.A0A4Z2CUE7	GO Process	GO:0007169	Cell surface receptor protein tyrosine kinase signaling pathway
EWB00_007520	6182.A0A4Z2CUE7	GO Process	GO:0009987	Cellular process
EWB00_007520	6182.A0A4Z2CUE7	GO Process	GO:0023052	Signaling
EWB00_007520	6182.A0A4Z2CUE7	GO Process	GO:0030154	Cell differentiation
EWB00_007520	6182.A0A4Z2CUE7	GO Process	GO:0032502	Developmental process
EWB00_007520	6182.A0A4Z2CUE7	GO Process	GO:0048518	Positive regulation of biological process
EWB00_007520	6182.A0A4Z2CUE7	GO Process	GO:0048522	Positive regulation of cellular process
EWB00_007520	6182.A0A4Z2CUE7	GO Process	GO:0048869	Cellular developmental process
EWB00_007520	6182.A0A4Z2CUE7	GO Process	GO:0050789	Regulation of biological process
EWB00_007520	6182.A0A4Z2CUE7	GO Process	GO:0050794	Regulation of cellular process
EWB00_007520	6182.A0A4Z2CUE7	GO Process	GO:0050896	Response to stimulus
EWB00_007520	6182.A0A4Z2CUE7	GO Process	GO:0051716	Cellular response to stimulus
EWB00_007520	6182.A0A4Z2CUE7	GO Process	GO:0065007	Biological regulation
EWB00_007520	6182.A0A4Z2CUE7	GO Function	GO:0000166	Nucleotide binding
EWB00_007520	6182.A0A4Z2CUE7	GO Function	GO:0003824	Catalytic activity
EWB00_007520	6182.A0A4Z2CUE7	GO Function	GO:0004672	Protein kinase activity
EWB00_007520	6182.A0A4Z2CUE7	GO Function	GO:0004713	Protein tyrosine kinase activity
EWB00_007520	6182.A0A4Z2CUE7	GO Function	GO:0004715	Non-membrane spanning protein tyrosine kinase activity
EWB00_007520	6182.A0A4Z2CUE7	GO Function	GO:0005102	Signaling receptor binding
EWB00_007520	6182.A0A4Z2CUE7	GO Function	GO:0005488	Binding
EWB00_007520	6182.A0A4Z2CUE7	GO Function	GO:0005515	Protein binding
EWB00_007520	6182.A0A4Z2CUE7	GO Function	GO:0005524	ATP binding
EWB00_007520	6182.A0A4Z2CUE7	GO Function	GO:0016301	Kinase activity
EWB00_007520	6182.A0A4Z2CUE7	GO Function	GO:0016740	Transferase activity
EWB00_007520	6182.A0A4Z2CUE7	GO Function	GO:0016772	Transferase activity, transferring phosphorus-containing groups
EWB00_007520	6182.A0A4Z2CUE7	GO Function	GO:0016773	Phosphotransferase activity, alcohol group as acceptor
EWB00_007520	6182.A0A4Z2CUE7	GO Function	GO:0017076	Purine nucleotide binding
EWB00_007520	6182.A0A4Z2CUE7	GO Function	GO:0030554	Adenyl nucleotide binding
EWB00_007520	6182.A0A4Z2CUE7	GO Function	GO:0032553	Ribonucleotide binding
EWB00_007520	6182.A0A4Z2CUE7	GO Function	GO:0032555	Purine ribonucleotide binding
EWB00_007520	6182.A0A4Z2CUE7	GO Function	GO:0032559	Adenyl ribonucleotide binding
EWB00_007520	6182.A0A4Z2CUE7	GO Function	GO:0035639	Purine ribonucleoside triphosphate binding
EWB00_007520	6182.A0A4Z2CUE7	GO Function	GO:0036094	Small molecule binding
EWB00_007520	6182.A0A4Z2CUE7	GO Function	GO:0043167	Ion binding
EWB00_007520	6182.A0A4Z2CUE7	GO Function	GO:0043168	Anion binding
EWB00_007520	6182.A0A4Z2CUE7	GO Function	GO:0097367	Carbohydrate derivative binding
EWB00_007520	6182.A0A4Z2CUE7	GO Function	GO:0140096	Catalytic activity, acting on a protein
EWB00_007520	6182.A0A4Z2CUE7	GO Function	GO:1901265	Nucleoside phosphate binding
EWB00_007520	6182.A0A4Z2CUE7	GO Function	GO:1901363	Heterocyclic compound binding
EWB00_007520	6182.A0A4Z2CUE7	GO Component	GO:0005622	Intracellular anatomical structure
EWB00_007520	6182.A0A4Z2CUE7	GO Component	GO:0005737	Cytoplasm
EWB00_007520	6182.A0A4Z2CUE7	GO Component	GO:0005829	Cytosol
EWB00_007520	6182.A0A4Z2CUE7	GO Component	GO:0005886	Plasma membrane
EWB00_007520	6182.A0A4Z2CUE7	GO Component	GO:0016020	Membrane
EWB00_007520	6182.A0A4Z2CUE7	GO Component	GO:0043226	Organelle
EWB00_007520	6182.A0A4Z2CUE7	GO Component	GO:0043229	Intracellular organelle
EWB00_007520	6182.A0A4Z2CUE7	GO Component	GO:0071944	Cell periphery
EWB00_007520	6182.A0A4Z2CUE7	GO Component	GO:0110165	Cellular anatomical structure
EWB00_007520	6182.A0A4Z2CUE7	STRING clusters	CL:654	Mixed, incl. Small GTPase-mediated signal transduction, and Cell surface receptor protein tyrosine kinase signaling pathway
EWB00_007520	6182.A0A4Z2CUE7	STRING clusters	CL:655	Mixed, incl. Small GTPase-mediated signal transduction, and Cell surface receptor protein tyrosine kinase signaling pathway
EWB00_007520	6182.A0A4Z2CUE7	STRING clusters	CL:656	Mixed, incl. Cell surface receptor protein tyrosine kinase signaling pathway, and Small GTPase-mediated signal transduction
EWB00_007520	6182.A0A4Z2CUE7	STRING clusters	CL:657	Mixed, incl. Cell surface receptor protein tyrosine kinase signaling pathway, and Protein tyrosine phosphatase, catalytic domain
EWB00_007520	6182.A0A4Z2CUE7	STRING clusters	CL:659	Mixed, incl. Cell surface receptor protein tyrosine kinase signaling pathway, and Protein tyrosine phosphatase, catalytic domain
EWB00_007520	6182.A0A4Z2CUE7	STRING clusters	CL:662	Cell surface receptor protein tyrosine kinase signaling pathway, and Protein tyrosine phosphatase, catalytic domain
EWB00_007520	6182.A0A4Z2CUE7	STRING clusters	CL:665	Growth factor receptor binding, and Cell surface receptor protein tyrosine kinase signaling pathway
EWB00_007520	6182.A0A4Z2CUE7	STRING clusters	CL:667	RET signaling, and Regulation of hematopoietic progenitor cell differentiation
EWB00_007520	6182.A0A4Z2CUE7	Reactome	MAP-162582	Signal Transduction
EWB00_007520	6182.A0A4Z2CUE7	Reactome	MAP-168249	Innate Immune System
EWB00_007520	6182.A0A4Z2CUE7	Reactome	MAP-168256	Immune System
EWB00_007520	6182.A0A4Z2CUE7	COMPARTMENTS	GOCC:0005622	Intracellular anatomical structure
EWB00_007520	6182.A0A4Z2CUE7	COMPARTMENTS	GOCC:0005737	Cytoplasm
EWB00_007520	6182.A0A4Z2CUE7	COMPARTMENTS	GOCC:0110165	Cellular anatomical structure
EWB00_007520	6182.A0A4Z2CUE7	UniProt Keywords	KW-0067	ATP-binding
EWB00_007520	6182.A0A4Z2CUE7	UniProt Keywords	KW-0418	Kinase
EWB00_007520	6182.A0A4Z2CUE7	UniProt Keywords	KW-0449	Lipoprotein
EWB00_007520	6182.A0A4Z2CUE7	UniProt Keywords	KW-0519	Myristate
EWB00_007520	6182.A0A4Z2CUE7	UniProt Keywords	KW-0547	Nucleotide-binding
EWB00_007520	6182.A0A4Z2CUE7	UniProt Keywords	KW-0597	Phosphoprotein
EWB00_007520	6182.A0A4Z2CUE7	UniProt Keywords	KW-0727	SH2 domain
EWB00_007520	6182.A0A4Z2CUE7	UniProt Keywords	KW-0728	SH3 domain
EWB00_007520	6182.A0A4Z2CUE7	UniProt Keywords	KW-0808	Transferase
EWB00_007520	6182.A0A4Z2CUE7	UniProt Keywords	KW-0829	Tyrosine-protein kinase
EWB00_007520	6182.A0A4Z2CUE7	InterPro	IPR000719	Protein kinase domain
EWB00_007520	6182.A0A4Z2CUE7	InterPro	IPR000980	SH2 domain
EWB00_007520	6182.A0A4Z2CUE7	InterPro	IPR001245	Serine-threonine/tyrosine-protein kinase, catalytic domain
EWB00_007520	6182.A0A4Z2CUE7	InterPro	IPR001452	SH3 domain
EWB00_007520	6182.A0A4Z2CUE7	InterPro	IPR008266	Tyrosine-protein kinase, active site
EWB00_007520	6182.A0A4Z2CUE7	InterPro	IPR011009	Protein kinase-like domain superfamily
EWB00_007520	6182.A0A4Z2CUE7	InterPro	IPR017441	Protein kinase, ATP binding site
EWB00_007520	6182.A0A4Z2CUE7	InterPro	IPR020635	Tyrosine-protein kinase, catalytic domain
EWB00_007520	6182.A0A4Z2CUE7	InterPro	IPR036028	SH3-like domain superfamily
EWB00_007520	6182.A0A4Z2CUE7	InterPro	IPR036860	SH2 domain superfamily
EWB00_007520	6182.A0A4Z2CUE7	InterPro	IPR050198	Non-receptor tyrosine kinases involved in cell signaling
EWB00_007520	6182.A0A4Z2CUE7	SMART	SM00219	Tyrosine kinase, catalytic domain
EWB00_007520	6182.A0A4Z2CUE7	SMART	SM00252	Src homology 2 domains
EWB00_007520	6182.A0A4Z2CUE7	SMART	SM00326	Src homology 3 domains
EWB00_008239	6182.A0A4Z2CQY2	GO Process	GO:0009987	Cellular process
EWB00_008239	6182.A0A4Z2CQY2	GO Function	GO:0005198	Structural molecule activity
EWB00_008239	6182.A0A4Z2CQY2	GO Component	GO:0005581	Collagen trimer
EWB00_008239	6182.A0A4Z2CQY2	GO Component	GO:0032991	Protein-containing complex
EWB00_008239	6182.A0A4Z2CQY2	STRING clusters	CL:4286	Mixed, incl. Collagen formation, and SAGA-type complex
EWB00_008239	6182.A0A4Z2CQY2	STRING clusters	CL:4287	Mixed, incl. Collagen formation, and SAGA-type complex
EWB00_008239	6182.A0A4Z2CQY2	STRING clusters	CL:4390	Mixed, incl. Collagen chain trimerization, and Lewis blood group biosynthesis
EWB00_008239	6182.A0A4Z2CQY2	STRING clusters	CL:4392	Mixed, incl. Collagen chain trimerization, and Protein-cysteine S-acyltransferase activity
EWB00_008239	6182.A0A4Z2CQY2	STRING clusters	CL:4395	Collagen triple helix repeat, and Protein-cysteine S-acyltransferase activity
EWB00_008239	6182.A0A4Z2CQY2	KEGG	map04512	ECM-receptor interaction
EWB00_008239	6182.A0A4Z2CQY2	KEGG	map04820	Cytoskeleton in muscle cells
EWB00_008239	6182.A0A4Z2CQY2	Reactome	MAP-1474244	Extracellular matrix organization
EWB00_008239	6182.A0A4Z2CQY2	Reactome	MAP-1474290	Collagen formation
EWB00_008239	6182.A0A4Z2CQY2	Reactome	MAP-1650814	Collagen biosynthesis and modifying enzymes
EWB00_008239	6182.A0A4Z2CQY2	Reactome	MAP-8948216	Collagen chain trimerization
EWB00_008239	6182.A0A4Z2CQY2	COMPARTMENTS	GOCC:0005581	Collagen trimer
EWB00_008239	6182.A0A4Z2CQY2	COMPARTMENTS	GOCC:0032991	Protein-containing complex
EWB00_008239	6182.A0A4Z2CQY2	UniProt Keywords	KW-0176	Collagen
EWB00_008239	6182.A0A4Z2CQY2	UniProt Keywords	KW-0732	Signal
EWB00_008239	6182.A0A4Z2CQY2	UniProt Keywords	KW-0964	Secreted
EWB00_008239	6182.A0A4Z2CQY2	Pfam	PF01391	Collagen triple helix repeat (20 copies)
EWB00_008239	6182.A0A4Z2CQY2	InterPro	IPR000885	Fibrillar collagen, C-terminal
EWB00_008239	6182.A0A4Z2CQY2	InterPro	IPR008160	Collagen triple helix repeat
EWB00_008239	6182.A0A4Z2CQY2	InterPro	IPR050149	Collagen superfamily
EWB00_008239	6182.A0A4Z2CQY2	SMART	SM00038	Fibrillar collagens C-terminal domain
EWB00_008747	6182.C1LG63	GO Process	GO:0006996	Organelle organization
EWB00_008747	6182.C1LG63	GO Process	GO:0007010	Cytoskeleton organization
EWB00_008747	6182.C1LG63	GO Process	GO:0009653	Anatomical structure morphogenesis
EWB00_008747	6182.C1LG63	GO Process	GO:0009987	Cellular process
EWB00_008747	6182.C1LG63	GO Process	GO:0010927	Cellular component assembly involved in morphogenesis
EWB00_008747	6182.C1LG63	GO Process	GO:0016043	Cellular component organization
EWB00_008747	6182.C1LG63	GO Process	GO:0022607	Cellular component assembly
EWB00_008747	6182.C1LG63	GO Process	GO:0030029	Actin filament-based process
EWB00_008747	6182.C1LG63	GO Process	GO:0030036	Actin cytoskeleton organization
EWB00_008747	6182.C1LG63	GO Process	GO:0030154	Cell differentiation
EWB00_008747	6182.C1LG63	GO Process	GO:0030239	Myofibril assembly
EWB00_008747	6182.C1LG63	GO Process	GO:0031032	Actomyosin structure organization
EWB00_008747	6182.C1LG63	GO Process	GO:0032502	Developmental process
EWB00_008747	6182.C1LG63	GO Process	GO:0032989	Cellular anatomical entity morphogenesis
EWB00_008747	6182.C1LG63	GO Process	GO:0042692	Muscle cell differentiation
EWB00_008747	6182.C1LG63	GO Process	GO:0044085	Cellular component biogenesis
EWB00_008747	6182.C1LG63	GO Process	GO:0045214	Sarcomere organization
EWB00_008747	6182.C1LG63	GO Process	GO:0048468	Cell development
EWB00_008747	6182.C1LG63	GO Process	GO:0048646	Anatomical structure formation involved in morphogenesis
EWB00_008747	6182.C1LG63	GO Process	GO:0048856	Anatomical structure development
EWB00_008747	6182.C1LG63	GO Process	GO:0048869	Cellular developmental process
EWB00_008747	6182.C1LG63	GO Process	GO:0051146	Striated muscle cell differentiation
EWB00_008747	6182.C1LG63	GO Process	GO:0055001	Muscle cell development
EWB00_008747	6182.C1LG63	GO Process	GO:0055002	Striated muscle cell development
EWB00_008747	6182.C1LG63	GO Process	GO:0061061	Muscle structure development
EWB00_008747	6182.C1LG63	GO Process	GO:0070925	Organelle assembly
EWB00_008747	6182.C1LG63	GO Process	GO:0071840	Cellular component organization or biogenesis
EWB00_008747	6182.C1LG63	GO Process	GO:0097435	Supramolecular fiber organization
EWB00_008747	6182.C1LG63	GO Process	GO:0140694	Membraneless organelle assembly
EWB00_008747	6182.C1LG63	GO Function	GO:0005080	Protein kinase C binding
EWB00_008747	6182.C1LG63	GO Function	GO:0005488	Binding
EWB00_008747	6182.C1LG63	GO Function	GO:0005515	Protein binding
EWB00_008747	6182.C1LG63	GO Function	GO:0008092	Cytoskeletal protein binding
EWB00_008747	6182.C1LG63	GO Function	GO:0019899	Enzyme binding
EWB00_008747	6182.C1LG63	GO Function	GO:0019900	Kinase binding
EWB00_008747	6182.C1LG63	GO Function	GO:0019901	Protein kinase binding
EWB00_008747	6182.C1LG63	GO Function	GO:0036094	Small molecule binding
EWB00_008747	6182.C1LG63	GO Function	GO:0042805	Actinin binding
EWB00_008747	6182.C1LG63	GO Function	GO:0043167	Ion binding
EWB00_008747	6182.C1LG63	GO Function	GO:0043169	Cation binding
EWB00_008747	6182.C1LG63	GO Function	GO:0046872	Metal ion binding
EWB00_008747	6182.C1LG63	GO Function	GO:0051371	Muscle alpha-actinin binding
EWB00_008747	6182.C1LG63	GO Function	GO:0051393	Alpha-actinin binding
EWB00_008747	6182.C1LG63	GO Component	GO:0005622	Intracellular anatomical structure
EWB00_008747	6182.C1LG63	GO Component	GO:0005737	Cytoplasm
EWB00_008747	6182.C1LG63	GO Component	GO:0005856	Cytoskeleton
EWB00_008747	6182.C1LG63	GO Component	GO:0030016	Myofibril
EWB00_008747	6182.C1LG63	GO Component	GO:0030017	Sarcomere
EWB00_008747	6182.C1LG63	GO Component	GO:0030018	Z disc
EWB00_008747	6182.C1LG63	GO Component	GO:0031674	I band
EWB00_008747	6182.C1LG63	GO Component	GO:0043226	Organelle
EWB00_008747	6182.C1LG63	GO Component	GO:0043228	Membraneless organelle
EWB00_008747	6182.C1LG63	GO Component	GO:0043229	Intracellular organelle
EWB00_008747	6182.C1LG63	GO Component	GO:0043232	Intracellular membraneless organelle
EWB00_008747	6182.C1LG63	GO Component	GO:0043292	Contractile muscle fiber
EWB00_008747	6182.C1LG63	GO Component	GO:0099080	Supramolecular complex
EWB00_008747	6182.C1LG63	GO Component	GO:0099081	Supramolecular polymer
EWB00_008747	6182.C1LG63	GO Component	GO:0099512	Supramolecular fiber
EWB00_008747	6182.C1LG63	GO Component	GO:0110165	Cellular anatomical structure
EWB00_008747	6182.C1LG63	STRING clusters	CL:585	Mixed, incl. Integrin-mediated signaling pathway, and PDZ and LIM domain-containing
EWB00_008747	6182.C1LG63	KEGG	map04820	Cytoskeleton in muscle cells
EWB00_008747	6182.C1LG63	COMPARTMENTS	GOCC:0005622	Intracellular anatomical structure
EWB00_008747	6182.C1LG63	COMPARTMENTS	GOCC:0005737	Cytoplasm
EWB00_008747	6182.C1LG63	COMPARTMENTS	GOCC:0030016	Myofibril
EWB00_008747	6182.C1LG63	COMPARTMENTS	GOCC:0030017	Sarcomere
EWB00_008747	6182.C1LG63	COMPARTMENTS	GOCC:0030018	Z disc
EWB00_008747	6182.C1LG63	COMPARTMENTS	GOCC:0031674	I band
EWB00_008747	6182.C1LG63	COMPARTMENTS	GOCC:0043226	Organelle
EWB00_008747	6182.C1LG63	COMPARTMENTS	GOCC:0043228	Membraneless organelle
EWB00_008747	6182.C1LG63	COMPARTMENTS	GOCC:0043229	Intracellular organelle
EWB00_008747	6182.C1LG63	COMPARTMENTS	GOCC:0043232	Intracellular membraneless organelle
EWB00_008747	6182.C1LG63	COMPARTMENTS	GOCC:0043292	Contractile muscle fiber
EWB00_008747	6182.C1LG63	COMPARTMENTS	GOCC:0099080	Supramolecular complex
EWB00_008747	6182.C1LG63	COMPARTMENTS	GOCC:0099081	Supramolecular polymer
EWB00_008747	6182.C1LG63	COMPARTMENTS	GOCC:0099512	Supramolecular fiber
EWB00_008747	6182.C1LG63	COMPARTMENTS	GOCC:0110165	Cellular anatomical structure
EWB00_008747	6182.C1LG63	UniProt Keywords	KW-0440	LIM domain
EWB00_008747	6182.C1LG63	UniProt Keywords	KW-0479	Metal-binding
EWB00_008747	6182.C1LG63	UniProt Keywords	KW-0862	Zinc
EWB00_008747	6182.C1LG63	InterPro	IPR001478	PDZ domain
EWB00_008747	6182.C1LG63	InterPro	IPR001781	Zinc finger, LIM-type
EWB00_008747	6182.C1LG63	InterPro	IPR036034	PDZ superfamily
EWB00_008747	6182.C1LG63	InterPro	IPR050604	PDZ and LIM domain-containing
EWB00_008747	6182.C1LG63	SMART	SM00132	Zinc-binding domain present in Lin-11, Isl-1, Mec-3.
EWB00_008747	6182.C1LG63	SMART	SM00228	Domain present in PSD-95, Dlg, and ZO-1/2.
EWB00_008857	6182.A0A4Z2DY79	GO Function	GO:0000166	Nucleotide binding
EWB00_008857	6182.A0A4Z2DY79	GO Function	GO:0005488	Binding
EWB00_008857	6182.A0A4Z2DY79	GO Function	GO:0005524	ATP binding
EWB00_008857	6182.A0A4Z2DY79	GO Function	GO:0017076	Purine nucleotide binding
EWB00_008857	6182.A0A4Z2DY79	GO Function	GO:0030554	Adenyl nucleotide binding
EWB00_008857	6182.A0A4Z2DY79	GO Function	GO:0032553	Ribonucleotide binding
EWB00_008857	6182.A0A4Z2DY79	GO Function	GO:0032555	Purine ribonucleotide binding
EWB00_008857	6182.A0A4Z2DY79	GO Function	GO:0032559	Adenyl ribonucleotide binding
EWB00_008857	6182.A0A4Z2DY79	GO Function	GO:0035639	Purine ribonucleoside triphosphate binding
EWB00_008857	6182.A0A4Z2DY79	GO Function	GO:0036094	Small molecule binding
EWB00_008857	6182.A0A4Z2DY79	GO Function	GO:0043167	Ion binding
EWB00_008857	6182.A0A4Z2DY79	GO Function	GO:0043168	Anion binding
EWB00_008857	6182.A0A4Z2DY79	GO Function	GO:0097367	Carbohydrate derivative binding
EWB00_008857	6182.A0A4Z2DY79	GO Function	GO:1901265	Nucleoside phosphate binding
EWB00_008857	6182.A0A4Z2DY79	GO Function	GO:1901363	Heterocyclic compound binding
EWB00_008857	6182.A0A4Z2DY79	GO Component	GO:0005622	Intracellular anatomical structure
EWB00_008857	6182.A0A4Z2DY79	GO Component	GO:0005737	Cytoplasm
EWB00_008857	6182.A0A4Z2DY79	GO Component	GO:0005815	Microtubule organizing center
EWB00_008857	6182.A0A4Z2DY79	GO Component	GO:0005856	Cytoskeleton
EWB00_008857	6182.A0A4Z2DY79	GO Component	GO:0005869	Dynactin complex
EWB00_008857	6182.A0A4Z2DY79	GO Component	GO:0005875	Microtubule associated complex
EWB00_008857	6182.A0A4Z2DY79	GO Component	GO:0015629	Actin cytoskeleton
EWB00_008857	6182.A0A4Z2DY79	GO Component	GO:0015630	Microtubule cytoskeleton
EWB00_008857	6182.A0A4Z2DY79	GO Component	GO:0032991	Protein-containing complex
EWB00_008857	6182.A0A4Z2DY79	GO Component	GO:0043226	Organelle
EWB00_008857	6182.A0A4Z2DY79	GO Component	GO:0043228	Membraneless organelle
EWB00_008857	6182.A0A4Z2DY79	GO Component	GO:0043229	Intracellular organelle
EWB00_008857	6182.A0A4Z2DY79	GO Component	GO:0043232	Intracellular membraneless organelle
EWB00_008857	6182.A0A4Z2DY79	GO Component	GO:0110165	Cellular anatomical structure
EWB00_008857	6182.A0A4Z2DY79	STRING clusters	CL:1240	Dynein complex, and Cilium movement
EWB00_008857	6182.A0A4Z2DY79	STRING clusters	CL:1241	Dynein complex, and Tubulin
EWB00_008857	6182.A0A4Z2DY79	STRING clusters	CL:1243	Dynein, and Tubulin
EWB00_008857	6182.A0A4Z2DY79	STRING clusters	CL:1244	Dynein, and Dynactin complex
EWB00_008857	6182.A0A4Z2DY79	STRING clusters	CL:1344	Dynein heavy chain, and Dynactin complex
EWB00_008857	6182.A0A4Z2DY79	STRING clusters	CL:1376	Dynactin complex, and Dynactin binding
EWB00_008857	6182.A0A4Z2DY79	KEGG	map04814	Motor proteins
EWB00_008857	6182.A0A4Z2DY79	Reactome	MAP-168256	Immune System
EWB00_008857	6182.A0A4Z2DY79	COMPARTMENTS	GOCC:0005622	Intracellular anatomical structure
EWB00_008857	6182.A0A4Z2DY79	COMPARTMENTS	GOCC:0005856	Cytoskeleton
EWB00_008857	6182.A0A4Z2DY79	COMPARTMENTS	GOCC:0005869	Dynactin complex
EWB00_008857	6182.A0A4Z2DY79	COMPARTMENTS	GOCC:0015629	Actin cytoskeleton
EWB00_008857	6182.A0A4Z2DY79	COMPARTMENTS	GOCC:0015630	Microtubule cytoskeleton
EWB00_008857	6182.A0A4Z2DY79	COMPARTMENTS	GOCC:0032991	Protein-containing complex
EWB00_008857	6182.A0A4Z2DY79	COMPARTMENTS	GOCC:0043226	Organelle
EWB00_008857	6182.A0A4Z2DY79	COMPARTMENTS	GOCC:0043228	Membraneless organelle
EWB00_008857	6182.A0A4Z2DY79	COMPARTMENTS	GOCC:0043229	Intracellular organelle
EWB00_008857	6182.A0A4Z2DY79	COMPARTMENTS	GOCC:0043232	Intracellular membraneless organelle
EWB00_008857	6182.A0A4Z2DY79	COMPARTMENTS	GOCC:0110165	Cellular anatomical structure
EWB00_008857	6182.A0A4Z2DY79	UniProt Keywords	KW-0007	Acetylation
EWB00_008857	6182.A0A4Z2DY79	UniProt Keywords	KW-0067	ATP-binding
EWB00_008857	6182.A0A4Z2DY79	UniProt Keywords	KW-0206	Cytoskeleton
EWB00_008857	6182.A0A4Z2DY79	UniProt Keywords	KW-0547	Nucleotide-binding
EWB00_008857	6182.A0A4Z2DY79	UniProt Keywords	KW-0963	Cytoplasm
EWB00_008857	6182.A0A4Z2DY79	InterPro	IPR004000	Actin family
EWB00_008857	6182.A0A4Z2DY79	InterPro	IPR020902	Actin/actin-like conserved site
EWB00_008857	6182.A0A4Z2DY79	InterPro	IPR043129	ATPase, nucleotide binding domain
EWB00_008857	6182.A0A4Z2DY79	SMART	SM00268	Actin
EWB00_009161	6182.C1L3T0	GO Process	GO:0009987	Cellular process
EWB00_009161	6182.C1L3T0	GO Function	GO:0005488	Binding
EWB00_009161	6182.C1L3T0	GO Component	GO:0005622	Intracellular anatomical structure
EWB00_009161	6182.C1L3T0	GO Component	GO:0005737	Cytoplasm
EWB00_009161	6182.C1L3T0	GO Component	GO:0005856	Cytoskeleton
EWB00_009161	6182.C1L3T0	GO Component	GO:0005869	Dynactin complex
EWB00_009161	6182.C1L3T0	GO Component	GO:0005875	Microtubule associated complex
EWB00_009161	6182.C1L3T0	GO Component	GO:0005886	Plasma membrane
EWB00_009161	6182.C1L3T0	GO Component	GO:0015629	Actin cytoskeleton
EWB00_009161	6182.C1L3T0	GO Component	GO:0015630	Microtubule cytoskeleton
EWB00_009161	6182.C1L3T0	GO Component	GO:0016020	Membrane
EWB00_009161	6182.C1L3T0	GO Component	GO:0032991	Protein-containing complex
EWB00_009161	6182.C1L3T0	GO Component	GO:0043226	Organelle
EWB00_009161	6182.C1L3T0	GO Component	GO:0043228	Membraneless organelle
EWB00_009161	6182.C1L3T0	GO Component	GO:0043229	Intracellular organelle
EWB00_009161	6182.C1L3T0	GO Component	GO:0043232	Intracellular membraneless organelle
EWB00_009161	6182.C1L3T0	GO Component	GO:0043292	Contractile muscle fiber
EWB00_009161	6182.C1L3T0	GO Component	GO:0055120	Striated muscle dense body
EWB00_009161	6182.C1L3T0	GO Component	GO:0071944	Cell periphery
EWB00_009161	6182.C1L3T0	GO Component	GO:0099080	Supramolecular complex
EWB00_009161	6182.C1L3T0	GO Component	GO:0099081	Supramolecular polymer
EWB00_009161	6182.C1L3T0	GO Component	GO:0099512	Supramolecular fiber
EWB00_009161	6182.C1L3T0	GO Component	GO:0110165	Cellular anatomical structure
EWB00_009161	6182.C1L3T0	STRING clusters	CL:217	Mixed, incl. Disulfide bond, and Annexin
EWB00_009161	6182.C1L3T0	STRING clusters	CL:219	Mixed, incl. Disulfide bond, and Annexin
EWB00_009161	6182.C1L3T0	STRING clusters	CL:221	Mixed, incl. Disulfide bond, and Annexin
EWB00_009161	6182.C1L3T0	STRING clusters	CL:222	Mostly uncharacterized, incl. Serine-type endopeptidase activity, and Annexin
EWB00_009161	6182.C1L3T0	STRING clusters	CL:223	Mostly uncharacterized, incl. Annexin, and Serine-type endopeptidase activity
EWB00_009161	6182.C1L3T0	STRING clusters	CL:224	Mostly uncharacterized, incl. Annexin, and Serine-type endopeptidase activity
EWB00_009161	6182.C1L3T0	STRING clusters	CL:225	Mixed, incl. Annexin, and Serine-type endopeptidase activity
EWB00_009161	6182.C1L3T0	STRING clusters	CL:227	Mixed, incl. Annexin, and Serine-type endopeptidase activity
EWB00_009161	6182.C1L3T0	STRING clusters	CL:229	Mixed, incl. Annexin, and Serine-type endopeptidase activity
EWB00_009161	6182.C1L3T0	STRING clusters	CL:230	Mixed, incl. Annexin, and Serine-type endopeptidase activity
EWB00_009161	6182.C1L3T0	STRING clusters	CL:323	Mixed, incl. Annexin, and Serine-type endopeptidase activity
EWB00_009161	6182.C1L3T0	STRING clusters	CL:325	Mixed, incl. Annexin, and Calponin-like
EWB00_009161	6182.C1L3T0	STRING clusters	CL:327	Mixed, incl. Annexin, and Calponin-like
EWB00_009161	6182.C1L3T0	KEGG	map04814	Motor proteins
EWB00_009161	6182.C1L3T0	COMPARTMENTS	GOCC:0005622	Intracellular anatomical structure
EWB00_009161	6182.C1L3T0	COMPARTMENTS	GOCC:0005856	Cytoskeleton
EWB00_009161	6182.C1L3T0	COMPARTMENTS	GOCC:0005869	Dynactin complex
EWB00_009161	6182.C1L3T0	COMPARTMENTS	GOCC:0015629	Actin cytoskeleton
EWB00_009161	6182.C1L3T0	COMPARTMENTS	GOCC:0015630	Microtubule cytoskeleton
EWB00_009161	6182.C1L3T0	COMPARTMENTS	GOCC:0032991	Protein-containing complex
EWB00_009161	6182.C1L3T0	COMPARTMENTS	GOCC:0043226	Organelle
EWB00_009161	6182.C1L3T0	COMPARTMENTS	GOCC:0043228	Membraneless organelle
EWB00_009161	6182.C1L3T0	COMPARTMENTS	GOCC:0043229	Intracellular organelle
EWB00_009161	6182.C1L3T0	COMPARTMENTS	GOCC:0043232	Intracellular membraneless organelle
EWB00_009161	6182.C1L3T0	COMPARTMENTS	GOCC:0110165	Cellular anatomical structure
EWB00_009161	6182.C1L3T0	InterPro	IPR004000	Actin family
EWB00_009161	6182.C1L3T0	InterPro	IPR043129	ATPase, nucleotide binding domain
EWB00_009161	6182.C1L3T0	SMART	SM00268	Actin
EWB00_009162	6182.A0A4Z2CMV9	GO Process	GO:0009987	Cellular process
EWB00_009162	6182.A0A4Z2CMV9	GO Function	GO:0005488	Binding
EWB00_009162	6182.A0A4Z2CMV9	GO Component	GO:0005622	Intracellular anatomical structure
EWB00_009162	6182.A0A4Z2CMV9	GO Component	GO:0005737	Cytoplasm
EWB00_009162	6182.A0A4Z2CMV9	GO Component	GO:0005856	Cytoskeleton
EWB00_009162	6182.A0A4Z2CMV9	GO Component	GO:0005869	Dynactin complex
EWB00_009162	6182.A0A4Z2CMV9	GO Component	GO:0005875	Microtubule associated complex
EWB00_009162	6182.A0A4Z2CMV9	GO Component	GO:0005886	Plasma membrane
EWB00_009162	6182.A0A4Z2CMV9	GO Component	GO:0015629	Actin cytoskeleton
EWB00_009162	6182.A0A4Z2CMV9	GO Component	GO:0015630	Microtubule cytoskeleton
EWB00_009162	6182.A0A4Z2CMV9	GO Component	GO:0016020	Membrane
EWB00_009162	6182.A0A4Z2CMV9	GO Component	GO:0032991	Protein-containing complex
EWB00_009162	6182.A0A4Z2CMV9	GO Component	GO:0043226	Organelle
EWB00_009162	6182.A0A4Z2CMV9	GO Component	GO:0043228	Membraneless organelle
EWB00_009162	6182.A0A4Z2CMV9	GO Component	GO:0043229	Intracellular organelle
EWB00_009162	6182.A0A4Z2CMV9	GO Component	GO:0043232	Intracellular membraneless organelle
EWB00_009162	6182.A0A4Z2CMV9	GO Component	GO:0043292	Contractile muscle fiber
EWB00_009162	6182.A0A4Z2CMV9	GO Component	GO:0055120	Striated muscle dense body
EWB00_009162	6182.A0A4Z2CMV9	GO Component	GO:0071944	Cell periphery
EWB00_009162	6182.A0A4Z2CMV9	GO Component	GO:0099080	Supramolecular complex
EWB00_009162	6182.A0A4Z2CMV9	GO Component	GO:0099081	Supramolecular polymer
EWB00_009162	6182.A0A4Z2CMV9	GO Component	GO:0099512	Supramolecular fiber
EWB00_009162	6182.A0A4Z2CMV9	GO Component	GO:0110165	Cellular anatomical structure
EWB00_009162	6182.A0A4Z2CMV9	STRING clusters	CL:217	Mixed, incl. Disulfide bond, and Annexin
EWB00_009162	6182.A0A4Z2CMV9	STRING clusters	CL:219	Mixed, incl. Disulfide bond, and Annexin
EWB00_009162	6182.A0A4Z2CMV9	STRING clusters	CL:221	Mixed, incl. Disulfide bond, and Annexin
EWB00_009162	6182.A0A4Z2CMV9	STRING clusters	CL:222	Mostly uncharacterized, incl. Serine-type endopeptidase activity, and Annexin
EWB00_009162	6182.A0A4Z2CMV9	STRING clusters	CL:223	Mostly uncharacterized, incl. Annexin, and Serine-type endopeptidase activity
EWB00_009162	6182.A0A4Z2CMV9	STRING clusters	CL:224	Mostly uncharacterized, incl. Annexin, and Serine-type endopeptidase activity
EWB00_009162	6182.A0A4Z2CMV9	STRING clusters	CL:225	Mixed, incl. Annexin, and Serine-type endopeptidase activity
EWB00_009162	6182.A0A4Z2CMV9	STRING clusters	CL:227	Mixed, incl. Annexin, and Serine-type endopeptidase activity
EWB00_009162	6182.A0A4Z2CMV9	STRING clusters	CL:229	Mixed, incl. Annexin, and Serine-type endopeptidase activity
EWB00_009162	6182.A0A4Z2CMV9	STRING clusters	CL:230	Mixed, incl. Annexin, and Serine-type endopeptidase activity
EWB00_009162	6182.A0A4Z2CMV9	STRING clusters	CL:323	Mixed, incl. Annexin, and Serine-type endopeptidase activity
EWB00_009162	6182.A0A4Z2CMV9	STRING clusters	CL:325	Mixed, incl. Annexin, and Calponin-like
EWB00_009162	6182.A0A4Z2CMV9	STRING clusters	CL:327	Mixed, incl. Annexin, and Calponin-like
EWB00_009162	6182.A0A4Z2CMV9	STRING clusters	CL:343	Mixed, incl. Annexin, and Kringle
EWB00_009162	6182.A0A4Z2CMV9	KEGG	map04814	Motor proteins
EWB00_009162	6182.A0A4Z2CMV9	COMPARTMENTS	GOCC:0005622	Intracellular anatomical structure
EWB00_009162	6182.A0A4Z2CMV9	COMPARTMENTS	GOCC:0005856	Cytoskeleton
EWB00_009162	6182.A0A4Z2CMV9	COMPARTMENTS	GOCC:0005869	Dynactin complex
EWB00_009162	6182.A0A4Z2CMV9	COMPARTMENTS	GOCC:0015629	Actin cytoskeleton
EWB00_009162	6182.A0A4Z2CMV9	COMPARTMENTS	GOCC:0015630	Microtubule cytoskeleton
EWB00_009162	6182.A0A4Z2CMV9	COMPARTMENTS	GOCC:0032991	Protein-containing complex
EWB00_009162	6182.A0A4Z2CMV9	COMPARTMENTS	GOCC:0043226	Organelle
EWB00_009162	6182.A0A4Z2CMV9	COMPARTMENTS	GOCC:0043228	Membraneless organelle
EWB00_009162	6182.A0A4Z2CMV9	COMPARTMENTS	GOCC:0043229	Intracellular organelle
EWB00_009162	6182.A0A4Z2CMV9	COMPARTMENTS	GOCC:0043232	Intracellular membraneless organelle
EWB00_009162	6182.A0A4Z2CMV9	COMPARTMENTS	GOCC:0110165	Cellular anatomical structure
EWB00_009162	6182.A0A4Z2CMV9	InterPro	IPR004000	Actin family
EWB00_009162	6182.A0A4Z2CMV9	InterPro	IPR004001	Actin, conserved site
EWB00_009162	6182.A0A4Z2CMV9	InterPro	IPR043129	ATPase, nucleotide binding domain
EWB00_009162	6182.A0A4Z2CMV9	SMART	SM00268	Actin
EWB00_009541	6182.A0A4Z2DR60	GO Process	GO:0007155	Cell adhesion
EWB00_009541	6182.A0A4Z2DR60	GO Process	GO:0009966	Regulation of signal transduction
EWB00_009541	6182.A0A4Z2DR60	GO Process	GO:0009967	Positive regulation of signal transduction
EWB00_009541	6182.A0A4Z2DR60	GO Process	GO:0009987	Cellular process
EWB00_009541	6182.A0A4Z2DR60	GO Process	GO:0010646	Regulation of cell communication
EWB00_009541	6182.A0A4Z2DR60	GO Process	GO:0010647	Positive regulation of cell communication
EWB00_009541	6182.A0A4Z2DR60	GO Process	GO:0010810	Regulation of cell-substrate adhesion
EWB00_009541	6182.A0A4Z2DR60	GO Process	GO:0010811	Positive regulation of cell-substrate adhesion
EWB00_009541	6182.A0A4Z2DR60	GO Process	GO:0016043	Cellular component organization
EWB00_009541	6182.A0A4Z2DR60	GO Process	GO:0023051	Regulation of signaling
EWB00_009541	6182.A0A4Z2DR60	GO Process	GO:0023056	Positive regulation of signaling
EWB00_009541	6182.A0A4Z2DR60	GO Process	GO:0030155	Regulation of cell adhesion
EWB00_009541	6182.A0A4Z2DR60	GO Process	GO:0034330	Cell junction organization
EWB00_009541	6182.A0A4Z2DR60	GO Process	GO:0045216	Cell-cell junction organization
EWB00_009541	6182.A0A4Z2DR60	GO Process	GO:0045785	Positive regulation of cell adhesion
EWB00_009541	6182.A0A4Z2DR60	GO Process	GO:0048518	Positive regulation of biological process
EWB00_009541	6182.A0A4Z2DR60	GO Process	GO:0048519	Negative regulation of biological process
EWB00_009541	6182.A0A4Z2DR60	GO Process	GO:0048522	Positive regulation of cellular process
EWB00_009541	6182.A0A4Z2DR60	GO Process	GO:0048523	Negative regulation of cellular process
EWB00_009541	6182.A0A4Z2DR60	GO Process	GO:0048583	Regulation of response to stimulus
EWB00_009541	6182.A0A4Z2DR60	GO Process	GO:0048584	Positive regulation of response to stimulus
EWB00_009541	6182.A0A4Z2DR60	GO Process	GO:0050789	Regulation of biological process
EWB00_009541	6182.A0A4Z2DR60	GO Process	GO:0050794	Regulation of cellular process
EWB00_009541	6182.A0A4Z2DR60	GO Process	GO:0065007	Biological regulation
EWB00_009541	6182.A0A4Z2DR60	GO Process	GO:0071840	Cellular component organization or biogenesis
EWB00_009541	6182.A0A4Z2DR60	GO Process	GO:0098609	Cell-cell adhesion
EWB00_009541	6182.A0A4Z2DR60	GO Process	GO:1900024	Regulation of substrate adhesion-dependent cell spreading
EWB00_009541	6182.A0A4Z2DR60	GO Process	GO:1900026	Positive regulation of substrate adhesion-dependent cell spreading
EWB00_009541	6182.A0A4Z2DR60	GO Function	GO:0005488	Binding
EWB00_009541	6182.A0A4Z2DR60	GO Function	GO:0036094	Small molecule binding
EWB00_009541	6182.A0A4Z2DR60	GO Function	GO:0043167	Ion binding
EWB00_009541	6182.A0A4Z2DR60	GO Function	GO:0043169	Cation binding
EWB00_009541	6182.A0A4Z2DR60	GO Function	GO:0046872	Metal ion binding
EWB00_009541	6182.A0A4Z2DR60	GO Component	GO:0005622	Intracellular anatomical structure
EWB00_009541	6182.A0A4Z2DR60	GO Component	GO:0005737	Cytoplasm
EWB00_009541	6182.A0A4Z2DR60	GO Component	GO:0005886	Plasma membrane
EWB00_009541	6182.A0A4Z2DR60	GO Component	GO:0005911	Cell-cell junction
EWB00_009541	6182.A0A4Z2DR60	GO Component	GO:0005925	Focal adhesion
EWB00_009541	6182.A0A4Z2DR60	GO Component	GO:0016020	Membrane
EWB00_009541	6182.A0A4Z2DR60	GO Component	GO:0030054	Cell junction
EWB00_009541	6182.A0A4Z2DR60	GO Component	GO:0030055	Cell-substrate junction
EWB00_009541	6182.A0A4Z2DR60	GO Component	GO:0070161	Anchoring junction
EWB00_009541	6182.A0A4Z2DR60	GO Component	GO:0071944	Cell periphery
EWB00_009541	6182.A0A4Z2DR60	GO Component	GO:0110165	Cellular anatomical structure
EWB00_009541	6182.A0A4Z2DR60	STRING clusters	CL:585	Mixed, incl. Integrin-mediated signaling pathway, and PDZ and LIM domain-containing
EWB00_009541	6182.A0A4Z2DR60	STRING clusters	CL:588	Integrin-mediated signaling pathway, and Cell-extracellular matrix interactions
EWB00_009541	6182.A0A4Z2DR60	STRING clusters	CL:620	Cell-extracellular matrix interactions
EWB00_009541	6182.A0A4Z2DR60	KEGG	map04820	Cytoskeleton in muscle cells
EWB00_009541	6182.A0A4Z2DR60	Reactome	MAP-1500931	Cell-Cell communication
EWB00_009541	6182.A0A4Z2DR60	Reactome	MAP-446353	Cell-extracellular matrix interactions
EWB00_009541	6182.A0A4Z2DR60	Reactome	MAP-446728	Cell junction organization
EWB00_009541	6182.A0A4Z2DR60	COMPARTMENTS	GOCC:0005925	Focal adhesion
EWB00_009541	6182.A0A4Z2DR60	COMPARTMENTS	GOCC:0030054	Cell junction
EWB00_009541	6182.A0A4Z2DR60	COMPARTMENTS	GOCC:0030055	Cell-substrate junction
EWB00_009541	6182.A0A4Z2DR60	COMPARTMENTS	GOCC:0070161	Anchoring junction
EWB00_009541	6182.A0A4Z2DR60	COMPARTMENTS	GOCC:0110165	Cellular anatomical structure
EWB00_009541	6182.A0A4Z2DR60	UniProt Keywords	KW-0440	LIM domain
EWB00_009541	6182.A0A4Z2DR60	UniProt Keywords	KW-0479	Metal-binding
EWB00_009541	6182.A0A4Z2DR60	UniProt Keywords	KW-0677	Repeat
EWB00_009541	6182.A0A4Z2DR60	UniProt Keywords	KW-0862	Zinc
EWB00_009541	6182.A0A4Z2DR60	UniProt Keywords	KW-0965	Cell junction
EWB00_009541	6182.A0A4Z2DR60	InterPro	IPR001781	Zinc finger, LIM-type
EWB00_009541	6182.A0A4Z2DR60	InterPro	IPR013087	Zinc finger C2H2-type
EWB00_009541	6182.A0A4Z2DR60	InterPro	IPR017351	LIM and senescent cell antigen-like-containing domain protein 1-4-like
EWB00_009541	6182.A0A4Z2DR60	InterPro	IPR047944	LIMS1/2-like, LIM domain 1
EWB00_009541	6182.A0A4Z2DR60	SMART	SM00132	Zinc-binding domain present in Lin-11, Isl-1, Mec-3.
EWB00_010398	6182.A0A4Z2DXN3	GO Process	GO:0006996	Organelle organization
EWB00_010398	6182.A0A4Z2DXN3	GO Process	GO:0007010	Cytoskeleton organization
EWB00_010398	6182.A0A4Z2DXN3	GO Process	GO:0007154	Cell communication
EWB00_010398	6182.A0A4Z2DXN3	GO Process	GO:0007155	Cell adhesion
EWB00_010398	6182.A0A4Z2DXN3	GO Process	GO:0007160	Cell-matrix adhesion
EWB00_010398	6182.A0A4Z2DXN3	GO Process	GO:0007165	Signal transduction
EWB00_010398	6182.A0A4Z2DXN3	GO Process	GO:0007166	Cell surface receptor signaling pathway
EWB00_010398	6182.A0A4Z2DXN3	GO Process	GO:0007229	Integrin-mediated signaling pathway
EWB00_010398	6182.A0A4Z2DXN3	GO Process	GO:0007275	Multicellular organism development
EWB00_010398	6182.A0A4Z2DXN3	GO Process	GO:0009653	Anatomical structure morphogenesis
EWB00_010398	6182.A0A4Z2DXN3	GO Process	GO:0009987	Cellular process
EWB00_010398	6182.A0A4Z2DXN3	GO Process	GO:0016043	Cellular component organization
EWB00_010398	6182.A0A4Z2DXN3	GO Process	GO:0022607	Cellular component assembly
EWB00_010398	6182.A0A4Z2DXN3	GO Process	GO:0023052	Signaling
EWB00_010398	6182.A0A4Z2DXN3	GO Process	GO:0030154	Cell differentiation
EWB00_010398	6182.A0A4Z2DXN3	GO Process	GO:0031589	Cell-substrate adhesion
EWB00_010398	6182.A0A4Z2DXN3	GO Process	GO:0032501	Multicellular organismal process
EWB00_010398	6182.A0A4Z2DXN3	GO Process	GO:0032502	Developmental process
EWB00_010398	6182.A0A4Z2DXN3	GO Process	GO:0034446	Substrate adhesion-dependent cell spreading
EWB00_010398	6182.A0A4Z2DXN3	GO Process	GO:0044085	Cellular component biogenesis
EWB00_010398	6182.A0A4Z2DXN3	GO Process	GO:0048856	Anatomical structure development
EWB00_010398	6182.A0A4Z2DXN3	GO Process	GO:0048869	Cellular developmental process
EWB00_010398	6182.A0A4Z2DXN3	GO Process	GO:0050789	Regulation of biological process
EWB00_010398	6182.A0A4Z2DXN3	GO Process	GO:0050794	Regulation of cellular process
EWB00_010398	6182.A0A4Z2DXN3	GO Process	GO:0050896	Response to stimulus
EWB00_010398	6182.A0A4Z2DXN3	GO Process	GO:0051716	Cellular response to stimulus
EWB00_010398	6182.A0A4Z2DXN3	GO Process	GO:0065007	Biological regulation
EWB00_010398	6182.A0A4Z2DXN3	GO Process	GO:0071840	Cellular component organization or biogenesis
EWB00_010398	6182.A0A4Z2DXN3	GO Function	GO:0000166	Nucleotide binding
EWB00_010398	6182.A0A4Z2DXN3	GO Function	GO:0003824	Catalytic activity
EWB00_010398	6182.A0A4Z2DXN3	GO Function	GO:0004672	Protein kinase activity
EWB00_010398	6182.A0A4Z2DXN3	GO Function	GO:0004674	Protein serine/threonine kinase activity
EWB00_010398	6182.A0A4Z2DXN3	GO Function	GO:0005102	Signaling receptor binding
EWB00_010398	6182.A0A4Z2DXN3	GO Function	GO:0005178	Integrin binding
EWB00_010398	6182.A0A4Z2DXN3	GO Function	GO:0005488	Binding
EWB00_010398	6182.A0A4Z2DXN3	GO Function	GO:0005515	Protein binding
EWB00_010398	6182.A0A4Z2DXN3	GO Function	GO:0005524	ATP binding
EWB00_010398	6182.A0A4Z2DXN3	GO Function	GO:0016301	Kinase activity
EWB00_010398	6182.A0A4Z2DXN3	GO Function	GO:0016740	Transferase activity
EWB00_010398	6182.A0A4Z2DXN3	GO Function	GO:0016772	Transferase activity, transferring phosphorus-containing groups
EWB00_010398	6182.A0A4Z2DXN3	GO Function	GO:0016773	Phosphotransferase activity, alcohol group as acceptor
EWB00_010398	6182.A0A4Z2DXN3	GO Function	GO:0017076	Purine nucleotide binding
EWB00_010398	6182.A0A4Z2DXN3	GO Function	GO:0030554	Adenyl nucleotide binding
EWB00_010398	6182.A0A4Z2DXN3	GO Function	GO:0032553	Ribonucleotide binding
EWB00_010398	6182.A0A4Z2DXN3	GO Function	GO:0032555	Purine ribonucleotide binding
EWB00_010398	6182.A0A4Z2DXN3	GO Function	GO:0032559	Adenyl ribonucleotide binding
EWB00_010398	6182.A0A4Z2DXN3	GO Function	GO:0035639	Purine ribonucleoside triphosphate binding
EWB00_010398	6182.A0A4Z2DXN3	GO Function	GO:0036094	Small molecule binding
EWB00_010398	6182.A0A4Z2DXN3	GO Function	GO:0043167	Ion binding
EWB00_010398	6182.A0A4Z2DXN3	GO Function	GO:0043168	Anion binding
EWB00_010398	6182.A0A4Z2DXN3	GO Function	GO:0044877	Protein-containing complex binding
EWB00_010398	6182.A0A4Z2DXN3	GO Function	GO:0050839	Cell adhesion molecule binding
EWB00_010398	6182.A0A4Z2DXN3	GO Function	GO:0097367	Carbohydrate derivative binding
EWB00_010398	6182.A0A4Z2DXN3	GO Function	GO:0140096	Catalytic activity, acting on a protein
EWB00_010398	6182.A0A4Z2DXN3	GO Function	GO:1901265	Nucleoside phosphate binding
EWB00_010398	6182.A0A4Z2DXN3	GO Function	GO:1901363	Heterocyclic compound binding
EWB00_010398	6182.A0A4Z2DXN3	GO Component	GO:0005622	Intracellular anatomical structure
EWB00_010398	6182.A0A4Z2DXN3	GO Component	GO:0005737	Cytoplasm
EWB00_010398	6182.A0A4Z2DXN3	GO Component	GO:0005886	Plasma membrane
EWB00_010398	6182.A0A4Z2DXN3	GO Component	GO:0005925	Focal adhesion
EWB00_010398	6182.A0A4Z2DXN3	GO Component	GO:0016020	Membrane
EWB00_010398	6182.A0A4Z2DXN3	GO Component	GO:0030016	Myofibril
EWB00_010398	6182.A0A4Z2DXN3	GO Component	GO:0030017	Sarcomere
EWB00_010398	6182.A0A4Z2DXN3	GO Component	GO:0030054	Cell junction
EWB00_010398	6182.A0A4Z2DXN3	GO Component	GO:0030055	Cell-substrate junction
EWB00_010398	6182.A0A4Z2DXN3	GO Component	GO:0043226	Organelle
EWB00_010398	6182.A0A4Z2DXN3	GO Component	GO:0043228	Membraneless organelle
EWB00_010398	6182.A0A4Z2DXN3	GO Component	GO:0043229	Intracellular organelle
EWB00_010398	6182.A0A4Z2DXN3	GO Component	GO:0043232	Intracellular membraneless organelle
EWB00_010398	6182.A0A4Z2DXN3	GO Component	GO:0043292	Contractile muscle fiber
EWB00_010398	6182.A0A4Z2DXN3	GO Component	GO:0070161	Anchoring junction
EWB00_010398	6182.A0A4Z2DXN3	GO Component	GO:0071944	Cell periphery
EWB00_010398	6182.A0A4Z2DXN3	GO Component	GO:0099080	Supramolecular complex
EWB00_010398	6182.A0A4Z2DXN3	GO Component	GO:0099081	Supramolecular polymer
EWB00_010398	6182.A0A4Z2DXN3	GO Component	GO:0099512	Supramolecular fiber
EWB00_010398	6182.A0A4Z2DXN3	GO Component	GO:0110165	Cellular anatomical structure
EWB00_010398	6182.A0A4Z2DXN3	STRING clusters	CL:585	Mixed, incl. Integrin-mediated signaling pathway, and PDZ and LIM domain-containing
EWB00_010398	6182.A0A4Z2DXN3	STRING clusters	CL:588	Integrin-mediated signaling pathway, and Cell-extracellular matrix interactions
EWB00_010398	6182.A0A4Z2DXN3	STRING clusters	CL:620	Cell-extracellular matrix interactions
EWB00_010398	6182.A0A4Z2DXN3	KEGG	map05100	Bacterial invasion of epithelial cells
EWB00_010398	6182.A0A4Z2DXN3	Reactome	MAP-1500931	Cell-Cell communication
EWB00_010398	6182.A0A4Z2DXN3	Reactome	MAP-446343	Localization of the PINCH-ILK-PARVIN complex to focal adhesions
EWB00_010398	6182.A0A4Z2DXN3	Reactome	MAP-446353	Cell-extracellular matrix interactions
EWB00_010398	6182.A0A4Z2DXN3	Reactome	MAP-446728	Cell junction organization
EWB00_010398	6182.A0A4Z2DXN3	COMPARTMENTS	GOCC:0005622	Intracellular anatomical structure
EWB00_010398	6182.A0A4Z2DXN3	COMPARTMENTS	GOCC:0043226	Organelle
EWB00_010398	6182.A0A4Z2DXN3	COMPARTMENTS	GOCC:0043228	Membraneless organelle
EWB00_010398	6182.A0A4Z2DXN3	COMPARTMENTS	GOCC:0043229	Intracellular organelle
EWB00_010398	6182.A0A4Z2DXN3	COMPARTMENTS	GOCC:0043232	Intracellular membraneless organelle
EWB00_010398	6182.A0A4Z2DXN3	COMPARTMENTS	GOCC:0110165	Cellular anatomical structure
EWB00_010398	6182.A0A4Z2DXN3	UniProt Keywords	KW-0040	ANK repeat
EWB00_010398	6182.A0A4Z2DXN3	UniProt Keywords	KW-0401	Integrin
EWB00_010398	6182.A0A4Z2DXN3	UniProt Keywords	KW-0418	Kinase
EWB00_010398	6182.A0A4Z2DXN3	UniProt Keywords	KW-0472	Membrane
EWB00_010398	6182.A0A4Z2DXN3	UniProt Keywords	KW-0808	Transferase
EWB00_010398	6182.A0A4Z2DXN3	UniProt Keywords	KW-0963	Cytoplasm
EWB00_010398	6182.A0A4Z2DXN3	InterPro	IPR000719	Protein kinase domain
EWB00_010398	6182.A0A4Z2DXN3	InterPro	IPR001245	Serine-threonine/tyrosine-protein kinase, catalytic domain
EWB00_010398	6182.A0A4Z2DXN3	InterPro	IPR002110	Ankyrin repeat
EWB00_010398	6182.A0A4Z2DXN3	InterPro	IPR011009	Protein kinase-like domain superfamily
EWB00_010398	6182.A0A4Z2DXN3	InterPro	IPR036770	Ankyrin repeat-containing domain superfamily
EWB00_010398	6182.A0A4Z2DXN3	InterPro	IPR051681	Serine/Threonine Kinases and Pseudokinases
EWB00_010398	6182.A0A4Z2DXN3	SMART	SM00248	Ankyrin repeats
EWB00_010449	6182.A0A4Z2DXL3	GO Process	GO:0009987	Cellular process
EWB00_010449	6182.A0A4Z2DXL3	GO Function	GO:0005198	Structural molecule activity
EWB00_010449	6182.A0A4Z2DXL3	GO Component	GO:0005581	Collagen trimer
EWB00_010449	6182.A0A4Z2DXL3	GO Component	GO:0032991	Protein-containing complex
EWB00_010449	6182.A0A4Z2DXL3	STRING clusters	CL:4286	Mixed, incl. Collagen formation, and SAGA-type complex
EWB00_010449	6182.A0A4Z2DXL3	STRING clusters	CL:4287	Mixed, incl. Collagen formation, and SAGA-type complex
EWB00_010449	6182.A0A4Z2DXL3	STRING clusters	CL:4390	Mixed, incl. Collagen chain trimerization, and Lewis blood group biosynthesis
EWB00_010449	6182.A0A4Z2DXL3	STRING clusters	CL:4392	Mixed, incl. Collagen chain trimerization, and Protein-cysteine S-acyltransferase activity
EWB00_010449	6182.A0A4Z2DXL3	STRING clusters	CL:4395	Collagen triple helix repeat, and Protein-cysteine S-acyltransferase activity
EWB00_010449	6182.A0A4Z2DXL3	STRING clusters	CL:4398	Collagen triple helix repeat, and Protein-cysteine S-acyltransferase activity
EWB00_010449	6182.A0A4Z2DXL3	STRING clusters	CL:4399	Protein-cysteine S-acyltransferase activity, and Collagen triple helix repeat
EWB00_010449	6182.A0A4Z2DXL3	STRING clusters	CL:4416	Mixed, incl. Telomere cap complex, and VWFC domain
EWB00_010449	6182.A0A4Z2DXL3	KEGG	map04820	Cytoskeleton in muscle cells
EWB00_010449	6182.A0A4Z2DXL3	Reactome	MAP-1474244	Extracellular matrix organization
EWB00_010449	6182.A0A4Z2DXL3	Reactome	MAP-1474290	Collagen formation
EWB00_010449	6182.A0A4Z2DXL3	Reactome	MAP-1650814	Collagen biosynthesis and modifying enzymes
EWB00_010449	6182.A0A4Z2DXL3	Reactome	MAP-8948216	Collagen chain trimerization
EWB00_010449	6182.A0A4Z2DXL3	COMPARTMENTS	GOCC:0005581	Collagen trimer
EWB00_010449	6182.A0A4Z2DXL3	COMPARTMENTS	GOCC:0032991	Protein-containing complex
EWB00_010449	6182.A0A4Z2DXL3	UniProt Keywords	KW-0176	Collagen
EWB00_010449	6182.A0A4Z2DXL3	Pfam	PF01391	Collagen triple helix repeat (20 copies)
EWB00_010449	6182.A0A4Z2DXL3	InterPro	IPR001007	VWFC domain
EWB00_010449	6182.A0A4Z2DXL3	InterPro	IPR008160	Collagen triple helix repeat
EWB00_010449	6182.A0A4Z2DXL3	InterPro	IPR050149	Collagen superfamily
EWB00_010449	6182.A0A4Z2DXL3	SMART	SM00214	Von Willebrand factor (vWF) type C domain
EWB00_010450	6182.A0A4Z2DXW2	GO Process	GO:0009987	Cellular process
EWB00_010450	6182.A0A4Z2DXW2	GO Function	GO:0005198	Structural molecule activity
EWB00_010450	6182.A0A4Z2DXW2	GO Component	GO:0005581	Collagen trimer
EWB00_010450	6182.A0A4Z2DXW2	GO Component	GO:0032991	Protein-containing complex
EWB00_010450	6182.A0A4Z2DXW2	STRING clusters	CL:217	Mixed, incl. Disulfide bond, and Annexin
EWB00_010450	6182.A0A4Z2DXW2	STRING clusters	CL:219	Mixed, incl. Disulfide bond, and Annexin
EWB00_010450	6182.A0A4Z2DXW2	STRING clusters	CL:221	Mixed, incl. Disulfide bond, and Annexin
EWB00_010450	6182.A0A4Z2DXW2	STRING clusters	CL:222	Mostly uncharacterized, incl. Serine-type endopeptidase activity, and Annexin
EWB00_010450	6182.A0A4Z2DXW2	STRING clusters	CL:223	Mostly uncharacterized, incl. Annexin, and Serine-type endopeptidase activity
EWB00_010450	6182.A0A4Z2DXW2	STRING clusters	CL:224	Mostly uncharacterized, incl. Annexin, and Serine-type endopeptidase activity
EWB00_010450	6182.A0A4Z2DXW2	STRING clusters	CL:225	Mixed, incl. Annexin, and Serine-type endopeptidase activity
EWB00_010450	6182.A0A4Z2DXW2	STRING clusters	CL:227	Mixed, incl. Annexin, and Serine-type endopeptidase activity
EWB00_010450	6182.A0A4Z2DXW2	STRING clusters	CL:229	Mixed, incl. Annexin, and Serine-type endopeptidase activity
EWB00_010450	6182.A0A4Z2DXW2	STRING clusters	CL:230	Mixed, incl. Annexin, and Serine-type endopeptidase activity
EWB00_010450	6182.A0A4Z2DXW2	STRING clusters	CL:231	Mostly uncharacterized, incl. Trypsin-like serine protease, and Immunoglobulin I-set
EWB00_010450	6182.A0A4Z2DXW2	STRING clusters	CL:233	Mixed, incl. Trypsin-like serine protease, and Immunoglobulin I-set
EWB00_010450	6182.A0A4Z2DXW2	STRING clusters	CL:234	Mixed, incl. Immunoglobulin I-set, and Tyrosine-protein kinase
EWB00_010450	6182.A0A4Z2DXW2	KEGG	map04820	Cytoskeleton in muscle cells
EWB00_010450	6182.A0A4Z2DXW2	Reactome	MAP-1474244	Extracellular matrix organization
EWB00_010450	6182.A0A4Z2DXW2	Reactome	MAP-1474290	Collagen formation
EWB00_010450	6182.A0A4Z2DXW2	Reactome	MAP-1650814	Collagen biosynthesis and modifying enzymes
EWB00_010450	6182.A0A4Z2DXW2	Reactome	MAP-8948216	Collagen chain trimerization
EWB00_010450	6182.A0A4Z2DXW2	COMPARTMENTS	GOCC:0005581	Collagen trimer
EWB00_010450	6182.A0A4Z2DXW2	COMPARTMENTS	GOCC:0032991	Protein-containing complex
EWB00_010450	6182.A0A4Z2DXW2	UniProt Keywords	KW-0176	Collagen
EWB00_010450	6182.A0A4Z2DXW2	UniProt Keywords	KW-0472	Membrane
EWB00_010450	6182.A0A4Z2DXW2	UniProt Keywords	KW-0812	Transmembrane
EWB00_010450	6182.A0A4Z2DXW2	UniProt Keywords	KW-0964	Secreted
EWB00_010450	6182.A0A4Z2DXW2	UniProt Keywords	KW-1133	Transmembrane helix
EWB00_010450	6182.A0A4Z2DXW2	Pfam	PF01391	Collagen triple helix repeat (20 copies)
EWB00_010450	6182.A0A4Z2DXW2	InterPro	IPR000885	Fibrillar collagen, C-terminal
EWB00_010450	6182.A0A4Z2DXW2	InterPro	IPR008160	Collagen triple helix repeat
EWB00_010450	6182.A0A4Z2DXW2	InterPro	IPR050938	Collagen and Collagen-like Structural Proteins
EWB00_010450	6182.A0A4Z2DXW2	SMART	SM00038	Fibrillar collagens C-terminal domain
EWB00_010647	6182.Q5DHL6	GO Process	GO:0000018	Regulation of DNA recombination
EWB00_010647	6182.Q5DHL6	GO Process	GO:0006282	Regulation of DNA repair
EWB00_010647	6182.Q5DHL6	GO Process	GO:0006355	Regulation of DNA-templated transcription
EWB00_010647	6182.Q5DHL6	GO Process	GO:0006357	Regulation of transcription by RNA polymerase II
EWB00_010647	6182.Q5DHL6	GO Process	GO:0006996	Organelle organization
EWB00_010647	6182.Q5DHL6	GO Process	GO:0007010	Cytoskeleton organization
EWB00_010647	6182.Q5DHL6	GO Process	GO:0007015	Actin filament organization
EWB00_010647	6182.Q5DHL6	GO Process	GO:0009889	Regulation of biosynthetic process
EWB00_010647	6182.Q5DHL6	GO Process	GO:0009891	Positive regulation of biosynthetic process
EWB00_010647	6182.Q5DHL6	GO Process	GO:0009893	Positive regulation of metabolic process
EWB00_010647	6182.Q5DHL6	GO Process	GO:0009987	Cellular process
EWB00_010647	6182.Q5DHL6	GO Process	GO:0010468	Regulation of gene expression
EWB00_010647	6182.Q5DHL6	GO Process	GO:0010556	Regulation of macromolecule biosynthetic process
EWB00_010647	6182.Q5DHL6	GO Process	GO:0010557	Positive regulation of macromolecule biosynthetic process
EWB00_010647	6182.Q5DHL6	GO Process	GO:0010569	Regulation of double-strand break repair via homologous recombination
EWB00_010647	6182.Q5DHL6	GO Process	GO:0010604	Positive regulation of macromolecule metabolic process
EWB00_010647	6182.Q5DHL6	GO Process	GO:0016043	Cellular component organization
EWB00_010647	6182.Q5DHL6	GO Process	GO:0019219	Regulation of nucleobase-containing compound metabolic process
EWB00_010647	6182.Q5DHL6	GO Process	GO:0019222	Regulation of metabolic process
EWB00_010647	6182.Q5DHL6	GO Process	GO:0030029	Actin filament-based process
EWB00_010647	6182.Q5DHL6	GO Process	GO:0030036	Actin cytoskeleton organization
EWB00_010647	6182.Q5DHL6	GO Process	GO:0034314	Arp2/3 complex-mediated actin nucleation
EWB00_010647	6182.Q5DHL6	GO Process	GO:0045010	Actin nucleation
EWB00_010647	6182.Q5DHL6	GO Process	GO:0045739	Positive regulation of DNA repair
EWB00_010647	6182.Q5DHL6	GO Process	GO:0045893	Positive regulation of DNA-templated transcription
EWB00_010647	6182.Q5DHL6	GO Process	GO:0045911	Positive regulation of DNA recombination
EWB00_010647	6182.Q5DHL6	GO Process	GO:0045935	Positive regulation of nucleobase-containing compound metabolic process
EWB00_010647	6182.Q5DHL6	GO Process	GO:0045944	Positive regulation of transcription by RNA polymerase II
EWB00_010647	6182.Q5DHL6	GO Process	GO:0048518	Positive regulation of biological process
EWB00_010647	6182.Q5DHL6	GO Process	GO:0048522	Positive regulation of cellular process
EWB00_010647	6182.Q5DHL6	GO Process	GO:0048583	Regulation of response to stimulus
EWB00_010647	6182.Q5DHL6	GO Process	GO:0048584	Positive regulation of response to stimulus
EWB00_010647	6182.Q5DHL6	GO Process	GO:0050789	Regulation of biological process
EWB00_010647	6182.Q5DHL6	GO Process	GO:0050794	Regulation of cellular process
EWB00_010647	6182.Q5DHL6	GO Process	GO:0051052	Regulation of DNA metabolic process
EWB00_010647	6182.Q5DHL6	GO Process	GO:0051054	Positive regulation of DNA metabolic process
EWB00_010647	6182.Q5DHL6	GO Process	GO:0051252	Regulation of RNA metabolic process
EWB00_010647	6182.Q5DHL6	GO Process	GO:0051254	Positive regulation of RNA metabolic process
EWB00_010647	6182.Q5DHL6	GO Process	GO:0060255	Regulation of macromolecule metabolic process
EWB00_010647	6182.Q5DHL6	GO Process	GO:0065007	Biological regulation
EWB00_010647	6182.Q5DHL6	GO Process	GO:0071840	Cellular component organization or biogenesis
EWB00_010647	6182.Q5DHL6	GO Process	GO:0080090	Regulation of primary metabolic process
EWB00_010647	6182.Q5DHL6	GO Process	GO:0080134	Regulation of response to stress
EWB00_010647	6182.Q5DHL6	GO Process	GO:0080135	Regulation of cellular response to stress
EWB00_010647	6182.Q5DHL6	GO Process	GO:0097435	Supramolecular fiber organization
EWB00_010647	6182.Q5DHL6	GO Process	GO:1902680	Positive regulation of RNA biosynthetic process
EWB00_010647	6182.Q5DHL6	GO Process	GO:1905168	Positive regulation of double-strand break repair via homologous recombination
EWB00_010647	6182.Q5DHL6	GO Process	GO:2000779	Regulation of double-strand break repair
EWB00_010647	6182.Q5DHL6	GO Process	GO:2000781	Positive regulation of double-strand break repair
EWB00_010647	6182.Q5DHL6	GO Process	GO:2001032	Regulation of double-strand break repair via nonhomologous end joining
EWB00_010647	6182.Q5DHL6	GO Process	GO:2001141	Regulation of RNA biosynthetic process
EWB00_010647	6182.Q5DHL6	GO Function	GO:0000166	Nucleotide binding
EWB00_010647	6182.Q5DHL6	GO Function	GO:0003779	Actin binding
EWB00_010647	6182.Q5DHL6	GO Function	GO:0005488	Binding
EWB00_010647	6182.Q5DHL6	GO Function	GO:0005515	Protein binding
EWB00_010647	6182.Q5DHL6	GO Function	GO:0005524	ATP binding
EWB00_010647	6182.Q5DHL6	GO Function	GO:0008092	Cytoskeletal protein binding
EWB00_010647	6182.Q5DHL6	GO Function	GO:0017076	Purine nucleotide binding
EWB00_010647	6182.Q5DHL6	GO Function	GO:0030554	Adenyl nucleotide binding
EWB00_010647	6182.Q5DHL6	GO Function	GO:0032553	Ribonucleotide binding
EWB00_010647	6182.Q5DHL6	GO Function	GO:0032555	Purine ribonucleotide binding
EWB00_010647	6182.Q5DHL6	GO Function	GO:0032559	Adenyl ribonucleotide binding
EWB00_010647	6182.Q5DHL6	GO Function	GO:0035639	Purine ribonucleoside triphosphate binding
EWB00_010647	6182.Q5DHL6	GO Function	GO:0036094	Small molecule binding
EWB00_010647	6182.Q5DHL6	GO Function	GO:0043167	Ion binding
EWB00_010647	6182.Q5DHL6	GO Function	GO:0043168	Anion binding
EWB00_010647	6182.Q5DHL6	GO Function	GO:0044877	Protein-containing complex binding
EWB00_010647	6182.Q5DHL6	GO Function	GO:0051015	Actin filament binding
EWB00_010647	6182.Q5DHL6	GO Function	GO:0097367	Carbohydrate derivative binding
EWB00_010647	6182.Q5DHL6	GO Function	GO:1901265	Nucleoside phosphate binding
EWB00_010647	6182.Q5DHL6	GO Function	GO:1901363	Heterocyclic compound binding
EWB00_010647	6182.Q5DHL6	GO Component	GO:0005622	Intracellular anatomical structure
EWB00_010647	6182.Q5DHL6	GO Component	GO:0005634	Nucleus
EWB00_010647	6182.Q5DHL6	GO Component	GO:0005694	Chromosome
EWB00_010647	6182.Q5DHL6	GO Component	GO:0005737	Cytoplasm
EWB00_010647	6182.Q5DHL6	GO Component	GO:0005856	Cytoskeleton
EWB00_010647	6182.Q5DHL6	GO Component	GO:0005885	Arp2/3 protein complex
EWB00_010647	6182.Q5DHL6	GO Component	GO:0005938	Cell cortex
EWB00_010647	6182.Q5DHL6	GO Component	GO:0015629	Actin cytoskeleton
EWB00_010647	6182.Q5DHL6	GO Component	GO:0032991	Protein-containing complex
EWB00_010647	6182.Q5DHL6	GO Component	GO:0035861	Site of double-strand break
EWB00_010647	6182.Q5DHL6	GO Component	GO:0042995	Cell projection
EWB00_010647	6182.Q5DHL6	GO Component	GO:0043226	Organelle
EWB00_010647	6182.Q5DHL6	GO Component	GO:0043227	Membrane-bounded organelle
EWB00_010647	6182.Q5DHL6	GO Component	GO:0043228	Membraneless organelle
EWB00_010647	6182.Q5DHL6	GO Component	GO:0043229	Intracellular organelle
EWB00_010647	6182.Q5DHL6	GO Component	GO:0043231	Intracellular membrane-bounded organelle
EWB00_010647	6182.Q5DHL6	GO Component	GO:0043232	Intracellular membraneless organelle
EWB00_010647	6182.Q5DHL6	GO Component	GO:0071944	Cell periphery
EWB00_010647	6182.Q5DHL6	GO Component	GO:0090734	Site of DNA damage
EWB00_010647	6182.Q5DHL6	GO Component	GO:0110165	Cellular anatomical structure
EWB00_010647	6182.Q5DHL6	STRING clusters	CL:1135	Regulation of actin dynamics for phagocytic cup formation, and Actin filament organization
EWB00_010647	6182.Q5DHL6	STRING clusters	CL:1137	RHO GTPases Activate WASPs and WAVEs, and Regulation of store-operated calcium entry
EWB00_010647	6182.Q5DHL6	STRING clusters	CL:1140	RHO GTPases Activate WASPs and WAVEs
EWB00_010647	6182.Q5DHL6	STRING clusters	CL:1142	Actin nucleation
EWB00_010647	6182.Q5DHL6	STRING clusters	CL:1147	Arp2/3 protein complex
EWB00_010647	6182.Q5DHL6	KEGG	map04144	Endocytosis
EWB00_010647	6182.Q5DHL6	KEGG	map05100	Bacterial invasion of epithelial cells
EWB00_010647	6182.Q5DHL6	Reactome	MAP-1266738	Developmental Biology
EWB00_010647	6182.Q5DHL6	Reactome	MAP-162582	Signal Transduction
EWB00_010647	6182.Q5DHL6	Reactome	MAP-168249	Innate Immune System
EWB00_010647	6182.Q5DHL6	Reactome	MAP-168256	Immune System
EWB00_010647	6182.Q5DHL6	Reactome	MAP-194315	Signaling by Rho GTPases
EWB00_010647	6182.Q5DHL6	Reactome	MAP-195258	RHO GTPase Effectors
EWB00_010647	6182.Q5DHL6	Reactome	MAP-199991	Membrane Trafficking
EWB00_010647	6182.Q5DHL6	Reactome	MAP-2029480	Fcgamma receptor (FCGR) dependent phagocytosis
EWB00_010647	6182.Q5DHL6	Reactome	MAP-2029482	Regulation of actin dynamics for phagocytic cup formation
EWB00_010647	6182.Q5DHL6	Reactome	MAP-2682334	EPH-Ephrin signaling
EWB00_010647	6182.Q5DHL6	Reactome	MAP-3928662	EPHB-mediated forward signaling
EWB00_010647	6182.Q5DHL6	Reactome	MAP-422475	Axon guidance
EWB00_010647	6182.Q5DHL6	Reactome	MAP-5653656	Vesicle-mediated transport
EWB00_010647	6182.Q5DHL6	Reactome	MAP-5663213	RHO GTPases Activate WASPs and WAVEs
EWB00_010647	6182.Q5DHL6	Reactome	MAP-6798695	Neutrophil degranulation
EWB00_010647	6182.Q5DHL6	Reactome	MAP-8856828	Clathrin-mediated endocytosis
EWB00_010647	6182.Q5DHL6	Reactome	MAP-9675108	Nervous system development
EWB00_010647	6182.Q5DHL6	Reactome	MAP-9716542	Signaling by Rho GTPases, Miro GTPases and RHOBTB3
EWB00_010647	6182.Q5DHL6	COMPARTMENTS	GOCC:0005622	Intracellular anatomical structure
EWB00_010647	6182.Q5DHL6	COMPARTMENTS	GOCC:0005856	Cytoskeleton
EWB00_010647	6182.Q5DHL6	COMPARTMENTS	GOCC:0005885	Arp2/3 protein complex
EWB00_010647	6182.Q5DHL6	COMPARTMENTS	GOCC:0015629	Actin cytoskeleton
EWB00_010647	6182.Q5DHL6	COMPARTMENTS	GOCC:0032991	Protein-containing complex
EWB00_010647	6182.Q5DHL6	COMPARTMENTS	GOCC:0043226	Organelle
EWB00_010647	6182.Q5DHL6	COMPARTMENTS	GOCC:0043228	Membraneless organelle
EWB00_010647	6182.Q5DHL6	COMPARTMENTS	GOCC:0043229	Intracellular organelle
EWB00_010647	6182.Q5DHL6	COMPARTMENTS	GOCC:0043232	Intracellular membraneless organelle
EWB00_010647	6182.Q5DHL6	COMPARTMENTS	GOCC:0110165	Cellular anatomical structure
EWB00_010647	6182.Q5DHL6	UniProt Keywords	KW-0009	Actin-binding
EWB00_010647	6182.Q5DHL6	UniProt Keywords	KW-0067	ATP-binding
EWB00_010647	6182.Q5DHL6	UniProt Keywords	KW-0206	Cytoskeleton
EWB00_010647	6182.Q5DHL6	UniProt Keywords	KW-0547	Nucleotide-binding
EWB00_010647	6182.Q5DHL6	UniProt Keywords	KW-0963	Cytoplasm
EWB00_010647	6182.Q5DHL6	InterPro	IPR004000	Actin family
EWB00_010647	6182.Q5DHL6	InterPro	IPR020902	Actin/actin-like conserved site
EWB00_010647	6182.Q5DHL6	InterPro	IPR043129	ATPase, nucleotide binding domain
EWB00_010647	6182.Q5DHL6	SMART	SM00268	Actin
EWB00_010649	6182.A0A4Z2DN32	GO Process	GO:0006996	Organelle organization
EWB00_010649	6182.A0A4Z2DN32	GO Process	GO:0007010	Cytoskeleton organization
EWB00_010649	6182.A0A4Z2DN32	GO Process	GO:0009987	Cellular process
EWB00_010649	6182.A0A4Z2DN32	GO Process	GO:0016043	Cellular component organization
EWB00_010649	6182.A0A4Z2DN32	GO Process	GO:0022607	Cellular component assembly
EWB00_010649	6182.A0A4Z2DN32	GO Process	GO:0030029	Actin filament-based process
EWB00_010649	6182.A0A4Z2DN32	GO Process	GO:0030036	Actin cytoskeleton organization
EWB00_010649	6182.A0A4Z2DN32	GO Process	GO:0030154	Cell differentiation
EWB00_010649	6182.A0A4Z2DN32	GO Process	GO:0032502	Developmental process
EWB00_010649	6182.A0A4Z2DN32	GO Process	GO:0044085	Cellular component biogenesis
EWB00_010649	6182.A0A4Z2DN32	GO Process	GO:0048468	Cell development
EWB00_010649	6182.A0A4Z2DN32	GO Process	GO:0048856	Anatomical structure development
EWB00_010649	6182.A0A4Z2DN32	GO Process	GO:0048869	Cellular developmental process
EWB00_010649	6182.A0A4Z2DN32	GO Process	GO:0071840	Cellular component organization or biogenesis
EWB00_010649	6182.A0A4Z2DN32	GO Function	GO:0003779	Actin binding
EWB00_010649	6182.A0A4Z2DN32	GO Function	GO:0005488	Binding
EWB00_010649	6182.A0A4Z2DN32	GO Function	GO:0005509	Calcium ion binding
EWB00_010649	6182.A0A4Z2DN32	GO Function	GO:0005515	Protein binding
EWB00_010649	6182.A0A4Z2DN32	GO Function	GO:0008092	Cytoskeletal protein binding
EWB00_010649	6182.A0A4Z2DN32	GO Function	GO:0036094	Small molecule binding
EWB00_010649	6182.A0A4Z2DN32	GO Function	GO:0043167	Ion binding
EWB00_010649	6182.A0A4Z2DN32	GO Function	GO:0043169	Cation binding
EWB00_010649	6182.A0A4Z2DN32	GO Function	GO:0044877	Protein-containing complex binding
EWB00_010649	6182.A0A4Z2DN32	GO Function	GO:0046872	Metal ion binding
EWB00_010649	6182.A0A4Z2DN32	GO Function	GO:0051015	Actin filament binding
EWB00_010649	6182.A0A4Z2DN32	GO Component	GO:0005622	Intracellular anatomical structure
EWB00_010649	6182.A0A4Z2DN32	GO Component	GO:0005737	Cytoplasm
EWB00_010649	6182.A0A4Z2DN32	GO Component	GO:0005856	Cytoskeleton
EWB00_010649	6182.A0A4Z2DN32	GO Component	GO:0005886	Plasma membrane
EWB00_010649	6182.A0A4Z2DN32	GO Component	GO:0005938	Cell cortex
EWB00_010649	6182.A0A4Z2DN32	GO Component	GO:0015629	Actin cytoskeleton
EWB00_010649	6182.A0A4Z2DN32	GO Component	GO:0016020	Membrane
EWB00_010649	6182.A0A4Z2DN32	GO Component	GO:0030016	Myofibril
EWB00_010649	6182.A0A4Z2DN32	GO Component	GO:0030017	Sarcomere
EWB00_010649	6182.A0A4Z2DN32	GO Component	GO:0030018	Z disc
EWB00_010649	6182.A0A4Z2DN32	GO Component	GO:0030054	Cell junction
EWB00_010649	6182.A0A4Z2DN32	GO Component	GO:0030863	Cortical cytoskeleton
EWB00_010649	6182.A0A4Z2DN32	GO Component	GO:0030864	Cortical actin cytoskeleton
EWB00_010649	6182.A0A4Z2DN32	GO Component	GO:0031674	I band
EWB00_010649	6182.A0A4Z2DN32	GO Component	GO:0042995	Cell projection
EWB00_010649	6182.A0A4Z2DN32	GO Component	GO:0043226	Organelle
EWB00_010649	6182.A0A4Z2DN32	GO Component	GO:0043228	Membraneless organelle
EWB00_010649	6182.A0A4Z2DN32	GO Component	GO:0043229	Intracellular organelle
EWB00_010649	6182.A0A4Z2DN32	GO Component	GO:0043232	Intracellular membraneless organelle
EWB00_010649	6182.A0A4Z2DN32	GO Component	GO:0043292	Contractile muscle fiber
EWB00_010649	6182.A0A4Z2DN32	GO Component	GO:0070161	Anchoring junction
EWB00_010649	6182.A0A4Z2DN32	GO Component	GO:0071944	Cell periphery
EWB00_010649	6182.A0A4Z2DN32	GO Component	GO:0099080	Supramolecular complex
EWB00_010649	6182.A0A4Z2DN32	GO Component	GO:0099081	Supramolecular polymer
EWB00_010649	6182.A0A4Z2DN32	GO Component	GO:0099512	Supramolecular fiber
EWB00_010649	6182.A0A4Z2DN32	GO Component	GO:0110165	Cellular anatomical structure
EWB00_010649	6182.A0A4Z2DN32	STRING clusters	CL:7250	Wnt signaling pathway, and Regulation of canonical Wnt signaling pathway
EWB00_010649	6182.A0A4Z2DN32	STRING clusters	CL:7252	Wnt signaling pathway, and Regulation of canonical Wnt signaling pathway
EWB00_010649	6182.A0A4Z2DN32	STRING clusters	CL:7334	Mixed, incl. Vang-like protein, and FHL1/2/3/5, N-terminal LIM domain
EWB00_010649	6182.A0A4Z2DN32	Reactome	MAP-109582	Hemostasis
EWB00_010649	6182.A0A4Z2DN32	Reactome	MAP-114608	Platelet degranulation
EWB00_010649	6182.A0A4Z2DN32	Reactome	MAP-76002	Platelet activation, signaling and aggregation
EWB00_010649	6182.A0A4Z2DN32	Reactome	MAP-76005	Response to elevated platelet cytosolic Ca2+
EWB00_010649	6182.A0A4Z2DN32	COMPARTMENTS	GOCC:0005622	Intracellular anatomical structure
EWB00_010649	6182.A0A4Z2DN32	COMPARTMENTS	GOCC:0043226	Organelle
EWB00_010649	6182.A0A4Z2DN32	COMPARTMENTS	GOCC:0043229	Intracellular organelle
EWB00_010649	6182.A0A4Z2DN32	COMPARTMENTS	GOCC:0110165	Cellular anatomical structure
EWB00_010649	6182.A0A4Z2DN32	UniProt Keywords	KW-0009	Actin-binding
EWB00_010649	6182.A0A4Z2DN32	UniProt Keywords	KW-0106	Calcium
EWB00_010649	6182.A0A4Z2DN32	UniProt Keywords	KW-0175	Coiled coil
EWB00_010649	6182.A0A4Z2DN32	UniProt Keywords	KW-0677	Repeat
EWB00_010649	6182.A0A4Z2DN32	InterPro	IPR001589	Actinin-type actin-binding domain, conserved site
EWB00_010649	6182.A0A4Z2DN32	InterPro	IPR001715	Calponin homology domain
EWB00_010649	6182.A0A4Z2DN32	InterPro	IPR002017	Spectrin repeat
EWB00_010649	6182.A0A4Z2DN32	InterPro	IPR002048	EF-hand domain
EWB00_010649	6182.A0A4Z2DN32	InterPro	IPR011992	EF-hand domain pair
EWB00_010649	6182.A0A4Z2DN32	InterPro	IPR018159	Spectrin/alpha-actinin
EWB00_010649	6182.A0A4Z2DN32	InterPro	IPR018247	EF-Hand 1, calcium-binding site
EWB00_010649	6182.A0A4Z2DN32	InterPro	IPR036872	CH domain superfamily
EWB00_010649	6182.A0A4Z2DN32	SMART	SM00033	Calponin homology domain
EWB00_010649	6182.A0A4Z2DN32	SMART	SM00150	Spectrin repeats
EWB00_011039	6182.A0A4Z2DN82	GO Process	GO:0007154	Cell communication
EWB00_011039	6182.A0A4Z2DN82	GO Process	GO:0007155	Cell adhesion
EWB00_011039	6182.A0A4Z2DN82	GO Process	GO:0007165	Signal transduction
EWB00_011039	6182.A0A4Z2DN82	GO Process	GO:0007166	Cell surface receptor signaling pathway
EWB00_011039	6182.A0A4Z2DN82	GO Process	GO:0007229	Integrin-mediated signaling pathway
EWB00_011039	6182.A0A4Z2DN82	GO Process	GO:0007275	Multicellular organism development
EWB00_011039	6182.A0A4Z2DN82	GO Process	GO:0009987	Cellular process
EWB00_011039	6182.A0A4Z2DN82	GO Process	GO:0023052	Signaling
EWB00_011039	6182.A0A4Z2DN82	GO Process	GO:0032501	Multicellular organismal process
EWB00_011039	6182.A0A4Z2DN82	GO Process	GO:0032502	Developmental process
EWB00_011039	6182.A0A4Z2DN82	GO Process	GO:0048856	Anatomical structure development
EWB00_011039	6182.A0A4Z2DN82	GO Process	GO:0050789	Regulation of biological process
EWB00_011039	6182.A0A4Z2DN82	GO Process	GO:0050794	Regulation of cellular process
EWB00_011039	6182.A0A4Z2DN82	GO Process	GO:0050896	Response to stimulus
EWB00_011039	6182.A0A4Z2DN82	GO Process	GO:0051716	Cellular response to stimulus
EWB00_011039	6182.A0A4Z2DN82	GO Process	GO:0065007	Biological regulation
EWB00_011039	6182.A0A4Z2DN82	GO Process	GO:0098609	Cell-cell adhesion
EWB00_011039	6182.A0A4Z2DN82	GO Function	GO:0005488	Binding
EWB00_011039	6182.A0A4Z2DN82	GO Function	GO:0036094	Small molecule binding
EWB00_011039	6182.A0A4Z2DN82	GO Function	GO:0038023	Signaling receptor activity
EWB00_011039	6182.A0A4Z2DN82	GO Function	GO:0043167	Ion binding
EWB00_011039	6182.A0A4Z2DN82	GO Function	GO:0043169	Cation binding
EWB00_011039	6182.A0A4Z2DN82	GO Function	GO:0046872	Metal ion binding
EWB00_011039	6182.A0A4Z2DN82	GO Function	GO:0060089	Molecular transducer activity
EWB00_011039	6182.A0A4Z2DN82	GO Component	GO:0005886	Plasma membrane
EWB00_011039	6182.A0A4Z2DN82	GO Component	GO:0008305	Integrin complex
EWB00_011039	6182.A0A4Z2DN82	GO Component	GO:0009986	Cell surface
EWB00_011039	6182.A0A4Z2DN82	GO Component	GO:0016020	Membrane
EWB00_011039	6182.A0A4Z2DN82	GO Component	GO:0032991	Protein-containing complex
EWB00_011039	6182.A0A4Z2DN82	GO Component	GO:0043235	Receptor complex
EWB00_011039	6182.A0A4Z2DN82	GO Component	GO:0071944	Cell periphery
EWB00_011039	6182.A0A4Z2DN82	GO Component	GO:0098636	Protein complex involved in cell adhesion
EWB00_011039	6182.A0A4Z2DN82	GO Component	GO:0098796	Membrane protein complex
EWB00_011039	6182.A0A4Z2DN82	GO Component	GO:0098797	Plasma membrane protein complex
EWB00_011039	6182.A0A4Z2DN82	GO Component	GO:0098802	Plasma membrane signaling receptor complex
EWB00_011039	6182.A0A4Z2DN82	GO Component	GO:0110165	Cellular anatomical structure
EWB00_011039	6182.A0A4Z2DN82	STRING clusters	CL:585	Mixed, incl. Integrin-mediated signaling pathway, and PDZ and LIM domain-containing
EWB00_011039	6182.A0A4Z2DN82	STRING clusters	CL:588	Integrin-mediated signaling pathway, and Cell-extracellular matrix interactions
EWB00_011039	6182.A0A4Z2DN82	STRING clusters	CL:589	Integrin cell surface interactions, and Laminin, N-terminal
EWB00_011039	6182.A0A4Z2DN82	STRING clusters	CL:590	Integrin cell surface interactions, and Filamin family
EWB00_011039	6182.A0A4Z2DN82	STRING clusters	CL:600	FG-GAP repeat, and Filamin family
EWB00_011039	6182.A0A4Z2DN82	KEGG	map04512	ECM-receptor interaction
EWB00_011039	6182.A0A4Z2DN82	KEGG	map04820	Cytoskeleton in muscle cells
EWB00_011039	6182.A0A4Z2DN82	Reactome	MAP-1474244	Extracellular matrix organization
EWB00_011039	6182.A0A4Z2DN82	Reactome	MAP-216083	Integrin cell surface interactions
EWB00_011039	6182.A0A4Z2DN82	COMPARTMENTS	GOCC:0005886	Plasma membrane
EWB00_011039	6182.A0A4Z2DN82	COMPARTMENTS	GOCC:0008305	Integrin complex
EWB00_011039	6182.A0A4Z2DN82	COMPARTMENTS	GOCC:0016020	Membrane
EWB00_011039	6182.A0A4Z2DN82	COMPARTMENTS	GOCC:0032991	Protein-containing complex
EWB00_011039	6182.A0A4Z2DN82	COMPARTMENTS	GOCC:0071944	Cell periphery
EWB00_011039	6182.A0A4Z2DN82	COMPARTMENTS	GOCC:0098797	Plasma membrane protein complex
EWB00_011039	6182.A0A4Z2DN82	COMPARTMENTS	GOCC:0098802	Plasma membrane signaling receptor complex
EWB00_011039	6182.A0A4Z2DN82	COMPARTMENTS	GOCC:0110165	Cellular anatomical structure
EWB00_011039	6182.A0A4Z2DN82	UniProt Keywords	KW-0130	Cell adhesion
EWB00_011039	6182.A0A4Z2DN82	UniProt Keywords	KW-0325	Glycoprotein
EWB00_011039	6182.A0A4Z2DN82	UniProt Keywords	KW-0401	Integrin
EWB00_011039	6182.A0A4Z2DN82	UniProt Keywords	KW-0472	Membrane
EWB00_011039	6182.A0A4Z2DN82	UniProt Keywords	KW-0675	Receptor
EWB00_011039	6182.A0A4Z2DN82	UniProt Keywords	KW-0677	Repeat
EWB00_011039	6182.A0A4Z2DN82	UniProt Keywords	KW-0732	Signal
EWB00_011039	6182.A0A4Z2DN82	UniProt Keywords	KW-0812	Transmembrane
EWB00_011039	6182.A0A4Z2DN82	UniProt Keywords	KW-1133	Transmembrane helix
EWB00_011039	6182.A0A4Z2DN82	InterPro	IPR000413	Integrin alpha chain
EWB00_011039	6182.A0A4Z2DN82	InterPro	IPR013517	FG-GAP repeat
EWB00_011039	6182.A0A4Z2DN82	InterPro	IPR013519	Integrin alpha beta-propellor
EWB00_011039	6182.A0A4Z2DN82	InterPro	IPR028994	Integrin alpha, N-terminal
EWB00_011039	6182.A0A4Z2DN82	InterPro	IPR032695	Integrin domain superfamily
EWB00_011039	6182.A0A4Z2DN82	InterPro	IPR048286	Integrin alpha, third immunoglobulin-like domain
EWB00_011039	6182.A0A4Z2DN82	SMART	SM00191	Integrin alpha (beta-propellor repeats).
FHL-2	6182.C1LEH1	GO Function	GO:0003712	Transcription coregulator activity
FHL-2	6182.C1LEH1	GO Function	GO:0005488	Binding
FHL-2	6182.C1LEH1	GO Function	GO:0008270	Zinc ion binding
FHL-2	6182.C1LEH1	GO Function	GO:0030674	Protein-macromolecule adaptor activity
FHL-2	6182.C1LEH1	GO Function	GO:0036094	Small molecule binding
FHL-2	6182.C1LEH1	GO Function	GO:0043167	Ion binding
FHL-2	6182.C1LEH1	GO Function	GO:0043169	Cation binding
FHL-2	6182.C1LEH1	GO Function	GO:0046872	Metal ion binding
FHL-2	6182.C1LEH1	GO Function	GO:0046914	Transition metal ion binding
FHL-2	6182.C1LEH1	GO Function	GO:0060090	Molecular adaptor activity
FHL-2	6182.C1LEH1	GO Function	GO:0140110	Transcription regulator activity
FHL-2	6182.C1LEH1	GO Component	GO:0005622	Intracellular anatomical structure
FHL-2	6182.C1LEH1	GO Component	GO:0005634	Nucleus
FHL-2	6182.C1LEH1	GO Component	GO:0005737	Cytoplasm
FHL-2	6182.C1LEH1	GO Component	GO:0030016	Myofibril
FHL-2	6182.C1LEH1	GO Component	GO:0030017	Sarcomere
FHL-2	6182.C1LEH1	GO Component	GO:0030018	Z disc
FHL-2	6182.C1LEH1	GO Component	GO:0031674	I band
FHL-2	6182.C1LEH1	GO Component	GO:0043226	Organelle
FHL-2	6182.C1LEH1	GO Component	GO:0043227	Membrane-bounded organelle
FHL-2	6182.C1LEH1	GO Component	GO:0043228	Membraneless organelle
FHL-2	6182.C1LEH1	GO Component	GO:0043229	Intracellular organelle
FHL-2	6182.C1LEH1	GO Component	GO:0043231	Intracellular membrane-bounded organelle
FHL-2	6182.C1LEH1	GO Component	GO:0043232	Intracellular membraneless organelle
FHL-2	6182.C1LEH1	GO Component	GO:0043292	Contractile muscle fiber
FHL-2	6182.C1LEH1	GO Component	GO:0099080	Supramolecular complex
FHL-2	6182.C1LEH1	GO Component	GO:0099081	Supramolecular polymer
FHL-2	6182.C1LEH1	GO Component	GO:0099512	Supramolecular fiber
FHL-2	6182.C1LEH1	GO Component	GO:0110165	Cellular anatomical structure
FHL-2	6182.C1LEH1	STRING clusters	CL:7250	Wnt signaling pathway, and Regulation of canonical Wnt signaling pathway
FHL-2	6182.C1LEH1	STRING clusters	CL:7252	Wnt signaling pathway, and Regulation of canonical Wnt signaling pathway
FHL-2	6182.C1LEH1	STRING clusters	CL:7253	Wnt signaling pathway, and Regulation of canonical Wnt signaling pathway
FHL-2	6182.C1LEH1	STRING clusters	CL:7254	Canonical Wnt signaling pathway, and WNT ligand biogenesis and trafficking
FHL-2	6182.C1LEH1	STRING clusters	CL:7256	Canonical Wnt signaling pathway, and Wnt protein secretion
FHL-2	6182.C1LEH1	STRING clusters	CL:7288	Mixed, incl. Dishevelled family, and Vang-like protein
FHL-2	6182.C1LEH1	KEGG	map04820	Cytoskeleton in muscle cells
FHL-2	6182.C1LEH1	Reactome	MAP-1430728	Metabolism
FHL-2	6182.C1LEH1	Reactome	MAP-400206	Regulation of lipid metabolism by PPARalpha
FHL-2	6182.C1LEH1	Reactome	MAP-556833	Metabolism of lipids
FHL-2	6182.C1LEH1	COMPARTMENTS	GOCC:0005622	Intracellular anatomical structure
FHL-2	6182.C1LEH1	COMPARTMENTS	GOCC:0005737	Cytoplasm
FHL-2	6182.C1LEH1	COMPARTMENTS	GOCC:0030016	Myofibril
FHL-2	6182.C1LEH1	COMPARTMENTS	GOCC:0030017	Sarcomere
FHL-2	6182.C1LEH1	COMPARTMENTS	GOCC:0030018	Z disc
FHL-2	6182.C1LEH1	COMPARTMENTS	GOCC:0031674	I band
FHL-2	6182.C1LEH1	COMPARTMENTS	GOCC:0043226	Organelle
FHL-2	6182.C1LEH1	COMPARTMENTS	GOCC:0043228	Membraneless organelle
FHL-2	6182.C1LEH1	COMPARTMENTS	GOCC:0043229	Intracellular organelle
FHL-2	6182.C1LEH1	COMPARTMENTS	GOCC:0043232	Intracellular membraneless organelle
FHL-2	6182.C1LEH1	COMPARTMENTS	GOCC:0043292	Contractile muscle fiber
FHL-2	6182.C1LEH1	COMPARTMENTS	GOCC:0099080	Supramolecular complex
FHL-2	6182.C1LEH1	COMPARTMENTS	GOCC:0099081	Supramolecular polymer
FHL-2	6182.C1LEH1	COMPARTMENTS	GOCC:0099512	Supramolecular fiber
FHL-2	6182.C1LEH1	COMPARTMENTS	GOCC:0110165	Cellular anatomical structure
FHL-2	6182.C1LEH1	UniProt Keywords	KW-0440	LIM domain
FHL-2	6182.C1LEH1	UniProt Keywords	KW-0479	Metal-binding
FHL-2	6182.C1LEH1	UniProt Keywords	KW-0862	Zinc
FHL-2	6182.C1LEH1	UniProt Keywords	KW-0863	Zinc-finger
FHL-2	6182.C1LEH1	InterPro	IPR001781	Zinc finger, LIM-type
FHL-2	6182.C1LEH1	InterPro	IPR056807	FHL1/2/3/5, N-terminal LIM domain
FHL-2	6182.C1LEH1	SMART	SM00132	Zinc-binding domain present in Lin-11, Isl-1, Mec-3.
TK3	6182.A0A2S1REI0	GO Process	GO:0006412	Translation
TK3	6182.A0A2S1REI0	GO Process	GO:0006414	Translational elongation
TK3	6182.A0A2S1REI0	GO Process	GO:0008152	Metabolic process
TK3	6182.A0A2S1REI0	GO Process	GO:0009058	Biosynthetic process
TK3	6182.A0A2S1REI0	GO Process	GO:0009059	Macromolecule biosynthetic process
TK3	6182.A0A2S1REI0	GO Process	GO:0009987	Cellular process
TK3	6182.A0A2S1REI0	GO Process	GO:0010467	Gene expression
TK3	6182.A0A2S1REI0	GO Process	GO:0019538	Protein metabolic process
TK3	6182.A0A2S1REI0	GO Process	GO:0043170	Macromolecule metabolic process
TK3	6182.A0A2S1REI0	GO Process	GO:0044238	Primary metabolic process
TK3	6182.A0A2S1REI0	GO Function	GO:0000166	Nucleotide binding
TK3	6182.A0A2S1REI0	GO Function	GO:0003746	Translation elongation factor activity
TK3	6182.A0A2S1REI0	GO Function	GO:0003824	Catalytic activity
TK3	6182.A0A2S1REI0	GO Function	GO:0003924	GTPase activity
TK3	6182.A0A2S1REI0	GO Function	GO:0005488	Binding
TK3	6182.A0A2S1REI0	GO Function	GO:0005525	GTP binding
TK3	6182.A0A2S1REI0	GO Function	GO:0016462	Pyrophosphatase activity
TK3	6182.A0A2S1REI0	GO Function	GO:0016787	Hydrolase activity
TK3	6182.A0A2S1REI0	GO Function	GO:0016817	Hydrolase activity, acting on acid anhydrides
TK3	6182.A0A2S1REI0	GO Function	GO:0016818	Hydrolase activity, acting on acid anhydrides, in phosphorus-containing anhydrides
TK3	6182.A0A2S1REI0	GO Function	GO:0017076	Purine nucleotide binding
TK3	6182.A0A2S1REI0	GO Function	GO:0017111	Ribonucleoside triphosphate phosphatase activity
TK3	6182.A0A2S1REI0	GO Function	GO:0019001	Guanyl nucleotide binding
TK3	6182.A0A2S1REI0	GO Function	GO:0032553	Ribonucleotide binding
TK3	6182.A0A2S1REI0	GO Function	GO:0032555	Purine ribonucleotide binding
TK3	6182.A0A2S1REI0	GO Function	GO:0032561	Guanyl ribonucleotide binding
TK3	6182.A0A2S1REI0	GO Function	GO:0035639	Purine ribonucleoside triphosphate binding
TK3	6182.A0A2S1REI0	GO Function	GO:0036094	Small molecule binding
TK3	6182.A0A2S1REI0	GO Function	GO:0043167	Ion binding
TK3	6182.A0A2S1REI0	GO Function	GO:0043168	Anion binding
TK3	6182.A0A2S1REI0	GO Function	GO:0097367	Carbohydrate derivative binding
TK3	6182.A0A2S1REI0	GO Function	GO:0180051	Translation factor activity
TK3	6182.A0A2S1REI0	GO Function	GO:1901265	Nucleoside phosphate binding
TK3	6182.A0A2S1REI0	GO Function	GO:1901363	Heterocyclic compound binding
TK3	6182.A0A2S1REI0	GO Component	GO:0005622	Intracellular anatomical structure
TK3	6182.A0A2S1REI0	GO Component	GO:0005737	Cytoplasm
TK3	6182.A0A2S1REI0	GO Component	GO:0110165	Cellular anatomical structure
TK3	6182.A0A2S1REI0	STRING clusters	CL:8397	L13a-mediated translational silencing of Ceruloplasmin expression, and Translational elongation
TK3	6182.A0A2S1REI0	STRING clusters	CL:8398	L13a-mediated translational silencing of Ceruloplasmin expression, and Translation factor activity
TK3	6182.A0A2S1REI0	STRING clusters	CL:8400	L13a-mediated translational silencing of Ceruloplasmin expression, and Translation elongation factor activity
TK3	6182.A0A2S1REI0	STRING clusters	CL:8403	L13a-mediated translational silencing of Ceruloplasmin expression, and Translation elongation factor activity
TK3	6182.A0A2S1REI0	STRING clusters	CL:8404	Formation of a pool of free 40S subunits, and Translational (tr)-type GTP-binding domain
TK3	6182.A0A2S1REI0	STRING clusters	CL:8407	Formation of a pool of free 40S subunits, and Eukaryotic Translation Elongation
TK3	6182.A0A2S1REI0	KEGG	map03013	Nucleocytoplasmic transport
TK3	6182.A0A2S1REI0	Reactome	MAP-392499	Metabolism of proteins
TK3	6182.A0A2S1REI0	Reactome	MAP-72766	Translation
TK3	6182.A0A2S1REI0	COMPARTMENTS	GOCC:0005622	Intracellular anatomical structure
TK3	6182.A0A2S1REI0	COMPARTMENTS	GOCC:0005737	Cytoplasm
TK3	6182.A0A2S1REI0	COMPARTMENTS	GOCC:0110165	Cellular anatomical structure
TK3	6182.A0A2S1REI0	UniProt Keywords	KW-0067	ATP-binding
TK3	6182.A0A2S1REI0	UniProt Keywords	KW-0418	Kinase
TK3	6182.A0A2S1REI0	UniProt Keywords	KW-0547	Nucleotide-binding
TK3	6182.A0A2S1REI0	UniProt Keywords	KW-0727	SH2 domain
TK3	6182.A0A2S1REI0	UniProt Keywords	KW-0728	SH3 domain
TK3	6182.A0A2S1REI0	UniProt Keywords	KW-0808	Transferase
TK3	6182.A0A2S1REI0	UniProt Keywords	KW-0829	Tyrosine-protein kinase
TK3	6182.A0A2S1REI0	InterPro	IPR000719	Protein kinase domain
TK3	6182.A0A2S1REI0	InterPro	IPR000980	SH2 domain
TK3	6182.A0A2S1REI0	InterPro	IPR001245	Serine-threonine/tyrosine-protein kinase, catalytic domain
TK3	6182.A0A2S1REI0	InterPro	IPR001452	SH3 domain
TK3	6182.A0A2S1REI0	InterPro	IPR011009	Protein kinase-like domain superfamily
TK3	6182.A0A2S1REI0	InterPro	IPR017441	Protein kinase, ATP binding site
TK3	6182.A0A2S1REI0	InterPro	IPR020635	Tyrosine-protein kinase, catalytic domain
TK3	6182.A0A2S1REI0	InterPro	IPR036028	SH3-like domain superfamily
TK3	6182.A0A2S1REI0	InterPro	IPR036860	SH2 domain superfamily
TK3	6182.A0A2S1REI0	InterPro	IPR050198	Non-receptor tyrosine kinases involved in cell signaling
TK3	6182.A0A2S1REI0	SMART	SM00219	Tyrosine kinase, catalytic domain
TK3	6182.A0A2S1REI0	SMART	SM00252	Src homology 2 domains
TK3	6182.A0A2S1REI0	SMART	SM00326	Src homology 3 domains
fyn-prov	6182.C1LGZ6	GO Process	GO:0007154	Cell communication
fyn-prov	6182.C1LGZ6	GO Process	GO:0007165	Signal transduction
fyn-prov	6182.C1LGZ6	GO Process	GO:0007166	Cell surface receptor signaling pathway
fyn-prov	6182.C1LGZ6	GO Process	GO:0007167	Enzyme-linked receptor protein signaling pathway
fyn-prov	6182.C1LGZ6	GO Process	GO:0007169	Cell surface receptor protein tyrosine kinase signaling pathway
fyn-prov	6182.C1LGZ6	GO Process	GO:0009987	Cellular process
fyn-prov	6182.C1LGZ6	GO Process	GO:0023052	Signaling
fyn-prov	6182.C1LGZ6	GO Process	GO:0030154	Cell differentiation
fyn-prov	6182.C1LGZ6	GO Process	GO:0032502	Developmental process
fyn-prov	6182.C1LGZ6	GO Process	GO:0048518	Positive regulation of biological process
fyn-prov	6182.C1LGZ6	GO Process	GO:0048522	Positive regulation of cellular process
fyn-prov	6182.C1LGZ6	GO Process	GO:0048869	Cellular developmental process
fyn-prov	6182.C1LGZ6	GO Process	GO:0050789	Regulation of biological process
fyn-prov	6182.C1LGZ6	GO Process	GO:0050794	Regulation of cellular process
fyn-prov	6182.C1LGZ6	GO Process	GO:0050896	Response to stimulus
fyn-prov	6182.C1LGZ6	GO Process	GO:0051716	Cellular response to stimulus
fyn-prov	6182.C1LGZ6	GO Process	GO:0065007	Biological regulation
fyn-prov	6182.C1LGZ6	GO Function	GO:0000166	Nucleotide binding
fyn-prov	6182.C1LGZ6	GO Function	GO:0003824	Catalytic activity
fyn-prov	6182.C1LGZ6	GO Function	GO:0004672	Protein kinase activity
fyn-prov	6182.C1LGZ6	GO Function	GO:0004713	Protein tyrosine kinase activity
fyn-prov	6182.C1LGZ6	GO Function	GO:0004715	Non-membrane spanning protein tyrosine kinase activity
fyn-prov	6182.C1LGZ6	GO Function	GO:0005102	Signaling receptor binding
fyn-prov	6182.C1LGZ6	GO Function	GO:0005488	Binding
fyn-prov	6182.C1LGZ6	GO Function	GO:0005515	Protein binding
fyn-prov	6182.C1LGZ6	GO Function	GO:0005524	ATP binding
fyn-prov	6182.C1LGZ6	GO Function	GO:0016301	Kinase activity
fyn-prov	6182.C1LGZ6	GO Function	GO:0016740	Transferase activity
fyn-prov	6182.C1LGZ6	GO Function	GO:0016772	Transferase activity, transferring phosphorus-containing groups
fyn-prov	6182.C1LGZ6	GO Function	GO:0016773	Phosphotransferase activity, alcohol group as acceptor
fyn-prov	6182.C1LGZ6	GO Function	GO:0017076	Purine nucleotide binding
fyn-prov	6182.C1LGZ6	GO Function	GO:0030554	Adenyl nucleotide binding
fyn-prov	6182.C1LGZ6	GO Function	GO:0032553	Ribonucleotide binding
fyn-prov	6182.C1LGZ6	GO Function	GO:0032555	Purine ribonucleotide binding
fyn-prov	6182.C1LGZ6	GO Function	GO:0032559	Adenyl ribonucleotide binding
fyn-prov	6182.C1LGZ6	GO Function	GO:0035639	Purine ribonucleoside triphosphate binding
fyn-prov	6182.C1LGZ6	GO Function	GO:0036094	Small molecule binding
fyn-prov	6182.C1LGZ6	GO Function	GO:0043167	Ion binding
fyn-prov	6182.C1LGZ6	GO Function	GO:0043168	Anion binding
fyn-prov	6182.C1LGZ6	GO Function	GO:0097367	Carbohydrate derivative binding
fyn-prov	6182.C1LGZ6	GO Function	GO:0140096	Catalytic activity, acting on a protein
fyn-prov	6182.C1LGZ6	GO Function	GO:1901265	Nucleoside phosphate binding
fyn-prov	6182.C1LGZ6	GO Function	GO:1901363	Heterocyclic compound binding
fyn-prov	6182.C1LGZ6	GO Component	GO:0005622	Intracellular anatomical structure
fyn-prov	6182.C1LGZ6	GO Component	GO:0005737	Cytoplasm
fyn-prov	6182.C1LGZ6	GO Component	GO:0005829	Cytosol
fyn-prov	6182.C1LGZ6	GO Component	GO:0005886	Plasma membrane
fyn-prov	6182.C1LGZ6	GO Component	GO:0016020	Membrane
fyn-prov	6182.C1LGZ6	GO Component	GO:0043226	Organelle
fyn-prov	6182.C1LGZ6	GO Component	GO:0043229	Intracellular organelle
fyn-prov	6182.C1LGZ6	GO Component	GO:0071944	Cell periphery
fyn-prov	6182.C1LGZ6	GO Component	GO:0110165	Cellular anatomical structure
fyn-prov	6182.C1LGZ6	STRING clusters	CL:654	Mixed, incl. Small GTPase-mediated signal transduction, and Cell surface receptor protein tyrosine kinase signaling pathway
fyn-prov	6182.C1LGZ6	STRING clusters	CL:655	Mixed, incl. Small GTPase-mediated signal transduction, and Cell surface receptor protein tyrosine kinase signaling pathway
fyn-prov	6182.C1LGZ6	STRING clusters	CL:656	Mixed, incl. Cell surface receptor protein tyrosine kinase signaling pathway, and Small GTPase-mediated signal transduction
fyn-prov	6182.C1LGZ6	STRING clusters	CL:657	Mixed, incl. Cell surface receptor protein tyrosine kinase signaling pathway, and Protein tyrosine phosphatase, catalytic domain
fyn-prov	6182.C1LGZ6	STRING clusters	CL:659	Mixed, incl. Cell surface receptor protein tyrosine kinase signaling pathway, and Protein tyrosine phosphatase, catalytic domain
fyn-prov	6182.C1LGZ6	STRING clusters	CL:701	Mixed, incl. Non-membrane spanning protein tyrosine kinase activity, and PTK6 Regulates RHO GTPases, RAS GTPase and MAP kinases
fyn-prov	6182.C1LGZ6	STRING clusters	CL:719	Mixed, incl. Hs1/Cortactin, and Immune response-activating cell surface receptor signaling pathway
fyn-prov	6182.C1LGZ6	KEGG	map04081	Hormone signaling
fyn-prov	6182.C1LGZ6	KEGG	map04137	Mitophagy - animal
fyn-prov	6182.C1LGZ6	KEGG	map04144	Endocytosis
fyn-prov	6182.C1LGZ6	KEGG	map05100	Bacterial invasion of epithelial cells
fyn-prov	6182.C1LGZ6	Reactome	MAP-162582	Signal Transduction
fyn-prov	6182.C1LGZ6	Reactome	MAP-168249	Innate Immune System
fyn-prov	6182.C1LGZ6	Reactome	MAP-168256	Immune System
fyn-prov	6182.C1LGZ6	COMPARTMENTS	GOCC:0005622	Intracellular anatomical structure
fyn-prov	6182.C1LGZ6	COMPARTMENTS	GOCC:0005737	Cytoplasm
fyn-prov	6182.C1LGZ6	COMPARTMENTS	GOCC:0110165	Cellular anatomical structure
fyn-prov	6182.C1LGZ6	UniProt Keywords	KW-0067	ATP-binding
fyn-prov	6182.C1LGZ6	UniProt Keywords	KW-0418	Kinase
fyn-prov	6182.C1LGZ6	UniProt Keywords	KW-0460	Magnesium
fyn-prov	6182.C1LGZ6	UniProt Keywords	KW-0479	Metal-binding
fyn-prov	6182.C1LGZ6	UniProt Keywords	KW-0547	Nucleotide-binding
fyn-prov	6182.C1LGZ6	UniProt Keywords	KW-0597	Phosphoprotein
fyn-prov	6182.C1LGZ6	UniProt Keywords	KW-0727	SH2 domain
fyn-prov	6182.C1LGZ6	UniProt Keywords	KW-0728	SH3 domain
fyn-prov	6182.C1LGZ6	UniProt Keywords	KW-0808	Transferase
fyn-prov	6182.C1LGZ6	UniProt Keywords	KW-0829	Tyrosine-protein kinase
fyn-prov	6182.C1LGZ6	InterPro	IPR000719	Protein kinase domain
fyn-prov	6182.C1LGZ6	InterPro	IPR000980	SH2 domain
fyn-prov	6182.C1LGZ6	InterPro	IPR001245	Serine-threonine/tyrosine-protein kinase, catalytic domain
fyn-prov	6182.C1LGZ6	InterPro	IPR001452	SH3 domain
fyn-prov	6182.C1LGZ6	InterPro	IPR011009	Protein kinase-like domain superfamily
fyn-prov	6182.C1LGZ6	InterPro	IPR017441	Protein kinase, ATP binding site
fyn-prov	6182.C1LGZ6	InterPro	IPR020635	Tyrosine-protein kinase, catalytic domain
fyn-prov	6182.C1LGZ6	InterPro	IPR036028	SH3-like domain superfamily
fyn-prov	6182.C1LGZ6	InterPro	IPR036860	SH2 domain superfamily
fyn-prov	6182.C1LGZ6	InterPro	IPR050198	Non-receptor tyrosine kinases involved in cell signaling
fyn-prov	6182.C1LGZ6	SMART	SM00219	Tyrosine kinase, catalytic domain
fyn-prov	6182.C1LGZ6	SMART	SM00252	Src homology 2 domains
fyn-prov	6182.C1LGZ6	SMART	SM00326	Src homology 3 domains
tsr	6182.Q86ES4	GO Process	GO:0006996	Organelle organization
tsr	6182.Q86ES4	GO Process	GO:0007010	Cytoskeleton organization
tsr	6182.Q86ES4	GO Process	GO:0007015	Actin filament organization
tsr	6182.Q86ES4	GO Process	GO:0008154	Actin polymerization or depolymerization
tsr	6182.Q86ES4	GO Process	GO:0009987	Cellular process
tsr	6182.Q86ES4	GO Process	GO:0016043	Cellular component organization
tsr	6182.Q86ES4	GO Process	GO:0022411	Cellular component disassembly
tsr	6182.Q86ES4	GO Process	GO:0030029	Actin filament-based process
tsr	6182.Q86ES4	GO Process	GO:0030036	Actin cytoskeleton organization
tsr	6182.Q86ES4	GO Process	GO:0030042	Actin filament depolymerization
tsr	6182.Q86ES4	GO Process	GO:0030043	Actin filament fragmentation
tsr	6182.Q86ES4	GO Process	GO:0032984	Protein-containing complex disassembly
tsr	6182.Q86ES4	GO Process	GO:0043933	Protein-containing complex organization
tsr	6182.Q86ES4	GO Process	GO:0048518	Positive regulation of biological process
tsr	6182.Q86ES4	GO Process	GO:0050789	Regulation of biological process
tsr	6182.Q86ES4	GO Process	GO:0051014	Actin filament severing
tsr	6182.Q86ES4	GO Process	GO:0051261	Protein depolymerization
tsr	6182.Q86ES4	GO Process	GO:0065007	Biological regulation
tsr	6182.Q86ES4	GO Process	GO:0071840	Cellular component organization or biogenesis
tsr	6182.Q86ES4	GO Process	GO:0097435	Supramolecular fiber organization
tsr	6182.Q86ES4	GO Function	GO:0003779	Actin binding
tsr	6182.Q86ES4	GO Function	GO:0005488	Binding
tsr	6182.Q86ES4	GO Function	GO:0005515	Protein binding
tsr	6182.Q86ES4	GO Function	GO:0008092	Cytoskeletal protein binding
tsr	6182.Q86ES4	GO Function	GO:0044877	Protein-containing complex binding
tsr	6182.Q86ES4	GO Function	GO:0051015	Actin filament binding
tsr	6182.Q86ES4	GO Component	GO:0005622	Intracellular anatomical structure
tsr	6182.Q86ES4	GO Component	GO:0005737	Cytoplasm
tsr	6182.Q86ES4	GO Component	GO:0005856	Cytoskeleton
tsr	6182.Q86ES4	GO Component	GO:0015629	Actin cytoskeleton
tsr	6182.Q86ES4	GO Component	GO:0043226	Organelle
tsr	6182.Q86ES4	GO Component	GO:0043228	Membraneless organelle
tsr	6182.Q86ES4	GO Component	GO:0043229	Intracellular organelle
tsr	6182.Q86ES4	GO Component	GO:0043232	Intracellular membraneless organelle
tsr	6182.Q86ES4	GO Component	GO:0110165	Cellular anatomical structure
tsr	6182.Q86ES4	STRING clusters	CL:1135	Regulation of actin dynamics for phagocytic cup formation, and Actin filament organization
tsr	6182.Q86ES4	STRING clusters	CL:1189	Mixed, incl. Actin-depolymerising factor homology domain, and Fimbrin/Plastin
tsr	6182.Q86ES4	STRING clusters	CL:1213	ADF/Cofilin, and Dual specificity phosphatase, catalytic domain
tsr	6182.Q86ES4	Reactome	MAP-109582	Hemostasis
tsr	6182.Q86ES4	Reactome	MAP-114608	Platelet degranulation
tsr	6182.Q86ES4	Reactome	MAP-1266738	Developmental Biology
tsr	6182.Q86ES4	Reactome	MAP-1280215	Cytokine Signaling in Immune system
tsr	6182.Q86ES4	Reactome	MAP-162582	Signal Transduction
tsr	6182.Q86ES4	Reactome	MAP-168249	Innate Immune System
tsr	6182.Q86ES4	Reactome	MAP-168256	Immune System
tsr	6182.Q86ES4	Reactome	MAP-194315	Signaling by Rho GTPases
tsr	6182.Q86ES4	Reactome	MAP-195258	RHO GTPase Effectors
tsr	6182.Q86ES4	Reactome	MAP-2029480	Fcgamma receptor (FCGR) dependent phagocytosis
tsr	6182.Q86ES4	Reactome	MAP-2029482	Regulation of actin dynamics for phagocytic cup formation
tsr	6182.Q86ES4	Reactome	MAP-2682334	EPH-Ephrin signaling
tsr	6182.Q86ES4	Reactome	MAP-373755	Semaphorin interactions
tsr	6182.Q86ES4	Reactome	MAP-3928662	EPHB-mediated forward signaling
tsr	6182.Q86ES4	Reactome	MAP-399954	Sema3A PAK dependent Axon repulsion
tsr	6182.Q86ES4	Reactome	MAP-422475	Axon guidance
tsr	6182.Q86ES4	Reactome	MAP-447115	Interleukin-12 family signaling
tsr	6182.Q86ES4	Reactome	MAP-449147	Signaling by Interleukins
tsr	6182.Q86ES4	Reactome	MAP-5627117	RHO GTPases Activate ROCKs
tsr	6182.Q86ES4	Reactome	MAP-76002	Platelet activation, signaling and aggregation
tsr	6182.Q86ES4	Reactome	MAP-76005	Response to elevated platelet cytosolic Ca2+
tsr	6182.Q86ES4	Reactome	MAP-9020591	Interleukin-12 signaling
tsr	6182.Q86ES4	Reactome	MAP-9675108	Nervous system development
tsr	6182.Q86ES4	Reactome	MAP-9716542	Signaling by Rho GTPases, Miro GTPases and RHOBTB3
tsr	6182.Q86ES4	COMPARTMENTS	GOCC:0005886	Plasma membrane
tsr	6182.Q86ES4	COMPARTMENTS	GOCC:0016020	Membrane
tsr	6182.Q86ES4	COMPARTMENTS	GOCC:0030027	Lamellipodium
tsr	6182.Q86ES4	COMPARTMENTS	GOCC:0031252	Cell leading edge
tsr	6182.Q86ES4	COMPARTMENTS	GOCC:0031253	Cell projection membrane
tsr	6182.Q86ES4	COMPARTMENTS	GOCC:0031256	Leading edge membrane
tsr	6182.Q86ES4	COMPARTMENTS	GOCC:0031258	Lamellipodium membrane
tsr	6182.Q86ES4	COMPARTMENTS	GOCC:0042995	Cell projection
tsr	6182.Q86ES4	COMPARTMENTS	GOCC:0071944	Cell periphery
tsr	6182.Q86ES4	COMPARTMENTS	GOCC:0098590	Plasma membrane region
tsr	6182.Q86ES4	COMPARTMENTS	GOCC:0110165	Cellular anatomical structure
tsr	6182.Q86ES4	COMPARTMENTS	GOCC:0120025	Plasma membrane bounded cell projection
tsr	6182.Q86ES4	UniProt Keywords	KW-0009	Actin-binding
tsr	6182.Q86ES4	InterPro	IPR002108	Actin-depolymerising factor homology domain
tsr	6182.Q86ES4	InterPro	IPR017904	ADF/Cofilin
tsr	6182.Q86ES4	InterPro	IPR029006	ADF-H/Gelsolin-like domain superfamily
tsr	6182.Q86ES4	SMART	SM00102	Actin depolymerisation factor/cofilin -like domains
