#node1	node2	node1_string_id	node2_string_id	neighborhood_on_chromosome	gene_fusion	phylogenetic_cooccurrence	homology	coexpression	experimentally_determined_interaction	database_annotated	automated_textmining	combined_score
Act5C	EWB00_009560	6182.Q5DF69	6182.A0A4Z2CLW6	0	0	0	0	0	0.118	0.337	0.069	0.408
Act5C	EWB00_009095	6182.Q5DF69	6182.A0A4Z2CND2	0	0	0	0	0	0.165	0.381	0.063	0.473
Act5C	EWB00_008372	6182.Q5DF69	6182.A0A4Z2CQJ6	0	0	0	0	0	0.102	0.453	0.202	0.573
Act5C	EWB00_008189	6182.Q5DF69	6182.A0A4Z2CR88	0	0	0	0	0	0.165	0.381	0.066	0.475
Act5C	EWB00_007965	6182.Q5DF69	6182.A0A4Z2CSU9	0	0	0	0	0	0.179	0.282	0.117	0.434
Act5C	EWB00_007739	6182.Q5DF69	6182.A0A4Z2CT39	0	0	0	0	0.052	0.642	0.219	0.245	0.773
Act5C	EWB00_007640	6182.Q5DF69	6182.A0A4Z2CTJ3	0	0	0	0	0	0.165	0.282	0.086	0.404
Act5C	EWB00_007520	6182.Q5DF69	6182.A0A4Z2CUE7	0	0	0	0	0	0.165	0.381	0.073	0.479
Act5C	EWB00_007322	6182.Q5DF69	6182.A0A4Z2CUR2	0	0	0	0	0	0.264	0.396	0.112	0.570
Act5C	EWB00_006505	6182.Q5DF69	6182.A0A4Z2CYG9	0	0	0	0	0	0.239	0.388	0.171	0.580
Act5C	EWB00_006234	6182.Q5DF69	6182.A0A4Z2CZ44	0	0	0	0	0	0.280	0.392	0.224	0.630
Act5C	EWB00_006209	6182.Q5DF69	6182.A0A4Z2CZP0	0	0	0	0	0	0.065	0.474	0.093	0.514
Act5C	EWB00_005910	6182.Q5DF69	6182.A0A4Z2D044	0	0	0	0	0	0.204	0.386	0.066	0.503
Act5C	EWB00_005902	6182.Q5DF69	6182.A0A4Z2D084	0	0	0	0	0	0.520	0	0.240	0.619
Act5C	EWB00_005849	6182.Q5DF69	6182.A0A4Z2D0D0	0	0	0	0	0	0.165	0.381	0.108	0.498
Act5C	EWB00_005803	6182.Q5DF69	6182.A0A4Z2D0N4	0	0	0	0	0	0.290	0.396	0.076	0.569
Act5C	EWB00_005116	6182.Q5DF69	6182.A0A4Z2D2T5	0	0	0	0	0	0.116	0.390	0.105	0.475
Act5C	EWB00_004965	6182.Q5DF69	6182.A0A4Z2D4A5	0	0	0	0	0	0.118	0.337	0.069	0.408
Act5C	EWB00_004406	6182.Q5DF69	6182.A0A4Z2D5D6	0	0	0	0	0	0.165	0.381	0.073	0.479
Act5C	EWB00_004368	6182.Q5DF69	6182.A0A4Z2D605	0	0	0	0	0	0.165	0.344	0.185	0.514
Act5C	EWB00_004032	6182.Q5DF69	6182.A0A4Z2D6K4	0	0	0	0	0	0.280	0.394	0.155	0.599
Act5C	EWB00_003876	6182.Q5DF69	6182.A0A4Z2D736	0	0	0	0	0	0.286	0.216	0.142	0.477
Act5C	EWB00_004137	6182.Q5DF69	6182.A0A4Z2D773	0	0	0	0	0	0.262	0.353	0.054	0.508
Act5C	EWB00_003710	6182.Q5DF69	6182.A0A4Z2D7R1	0	0	0	0	0	0.310	0	0.239	0.452
Act5C	EWB00_003565	6182.Q5DF69	6182.A0A4Z2D923	0	0	0	0	0	0.292	0.827	0.438	0.925
Act5C	EWB00_003234	6182.Q5DF69	6182.A0A4Z2D940	0	0	0	0	0	0.113	0.386	0.042	0.432
Act5C	EWB00_003146	6182.Q5DF69	6182.A0A4Z2D9E0	0	0	0	0	0	0.296	0.394	0.392	0.717
Act5C	EWB00_003063	6182.Q5DF69	6182.A0A4Z2D9R8	0	0	0	0	0	0.165	0.282	0.094	0.409
Act5C	EWB00_002869	6182.Q5DF69	6182.A0A4Z2DAG8	0	0	0	0	0	0.119	0.474	0.132	0.562
Act5C	EWB00_002775	6182.Q5DF69	6182.A0A4Z2DBA8	0	0	0	0	0	0.280	0.392	0.224	0.630
Act5C	EWB00_002531	6182.Q5DF69	6182.A0A4Z2DBU6	0	0	0	0	0	0.165	0.282	0.104	0.415
Act5C	EWB00_001618	6182.Q5DF69	6182.A0A4Z2DF74	0	0	0	0	0.042	0.650	0.687	0.144	0.898
Act5C	EWB00_001471	6182.Q5DF69	6182.A0A4Z2DFS2	0	0	0	0	0	0.165	0.282	0.086	0.404
Act5C	EWB00_001225	6182.Q5DF69	6182.A0A4Z2DG63	0	0	0	0	0	0.506	0.687	0.113	0.850
Act5C	EWB00_011263	6182.Q5DF69	6182.A0A4Z2DKT9	0	0	0	0	0	0.212	0.282	0.104	0.448
Act5C	EWB00_011156	6182.Q5DF69	6182.A0A4Z2DLU7	0	0	0	0	0	0.172	0.382	0.095	0.496
Act5C	EWB00_010643	6182.Q5DF69	6182.A0A4Z2DN24	0	0	0	0	0	0.113	0.466	0.190	0.582
Act5C	EWB00_010649	6182.Q5DF69	6182.A0A4Z2DN32	0	0	0	0	0.047	0.506	0.425	0.189	0.751
Act5C	EWB00_011039	6182.Q5DF69	6182.A0A4Z2DN82	0	0	0	0	0	0.065	0.474	0.093	0.514
Act5C	EWB00_010727	6182.Q5DF69	6182.A0A4Z2DNH6	0	0	0	0	0	0.506	0.380	0.069	0.689
Act5C	EWB00_009305	6182.Q5DF69	6182.A0A4Z2DS24	0	0	0	0	0	0.475	0.470	0.113	0.731
Act5C	EWB00_008934	6182.Q5DF69	6182.A0A4Z2DSI5	0	0	0	0	0	0.165	0.282	0.237	0.502
Act5C	EWB00_006002	6182.Q5DF69	6182.A0A4Z2DTC9	0	0	0	0	0	0.649	0.517	0.186	0.849
Act5C	EWB00_006050	6182.Q5DF69	6182.A0A4Z2DTJ0	0	0	0	0	0.063	0.506	0.687	0.288	0.883
Act5C	EWB00_008748	6182.Q5DF69	6182.A0A4Z2DTN7	0	0	0	0	0	0.112	0.372	0.064	0.432
Act5C	EWB00_005467	6182.Q5DF69	6182.A0A4Z2DU85	0	0	0	0	0	0.165	0.282	0.200	0.478
Act5C	EWB00_004811	6182.Q5DF69	6182.A0A4Z2DUN6	0	0	0	0	0	0.172	0.382	0.095	0.496
Act5C	EWB00_003429	6182.Q5DF69	6182.A0A4Z2DWH7	0	0	0	0	0	0.276	0.687	0.355	0.841
Act5C	EWB00_002919	6182.Q5DF69	6182.A0A4Z2DWJ9	0	0	0	0	0	0.065	0.474	0.093	0.514
Act5C	EWB00_001408	6182.Q5DF69	6182.A0A4Z2DX44	0	0	0	0	0	0.596	0	0.067	0.606
Act5C	EWB00_002899	6182.Q5DF69	6182.A0A4Z2DX55	0	0	0	0	0	0.112	0.372	0.064	0.432
Act5C	EWB00_010398	6182.Q5DF69	6182.A0A4Z2DXN3	0	0	0	0	0	0.154	0.270	0.275	0.513
Act5C	EWB00_008857	6182.Q5DF69	6182.A0A4Z2DY79	0	0	0	0	0	0.506	0	0	0.506
Act5C	fyn-prov	6182.Q5DF69	6182.C1LGZ6	0	0	0	0	0	0.165	0.381	0.073	0.479
Act5C	EWB00_007274	6182.Q5DF69	6182.C1LH03	0	0	0	0	0	0.641	0	0.237	0.714
Act5C	EWB00_007426	6182.Q5DF69	6182.C1LJL2	0	0	0	0	0.135	0.743	0.687	0.117	0.930
Act5C	EWB00_003359	6182.Q5DF69	6182.C1LMR7	0	0	0	0	0.134	0.630	0.537	0.237	0.871
Act5C	PR2	6182.Q5DF69	6182.C7TXQ4	0	0	0	0	0	0.165	0.282	0.086	0.404
Act5C	EWB00_003272	6182.Q5DF69	6182.Q5DB60	0	0	0	0	0.049	0.120	0.288	0.127	0.410
Act5C	Grb2	6182.Q5DF69	6182.Q86F73	0	0	0	0	0	0.204	0.469	0.083	0.578
Act5C	tsr	6182.Q5DF69	6182.Q86ES4	0	0	0	0	0.134	0.630	0.537	0.237	0.871
Act5C	EWB00_010647	6182.Q5DF69	6182.Q5DHL6	0	0	0	0	0	0.652	0.687	0.105	0.893
CDKL1	EWB00_007640	6182.C1L3S7	6182.A0A4Z2CTJ3	0	0	0.435	0	0.079	0	0	0	0.457
CDKL1	EWB00_000422	6182.C1L3S7	6182.A0A4Z2DIX7	0	0	0.325	0	0.150	0	0	0	0.401
CDKL1	PR2	6182.C1L3S7	6182.C7TXQ4	0	0	0.429	0	0.057	0	0	0	0.438
CKI-alpha	EWB00_009456	6182.C1L4B0	6182.A0A4Z2CM06	0	0	0.400	0	0.065	0	0	0	0.415
CKI-alpha	EWB00_009287	6182.C1L4B0	6182.A0A4Z2CN04	0	0	0	0	0	0.334	0.396	0	0.580
CKI-alpha	EWB00_009095	6182.C1L4B0	6182.A0A4Z2CND2	0	0	0.274	0	0	0.107	0.373	0.047	0.560
CKI-alpha	EWB00_008993	6182.C1L4B0	6182.A0A4Z2CNG2	0	0	0.271	0	0	0.088	0.425	0.080	0.601
CKI-alpha	EWB00_008162	6182.C1L4B0	6182.A0A4Z2CR55	0	0	0.285	0	0	0.107	0.373	0.043	0.565
CKI-alpha	EWB00_008189	6182.C1L4B0	6182.A0A4Z2CR88	0	0	0	0	0	0.107	0.373	0.047	0.419
CKI-alpha	EWB00_007965	6182.C1L4B0	6182.A0A4Z2CSU9	0	0	0.332	0	0	0.107	0.373	0.043	0.594
CKI-alpha	EWB00_007640	6182.C1L4B0	6182.A0A4Z2CTJ3	0	0	0.345	0	0	0.107	0.373	0.043	0.602
CKI-alpha	EWB00_007520	6182.C1L4B0	6182.A0A4Z2CUE7	0	0	0	0	0	0.107	0.373	0.047	0.419
CKI-alpha	EWB00_005849	6182.C1L4B0	6182.A0A4Z2D0D0	0	0	0	0	0	0.107	0.373	0.047	0.419
CKI-alpha	EWB00_005166	6182.C1L4B0	6182.A0A4Z2D2Y7	0	0	0.342	0	0	0	0.379	0	0.573
CKI-alpha	EWB00_004406	6182.C1L4B0	6182.A0A4Z2D5D6	0	0	0	0	0	0.107	0.373	0.047	0.419
CKI-alpha	EWB00_004368	6182.C1L4B0	6182.A0A4Z2D605	0	0	0	0	0	0.295	0.517	0.224	0.712
CKI-alpha	EWB00_003063	6182.C1L4B0	6182.A0A4Z2D9R8	0	0	0.207	0	0	0.107	0.373	0.043	0.518
CKI-alpha	EWB00_002531	6182.C1L4B0	6182.A0A4Z2DBU6	0	0	0.236	0	0	0.164	0.373	0.043	0.565
CKI-alpha	EWB00_001594	6182.C1L4B0	6182.A0A4Z2DF50	0	0	0	0	0	0.107	0.373	0.094	0.448
CKI-alpha	EWB00_001471	6182.C1L4B0	6182.A0A4Z2DFS2	0	0	0	0	0	0.107	0.373	0.043	0.417
CKI-alpha	EWB00_001228	6182.C1L4B0	6182.A0A4Z2DGB2	0	0	0	0	0	0.107	0.373	0.043	0.417
CKI-alpha	EWB00_011263	6182.C1L4B0	6182.A0A4Z2DKT9	0	0	0	0	0	0.107	0.373	0.054	0.424
CKI-alpha	EWB00_010687	6182.C1L4B0	6182.A0A4Z2DNJ5	0	0	0	0	0	0.107	0.373	0.043	0.417
CKI-alpha	EWB00_008934	6182.C1L4B0	6182.A0A4Z2DSI5	0	0	0	0	0	0.107	0.373	0.043	0.417
CKI-alpha	EWB00_007721	6182.C1L4B0	6182.A0A4Z2DSU2	0	0	0	0	0	0.088	0.425	0.080	0.475
CKI-alpha	EWB00_005467	6182.C1L4B0	6182.A0A4Z2DU85	0	0	0	0	0	0.107	0.373	0.043	0.417
CKI-alpha	EWB00_004196	6182.C1L4B0	6182.A0A4Z2DUY0	0	0	0	0	0	0.088	0.425	0.080	0.475
CKI-alpha	EWB00_003747	6182.C1L4B0	6182.A0A4Z2DVH8	0	0	0.213	0	0	0.107	0.373	0.043	0.521
CKI-alpha	fyn-prov	6182.C1L4B0	6182.C1LGZ6	0	0	0	0	0	0.107	0.373	0.047	0.419
CKI-alpha	PR2	6182.C1L4B0	6182.C7TXQ4	0	0	0.360	0	0	0.107	0.373	0.043	0.611
EWB00_000085	EWB00_009122	6182.A0A4Z2DKG0	6182.A0A4Z2CN26	0	0	0.189	0.617	0	0.281	0.517	0.063	0.700
EWB00_000085	EWB00_009095	6182.A0A4Z2DKG0	6182.A0A4Z2CND2	0	0	0.207	0.601	0	0.161	0.240	0.043	0.451
EWB00_000085	EWB00_008993	6182.A0A4Z2DKG0	6182.A0A4Z2CNG2	0	0	0.107	0.864	0.143	0.233	0.816	0.055	0.879
EWB00_000085	EWB00_008683	6182.A0A4Z2DKG0	6182.A0A4Z2CNZ1	0	0	0.151	0.608	0	0.281	0.517	0.063	0.686
EWB00_000085	EWB00_008411	6182.A0A4Z2DKG0	6182.A0A4Z2CQ40	0	0	0.202	0.646	0	0.088	0.327	0.056	0.475
EWB00_000085	EWB00_008162	6182.A0A4Z2DKG0	6182.A0A4Z2CR55	0	0	0.196	0.627	0	0.161	0.196	0	0.410
EWB00_000085	EWB00_008231	6182.A0A4Z2DKG0	6182.A0A4Z2CRJ2	0	0	0.200	0.654	0	0.088	0.327	0.056	0.474
EWB00_000085	EWB00_007965	6182.A0A4Z2DKG0	6182.A0A4Z2CSU9	0	0	0.196	0.578	0	0.161	0.196	0	0.410
EWB00_000085	EWB00_007640	6182.A0A4Z2DKG0	6182.A0A4Z2CTJ3	0	0	0.216	0.594	0	0.161	0.196	0.065	0.439
EWB00_000085	EWB00_007322	6182.A0A4Z2DKG0	6182.A0A4Z2CUR2	0	0	0.178	0.597	0	0.102	0.290	0	0.430
EWB00_000085	EWB00_007161	6182.A0A4Z2DKG0	6182.A0A4Z2CVK4	0	0	0.170	0.711	0	0.166	0.389	0	0.540
EWB00_000085	EWB00_006350	6182.A0A4Z2DKG0	6182.A0A4Z2CZ14	0	0	0.156	0.602	0	0.281	0.517	0.063	0.688
EWB00_000085	EWB00_006175	6182.A0A4Z2DKG0	6182.A0A4Z2CZK0	0	0	0.185	0.616	0	0.260	0.188	0.065	0.480
EWB00_000085	EWB00_005116	6182.A0A4Z2DKG0	6182.A0A4Z2D2T5	0	0	0.156	0.706	0	0.103	0.270	0.065	0.414
EWB00_000085	EWB00_004506	6182.A0A4Z2DKG0	6182.A0A4Z2D514	0	0	0.155	0.618	0	0.281	0.517	0.063	0.688
EWB00_000085	EWB00_004650	6182.A0A4Z2DKG0	6182.A0A4Z2D5A9	0	0	0	0	0	0.260	0.530	0.065	0.646
EWB00_000085	EWB00_004368	6182.A0A4Z2DKG0	6182.A0A4Z2D605	0	0	0	0	0	0.210	0.530	0.065	0.622
EWB00_000085	EWB00_003710	6182.A0A4Z2DKG0	6182.A0A4Z2D7R1	0	0	0	0	0	0.244	0	0.240	0.400
EWB00_000085	EWB00_003114	6182.A0A4Z2DKG0	6182.A0A4Z2D9R6	0	0	0.182	0.698	0	0.260	0.188	0.065	0.478
EWB00_000085	EWB00_003065	6182.A0A4Z2DKG0	6182.A0A4Z2D9U3	0	0	0	0	0.047	0.137	0.381	0	0.446
EWB00_000085	EWB00_002858	6182.A0A4Z2DKG0	6182.A0A4Z2DAI3	0	0	0.199	0.615	0	0.185	0.255	0.083	0.494
EWB00_000085	EWB00_002797	6182.A0A4Z2DKG0	6182.A0A4Z2DBK5	0	0	0.176	0.717	0	0.120	0.288	0	0.438
EWB00_000085	EWB00_002531	6182.A0A4Z2DKG0	6182.A0A4Z2DBU6	0	0	0.175	0.582	0.055	0.161	0.196	0.047	0.407
EWB00_000085	EWB00_002386	6182.A0A4Z2DKG0	6182.A0A4Z2DCG1	0	0	0.189	0.635	0	0.185	0.255	0.083	0.488
EWB00_000085	EWB00_000516	6182.A0A4Z2DKG0	6182.A0A4Z2DIX5	0	0	0	0	0	0.085	0.386	0	0.414
EWB00_000085	EWB00_011263	6182.A0A4Z2DKG0	6182.A0A4Z2DKT9	0	0	0	0	0	0.161	0.324	0	0.408
EWB00_000085	fyn-prov	6182.A0A4Z2DKG0	6182.C1LGZ6	0	0	0.161	0.598	0	0.161	0.240	0.043	0.419
EWB00_000085	EWB00_007519	6182.A0A4Z2DKG0	6182.Q5D9F6	0	0	0.173	0.617	0	0.110	0.341	0	0.472
EWB00_000085	PR2	6182.A0A4Z2DKG0	6182.C7TXQ4	0	0	0.475	0	0	0.161	0.196	0.065	0.624
EWB00_000085	EWB00_004095	6182.A0A4Z2DKG0	6182.Q6PMM5	0	0	0	0	0	0.281	0.517	0.063	0.646
EWB00_000085	EWB00_007721	6182.A0A4Z2DKG0	6182.A0A4Z2DSU2	0	0	0.079	0.904	0.143	0.233	0.816	0.055	0.875
EWB00_000085	EWB00_004196	6182.A0A4Z2DKG0	6182.A0A4Z2DUY0	0	0	0.077	0.924	0.143	0.233	0.816	0.055	0.875
EWB00_000274	EWB00_008372	6182.A0A4Z2DJH5	6182.A0A4Z2CQJ6	0	0	0	0	0	0.242	0.339	0.091	0.504
EWB00_000274	EWB00_007322	6182.A0A4Z2DJH5	6182.A0A4Z2CUR2	0	0	0	0	0	0	0.504	0.066	0.516
EWB00_000274	EWB00_006209	6182.A0A4Z2DJH5	6182.A0A4Z2CZP0	0	0	0	0	0	0.101	0.390	0.104	0.465
EWB00_000274	EWB00_006126	6182.A0A4Z2DJH5	6182.A0A4Z2CZR2	0	0	0	0	0.056	0.239	0.245	0.170	0.489
EWB00_000274	EWB00_005116	6182.A0A4Z2DJH5	6182.A0A4Z2D2T5	0	0	0	0	0	0.242	0.339	0.064	0.490
EWB00_000274	EWB00_003710	6182.A0A4Z2DJH5	6182.A0A4Z2D7R1	0	0	0	0	0	0.141	0.374	0.155	0.505
EWB00_000274	EWB00_003639	6182.A0A4Z2DJH5	6182.A0A4Z2D7T8	0	0	0	0	0	0.093	0.379	0.069	0.429
EWB00_000274	EWB00_002869	6182.A0A4Z2DJH5	6182.A0A4Z2DAG8	0	0	0	0	0	0.157	0.394	0.118	0.510
EWB00_000274	EWB00_002413	6182.A0A4Z2DJH5	6182.A0A4Z2DCK0	0	0	0	0	0	0.111	0.383	0	0.428
EWB00_000274	EWB00_001328	6182.A0A4Z2DJH5	6182.A0A4Z2DG14	0	0	0	0	0	0.197	0.377	0.201	0.565
EWB00_000274	EWB00_001311	6182.A0A4Z2DJH5	6182.A0A4Z2DG67	0	0	0	0	0	0	0.860	0	0.860
EWB00_000274	EWB00_011039	6182.A0A4Z2DJH5	6182.A0A4Z2DN82	0	0	0	0	0	0.101	0.390	0.104	0.465
EWB00_000274	EWB00_002919	6182.A0A4Z2DJH5	6182.A0A4Z2DWJ9	0	0	0	0	0	0.101	0.390	0.104	0.465
EWB00_000320	EWB00_009122	6182.A0A4Z2DXA7	6182.A0A4Z2CN26	0	0	0	0	0.044	0.103	0.771	0.063	0.791
EWB00_000320	EWB00_008993	6182.A0A4Z2DXA7	6182.A0A4Z2CNG2	0	0	0	0	0.152	0.295	0.385	0.066	0.610
EWB00_000320	EWB00_008683	6182.A0A4Z2DXA7	6182.A0A4Z2CNZ1	0	0	0	0	0.044	0.103	0.563	0.063	0.601
EWB00_000320	EWB00_008372	6182.A0A4Z2DXA7	6182.A0A4Z2CQJ6	0	0	0	0	0	0.087	0.383	0	0.412
EWB00_000320	EWB00_005116	6182.A0A4Z2DXA7	6182.A0A4Z2D2T5	0	0	0	0	0	0.087	0.383	0	0.412
EWB00_000320	EWB00_004650	6182.A0A4Z2DXA7	6182.A0A4Z2D5A9	0	0	0	0	0	0.159	0.733	0.060	0.770
EWB00_000320	EWB00_004368	6182.A0A4Z2DXA7	6182.A0A4Z2D605	0	0	0	0	0.050	0.117	0.733	0	0.756
EWB00_000320	EWB00_004032	6182.A0A4Z2DXA7	6182.A0A4Z2D6K4	0	0	0	0	0	0.080	0.519	0.062	0.548
EWB00_000320	EWB00_008934	6182.A0A4Z2DXA7	6182.A0A4Z2DSI5	0	0	0	0	0.050	0.126	0.771	0	0.793
EWB00_000320	EWB00_007721	6182.A0A4Z2DXA7	6182.A0A4Z2DSU2	0	0	0	0	0.152	0.295	0.493	0.066	0.679
EWB00_000320	EWB00_004196	6182.A0A4Z2DXA7	6182.A0A4Z2DUY0	0	0	0	0	0.152	0.295	0.493	0.066	0.679
EWB00_000320	EWB00_001391	6182.A0A4Z2DXA7	6182.A0A4Z2DWQ9	0	0	0	0	0.043	0	0.420	0	0.421
EWB00_000320	EWB00_011320	6182.A0A4Z2DXA7	6182.Q5DBY2	0	0	0	0	0	0.129	0.326	0.062	0.401
EWB00_000320	EWB00_004095	6182.A0A4Z2DXA7	6182.Q6PMM5	0	0	0	0	0.044	0.103	0.563	0.063	0.601
EWB00_000422	EWB00_009456	6182.A0A4Z2DIX7	6182.A0A4Z2CM06	0	0	0.407	0	0.065	0	0	0	0.421
EWB00_000422	EWB00_009287	6182.A0A4Z2DIX7	6182.A0A4Z2CN04	0	0	0	0	0.062	0.795	0.739	0	0.945
EWB00_000422	EWB00_009095	6182.A0A4Z2DIX7	6182.A0A4Z2CND2	0	0	0.281	0	0	0.107	0.373	0.047	0.565
EWB00_000422	EWB00_008993	6182.A0A4Z2DIX7	6182.A0A4Z2CNG2	0	0	0.279	0	0	0.092	0.478	0.095	0.649
EWB00_000422	EWB00_008162	6182.A0A4Z2DIX7	6182.A0A4Z2CR55	0	0	0.305	0	0	0.107	0.373	0.043	0.577
EWB00_000422	EWB00_008189	6182.A0A4Z2DIX7	6182.A0A4Z2CR88	0	0	0	0	0	0.107	0.373	0.047	0.419
EWB00_000422	EWB00_007965	6182.A0A4Z2DIX7	6182.A0A4Z2CSU9	0	0	0.348	0	0	0.107	0.373	0.043	0.603
EWB00_000422	EWB00_007640	6182.A0A4Z2DIX7	6182.A0A4Z2CTJ3	0	0	0.362	0	0	0.107	0.373	0.044	0.612
EWB00_000422	EWB00_007520	6182.A0A4Z2DIX7	6182.A0A4Z2CUE7	0	0	0	0	0	0.107	0.373	0.063	0.429
EWB00_000422	EWB00_005849	6182.A0A4Z2DIX7	6182.A0A4Z2D0D0	0	0	0	0	0	0.107	0.373	0.063	0.429
EWB00_000422	EWB00_005166	6182.A0A4Z2DIX7	6182.A0A4Z2D2Y7	0	0	0.353	0	0	0	0.379	0	0.581
EWB00_000422	EWB00_004406	6182.A0A4Z2DIX7	6182.A0A4Z2D5D6	0	0	0	0	0	0.107	0.373	0.063	0.429
EWB00_000422	EWB00_004368	6182.A0A4Z2DIX7	6182.A0A4Z2D605	0	0	0	0	0	0.309	0.618	0.293	0.797
EWB00_000422	EWB00_003063	6182.A0A4Z2DIX7	6182.A0A4Z2D9R8	0	0	0.212	0	0	0.107	0.373	0.043	0.521
EWB00_000422	EWB00_002531	6182.A0A4Z2DIX7	6182.A0A4Z2DBU6	0	0	0.252	0	0	0.164	0.373	0.043	0.574
EWB00_000422	EWB00_001594	6182.A0A4Z2DIX7	6182.A0A4Z2DF50	0	0	0	0	0	0.107	0.373	0.137	0.474
EWB00_000422	EWB00_001471	6182.A0A4Z2DIX7	6182.A0A4Z2DFS2	0	0	0	0	0	0.107	0.373	0.044	0.417
EWB00_000422	EWB00_001228	6182.A0A4Z2DIX7	6182.A0A4Z2DGB2	0	0	0.216	0	0	0.107	0.373	0.043	0.523
EWB00_000422	CDKL1	6182.A0A4Z2DIX7	6182.C1L3S7	0	0	0.325	0	0.150	0	0	0	0.401
EWB00_000422	EWB00_005112	6182.A0A4Z2DIX7	6182.C1LH53	0	0	0.373	0	0.089	0	0	0	0.404
EWB00_000422	EWB00_010687	6182.A0A4Z2DIX7	6182.A0A4Z2DNJ5	0	0	0	0	0	0.107	0.373	0.043	0.417
EWB00_000422	EWB00_008934	6182.A0A4Z2DIX7	6182.A0A4Z2DSI5	0	0	0	0	0	0.107	0.373	0.043	0.417
EWB00_000422	EWB00_005467	6182.A0A4Z2DIX7	6182.A0A4Z2DU85	0	0	0	0	0	0.107	0.373	0.043	0.417
EWB00_000422	EWB00_011263	6182.A0A4Z2DIX7	6182.A0A4Z2DKT9	0	0	0	0	0	0.107	0.373	0.061	0.428
EWB00_000422	fyn-prov	6182.A0A4Z2DIX7	6182.C1LGZ6	0	0	0	0	0	0.107	0.373	0.063	0.429
EWB00_000422	EWB00_003747	6182.A0A4Z2DIX7	6182.A0A4Z2DVH8	0	0	0.212	0	0	0.107	0.373	0.043	0.521
EWB00_000422	EWB00_007721	6182.A0A4Z2DIX7	6182.A0A4Z2DSU2	0	0	0	0	0	0.092	0.478	0.095	0.533
EWB00_000422	EWB00_004196	6182.A0A4Z2DIX7	6182.A0A4Z2DUY0	0	0	0	0	0	0.092	0.478	0.095	0.533
EWB00_000422	PR2	6182.A0A4Z2DIX7	6182.C7TXQ4	0	0	0.382	0	0	0.107	0.373	0.044	0.624
EWB00_000516	EWB00_009122	6182.A0A4Z2DIX5	6182.A0A4Z2CN26	0	0	0.176	0.598	0	0.093	0.394	0.068	0.521
EWB00_000516	EWB00_009095	6182.A0A4Z2DIX5	6182.A0A4Z2CND2	0	0	0.166	0.576	0	0.262	0.386	0.055	0.595
EWB00_000516	EWB00_008993	6182.A0A4Z2DIX5	6182.A0A4Z2CNG2	0	0	0	0	0	0.363	0	0.102	0.403
EWB00_000516	EWB00_008683	6182.A0A4Z2DIX5	6182.A0A4Z2CNZ1	0	0	0	0	0	0.093	0.395	0.068	0.443
EWB00_000516	EWB00_008162	6182.A0A4Z2DIX5	6182.A0A4Z2CR55	0	0	0	0	0	0.262	0.381	0.055	0.530
EWB00_000516	EWB00_008189	6182.A0A4Z2DIX5	6182.A0A4Z2CR88	0	0	0	0	0	0.262	0.386	0.055	0.534
EWB00_000516	EWB00_007978	6182.A0A4Z2DIX5	6182.A0A4Z2CSH8	0	0	0	0	0	0	0.498	0.255	0.610
EWB00_000516	EWB00_007965	6182.A0A4Z2DIX5	6182.A0A4Z2CSU9	0	0	0.158	0.558	0	0.262	0.381	0.584	0.818
EWB00_000516	EWB00_007640	6182.A0A4Z2DIX5	6182.A0A4Z2CTJ3	0	0	0.152	0.564	0	0.262	0.394	0.055	0.593
EWB00_000516	EWB00_007520	6182.A0A4Z2DIX5	6182.A0A4Z2CUE7	0	0	0	0	0	0.262	0.394	0.055	0.540
EWB00_000516	EWB00_006350	6182.A0A4Z2DIX5	6182.A0A4Z2CZ14	0	0	0	0	0	0.093	0.387	0.068	0.436
EWB00_000516	EWB00_006175	6182.A0A4Z2DIX5	6182.A0A4Z2CZK0	0	0	0	0	0	0.140	0.395	0.051	0.463
EWB00_000516	EWB00_006209	6182.A0A4Z2DIX5	6182.A0A4Z2CZP0	0	0	0	0	0	0	0.513	0	0.513
EWB00_000516	EWB00_005910	6182.A0A4Z2DIX5	6182.A0A4Z2D044	0	0	0	0	0	0	0.475	0.056	0.483
EWB00_000516	EWB00_005849	6182.A0A4Z2DIX5	6182.A0A4Z2D0D0	0	0	0	0	0	0.262	0.391	0.055	0.538
EWB00_000516	EWB00_005166	6182.A0A4Z2DIX5	6182.A0A4Z2D2Y7	0	0	0.155	0.665	0	0.889	0.876	0.371	0.991
EWB00_000516	EWB00_004506	6182.A0A4Z2DIX5	6182.A0A4Z2D514	0	0	0	0	0	0.093	0.387	0.068	0.436
EWB00_000516	EWB00_004650	6182.A0A4Z2DIX5	6182.A0A4Z2D5A9	0	0	0	0	0.109	0.140	0.503	0.051	0.590
EWB00_000516	EWB00_004406	6182.A0A4Z2DIX5	6182.A0A4Z2D5D6	0	0	0	0	0	0.262	0.394	0.055	0.540
EWB00_000516	EWB00_004405	6182.A0A4Z2DIX5	6182.A0A4Z2D5F1	0	0	0.163	0.629	0	0.085	0.386	0	0.488
EWB00_000516	EWB00_004368	6182.A0A4Z2DIX5	6182.A0A4Z2D605	0	0	0	0	0.147	0.274	0.388	0.092	0.609
EWB00_000516	EWB00_004032	6182.A0A4Z2DIX5	6182.A0A4Z2D6K4	0	0	0	0	0	0.799	0.854	0.403	0.980
EWB00_000516	EWB00_003639	6182.A0A4Z2DIX5	6182.A0A4Z2D7T8	0	0	0	0	0	0	0.441	0	0.441
EWB00_000516	EWB00_003114	6182.A0A4Z2DIX5	6182.A0A4Z2D9R6	0	0	0.166	0.638	0	0.140	0.395	0.051	0.533
EWB00_000516	EWB00_003063	6182.A0A4Z2DIX5	6182.A0A4Z2D9R8	0	0	0	0	0	0.262	0.381	0.191	0.598
EWB00_000516	EWB00_002869	6182.A0A4Z2DIX5	6182.A0A4Z2DAG8	0	0	0	0	0	0.125	0.534	0	0.574
EWB00_000516	EWB00_002797	6182.A0A4Z2DIX5	6182.A0A4Z2DBK5	0	0	0.171	0.616	0	0	0.378	0	0.462
EWB00_000516	EWB00_002531	6182.A0A4Z2DIX5	6182.A0A4Z2DBU6	0	0	0.233	0	0	0.262	0.381	0.103	0.643
EWB00_000516	EWB00_002194	6182.A0A4Z2DIX5	6182.A0A4Z2DDD6	0	0	0	0	0	0.887	0.183	0.123	0.911
EWB00_000516	EWB00_001594	6182.A0A4Z2DIX5	6182.A0A4Z2DF50	0	0	0	0	0	0.262	0.381	0.069	0.537
EWB00_000516	EWB00_001471	6182.A0A4Z2DIX5	6182.A0A4Z2DFS2	0	0	0	0	0	0.262	0.394	0.055	0.540
EWB00_000516	EWB00_001228	6182.A0A4Z2DIX5	6182.A0A4Z2DGB2	0	0	0	0	0	0.262	0.381	0.219	0.612
EWB00_000516	EWB00_007721	6182.A0A4Z2DIX5	6182.A0A4Z2DSU2	0	0	0	0	0	0.363	0	0.102	0.403
EWB00_000516	EWB00_004196	6182.A0A4Z2DIX5	6182.A0A4Z2DUY0	0	0	0	0	0	0.363	0	0.102	0.403
EWB00_000516	EWB00_000085	6182.A0A4Z2DIX5	6182.A0A4Z2DKG0	0	0	0	0	0	0.085	0.386	0	0.414
EWB00_000516	EWB00_008724	6182.A0A4Z2DIX5	6182.A0A4Z2DSJ8	0	0	0	0	0	0.085	0.386	0	0.414
EWB00_000516	EWB00_004095	6182.A0A4Z2DIX5	6182.Q6PMM5	0	0	0	0	0	0.093	0.395	0.068	0.443
EWB00_000516	EWB00_011320	6182.A0A4Z2DIX5	6182.Q5DBY2	0	0	0.179	0.637	0	0.085	0.386	0	0.498
EWB00_000516	EWB00_010398	6182.A0A4Z2DIX5	6182.A0A4Z2DXN3	0	0	0	0	0	0.202	0.098	0.376	0.511
EWB00_000516	EWB00_011039	6182.A0A4Z2DIX5	6182.A0A4Z2DN82	0	0	0	0	0	0	0.513	0	0.513
EWB00_000516	EWB00_002919	6182.A0A4Z2DIX5	6182.A0A4Z2DWJ9	0	0	0	0	0	0	0.513	0	0.513
EWB00_000516	EWB00_010687	6182.A0A4Z2DIX5	6182.A0A4Z2DNJ5	0	0	0	0	0	0.262	0.381	0.055	0.530
EWB00_000516	fyn-prov	6182.A0A4Z2DIX5	6182.C1LGZ6	0	0	0	0	0	0.262	0.394	0.055	0.540
EWB00_000516	EWB00_008934	6182.A0A4Z2DIX5	6182.A0A4Z2DSI5	0	0	0	0	0.089	0.262	0.381	0.063	0.557
EWB00_000516	EWB00_003747	6182.A0A4Z2DIX5	6182.A0A4Z2DVH8	0	0	0	0	0.109	0.262	0.381	0.055	0.563
EWB00_000516	Grb2	6182.A0A4Z2DIX5	6182.Q86F73	0	0	0	0	0	0	0.560	0.096	0.585
EWB00_000516	PR2	6182.A0A4Z2DIX5	6182.C7TXQ4	0	0	0.160	0.590	0.126	0.262	0.458	0.055	0.671
EWB00_000516	EWB00_009358	6182.A0A4Z2DIX5	6182.A0A4Z2DRM5	0	0	0	0	0	0.506	0.876	0.104	0.940
EWB00_000516	EWB00_005467	6182.A0A4Z2DIX5	6182.A0A4Z2DU85	0	0	0	0	0	0.843	0.767	0.055	0.962
EWB00_000516	EWB00_011263	6182.A0A4Z2DIX5	6182.A0A4Z2DKT9	0	0	0	0	0.047	0.922	0.931	0.591	0.997
EWB00_000751	EWB00_009095	6182.A0A4Z2DI18	6182.A0A4Z2CND2	0	0	0.207	0.573	0	0.201	0.372	0	0.567
EWB00_000751	EWB00_008162	6182.A0A4Z2DI18	6182.A0A4Z2CR55	0	0	0.216	0.563	0.065	0.201	0.372	0	0.582
EWB00_000751	EWB00_008189	6182.A0A4Z2DI18	6182.A0A4Z2CR88	0	0	0	0	0	0.201	0.372	0	0.476
EWB00_000751	EWB00_007959	6182.A0A4Z2DI18	6182.A0A4Z2CS38	0	0	0	0	0	0	0.819	0	0.819
EWB00_000751	EWB00_007965	6182.A0A4Z2DI18	6182.A0A4Z2CSU9	0	0	0.206	0.559	0	0.201	0.372	0	0.566
EWB00_000751	EWB00_007640	6182.A0A4Z2DI18	6182.A0A4Z2CTJ3	0	0	0.244	0.557	0	0.409	0.574	0.048	0.794
EWB00_000751	EWB00_007520	6182.A0A4Z2DI18	6182.A0A4Z2CUE7	0	0	0	0	0	0.201	0.372	0	0.476
EWB00_000751	EWB00_005849	6182.A0A4Z2DI18	6182.A0A4Z2D0D0	0	0	0	0	0	0.201	0.372	0	0.476
EWB00_000751	EWB00_004406	6182.A0A4Z2DI18	6182.A0A4Z2D5D6	0	0	0	0	0	0.201	0.372	0	0.476
EWB00_000751	EWB00_004368	6182.A0A4Z2DI18	6182.A0A4Z2D605	0	0	0	0	0	0.201	0.372	0	0.476
EWB00_000751	EWB00_003063	6182.A0A4Z2DI18	6182.A0A4Z2D9R8	0	0	0	0	0	0.201	0.372	0	0.476
EWB00_000751	EWB00_002531	6182.A0A4Z2DI18	6182.A0A4Z2DBU6	0	0	0.163	0.574	0	0.201	0.372	0	0.543
EWB00_000751	EWB00_001594	6182.A0A4Z2DI18	6182.A0A4Z2DF50	0	0	0	0	0	0.241	0.372	0	0.502
EWB00_000751	EWB00_001471	6182.A0A4Z2DI18	6182.A0A4Z2DFS2	0	0	0	0	0	0.409	0.574	0.048	0.739
EWB00_000751	EWB00_001228	6182.A0A4Z2DI18	6182.A0A4Z2DGB2	0	0	0	0	0	0.201	0.372	0	0.476
EWB00_000751	EWB00_002899	6182.A0A4Z2DI18	6182.A0A4Z2DX55	0	0	0.403	0	0	0	0	0	0.403
EWB00_000751	EWB00_011263	6182.A0A4Z2DI18	6182.A0A4Z2DKT9	0	0	0	0	0	0.201	0.372	0	0.476
EWB00_000751	EWB00_010687	6182.A0A4Z2DI18	6182.A0A4Z2DNJ5	0	0	0	0	0	0.201	0.372	0	0.476
EWB00_000751	EWB00_008934	6182.A0A4Z2DI18	6182.A0A4Z2DSI5	0	0	0	0	0	0.201	0.372	0	0.476
EWB00_000751	fyn-prov	6182.A0A4Z2DI18	6182.C1LGZ6	0	0	0.153	0.565	0	0.201	0.372	0	0.537
EWB00_000751	EWB00_005467	6182.A0A4Z2DI18	6182.A0A4Z2DU85	0	0	0.158	0.561	0	0.201	0.372	0	0.540
EWB00_000751	EWB00_003747	6182.A0A4Z2DI18	6182.A0A4Z2DVH8	0	0	0.170	0.563	0	0.201	0.372	0	0.547
EWB00_000751	PR2	6182.A0A4Z2DI18	6182.C7TXQ4	0	0	0.434	0	0	0.409	0.880	0.048	0.956
EWB00_001036	EWB00_006209	6182.A0A4Z2DH76	6182.A0A4Z2CZP0	0	0	0	0	0	0	0.618	0	0.618
EWB00_001036	EWB00_004032	6182.A0A4Z2DH76	6182.A0A4Z2D6K4	0	0	0	0	0.060	0.129	0.876	0.064	0.892
EWB00_001036	EWB00_003710	6182.A0A4Z2DH76	6182.A0A4Z2D7R1	0	0	0	0	0	0.087	0	0.446	0.472
EWB00_001036	EWB00_003639	6182.A0A4Z2DH76	6182.A0A4Z2D7T8	0	0	0	0	0	0	0.618	0	0.618
EWB00_001036	EWB00_002869	6182.A0A4Z2DH76	6182.A0A4Z2DAG8	0	0	0	0	0	0.124	0.771	0	0.790
EWB00_001036	EWB00_002741	6182.A0A4Z2DH76	6182.A0A4Z2DB14	0	0	0	0	0	0	0.690	0	0.690
EWB00_001036	EWB00_011039	6182.A0A4Z2DH76	6182.A0A4Z2DN82	0	0	0	0	0	0	0.618	0	0.618
EWB00_001036	EWB00_002919	6182.A0A4Z2DH76	6182.A0A4Z2DWJ9	0	0	0	0	0	0	0.618	0	0.618
EWB00_001036	EWB00_010687	6182.A0A4Z2DH76	6182.A0A4Z2DNJ5	0	0	0	0	0	0.101	0.811	0.043	0.823
EWB00_001036	EWB00_009358	6182.A0A4Z2DH76	6182.A0A4Z2DRM5	0	0	0	0	0	0.124	0.876	0.065	0.889
EWB00_001091	EWB00_008993	6182.A0A4Z2DGZ7	6182.A0A4Z2CNG2	0	0	0.177	0.695	0	0	0.618	0	0.672
EWB00_001091	EWB00_004650	6182.A0A4Z2DGZ7	6182.A0A4Z2D5A9	0	0	0	0	0	0.618	0	0	0.618
EWB00_001091	EWB00_002858	6182.A0A4Z2DGZ7	6182.A0A4Z2DAI3	0	0	0.382	0	0	0	0	0.193	0.479
EWB00_001091	PR2	6182.A0A4Z2DGZ7	6182.C7TXQ4	0	0	0.423	0	0	0	0	0	0.423
EWB00_001091	EWB00_007721	6182.A0A4Z2DGZ7	6182.A0A4Z2DSU2	0	0	0	0	0	0	0.771	0	0.771
EWB00_001091	EWB00_004196	6182.A0A4Z2DGZ7	6182.A0A4Z2DUY0	0	0	0	0	0	0	0.771	0	0.771
EWB00_001102	EWB00_008372	6182.A0A4Z2DGT3	6182.A0A4Z2CQJ6	0	0	0	0	0	0.242	0.339	0.091	0.504
EWB00_001102	EWB00_007322	6182.A0A4Z2DGT3	6182.A0A4Z2CUR2	0	0	0	0	0	0	0.504	0.066	0.516
EWB00_001102	EWB00_006200	6182.A0A4Z2DGT3	6182.A0A4Z2CZM0	0	0	0	0	0	0	0.860	0	0.860
EWB00_001102	EWB00_006209	6182.A0A4Z2DGT3	6182.A0A4Z2CZP0	0	0	0	0	0	0.101	0.390	0.104	0.465
EWB00_001102	EWB00_006126	6182.A0A4Z2DGT3	6182.A0A4Z2CZR2	0	0	0	0	0.056	0.239	0.245	0.170	0.489
EWB00_001102	EWB00_006201	6182.A0A4Z2DGT3	6182.A0A4Z2CZR4	0	0	0	0	0	0	0.860	0	0.860
EWB00_001102	EWB00_006199	6182.A0A4Z2DGT3	6182.A0A4Z2D0J4	0	0	0	0	0	0	0.946	0	0.946
EWB00_001102	EWB00_005116	6182.A0A4Z2DGT3	6182.A0A4Z2D2T5	0	0	0	0	0	0.242	0.339	0.064	0.490
EWB00_001102	EWB00_003710	6182.A0A4Z2DGT3	6182.A0A4Z2D7R1	0	0	0	0	0	0.141	0.374	0.155	0.505
EWB00_001102	EWB00_003639	6182.A0A4Z2DGT3	6182.A0A4Z2D7T8	0	0	0	0	0	0.093	0.379	0.069	0.429
EWB00_001102	EWB00_002869	6182.A0A4Z2DGT3	6182.A0A4Z2DAG8	0	0	0	0	0	0.157	0.394	0.118	0.510
EWB00_001102	EWB00_002413	6182.A0A4Z2DGT3	6182.A0A4Z2DCK0	0	0	0	0	0	0.111	0.383	0	0.428
EWB00_001102	EWB00_001328	6182.A0A4Z2DGT3	6182.A0A4Z2DG14	0	0	0	0	0	0.197	0.377	0.201	0.565
EWB00_001102	EWB00_011039	6182.A0A4Z2DGT3	6182.A0A4Z2DN82	0	0	0	0	0	0.101	0.390	0.104	0.465
EWB00_001102	EWB00_002919	6182.A0A4Z2DGT3	6182.A0A4Z2DWJ9	0	0	0	0	0	0.101	0.390	0.104	0.465
EWB00_001225	EWB00_010024	6182.A0A4Z2DG63	6182.A0A4Z2CL49	0	0	0	0	0	0.120	0.366	0.043	0.419
EWB00_001225	EWB00_009560	6182.A0A4Z2DG63	6182.A0A4Z2CLW6	0	0	0	0	0.089	0.370	0	0.306	0.566
EWB00_001225	EWB00_009457	6182.A0A4Z2DG63	6182.A0A4Z2CLX5	0	0	0	0	0	0.120	0.366	0.043	0.419
EWB00_001225	EWB00_009267	6182.A0A4Z2DG63	6182.A0A4Z2CML4	0	0	0	0	0	0.506	0.687	0.113	0.850
EWB00_001225	EWB00_009162	6182.A0A4Z2DG63	6182.A0A4Z2CMV9	0	0	0	0	0	0.283	0.372	0.104	0.561
EWB00_001225	EWB00_009122	6182.A0A4Z2DG63	6182.A0A4Z2CN26	0	0	0	0	0	0.098	0.691	0.046	0.710
EWB00_001225	EWB00_009095	6182.A0A4Z2DG63	6182.A0A4Z2CND2	0	0	0	0	0	0.129	0.381	0.136	0.493
EWB00_001225	EWB00_008683	6182.A0A4Z2DG63	6182.A0A4Z2CNZ1	0	0	0	0	0	0.098	0.528	0	0.556
EWB00_001225	EWB00_008411	6182.A0A4Z2DG63	6182.A0A4Z2CQ40	0	0	0	0	0	0.104	0.403	0.065	0.456
EWB00_001225	EWB00_008162	6182.A0A4Z2DG63	6182.A0A4Z2CR55	0	0	0	0	0.196	0.104	0.356	0.107	0.530
EWB00_001225	EWB00_008189	6182.A0A4Z2DG63	6182.A0A4Z2CR88	0	0	0	0	0	0.129	0.381	0.136	0.493
EWB00_001225	EWB00_008231	6182.A0A4Z2DG63	6182.A0A4Z2CRJ2	0	0	0	0	0	0.104	0.501	0.065	0.545
EWB00_001225	EWB00_007965	6182.A0A4Z2DG63	6182.A0A4Z2CSU9	0	0	0	0	0	0.104	0.356	0.049	0.403
EWB00_001225	EWB00_007640	6182.A0A4Z2DG63	6182.A0A4Z2CTJ3	0	0	0	0	0	0.104	0.356	0.054	0.406
EWB00_001225	EWB00_007520	6182.A0A4Z2DG63	6182.A0A4Z2CUE7	0	0	0	0	0	0.129	0.385	0.136	0.496
EWB00_001225	EWB00_007322	6182.A0A4Z2DG63	6182.A0A4Z2CUR2	0	0	0	0	0.109	0.140	0	0.409	0.507
EWB00_001225	EWB00_006747	6182.A0A4Z2DG63	6182.A0A4Z2CWY6	0	0	0	0	0	0.273	0	0.237	0.421
EWB00_001225	EWB00_006505	6182.A0A4Z2DG63	6182.A0A4Z2CYG9	0	0	0	0	0.112	0.670	0.618	0.375	0.920
EWB00_001225	EWB00_006350	6182.A0A4Z2DG63	6182.A0A4Z2CZ14	0	0	0	0	0	0.098	0.419	0	0.453
EWB00_001225	EWB00_006234	6182.A0A4Z2DG63	6182.A0A4Z2CZ44	0	0	0	0	0.073	0	0.386	0.190	0.498
EWB00_001225	EWB00_006209	6182.A0A4Z2DG63	6182.A0A4Z2CZP0	0	0	0	0	0.048	0.094	0.395	0.340	0.609
EWB00_001225	EWB00_005902	6182.A0A4Z2DG63	6182.A0A4Z2D084	0	0	0	0	0.229	0	0.238	0.062	0.400
EWB00_001225	EWB00_005849	6182.A0A4Z2DG63	6182.A0A4Z2D0D0	0	0	0	0	0	0.129	0.381	0.136	0.493
EWB00_001225	EWB00_004965	6182.A0A4Z2DG63	6182.A0A4Z2D4A5	0	0	0	0	0.089	0.651	0	0.306	0.760
EWB00_001225	EWB00_004506	6182.A0A4Z2DG63	6182.A0A4Z2D514	0	0	0	0	0	0.098	0.419	0	0.453
EWB00_001225	EWB00_004406	6182.A0A4Z2DG63	6182.A0A4Z2D5D6	0	0	0	0	0	0.129	0.385	0.136	0.496
EWB00_001225	EWB00_004368	6182.A0A4Z2DG63	6182.A0A4Z2D605	0	0	0	0	0	0.506	0.356	0.049	0.671
EWB00_001225	EWB00_003639	6182.A0A4Z2DG63	6182.A0A4Z2D7T8	0	0	0	0	0.048	0.094	0.395	0.156	0.500
EWB00_001225	EWB00_003565	6182.A0A4Z2DG63	6182.A0A4Z2D923	0	0	0	0	0.088	0.913	0.876	0.138	0.990
EWB00_001225	EWB00_003146	6182.A0A4Z2DG63	6182.A0A4Z2D9E0	0	0	0	0	0.112	0.670	0.618	0.375	0.920
EWB00_001225	EWB00_003063	6182.A0A4Z2DG63	6182.A0A4Z2D9R8	0	0	0	0	0	0.104	0.356	0.049	0.403
EWB00_001225	EWB00_002869	6182.A0A4Z2DG63	6182.A0A4Z2DAG8	0	0	0	0	0.043	0.183	0.394	0.139	0.537
EWB00_001225	EWB00_002858	6182.A0A4Z2DG63	6182.A0A4Z2DAI3	0	0	0	0	0	0	0.394	0.139	0.455
EWB00_001225	EWB00_002775	6182.A0A4Z2DG63	6182.A0A4Z2DBA8	0	0	0	0	0.073	0	0.386	0.190	0.498
EWB00_001225	EWB00_002531	6182.A0A4Z2DG63	6182.A0A4Z2DBU6	0	0	0	0	0	0.104	0.356	0.066	0.413
EWB00_001225	EWB00_002386	6182.A0A4Z2DG63	6182.A0A4Z2DCG1	0	0	0	0	0	0	0.394	0.139	0.455
EWB00_001225	EWB00_002103	6182.A0A4Z2DG63	6182.A0A4Z2DDE8	0	0	0	0	0	0.273	0	0.237	0.421
EWB00_001225	EWB00_001594	6182.A0A4Z2DG63	6182.A0A4Z2DF50	0	0	0	0	0	0.104	0.356	0.049	0.403
EWB00_001225	EWB00_001618	6182.A0A4Z2DG63	6182.A0A4Z2DF74	0	0	0	0	0	0.257	0.298	0.066	0.470
EWB00_001225	EWB00_001471	6182.A0A4Z2DG63	6182.A0A4Z2DFS2	0	0	0	0	0	0.104	0.356	0.054	0.406
EWB00_001225	EWB00_001228	6182.A0A4Z2DG63	6182.A0A4Z2DGB2	0	0	0	0	0	0.104	0.356	0.049	0.403
EWB00_001225	EWB00_003747	6182.A0A4Z2DG63	6182.A0A4Z2DVH8	0	0	0	0	0	0.104	0.356	0.049	0.403
EWB00_001225	PR2	6182.A0A4Z2DG63	6182.C7TXQ4	0	0	0	0	0	0.104	0.356	0.054	0.406
EWB00_001225	EWB00_008934	6182.A0A4Z2DG63	6182.A0A4Z2DSI5	0	0	0	0	0	0.104	0.394	0.049	0.438
EWB00_001225	EWB00_011263	6182.A0A4Z2DG63	6182.A0A4Z2DKT9	0	0	0	0	0	0.104	0.356	0.142	0.461
EWB00_001225	fyn-prov	6182.A0A4Z2DG63	6182.C1LGZ6	0	0	0	0	0	0.129	0.385	0.136	0.496
EWB00_001225	EWB00_007426	6182.A0A4Z2DG63	6182.C1LJL2	0	0	0	0	0.052	0.257	0.298	0.137	0.516
EWB00_001225	EWB00_004095	6182.A0A4Z2DG63	6182.Q6PMM5	0	0	0	0	0	0.098	0.528	0	0.556
EWB00_001225	EWB00_006002	6182.A0A4Z2DG63	6182.A0A4Z2DTC9	0	0	0	0	0	0.283	0.372	0.104	0.561
EWB00_001225	EWB00_009161	6182.A0A4Z2DG63	6182.C1L3T0	0	0	0	0	0	0.283	0.372	0.104	0.561
EWB00_001225	EWB00_010398	6182.A0A4Z2DG63	6182.A0A4Z2DXN3	0	0	0	0	0	0.127	0.076	0.508	0.568
EWB00_001225	EWB00_005467	6182.A0A4Z2DG63	6182.A0A4Z2DU85	0	0	0	0	0	0.104	0.356	0.332	0.580
EWB00_001225	EWB00_010687	6182.A0A4Z2DG63	6182.A0A4Z2DNJ5	0	0	0	0	0	0.104	0.555	0.050	0.588
EWB00_001225	EWB00_010727	6182.A0A4Z2DG63	6182.A0A4Z2DNH6	0	0	0	0	0.121	0.309	0	0.388	0.595
EWB00_001225	EWB00_011039	6182.A0A4Z2DG63	6182.A0A4Z2DN82	0	0	0	0	0.048	0.094	0.395	0.340	0.609
EWB00_001225	EWB00_002919	6182.A0A4Z2DG63	6182.A0A4Z2DWJ9	0	0	0	0	0.048	0.094	0.395	0.340	0.609
EWB00_001225	EWB00_010647	6182.A0A4Z2DG63	6182.Q5DHL6	0	0	0	0	0	0.257	0.298	0.429	0.676
EWB00_001225	EWB00_008857	6182.A0A4Z2DG63	6182.A0A4Z2DY79	0	0	0	0	0.049	0.345	0.517	0.104	0.694
EWB00_001225	EWB00_003429	6182.A0A4Z2DG63	6182.A0A4Z2DWH7	0	0	0	0	0.045	0.519	0.449	0.210	0.773
EWB00_001225	Act5C	6182.A0A4Z2DG63	6182.Q5DF69	0	0	0	0	0	0.506	0.687	0.113	0.850
EWB00_001225	EWB00_010649	6182.A0A4Z2DG63	6182.A0A4Z2DN32	0	0	0	0	0.065	0.506	0.739	0.167	0.886
EWB00_001225	EWB00_004876	6182.A0A4Z2DG63	6182.A0A4Z2DUG9	0	0	0	0	0	0.506	0.771	0.139	0.894
EWB00_001225	EWB00_004878	6182.A0A4Z2DG63	6182.A0A4Z2DUX1	0	0	0	0	0	0.506	0.771	0.139	0.894
EWB00_001225	EWB00_002502	6182.A0A4Z2DG63	6182.Q71TT8	0	0	0	0	0	0.506	0.771	0.139	0.894
EWB00_001225	EWB00_006050	6182.A0A4Z2DG63	6182.A0A4Z2DTJ0	0	0	0	0	0.088	0.506	0.876	0.167	0.947
EWB00_001228	EWB00_009456	6182.A0A4Z2DGB2	6182.A0A4Z2CM06	0	0	0.215	0	0	0.123	0.340	0.064	0.517
EWB00_001228	EWB00_009435	6182.A0A4Z2DGB2	6182.A0A4Z2CM43	0	0	0	0	0	0.143	0.340	0	0.410
EWB00_001228	EWB00_009122	6182.A0A4Z2DGB2	6182.A0A4Z2CN26	0	0	0	0	0.048	0.204	0.360	0.050	0.477
EWB00_001228	EWB00_008993	6182.A0A4Z2DGB2	6182.A0A4Z2CNG2	0	0	0	0	0	0.212	0.298	0.071	0.441
EWB00_001228	EWB00_008683	6182.A0A4Z2DGB2	6182.A0A4Z2CNZ1	0	0	0	0	0.043	0.204	0.360	0.050	0.474
EWB00_001228	EWB00_008411	6182.A0A4Z2DGB2	6182.A0A4Z2CQ40	0	0	0	0	0.047	0.145	0.363	0.046	0.438
EWB00_001228	EWB00_008231	6182.A0A4Z2DGB2	6182.A0A4Z2CRJ2	0	0	0	0	0.060	0.145	0.363	0.046	0.446
EWB00_001228	EWB00_007959	6182.A0A4Z2DGB2	6182.A0A4Z2CS38	0	0	0	0	0	0.201	0.372	0.046	0.479
EWB00_001228	EWB00_007978	6182.A0A4Z2DGB2	6182.A0A4Z2CSH8	0	0	0	0	0	0.214	0.372	0.054	0.492
EWB00_001228	EWB00_007965	6182.A0A4Z2DGB2	6182.A0A4Z2CSU9	0	0	0	0	0	0	0	0.476	0.476
EWB00_001228	EWB00_007650	6182.A0A4Z2DGB2	6182.A0A4Z2CTZ5	0	0	0	0	0	0.138	0.335	0.054	0.410
EWB00_001228	EWB00_007322	6182.A0A4Z2DGB2	6182.A0A4Z2CUR2	0	0	0	0	0	0.248	0.379	0.065	0.525
EWB00_001228	EWB00_007161	6182.A0A4Z2DGB2	6182.A0A4Z2CVK4	0	0	0	0	0.069	0.135	0.370	0.182	0.529
EWB00_001228	EWB00_006350	6182.A0A4Z2DGB2	6182.A0A4Z2CZ14	0	0	0	0	0.042	0.204	0.360	0.050	0.474
EWB00_001228	EWB00_006175	6182.A0A4Z2DGB2	6182.A0A4Z2CZK0	0	0	0	0	0.089	0.229	0.355	0.063	0.518
EWB00_001228	EWB00_005910	6182.A0A4Z2DGB2	6182.A0A4Z2D044	0	0	0	0	0	0.244	0.370	0.056	0.511
EWB00_001228	EWB00_005803	6182.A0A4Z2DGB2	6182.A0A4Z2D0N4	0	0	0	0	0	0.155	0.373	0.048	0.451
EWB00_001228	EWB00_005166	6182.A0A4Z2DGB2	6182.A0A4Z2D2Y7	0	0	0.208	0	0	0.244	0.371	0.064	0.600
EWB00_001228	EWB00_004506	6182.A0A4Z2DGB2	6182.A0A4Z2D514	0	0	0	0	0.042	0.204	0.360	0.050	0.474
EWB00_001228	EWB00_004650	6182.A0A4Z2DGB2	6182.A0A4Z2D5A9	0	0	0	0	0	0.229	0.355	0.092	0.509
EWB00_001228	EWB00_004405	6182.A0A4Z2DGB2	6182.A0A4Z2D5F1	0	0	0.207	0	0	0.161	0.196	0	0.418
EWB00_001228	EWB00_004032	6182.A0A4Z2DGB2	6182.A0A4Z2D6K4	0	0	0	0	0	0.209	0.374	0	0.483
EWB00_001228	EWB00_003710	6182.A0A4Z2DGB2	6182.A0A4Z2D7R1	0	0	0	0	0.104	0.506	0.300	0.090	0.680
EWB00_001228	EWB00_003565	6182.A0A4Z2DGB2	6182.A0A4Z2D923	0	0	0	0	0	0.104	0.356	0.049	0.403
EWB00_001228	EWB00_003114	6182.A0A4Z2DGB2	6182.A0A4Z2D9R6	0	0	0	0	0	0.229	0.355	0.063	0.493
EWB00_001228	EWB00_002858	6182.A0A4Z2DGB2	6182.A0A4Z2DAI3	0	0	0	0	0	0.266	0.372	0.062	0.529
EWB00_001228	EWB00_002741	6182.A0A4Z2DGB2	6182.A0A4Z2DB14	0	0	0	0	0	0.250	0.373	0.050	0.514
EWB00_001228	EWB00_002781	6182.A0A4Z2DGB2	6182.A0A4Z2DBA4	0	0	0	0	0	0.107	0.373	0.047	0.419
EWB00_001228	EWB00_002797	6182.A0A4Z2DGB2	6182.A0A4Z2DBK5	0	0	0	0	0	0.143	0.349	0	0.418
EWB00_001228	EWB00_002531	6182.A0A4Z2DGB2	6182.A0A4Z2DBU6	0	0	0	0	0	0.098	0.517	0.049	0.549
EWB00_001228	EWB00_002386	6182.A0A4Z2DGB2	6182.A0A4Z2DCG1	0	0	0	0	0	0.266	0.372	0.062	0.529
EWB00_001228	EWB00_001594	6182.A0A4Z2DGB2	6182.A0A4Z2DF50	0	0	0	0	0.196	0.847	0.811	0.209	0.979
EWB00_001228	EWB00_001225	6182.A0A4Z2DGB2	6182.A0A4Z2DG63	0	0	0	0	0	0.104	0.356	0.049	0.403
EWB00_001228	EWB00_004876	6182.A0A4Z2DGB2	6182.A0A4Z2DUG9	0	0	0	0	0	0.165	0.282	0.093	0.408
EWB00_001228	EWB00_004878	6182.A0A4Z2DGB2	6182.A0A4Z2DUX1	0	0	0	0	0	0.165	0.282	0.093	0.408
EWB00_001228	EWB00_002502	6182.A0A4Z2DGB2	6182.Q71TT8	0	0	0	0	0	0.165	0.282	0.093	0.408
EWB00_001228	CKI-alpha	6182.A0A4Z2DGB2	6182.C1L4B0	0	0	0	0	0	0.107	0.373	0.043	0.417
EWB00_001228	EWB00_008747	6182.A0A4Z2DGB2	6182.C1LG63	0	0	0	0	0	0.135	0.354	0	0.417
EWB00_001228	cdk5	6182.A0A4Z2DGB2	6182.C1L6Q8	0	0	0	0	0	0.124	0.374	0	0.428
EWB00_001228	EWB00_007721	6182.A0A4Z2DGB2	6182.A0A4Z2DSU2	0	0	0	0	0	0.212	0.298	0.071	0.441
EWB00_001228	EWB00_004196	6182.A0A4Z2DGB2	6182.A0A4Z2DUY0	0	0	0	0	0	0.212	0.298	0.071	0.441
EWB00_001228	EWB00_003272	6182.A0A4Z2DGB2	6182.Q5DB60	0	0	0	0	0	0.190	0.329	0.066	0.448
EWB00_001228	EWB00_005112	6182.A0A4Z2DGB2	6182.C1LH53	0	0	0	0	0	0.123	0.340	0.127	0.450
EWB00_001228	EWB00_009358	6182.A0A4Z2DGB2	6182.A0A4Z2DRM5	0	0	0	0	0.046	0.141	0.371	0.062	0.451
EWB00_001228	EWB00_011263	6182.A0A4Z2DGB2	6182.A0A4Z2DKT9	0	0	0	0	0.077	0.053	0	0.437	0.464
EWB00_001228	EWB00_004095	6182.A0A4Z2DGB2	6182.Q6PMM5	0	0	0	0	0.043	0.204	0.360	0.050	0.474
EWB00_001228	EWB00_000751	6182.A0A4Z2DGB2	6182.A0A4Z2DI18	0	0	0	0	0	0.201	0.372	0	0.476
EWB00_001228	Grb2	6182.A0A4Z2DGB2	6182.Q86F73	0	0	0	0	0	0.244	0.370	0.056	0.511
EWB00_001228	EWB00_002899	6182.A0A4Z2DGB2	6182.A0A4Z2DX55	0	0	0.256	0	0	0.146	0.282	0.064	0.515
EWB00_001228	EWB00_010643	6182.A0A4Z2DGB2	6182.A0A4Z2DN24	0	0	0	0	0	0.262	0.375	0.043	0.520
EWB00_001228	EWB00_000422	6182.A0A4Z2DGB2	6182.A0A4Z2DIX7	0	0	0.216	0	0	0.107	0.373	0.043	0.523
EWB00_001228	EWB00_008748	6182.A0A4Z2DGB2	6182.A0A4Z2DTN7	0	0	0	0	0	0.146	0.282	0.309	0.539
EWB00_001228	EWB00_000516	6182.A0A4Z2DGB2	6182.A0A4Z2DIX5	0	0	0	0	0	0.262	0.381	0.219	0.612
EWB00_001311	EWB00_008372	6182.A0A4Z2DG67	6182.A0A4Z2CQJ6	0	0	0	0	0	0.242	0.339	0.091	0.504
EWB00_001311	EWB00_007322	6182.A0A4Z2DG67	6182.A0A4Z2CUR2	0	0	0	0	0	0	0.504	0.066	0.516
EWB00_001311	EWB00_006209	6182.A0A4Z2DG67	6182.A0A4Z2CZP0	0	0	0	0	0	0.101	0.390	0.104	0.465
EWB00_001311	EWB00_006126	6182.A0A4Z2DG67	6182.A0A4Z2CZR2	0	0	0	0	0.056	0.239	0.245	0.170	0.489
EWB00_001311	EWB00_005116	6182.A0A4Z2DG67	6182.A0A4Z2D2T5	0	0	0	0	0	0.242	0.339	0.064	0.490
EWB00_001311	EWB00_003710	6182.A0A4Z2DG67	6182.A0A4Z2D7R1	0	0	0	0	0	0.141	0.374	0.155	0.505
EWB00_001311	EWB00_003639	6182.A0A4Z2DG67	6182.A0A4Z2D7T8	0	0	0	0	0	0.093	0.379	0.069	0.429
EWB00_001311	EWB00_002869	6182.A0A4Z2DG67	6182.A0A4Z2DAG8	0	0	0	0	0	0.157	0.394	0.118	0.510
EWB00_001311	EWB00_002413	6182.A0A4Z2DG67	6182.A0A4Z2DCK0	0	0	0	0	0	0.111	0.383	0	0.428
EWB00_001311	EWB00_001328	6182.A0A4Z2DG67	6182.A0A4Z2DG14	0	0	0	0	0	0.197	0.377	0.201	0.565
EWB00_001311	EWB00_011039	6182.A0A4Z2DG67	6182.A0A4Z2DN82	0	0	0	0	0	0.101	0.390	0.104	0.465
EWB00_001311	EWB00_002919	6182.A0A4Z2DG67	6182.A0A4Z2DWJ9	0	0	0	0	0	0.101	0.390	0.104	0.465
EWB00_001311	EWB00_000274	6182.A0A4Z2DG67	6182.A0A4Z2DJH5	0	0	0	0	0	0	0.860	0	0.860
EWB00_001328	EWB00_009287	6182.A0A4Z2DG14	6182.A0A4Z2CN04	0	0	0	0	0	0.222	0.381	0.060	0.507
EWB00_001328	EWB00_009095	6182.A0A4Z2DG14	6182.A0A4Z2CND2	0	0	0	0	0	0.146	0.367	0	0.436
EWB00_001328	EWB00_008372	6182.A0A4Z2DG14	6182.A0A4Z2CQJ6	0	0	0	0	0	0.309	0.385	0.081	0.575
EWB00_001328	EWB00_008239	6182.A0A4Z2DG14	6182.A0A4Z2CQY2	0	0	0	0	0	0.197	0.377	0.201	0.565
EWB00_001328	EWB00_008189	6182.A0A4Z2DG14	6182.A0A4Z2CR88	0	0	0	0	0	0.146	0.367	0	0.436
EWB00_001328	EWB00_007520	6182.A0A4Z2DG14	6182.A0A4Z2CUE7	0	0	0	0	0	0.146	0.367	0.225	0.544
EWB00_001328	EWB00_007322	6182.A0A4Z2DG14	6182.A0A4Z2CUR2	0	0	0	0	0.046	0	0.876	0.225	0.900
EWB00_001328	EWB00_007395	6182.A0A4Z2DG14	6182.A0A4Z2CUS5	0	0	0	0	0	0.197	0.377	0.201	0.565
EWB00_001328	EWB00_006200	6182.A0A4Z2DG14	6182.A0A4Z2CZM0	0	0	0	0	0	0.197	0.377	0.201	0.565
EWB00_001328	EWB00_006209	6182.A0A4Z2DG14	6182.A0A4Z2CZP0	0	0	0	0	0	0.647	0.771	0.426	0.949
EWB00_001328	EWB00_006126	6182.A0A4Z2DG14	6182.A0A4Z2CZR2	0	0	0	0	0.477	0.875	0.876	0.499	0.995
EWB00_001328	EWB00_006201	6182.A0A4Z2DG14	6182.A0A4Z2CZR4	0	0	0	0	0	0.197	0.377	0.201	0.565
EWB00_001328	EWB00_005849	6182.A0A4Z2DG14	6182.A0A4Z2D0D0	0	0	0	0	0	0.146	0.367	0.132	0.489
EWB00_001328	EWB00_006199	6182.A0A4Z2DG14	6182.A0A4Z2D0J4	0	0	0	0	0	0.197	0.377	0.201	0.565
EWB00_001328	EWB00_005116	6182.A0A4Z2DG14	6182.A0A4Z2D2T5	0	0	0	0	0	0.309	0.385	0.081	0.575
EWB00_001328	EWB00_004406	6182.A0A4Z2DG14	6182.A0A4Z2D5D6	0	0	0	0	0	0.146	0.367	0.225	0.544
EWB00_001328	EWB00_003470	6182.A0A4Z2DG14	6182.A0A4Z2D886	0	0	0	0	0	0.283	0	0.206	0.406
EWB00_001328	EWB00_003146	6182.A0A4Z2DG14	6182.A0A4Z2D9E0	0	0	0	0	0	0	0	0.595	0.595
EWB00_001328	EWB00_002869	6182.A0A4Z2DG14	6182.A0A4Z2DAG8	0	0	0	0	0	0.311	0.771	0.277	0.875
EWB00_001328	EWB00_002741	6182.A0A4Z2DG14	6182.A0A4Z2DB14	0	0	0	0	0.149	0.322	0.876	0.207	0.935
EWB00_001328	EWB00_011156	6182.A0A4Z2DG14	6182.A0A4Z2DLU7	0	0	0	0	0	0.293	0.308	0.140	0.542
EWB00_001328	fyn-prov	6182.A0A4Z2DG14	6182.C1LGZ6	0	0	0	0	0	0.146	0.367	0.225	0.544
EWB00_001328	EWB00_003272	6182.A0A4Z2DG14	6182.Q5DB60	0	0	0	0	0	0.257	0.371	0.104	0.544
EWB00_001328	EWB00_001311	6182.A0A4Z2DG14	6182.A0A4Z2DG67	0	0	0	0	0	0.197	0.377	0.201	0.565
EWB00_001328	EWB00_001102	6182.A0A4Z2DG14	6182.A0A4Z2DGT3	0	0	0	0	0	0.197	0.377	0.201	0.565
EWB00_001328	EWB00_000274	6182.A0A4Z2DG14	6182.A0A4Z2DJH5	0	0	0	0	0	0.197	0.377	0.201	0.565
EWB00_001328	EWB00_010449	6182.A0A4Z2DG14	6182.A0A4Z2DXL3	0	0	0	0	0	0.197	0.377	0.201	0.565
EWB00_001328	EWB00_010448	6182.A0A4Z2DG14	6182.A0A4Z2DXQ5	0	0	0	0	0	0.197	0.377	0.201	0.565
EWB00_001328	EWB00_010450	6182.A0A4Z2DG14	6182.A0A4Z2DXW2	0	0	0	0	0	0.197	0.377	0.201	0.565
EWB00_001328	EWB00_004811	6182.A0A4Z2DG14	6182.A0A4Z2DUN6	0	0	0	0	0	0.293	0.308	0.275	0.614
EWB00_001328	EWB00_002919	6182.A0A4Z2DG14	6182.A0A4Z2DWJ9	0	0	0	0	0	0.647	0.771	0.426	0.949
EWB00_001328	EWB00_011039	6182.A0A4Z2DG14	6182.A0A4Z2DN82	0	0	0	0	0	0.647	0.884	0.426	0.974
EWB00_001343	EWB00_009456	6182.A0A4Z2DFX9	6182.A0A4Z2CM06	0	0	0.166	0.723	0.052	0.169	0.739	0.045	0.806
EWB00_001343	EWB00_009122	6182.A0A4Z2DFX9	6182.A0A4Z2CN26	0	0	0.177	0.570	0.044	0.470	0.876	0.303	0.957
EWB00_001343	EWB00_009095	6182.A0A4Z2DFX9	6182.A0A4Z2CND2	0	0	0.181	0.574	0	0.197	0.272	0	0.479
EWB00_001343	EWB00_008683	6182.A0A4Z2DFX9	6182.A0A4Z2CNZ1	0	0	0	0	0.091	0.298	0.771	0.138	0.857
EWB00_001343	EWB00_008162	6182.A0A4Z2DFX9	6182.A0A4Z2CR55	0	0	0.198	0.579	0	0.197	0.272	0	0.490
EWB00_001343	EWB00_008231	6182.A0A4Z2DFX9	6182.A0A4Z2CRJ2	0	0	0.202	0.611	0	0.127	0.273	0.055	0.457
EWB00_001343	EWB00_007965	6182.A0A4Z2DFX9	6182.A0A4Z2CSU9	0	0	0.176	0.571	0	0.197	0.272	0	0.476
EWB00_001343	EWB00_007640	6182.A0A4Z2DFX9	6182.A0A4Z2CTJ3	0	0	0.193	0.572	0	0.506	0.618	0.141	0.851
EWB00_001343	EWB00_007650	6182.A0A4Z2DFX9	6182.A0A4Z2CTZ5	0	0	0	0	0	0.234	0.821	0	0.857
EWB00_001343	EWB00_007161	6182.A0A4Z2DFX9	6182.A0A4Z2CVK4	0	0	0.197	0.584	0.063	0.125	0.363	0.072	0.539
EWB00_001343	EWB00_006350	6182.A0A4Z2DFX9	6182.A0A4Z2CZ14	0	0	0	0	0	0.251	0.517	0.075	0.636
EWB00_001343	EWB00_006234	6182.A0A4Z2DFX9	6182.A0A4Z2CZ44	0	0	0	0	0	0.223	0.811	0.054	0.848
EWB00_001343	EWB00_005803	6182.A0A4Z2DFX9	6182.A0A4Z2D0N4	0	0	0	0	0.057	0	0.876	0.086	0.883
EWB00_001343	EWB00_004506	6182.A0A4Z2DFX9	6182.A0A4Z2D514	0	0	0	0	0	0.251	0.517	0.075	0.636
EWB00_001343	EWB00_004405	6182.A0A4Z2DFX9	6182.A0A4Z2D5F1	0	0	0.406	0	0	0	0	0	0.406
EWB00_001343	EWB00_004368	6182.A0A4Z2DFX9	6182.A0A4Z2D605	0	0	0	0	0.110	0.197	0.272	0.062	0.446
EWB00_001343	EWB00_002858	6182.A0A4Z2DFX9	6182.A0A4Z2DAI3	0	0	0.163	0.701	0.051	0	0.385	0	0.468
EWB00_001343	EWB00_002775	6182.A0A4Z2DFX9	6182.A0A4Z2DBA8	0	0	0	0	0	0.223	0.811	0.054	0.848
EWB00_001343	EWB00_002531	6182.A0A4Z2DFX9	6182.A0A4Z2DBU6	0	0	0.275	0	0	0.197	0.387	0.063	0.620
EWB00_001343	EWB00_002386	6182.A0A4Z2DFX9	6182.A0A4Z2DCG1	0	0	0	0	0.056	0	0.394	0.043	0.404
EWB00_001343	EWB00_001594	6182.A0A4Z2DFX9	6182.A0A4Z2DF50	0	0	0.214	0	0	0.197	0.272	0	0.500
EWB00_001343	EWB00_001471	6182.A0A4Z2DFX9	6182.A0A4Z2DFS2	0	0	0	0	0	0.506	0.618	0.066	0.808
EWB00_001343	EWB00_004095	6182.A0A4Z2DFX9	6182.Q6PMM5	0	0	0	0	0.091	0.298	0.771	0.138	0.857
EWB00_001343	EWB00_009358	6182.A0A4Z2DFX9	6182.A0A4Z2DRM5	0	0	0	0	0	0	0.876	0	0.876
EWB00_001343	EWB00_005112	6182.A0A4Z2DFX9	6182.C1LH53	0	0	0	0	0.057	0.224	0.876	0.063	0.903
EWB00_001343	EWB00_011263	6182.A0A4Z2DFX9	6182.A0A4Z2DKT9	0	0	0	0	0	0.506	0.876	0.066	0.937
EWB00_001343	PR2	6182.A0A4Z2DFX9	6182.C7TXQ4	0	0	0.364	0	0	0.906	0.906	0.150	0.994
EWB00_001343	EWB00_007519	6182.A0A4Z2DFX9	6182.Q5D9F6	0	0	0.158	0.582	0.152	0.926	0.931	0.365	0.997
EWB00_001391	EWB00_008993	6182.A0A4Z2DWQ9	6182.A0A4Z2CNG2	0	0	0.156	0.702	0	0.109	0.478	0.056	0.579
EWB00_001391	EWB00_007640	6182.A0A4Z2DWQ9	6182.A0A4Z2CTJ3	0	0	0.215	0.566	0	0.138	0.381	0.105	0.574
EWB00_001391	EWB00_006175	6182.A0A4Z2DWQ9	6182.A0A4Z2CZK0	0	0	0.201	0.560	0	0.314	0.406	0.095	0.665
EWB00_001391	EWB00_005385	6182.A0A4Z2DWQ9	6182.A0A4Z2D1Q0	0	0	0	0	0	0.122	0.337	0.064	0.407
EWB00_001391	EWB00_004650	6182.A0A4Z2DWQ9	6182.A0A4Z2D5A9	0	0	0	0	0	0.314	0.724	0.095	0.813
EWB00_001391	EWB00_004032	6182.A0A4Z2DWQ9	6182.A0A4Z2D6K4	0	0	0	0	0	0	0.432	0.068	0.447
EWB00_001391	EWB00_003710	6182.A0A4Z2DWQ9	6182.A0A4Z2D7R1	0	0	0	0	0	0.116	0	0.357	0.407
EWB00_001391	EWB00_003114	6182.A0A4Z2DWQ9	6182.A0A4Z2D9R6	0	0	0.199	0.616	0	0.314	0.406	0.095	0.665
EWB00_001391	EWB00_001471	6182.A0A4Z2DWQ9	6182.A0A4Z2DFS2	0	0	0	0	0	0.138	0.381	0.062	0.455
EWB00_001391	EWB00_007721	6182.A0A4Z2DWQ9	6182.A0A4Z2DSU2	0	0	0	0	0	0.109	0.478	0.056	0.522
EWB00_001391	EWB00_004196	6182.A0A4Z2DWQ9	6182.A0A4Z2DUY0	0	0	0	0	0	0.109	0.478	0.056	0.522
EWB00_001391	EWB00_003747	6182.A0A4Z2DWQ9	6182.A0A4Z2DVH8	0	0	0.167	0.574	0	0.138	0.530	0	0.633
EWB00_001391	EWB00_000320	6182.A0A4Z2DWQ9	6182.A0A4Z2DXA7	0	0	0	0	0.043	0	0.420	0	0.421
EWB00_001391	EWB00_003272	6182.A0A4Z2DWQ9	6182.Q5DB60	0	0	0.179	0.628	0	0	0.449	0.065	0.540
EWB00_001391	PR2	6182.A0A4Z2DWQ9	6182.C7TXQ4	0	0	0.197	0.580	0	0.138	0.381	0.062	0.544
EWB00_001408	EWB00_009267	6182.A0A4Z2DX44	6182.A0A4Z2CML4	0	0	0	0	0	0.596	0	0.067	0.606
EWB00_001408	EWB00_001618	6182.A0A4Z2DX44	6182.A0A4Z2DF74	0	0	0	0	0.112	0.842	0	0.238	0.883
EWB00_001408	EWB00_004876	6182.A0A4Z2DX44	6182.A0A4Z2DUG9	0	0	0	0	0	0.596	0	0.067	0.606
EWB00_001408	EWB00_004878	6182.A0A4Z2DX44	6182.A0A4Z2DUX1	0	0	0	0	0	0.596	0	0.067	0.606
EWB00_001408	Act5C	6182.A0A4Z2DX44	6182.Q5DF69	0	0	0	0	0	0.596	0	0.067	0.606
EWB00_001408	EWB00_002502	6182.A0A4Z2DX44	6182.Q71TT8	0	0	0	0	0	0.596	0	0.067	0.606
EWB00_001408	EWB00_008857	6182.A0A4Z2DX44	6182.A0A4Z2DY79	0	0	0	0	0.090	0.596	0	0.067	0.627
EWB00_001408	EWB00_010647	6182.A0A4Z2DX44	6182.Q5DHL6	0	0	0	0	0	0.278	0.724	0.339	0.856
EWB00_001408	EWB00_007426	6182.A0A4Z2DX44	6182.C1LJL2	0	0	0	0	0.068	0.278	0.724	0.328	0.858
EWB00_001471	EWB00_010024	6182.A0A4Z2DFS2	6182.A0A4Z2CL49	0	0	0	0	0	0.274	0.478	0.063	0.613
EWB00_001471	EWB00_009560	6182.A0A4Z2DFS2	6182.A0A4Z2CLW6	0	0	0	0	0	0.116	0.449	0.043	0.493
EWB00_001471	EWB00_009457	6182.A0A4Z2DFS2	6182.A0A4Z2CLX5	0	0	0	0	0	0.274	0.478	0.063	0.613
EWB00_001471	EWB00_009456	6182.A0A4Z2DFS2	6182.A0A4Z2CM06	0	0	0	0	0	0.257	0.449	0.067	0.584
EWB00_001471	EWB00_009435	6182.A0A4Z2DFS2	6182.A0A4Z2CM43	0	0	0	0	0	0.237	0.340	0.074	0.492
EWB00_001471	EWB00_009267	6182.A0A4Z2DFS2	6182.A0A4Z2CML4	0	0	0	0	0	0.165	0.282	0.086	0.404
EWB00_001471	EWB00_009162	6182.A0A4Z2DFS2	6182.A0A4Z2CMV9	0	0	0	0	0	0.165	0.282	0.086	0.404
EWB00_001471	EWB00_009122	6182.A0A4Z2DFS2	6182.A0A4Z2CN26	0	0	0	0	0	0.204	0.378	0.123	0.527
EWB00_001471	EWB00_009095	6182.A0A4Z2DFS2	6182.A0A4Z2CND2	0	0	0.167	0.610	0	0.295	0.394	0.071	0.625
EWB00_001471	EWB00_008993	6182.A0A4Z2DFS2	6182.A0A4Z2CNG2	0	0	0	0	0	0.212	0.298	0.048	0.427
EWB00_001471	EWB00_008683	6182.A0A4Z2DFS2	6182.A0A4Z2CNZ1	0	0	0	0	0	0.204	0.378	0.123	0.527
EWB00_001471	EWB00_008411	6182.A0A4Z2DFS2	6182.A0A4Z2CQ40	0	0	0	0	0	0.145	0.390	0.064	0.469
EWB00_001471	EWB00_008162	6182.A0A4Z2DFS2	6182.A0A4Z2CR55	0	0	0	0	0	0.125	0.354	0.063	0.424
EWB00_001471	EWB00_008189	6182.A0A4Z2DFS2	6182.A0A4Z2CR88	0	0	0	0	0	0.295	0.394	0.071	0.568
EWB00_001471	EWB00_008231	6182.A0A4Z2DFS2	6182.A0A4Z2CRJ2	0	0	0	0	0	0.145	0.390	0.064	0.469
EWB00_001471	EWB00_007959	6182.A0A4Z2DFS2	6182.A0A4Z2CS38	0	0	0	0	0	0.589	0.618	0.064	0.840
EWB00_001471	EWB00_007978	6182.A0A4Z2DFS2	6182.A0A4Z2CSH8	0	0	0	0	0	0.311	0.618	0.186	0.767
EWB00_001471	EWB00_007650	6182.A0A4Z2DFS2	6182.A0A4Z2CTZ5	0	0	0	0	0	0.196	0.335	0.064	0.455
EWB00_001471	EWB00_007520	6182.A0A4Z2DFS2	6182.A0A4Z2CUE7	0	0	0.162	0.664	0	0.657	0.394	0.071	0.816
EWB00_001471	EWB00_007322	6182.A0A4Z2DFS2	6182.A0A4Z2CUR2	0	0	0	0	0	0.248	0.379	0	0.513
EWB00_001471	EWB00_007161	6182.A0A4Z2DFS2	6182.A0A4Z2CVK4	0	0	0	0	0	0.135	0.383	0.140	0.500
EWB00_001471	EWB00_006779	6182.A0A4Z2DFS2	6182.A0A4Z2CX29	0	0	0	0	0	0.130	0.330	0.077	0.414
EWB00_001471	EWB00_006607	6182.A0A4Z2DFS2	6182.A0A4Z2CXQ1	0	0	0	0	0	0.130	0.330	0.077	0.414
EWB00_001471	EWB00_006505	6182.A0A4Z2DFS2	6182.A0A4Z2CYG9	0	0	0	0	0	0.097	0.387	0.043	0.423
EWB00_001471	EWB00_006315	6182.A0A4Z2DFS2	6182.A0A4Z2CYT8	0	0	0	0	0	0.133	0.386	0	0.444
EWB00_001471	EWB00_006350	6182.A0A4Z2DFS2	6182.A0A4Z2CZ14	0	0	0	0	0	0.204	0.378	0.123	0.527
EWB00_001471	EWB00_006175	6182.A0A4Z2DFS2	6182.A0A4Z2CZK0	0	0	0	0	0	0.229	0.355	0.078	0.501
EWB00_001471	EWB00_006209	6182.A0A4Z2DFS2	6182.A0A4Z2CZP0	0	0	0	0	0	0.123	0.387	0.066	0.454
EWB00_001471	EWB00_005910	6182.A0A4Z2DFS2	6182.A0A4Z2D044	0	0	0	0	0	0.244	0.391	0.137	0.567
EWB00_001471	EWB00_005849	6182.A0A4Z2DFS2	6182.A0A4Z2D0D0	0	0	0	0	0	0.327	0.394	0.071	0.588
EWB00_001471	EWB00_005803	6182.A0A4Z2DFS2	6182.A0A4Z2D0N4	0	0	0	0	0	0.245	0.391	0.072	0.536
EWB00_001471	EWB00_005166	6182.A0A4Z2DFS2	6182.A0A4Z2D2Y7	0	0	0	0	0	0.244	0.371	0.048	0.507
EWB00_001471	EWB00_004965	6182.A0A4Z2DFS2	6182.A0A4Z2D4A5	0	0	0	0	0	0.116	0.449	0.043	0.493
EWB00_001471	EWB00_004506	6182.A0A4Z2DFS2	6182.A0A4Z2D514	0	0	0	0	0	0.204	0.378	0.123	0.527
EWB00_001471	EWB00_004650	6182.A0A4Z2DFS2	6182.A0A4Z2D5A9	0	0	0	0	0	0.230	0.478	0.078	0.597
EWB00_001471	EWB00_004406	6182.A0A4Z2DFS2	6182.A0A4Z2D5D6	0	0	0	0	0	0.657	0.394	0.071	0.790
EWB00_001471	EWB00_004243	6182.A0A4Z2DFS2	6182.A0A4Z2D5G0	0	0	0	0	0.144	0.124	0.379	0.064	0.505
EWB00_001471	EWB00_004032	6182.A0A4Z2DFS2	6182.A0A4Z2D6K4	0	0	0	0	0	0.277	0.478	0.063	0.615
EWB00_001471	EWB00_003710	6182.A0A4Z2DFS2	6182.A0A4Z2D7R1	0	0	0	0	0	0.506	0.300	0.567	0.837
EWB00_001471	EWB00_003639	6182.A0A4Z2DFS2	6182.A0A4Z2D7T8	0	0	0	0	0	0.123	0.380	0	0.433
EWB00_001471	EWB00_003565	6182.A0A4Z2DFS2	6182.A0A4Z2D923	0	0	0	0	0	0.104	0.356	0.049	0.403
EWB00_001471	EWB00_003146	6182.A0A4Z2DFS2	6182.A0A4Z2D9E0	0	0	0	0	0	0.097	0.387	0.043	0.423
EWB00_001471	EWB00_003114	6182.A0A4Z2DFS2	6182.A0A4Z2D9R6	0	0	0	0	0	0.229	0.355	0.078	0.501
EWB00_001471	EWB00_003063	6182.A0A4Z2DFS2	6182.A0A4Z2D9R8	0	0	0	0	0	0.309	0.559	0.042	0.682
EWB00_001471	EWB00_003065	6182.A0A4Z2DFS2	6182.A0A4Z2D9U3	0	0	0	0	0	0.092	0.618	0.066	0.647
EWB00_001471	EWB00_002869	6182.A0A4Z2DFS2	6182.A0A4Z2DAG8	0	0	0	0	0	0.133	0.425	0.105	0.514
EWB00_001471	EWB00_002858	6182.A0A4Z2DFS2	6182.A0A4Z2DAI3	0	0	0	0	0	0.266	0.449	0.062	0.587
EWB00_001471	EWB00_002741	6182.A0A4Z2DFS2	6182.A0A4Z2DB14	0	0	0	0	0	0.250	0.449	0.140	0.613
EWB00_001471	EWB00_002781	6182.A0A4Z2DFS2	6182.A0A4Z2DBA4	0	0	0	0	0	0.107	0.373	0.044	0.417
EWB00_001471	EWB00_002797	6182.A0A4Z2DFS2	6182.A0A4Z2DBK5	0	0	0	0	0	0.143	0.377	0.066	0.457
EWB00_001471	EWB00_002531	6182.A0A4Z2DFS2	6182.A0A4Z2DBU6	0	0	0	0	0	0.189	0.396	0.141	0.542
EWB00_001471	EWB00_002386	6182.A0A4Z2DFS2	6182.A0A4Z2DCG1	0	0	0	0	0	0.266	0.618	0.062	0.714
EWB00_001471	EWB00_002182	6182.A0A4Z2DFS2	6182.A0A4Z2DD10	0	0	0	0	0	0.179	0.281	0.088	0.414
EWB00_001471	EWB00_008934	6182.A0A4Z2DFS2	6182.A0A4Z2DSI5	0	0	0	0	0	0.053	0.396	0	0.403
EWB00_001471	EWB00_010727	6182.A0A4Z2DFS2	6182.A0A4Z2DNH6	0	0	0	0	0	0.087	0.375	0	0.404
EWB00_001471	EWB00_006002	6182.A0A4Z2DFS2	6182.A0A4Z2DTC9	0	0	0	0	0	0.165	0.282	0.086	0.404
EWB00_001471	EWB00_004876	6182.A0A4Z2DFS2	6182.A0A4Z2DUG9	0	0	0	0	0	0.165	0.282	0.086	0.404
EWB00_001471	EWB00_004878	6182.A0A4Z2DFS2	6182.A0A4Z2DUX1	0	0	0	0	0	0.165	0.282	0.086	0.404
EWB00_001471	EWB00_008857	6182.A0A4Z2DFS2	6182.A0A4Z2DY79	0	0	0	0	0	0.165	0.282	0.086	0.404
EWB00_001471	EWB00_009161	6182.A0A4Z2DFS2	6182.C1L3T0	0	0	0	0	0	0.165	0.282	0.086	0.404
EWB00_001471	Act5C	6182.A0A4Z2DFS2	6182.Q5DF69	0	0	0	0	0	0.165	0.282	0.086	0.404
EWB00_001471	EWB00_002502	6182.A0A4Z2DFS2	6182.Q71TT8	0	0	0	0	0	0.165	0.282	0.086	0.404
EWB00_001471	EWB00_001225	6182.A0A4Z2DFS2	6182.A0A4Z2DG63	0	0	0	0	0	0.104	0.356	0.054	0.406
EWB00_001471	EWB00_000422	6182.A0A4Z2DFS2	6182.A0A4Z2DIX7	0	0	0	0	0	0.107	0.373	0.044	0.417
EWB00_001471	CKI-alpha	6182.A0A4Z2DFS2	6182.C1L4B0	0	0	0	0	0	0.107	0.373	0.043	0.417
EWB00_001471	EWB00_007721	6182.A0A4Z2DFS2	6182.A0A4Z2DSU2	0	0	0	0	0	0.212	0.298	0.048	0.427
EWB00_001471	EWB00_004196	6182.A0A4Z2DFS2	6182.A0A4Z2DUY0	0	0	0	0	0	0.212	0.298	0.048	0.427
EWB00_001471	cdk5	6182.A0A4Z2DFS2	6182.C1L6Q8	0	0	0	0	0	0.124	0.374	0	0.428
EWB00_001471	EWB00_003429	6182.A0A4Z2DFS2	6182.A0A4Z2DWH7	0	0	0	0	0	0.127	0.335	0.104	0.434
EWB00_001471	EWB00_008748	6182.A0A4Z2DFS2	6182.A0A4Z2DTN7	0	0	0	0	0	0.188	0.314	0.070	0.436
EWB00_001471	EWB00_004872	6182.A0A4Z2DFS2	6182.A0A4Z2DUW3	0	0	0	0	0	0.134	0.361	0.063	0.436
EWB00_001471	EWB00_002899	6182.A0A4Z2DFS2	6182.A0A4Z2DX55	0	0	0	0	0	0.188	0.314	0.070	0.436
EWB00_001471	EWB00_007426	6182.A0A4Z2DFS2	6182.C1LJL2	0	0	0	0	0	0.165	0.282	0.135	0.436
EWB00_001471	EWB00_009605	6182.A0A4Z2DFS2	6182.A0A4Z2DR61	0	0	0	0	0	0.134	0.373	0.065	0.447
EWB00_001471	EWB00_010647	6182.A0A4Z2DFS2	6182.Q5DHL6	0	0	0	0	0	0.165	0.282	0.157	0.450
EWB00_001471	EWB00_003272	6182.A0A4Z2DFS2	6182.Q5DB60	0	0	0	0	0.049	0.190	0.329	0.066	0.452
EWB00_001471	EWB00_011039	6182.A0A4Z2DFS2	6182.A0A4Z2DN82	0	0	0	0	0	0.123	0.387	0.066	0.454
EWB00_001471	EWB00_002919	6182.A0A4Z2DFS2	6182.A0A4Z2DWJ9	0	0	0	0	0	0.123	0.387	0.066	0.454
EWB00_001471	EWB00_001391	6182.A0A4Z2DFS2	6182.A0A4Z2DWQ9	0	0	0	0	0	0.138	0.381	0.062	0.455
EWB00_001471	EWB00_008724	6182.A0A4Z2DFS2	6182.A0A4Z2DSJ8	0	0	0	0	0	0.161	0.387	0.065	0.477
EWB00_001471	EWB00_009358	6182.A0A4Z2DFS2	6182.A0A4Z2DRM5	0	0	0	0	0	0.202	0.371	0.055	0.484
EWB00_001471	EWB00_004095	6182.A0A4Z2DFS2	6182.Q6PMM5	0	0	0	0	0	0.204	0.378	0.123	0.527
EWB00_001471	EWB00_010643	6182.A0A4Z2DFS2	6182.A0A4Z2DN24	0	0	0	0	0	0.262	0.391	0.044	0.532
EWB00_001471	EWB00_000516	6182.A0A4Z2DFS2	6182.A0A4Z2DIX5	0	0	0	0	0	0.262	0.394	0.055	0.540
EWB00_001471	Grb2	6182.A0A4Z2DFS2	6182.Q86F73	0	0	0	0	0	0.295	0.394	0.184	0.620
EWB00_001471	EWB00_000751	6182.A0A4Z2DFS2	6182.A0A4Z2DI18	0	0	0	0	0	0.409	0.574	0.048	0.739
EWB00_001471	EWB00_005112	6182.A0A4Z2DFS2	6182.C1LH53	0	0	0	0	0	0.309	0.618	0.109	0.744
EWB00_001471	EWB00_001343	6182.A0A4Z2DFS2	6182.A0A4Z2DFX9	0	0	0	0	0	0.506	0.618	0.066	0.808
EWB00_001471	EWB00_007519	6182.A0A4Z2DFS2	6182.Q5D9F6	0	0	0	0	0	0.506	0.618	0.065	0.808
EWB00_001471	fyn-prov	6182.A0A4Z2DFS2	6182.C1LGZ6	0	0	0.156	0.728	0	0.657	0.394	0.071	0.815
EWB00_001594	EWB00_009456	6182.A0A4Z2DF50	6182.A0A4Z2CM06	0	0	0.232	0	0	0.123	0.340	0.049	0.520
EWB00_001594	EWB00_009435	6182.A0A4Z2DF50	6182.A0A4Z2CM43	0	0	0	0	0	0.143	0.340	0	0.410
EWB00_001594	EWB00_009122	6182.A0A4Z2DF50	6182.A0A4Z2CN26	0	0	0	0	0	0.204	0.360	0.237	0.577
EWB00_001594	EWB00_008993	6182.A0A4Z2DF50	6182.A0A4Z2CNG2	0	0	0	0	0	0.212	0.298	0.043	0.424
EWB00_001594	EWB00_008683	6182.A0A4Z2DF50	6182.A0A4Z2CNZ1	0	0	0	0	0.056	0.204	0.360	0.127	0.523
EWB00_001594	EWB00_008411	6182.A0A4Z2DF50	6182.A0A4Z2CQ40	0	0	0	0	0.042	0.145	0.363	0.046	0.435
EWB00_001594	EWB00_008231	6182.A0A4Z2DF50	6182.A0A4Z2CRJ2	0	0	0	0	0.067	0.145	0.363	0.046	0.450
EWB00_001594	EWB00_007959	6182.A0A4Z2DF50	6182.A0A4Z2CS38	0	0	0	0	0	0.294	0.372	0	0.537
EWB00_001594	EWB00_007978	6182.A0A4Z2DF50	6182.A0A4Z2CSH8	0	0	0	0	0	0.310	0.372	0.066	0.559
EWB00_001594	EWB00_007650	6182.A0A4Z2DF50	6182.A0A4Z2CTZ5	0	0	0	0	0	0.138	0.335	0.054	0.410
EWB00_001594	EWB00_007322	6182.A0A4Z2DF50	6182.A0A4Z2CUR2	0	0	0	0	0	0.248	0.379	0	0.513
EWB00_001594	EWB00_007161	6182.A0A4Z2DF50	6182.A0A4Z2CVK4	0	0	0	0	0	0.135	0.370	0.064	0.445
EWB00_001594	EWB00_006350	6182.A0A4Z2DF50	6182.A0A4Z2CZ14	0	0	0	0	0	0.204	0.360	0.069	0.484
EWB00_001594	EWB00_006175	6182.A0A4Z2DF50	6182.A0A4Z2CZK0	0	0	0	0	0	0.229	0.355	0.047	0.484
EWB00_001594	EWB00_006209	6182.A0A4Z2DF50	6182.A0A4Z2CZP0	0	0	0	0	0	0.188	0.320	0	0.424
EWB00_001594	EWB00_005910	6182.A0A4Z2DF50	6182.A0A4Z2D044	0	0	0	0	0	0.244	0.370	0.056	0.511
EWB00_001594	EWB00_005803	6182.A0A4Z2DF50	6182.A0A4Z2D0N4	0	0	0	0	0	0.155	0.373	0.048	0.451
EWB00_001594	EWB00_005166	6182.A0A4Z2DF50	6182.A0A4Z2D2Y7	0	0	0	0	0	0.244	0.371	0.047	0.507
EWB00_001594	EWB00_004506	6182.A0A4Z2DF50	6182.A0A4Z2D514	0	0	0	0	0	0.204	0.360	0.069	0.484
EWB00_001594	EWB00_004650	6182.A0A4Z2DF50	6182.A0A4Z2D5A9	0	0	0	0	0	0.229	0.355	0.047	0.484
EWB00_001594	EWB00_004032	6182.A0A4Z2DF50	6182.A0A4Z2D6K4	0	0	0	0	0	0.209	0.374	0	0.483
EWB00_001594	EWB00_003710	6182.A0A4Z2DF50	6182.A0A4Z2D7R1	0	0	0	0	0	0.506	0.300	0.090	0.657
EWB00_001594	EWB00_003565	6182.A0A4Z2DF50	6182.A0A4Z2D923	0	0	0	0	0	0.104	0.356	0.049	0.403
EWB00_001594	EWB00_003114	6182.A0A4Z2DF50	6182.A0A4Z2D9R6	0	0	0	0	0	0.229	0.355	0.047	0.484
EWB00_001594	EWB00_003063	6182.A0A4Z2DF50	6182.A0A4Z2D9R8	0	0	0.249	0	0	0.265	0	0.150	0.489
EWB00_001594	EWB00_002869	6182.A0A4Z2DF50	6182.A0A4Z2DAG8	0	0	0	0	0	0.126	0.294	0.217	0.474
EWB00_001594	EWB00_002858	6182.A0A4Z2DF50	6182.A0A4Z2DAI3	0	0	0	0	0	0.266	0.372	0.062	0.529
EWB00_001594	EWB00_002741	6182.A0A4Z2DF50	6182.A0A4Z2DB14	0	0	0	0	0.044	0.250	0.373	0.127	0.555
EWB00_001594	EWB00_002781	6182.A0A4Z2DF50	6182.A0A4Z2DBA4	0	0	0	0	0	0.107	0.373	0.236	0.534
EWB00_001594	EWB00_002797	6182.A0A4Z2DF50	6182.A0A4Z2DBK5	0	0	0	0	0	0.143	0.349	0	0.418
EWB00_001594	EWB00_002531	6182.A0A4Z2DF50	6182.A0A4Z2DBU6	0	0	0	0	0	0	0.811	0.050	0.812
EWB00_001594	EWB00_002386	6182.A0A4Z2DF50	6182.A0A4Z2DCG1	0	0	0	0	0	0.266	0.372	0.062	0.529
EWB00_001594	EWB00_001225	6182.A0A4Z2DF50	6182.A0A4Z2DG63	0	0	0	0	0	0.104	0.356	0.049	0.403
EWB00_001594	EWB00_010219	6182.A0A4Z2DF50	6182.A0A4Z2DPU8	0	0	0.205	0	0	0.085	0.247	0.065	0.419
EWB00_001594	EWB00_011039	6182.A0A4Z2DF50	6182.A0A4Z2DN82	0	0	0	0	0	0.188	0.320	0	0.424
EWB00_001594	EWB00_007721	6182.A0A4Z2DF50	6182.A0A4Z2DSU2	0	0	0	0	0	0.212	0.298	0.043	0.424
EWB00_001594	EWB00_004196	6182.A0A4Z2DF50	6182.A0A4Z2DUY0	0	0	0	0	0	0.212	0.298	0.043	0.424
EWB00_001594	EWB00_002919	6182.A0A4Z2DF50	6182.A0A4Z2DWJ9	0	0	0	0	0	0.188	0.320	0	0.424
EWB00_001594	cdk5	6182.A0A4Z2DF50	6182.C1L6Q8	0	0	0	0	0	0.124	0.374	0	0.428
EWB00_001594	EWB00_009480	6182.A0A4Z2DF50	6182.C1L449	0	0	0.244	0	0	0.085	0.247	0	0.433
EWB00_001594	EWB00_008747	6182.A0A4Z2DF50	6182.C1LG63	0	0	0	0	0	0.135	0.373	0	0.434
EWB00_001594	EWB00_009358	6182.A0A4Z2DF50	6182.A0A4Z2DRM5	0	0	0	0	0	0.141	0.371	0.055	0.444
EWB00_001594	EWB00_003272	6182.A0A4Z2DF50	6182.Q5DB60	0	0	0	0	0	0.190	0.329	0.064	0.446
EWB00_001594	CKI-alpha	6182.A0A4Z2DF50	6182.C1L4B0	0	0	0	0	0	0.107	0.373	0.094	0.448
EWB00_001594	EWB00_008748	6182.A0A4Z2DF50	6182.A0A4Z2DTN7	0	0	0	0	0	0.203	0.282	0.140	0.464
EWB00_001594	EWB00_000422	6182.A0A4Z2DF50	6182.A0A4Z2DIX7	0	0	0	0	0	0.107	0.373	0.137	0.474
EWB00_001594	EWB00_005467	6182.A0A4Z2DF50	6182.A0A4Z2DU85	0	0	0	0	0	0	0.482	0.043	0.483
EWB00_001594	EWB00_001343	6182.A0A4Z2DF50	6182.A0A4Z2DFX9	0	0	0.214	0	0	0.197	0.272	0	0.500
EWB00_001594	EWB00_000751	6182.A0A4Z2DF50	6182.A0A4Z2DI18	0	0	0	0	0	0.241	0.372	0	0.502
EWB00_001594	EWB00_005112	6182.A0A4Z2DF50	6182.C1LH53	0	0	0.203	0	0	0.123	0.340	0.065	0.510
EWB00_001594	Grb2	6182.A0A4Z2DF50	6182.Q86F73	0	0	0	0	0	0.244	0.370	0.065	0.515
EWB00_001594	EWB00_010643	6182.A0A4Z2DF50	6182.A0A4Z2DN24	0	0	0	0	0	0.262	0.375	0	0.519
EWB00_001594	EWB00_004095	6182.A0A4Z2DF50	6182.Q6PMM5	0	0	0	0	0.056	0.204	0.360	0.127	0.523
EWB00_001594	EWB00_000516	6182.A0A4Z2DF50	6182.A0A4Z2DIX5	0	0	0	0	0	0.262	0.381	0.069	0.537
EWB00_001594	EWB00_002899	6182.A0A4Z2DF50	6182.A0A4Z2DX55	0	0	0.265	0	0	0.203	0.282	0.104	0.572
EWB00_001594	EWB00_001228	6182.A0A4Z2DF50	6182.A0A4Z2DGB2	0	0	0	0	0.196	0.847	0.811	0.209	0.979
EWB00_001618	TK3	6182.A0A4Z2DF74	6182.A0A2S1REI0	0	0	0	0	0.052	0.260	0	0.305	0.469
EWB00_001618	EWB00_009267	6182.A0A4Z2DF74	6182.A0A4Z2CML4	0	0	0	0	0.042	0.650	0.687	0.144	0.898
EWB00_001618	EWB00_009162	6182.A0A4Z2DF74	6182.A0A4Z2CMV9	0	0	0	0	0.042	0.506	0.396	0.144	0.722
EWB00_001618	EWB00_009095	6182.A0A4Z2DF74	6182.A0A4Z2CND2	0	0	0	0	0	0.165	0.282	0.104	0.415
EWB00_001618	EWB00_008372	6182.A0A4Z2DF74	6182.A0A4Z2CQJ6	0	0	0	0	0	0.093	0.379	0.200	0.510
EWB00_001618	EWB00_008189	6182.A0A4Z2DF74	6182.A0A4Z2CR88	0	0	0	0	0	0.165	0.282	0.104	0.415
EWB00_001618	EWB00_007739	6182.A0A4Z2DF74	6182.A0A4Z2CT39	0	0	0	0	0.052	0.310	0.104	0.203	0.470
EWB00_001618	EWB00_007520	6182.A0A4Z2DF74	6182.A0A4Z2CUE7	0	0	0	0	0	0.165	0.282	0.104	0.415
EWB00_001618	EWB00_007322	6182.A0A4Z2DF74	6182.A0A4Z2CUR2	0	0	0	0	0	0.228	0.373	0.201	0.579
EWB00_001618	EWB00_006505	6182.A0A4Z2DF74	6182.A0A4Z2CYG9	0	0	0	0	0	0.136	0.378	0.183	0.522
EWB00_001618	EWB00_006234	6182.A0A4Z2DF74	6182.A0A4Z2CZ44	0	0	0	0	0	0.129	0.283	0.182	0.444
EWB00_001618	EWB00_005910	6182.A0A4Z2DF74	6182.A0A4Z2D044	0	0	0	0	0	0.146	0.377	0.065	0.459
EWB00_001618	EWB00_005849	6182.A0A4Z2DF74	6182.A0A4Z2D0D0	0	0	0	0	0	0.165	0.282	0.104	0.415
EWB00_001618	EWB00_005803	6182.A0A4Z2DF74	6182.A0A4Z2D0N4	0	0	0	0	0	0.247	0.378	0.068	0.525
EWB00_001618	EWB00_005116	6182.A0A4Z2DF74	6182.A0A4Z2D2T5	0	0	0	0	0	0.093	0.379	0.185	0.500
EWB00_001618	EWB00_004406	6182.A0A4Z2DF74	6182.A0A4Z2D5D6	0	0	0	0	0	0.165	0.282	0.104	0.415
EWB00_001618	EWB00_004032	6182.A0A4Z2DF74	6182.A0A4Z2D6K4	0	0	0	0	0	0.237	0.374	0.065	0.514
EWB00_001618	EWB00_004137	6182.A0A4Z2DF74	6182.A0A4Z2D773	0	0	0	0	0	0.230	0.272	0	0.415
EWB00_001618	EWB00_003710	6182.A0A4Z2DF74	6182.A0A4Z2D7R1	0	0	0	0	0	0.309	0	0.182	0.410
EWB00_001618	EWB00_003565	6182.A0A4Z2DF74	6182.A0A4Z2D923	0	0	0	0	0	0.257	0.298	0.066	0.470
EWB00_001618	EWB00_003146	6182.A0A4Z2DF74	6182.A0A4Z2D9E0	0	0	0	0	0	0.136	0.378	0.364	0.628
EWB00_001618	EWB00_002775	6182.A0A4Z2DF74	6182.A0A4Z2DBA8	0	0	0	0	0	0.129	0.283	0.182	0.444
EWB00_001618	EWB00_002531	6182.A0A4Z2DF74	6182.A0A4Z2DBU6	0	0	0	0	0	0.165	0.282	0.134	0.435
EWB00_001618	EWB00_010727	6182.A0A4Z2DF74	6182.A0A4Z2DNH6	0	0	0	0	0	0.230	0.272	0	0.415
EWB00_001618	fyn-prov	6182.A0A4Z2DF74	6182.C1LGZ6	0	0	0	0	0	0.165	0.282	0.104	0.415
EWB00_001618	EWB00_010687	6182.A0A4Z2DF74	6182.A0A4Z2DNJ5	0	0	0	0	0	0.165	0.282	0.113	0.421
EWB00_001618	EWB00_001225	6182.A0A4Z2DF74	6182.A0A4Z2DG63	0	0	0	0	0	0.257	0.298	0.066	0.470
EWB00_001618	EWB00_007519	6182.A0A4Z2DF74	6182.Q5D9F6	0	0	0	0	0	0.087	0	0.479	0.503
EWB00_001618	Grb2	6182.A0A4Z2DF74	6182.Q86F73	0	0	0	0	0	0.146	0.377	0.142	0.503
EWB00_001618	EWB00_010649	6182.A0A4Z2DF74	6182.A0A4Z2DN32	0	0	0	0	0	0.249	0.305	0.155	0.520
EWB00_001618	EWB00_003272	6182.A0A4Z2DF74	6182.Q5DB60	0	0	0	0	0.117	0.125	0.394	0.112	0.528
EWB00_001618	EWB00_010643	6182.A0A4Z2DF74	6182.A0A4Z2DN24	0	0	0	0	0	0.104	0.382	0.235	0.539
EWB00_001618	EWB00_011156	6182.A0A4Z2DF74	6182.A0A4Z2DLU7	0	0	0	0	0.164	0.172	0.292	0.184	0.546
EWB00_001618	EWB00_005467	6182.A0A4Z2DF74	6182.A0A4Z2DU85	0	0	0	0	0	0.165	0.282	0.313	0.552
EWB00_001618	EWB00_004811	6182.A0A4Z2DF74	6182.A0A4Z2DUN6	0	0	0	0	0.180	0.172	0.292	0.216	0.572
EWB00_001618	EWB00_003429	6182.A0A4Z2DF74	6182.A0A4Z2DWH7	0	0	0	0	0	0.234	0.191	0.366	0.572
EWB00_001618	EWB00_006050	6182.A0A4Z2DF74	6182.A0A4Z2DTJ0	0	0	0	0	0	0.249	0.305	0.323	0.615
EWB00_001618	EWB00_003359	6182.A0A4Z2DF74	6182.C1LMR7	0	0	0	0	0.071	0.309	0.115	0.475	0.661
EWB00_001618	tsr	6182.A0A4Z2DF74	6182.Q86ES4	0	0	0	0	0.071	0.309	0.115	0.475	0.661
EWB00_001618	EWB00_009161	6182.A0A4Z2DF74	6182.C1L3T0	0	0	0	0	0.042	0.506	0.396	0.144	0.722
EWB00_001618	EWB00_008857	6182.A0A4Z2DF74	6182.A0A4Z2DY79	0	0	0	0	0.042	0.650	0.517	0.144	0.842
EWB00_001618	EWB00_001408	6182.A0A4Z2DF74	6182.A0A4Z2DX44	0	0	0	0	0.112	0.842	0	0.238	0.883
EWB00_001618	EWB00_006002	6182.A0A4Z2DF74	6182.A0A4Z2DTC9	0	0	0	0	0.137	0.506	0.396	0.611	0.886
EWB00_001618	Act5C	6182.A0A4Z2DF74	6182.Q5DF69	0	0	0	0	0.042	0.650	0.687	0.144	0.898
EWB00_001618	EWB00_004876	6182.A0A4Z2DF74	6182.A0A4Z2DUG9	0	0	0	0	0.042	0.655	0.771	0.144	0.926
EWB00_001618	EWB00_004878	6182.A0A4Z2DF74	6182.A0A4Z2DUX1	0	0	0	0	0.042	0.655	0.771	0.144	0.926
EWB00_001618	EWB00_002502	6182.A0A4Z2DF74	6182.Q71TT8	0	0	0	0	0.042	0.655	0.771	0.144	0.926
EWB00_001618	EWB00_009305	6182.A0A4Z2DF74	6182.A0A4Z2DS24	0	0	0	0	0	0.830	0.660	0.369	0.960
EWB00_001961	EWB00_009435	6182.A0A4Z2DEA2	6182.A0A4Z2CM43	0	0	0	0	0	0	0.391	0.182	0.480
EWB00_001961	EWB00_005902	6182.A0A4Z2DEA2	6182.A0A4Z2D084	0	0	0	0	0.113	0.749	0.394	0.588	0.936
EWB00_001961	EWB00_005385	6182.A0A4Z2DEA2	6182.A0A4Z2D1Q0	0	0	0	0	0	0.104	0	0.448	0.484
EWB00_001961	EWB00_003710	6182.A0A4Z2DEA2	6182.A0A4Z2D7R1	0	0	0	0	0.093	0.835	0.471	0.576	0.961
EWB00_001961	Grb2	6182.A0A4Z2DEA2	6182.Q86F73	0	0	0	0	0	0	0.394	0.063	0.407
EWB00_001961	EWB00_010647	6182.A0A4Z2DEA2	6182.Q5DHL6	0	0	0	0	0	0.658	0	0.088	0.674
EWB00_001961	EWB00_007274	6182.A0A4Z2DEA2	6182.C1LH03	0	0	0	0	0	0.797	0	0.338	0.859
EWB00_002103	EWB00_009560	6182.A0A4Z2DDE8	6182.A0A4Z2CLW6	0	0	0	0	0	0.293	0.495	0.217	0.696
EWB00_002103	EWB00_008411	6182.A0A4Z2DDE8	6182.A0A4Z2CQ40	0	0	0	0	0	0	0.493	0.090	0.518
EWB00_002103	EWB00_008162	6182.A0A4Z2DDE8	6182.A0A4Z2CR55	0	0	0	0	0	0.082	0.390	0.054	0.423
EWB00_002103	EWB00_008231	6182.A0A4Z2DDE8	6182.A0A4Z2CRJ2	0	0	0	0	0	0	0.395	0.063	0.408
EWB00_002103	EWB00_007322	6182.A0A4Z2DDE8	6182.A0A4Z2CUR2	0	0	0	0	0	0	0	0.550	0.550
EWB00_002103	EWB00_006505	6182.A0A4Z2DDE8	6182.A0A4Z2CYG9	0	0	0	0	0	0	0	0.494	0.494
EWB00_002103	EWB00_006234	6182.A0A4Z2DDE8	6182.A0A4Z2CZ44	0	0	0	0	0	0.144	0	0.472	0.528
EWB00_002103	EWB00_006209	6182.A0A4Z2DDE8	6182.A0A4Z2CZP0	0	0	0	0	0.046	0.130	0.478	0.260	0.636
EWB00_002103	EWB00_004965	6182.A0A4Z2DDE8	6182.A0A4Z2D4A5	0	0	0	0	0	0.293	0.495	0.217	0.696
EWB00_002103	EWB00_004122	6182.A0A4Z2DDE8	6182.A0A4Z2D6I6	0	0	0	0	0.112	0.506	0	0.303	0.667
EWB00_002103	EWB00_004032	6182.A0A4Z2DDE8	6182.A0A4Z2D6K4	0	0	0	0	0	0	0.384	0.217	0.497
EWB00_002103	EWB00_003639	6182.A0A4Z2DDE8	6182.A0A4Z2D7T8	0	0	0	0	0.044	0.109	0.478	0.138	0.565
EWB00_002103	EWB00_003565	6182.A0A4Z2DDE8	6182.A0A4Z2D923	0	0	0	0	0.059	0.596	0	0.800	0.917
EWB00_002103	EWB00_003146	6182.A0A4Z2DDE8	6182.A0A4Z2D9E0	0	0	0	0	0	0	0	0.813	0.813
EWB00_002103	EWB00_002869	6182.A0A4Z2DDE8	6182.A0A4Z2DAG8	0	0	0	0	0	0.506	0.425	0.511	0.848
EWB00_002103	EWB00_002775	6182.A0A4Z2DDE8	6182.A0A4Z2DBA8	0	0	0	0	0	0.144	0	0.472	0.528
EWB00_002103	EWB00_010687	6182.A0A4Z2DDE8	6182.A0A4Z2DNJ5	0	0	0	0	0	0.082	0.395	0	0.420
EWB00_002103	EWB00_001225	6182.A0A4Z2DDE8	6182.A0A4Z2DG63	0	0	0	0	0	0.273	0	0.237	0.421
EWB00_002103	EWB00_010649	6182.A0A4Z2DDE8	6182.A0A4Z2DN32	0	0	0	0	0	0.128	0.339	0.233	0.519
EWB00_002103	EWB00_011039	6182.A0A4Z2DDE8	6182.A0A4Z2DN82	0	0	0	0	0.046	0.130	0.478	0.260	0.636
EWB00_002103	EWB00_002919	6182.A0A4Z2DDE8	6182.A0A4Z2DWJ9	0	0	0	0	0.046	0.130	0.478	0.260	0.636
EWB00_002103	EWB00_006050	6182.A0A4Z2DDE8	6182.A0A4Z2DTJ0	0	0	0	0	0	0.144	0.339	0.489	0.685
EWB00_002103	EWB00_003429	6182.A0A4Z2DDE8	6182.A0A4Z2DWH7	0	0	0	0	0	0	0	0.769	0.769
EWB00_002103	EWB00_009541	6182.A0A4Z2DDE8	6182.A0A4Z2DR60	0	0	0	0	0.175	0.797	0	0.808	0.965
EWB00_002103	EWB00_010398	6182.A0A4Z2DDE8	6182.A0A4Z2DXN3	0	0	0	0	0.091	0.929	0	0.821	0.987
EWB00_002182	EWB00_010024	6182.A0A4Z2DD10	6182.A0A4Z2CL49	0	0	0	0	0	0	0.739	0.048	0.740
EWB00_002182	EWB00_009457	6182.A0A4Z2DD10	6182.A0A4Z2CLX5	0	0	0	0	0	0	0.739	0.048	0.740
EWB00_002182	EWB00_009122	6182.A0A4Z2DD10	6182.A0A4Z2CN26	0	0	0	0	0	0.253	0.512	0.064	0.628
EWB00_002182	EWB00_009095	6182.A0A4Z2DD10	6182.A0A4Z2CND2	0	0	0	0	0	0.237	0.517	0.068	0.626
EWB00_002182	EWB00_008683	6182.A0A4Z2DD10	6182.A0A4Z2CNZ1	0	0	0	0	0	0.253	0.512	0.064	0.628
EWB00_002182	EWB00_008286	6182.A0A4Z2DD10	6182.A0A4Z2CQZ5	0	0	0	0	0	0	0	0.403	0.403
EWB00_002182	EWB00_008189	6182.A0A4Z2DD10	6182.A0A4Z2CR88	0	0	0	0	0	0.237	0.517	0.068	0.626
EWB00_002182	EWB00_007978	6182.A0A4Z2DD10	6182.A0A4Z2CSH8	0	0	0	0	0	0.172	0.379	0.064	0.476
EWB00_002182	EWB00_007640	6182.A0A4Z2DD10	6182.A0A4Z2CTJ3	0	0	0	0	0	0.179	0.281	0.088	0.414
EWB00_002182	EWB00_007520	6182.A0A4Z2DD10	6182.A0A4Z2CUE7	0	0	0	0	0	0.262	0.618	0.068	0.714
EWB00_002182	EWB00_007322	6182.A0A4Z2DD10	6182.A0A4Z2CUR2	0	0	0	0	0	0.167	0.821	0.047	0.845
EWB00_002182	EWB00_006350	6182.A0A4Z2DD10	6182.A0A4Z2CZ14	0	0	0	0	0	0.253	0.512	0.064	0.628
EWB00_002182	EWB00_006209	6182.A0A4Z2DD10	6182.A0A4Z2CZP0	0	0	0	0	0	0.158	0.375	0.235	0.562
EWB00_002182	EWB00_005910	6182.A0A4Z2DD10	6182.A0A4Z2D044	0	0	0	0	0	0.249	0.386	0.067	0.532
EWB00_002182	EWB00_005849	6182.A0A4Z2DD10	6182.A0A4Z2D0D0	0	0	0	0	0	0.262	0.618	0.068	0.714
EWB00_002182	EWB00_004506	6182.A0A4Z2DD10	6182.A0A4Z2D514	0	0	0	0	0	0.253	0.512	0.064	0.628
EWB00_002182	EWB00_004406	6182.A0A4Z2DD10	6182.A0A4Z2D5D6	0	0	0	0	0	0.262	0.618	0.068	0.714
EWB00_002182	EWB00_003639	6182.A0A4Z2DD10	6182.A0A4Z2D7T8	0	0	0	0	0	0.158	0.375	0.182	0.531
EWB00_002182	EWB00_003063	6182.A0A4Z2DD10	6182.A0A4Z2D9R8	0	0	0	0	0	0.203	0.419	0.062	0.527
EWB00_002182	EWB00_002869	6182.A0A4Z2DD10	6182.A0A4Z2DAG8	0	0	0	0	0	0.161	0.367	0.053	0.453
EWB00_002182	EWB00_002858	6182.A0A4Z2DD10	6182.A0A4Z2DAI3	0	0	0	0	0	0.246	0.297	0.065	0.461
EWB00_002182	EWB00_002386	6182.A0A4Z2DD10	6182.A0A4Z2DCG1	0	0	0	0	0	0.246	0.297	0.065	0.461
EWB00_002182	EWB00_001471	6182.A0A4Z2DD10	6182.A0A4Z2DFS2	0	0	0	0	0	0.179	0.281	0.088	0.414
EWB00_002182	PR2	6182.A0A4Z2DD10	6182.C7TXQ4	0	0	0	0	0	0.179	0.281	0.088	0.414
EWB00_002182	EWB00_008748	6182.A0A4Z2DD10	6182.A0A4Z2DTN7	0	0	0	0	0	0.147	0.395	0.056	0.470
EWB00_002182	EWB00_002899	6182.A0A4Z2DD10	6182.A0A4Z2DX55	0	0	0	0	0	0.147	0.395	0.056	0.470
EWB00_002182	Grb2	6182.A0A4Z2DD10	6182.Q86F73	0	0	0	0	0	0.249	0.386	0.118	0.557
EWB00_002182	EWB00_011039	6182.A0A4Z2DD10	6182.A0A4Z2DN82	0	0	0	0	0	0.158	0.375	0.235	0.562
EWB00_002182	EWB00_002919	6182.A0A4Z2DD10	6182.A0A4Z2DWJ9	0	0	0	0	0	0.158	0.375	0.235	0.562
EWB00_002182	EWB00_004095	6182.A0A4Z2DD10	6182.Q6PMM5	0	0	0	0	0	0.253	0.512	0.064	0.628
EWB00_002182	fyn-prov	6182.A0A4Z2DD10	6182.C1LGZ6	0	0	0	0	0	0.262	0.618	0.068	0.714
EWB00_002194	EWB00_009122	6182.A0A4Z2DDD6	6182.A0A4Z2CN26	0	0	0	0	0	0.506	0.771	0.066	0.885
EWB00_002194	EWB00_008993	6182.A0A4Z2DDD6	6182.A0A4Z2CNG2	0	0	0	0	0	0	0.444	0	0.444
EWB00_002194	EWB00_008683	6182.A0A4Z2DDD6	6182.A0A4Z2CNZ1	0	0	0	0	0	0.653	0.931	0.075	0.975
EWB00_002194	EWB00_008372	6182.A0A4Z2DDD6	6182.A0A4Z2CQJ6	0	0	0	0	0	0	0.683	0	0.683
EWB00_002194	EWB00_006779	6182.A0A4Z2DDD6	6182.A0A4Z2CX29	0	0	0	0	0	0.080	0.723	0	0.734
EWB00_002194	EWB00_006607	6182.A0A4Z2DDD6	6182.A0A4Z2CXQ1	0	0	0	0	0	0.080	0.723	0	0.734
EWB00_002194	EWB00_006350	6182.A0A4Z2DDD6	6182.A0A4Z2CZ14	0	0	0	0	0	0.310	0.517	0.058	0.658
EWB00_002194	EWB00_005385	6182.A0A4Z2DDD6	6182.A0A4Z2D1Q0	0	0	0	0	0	0	0.736	0	0.736
EWB00_002194	EWB00_005116	6182.A0A4Z2DDD6	6182.A0A4Z2D2T5	0	0	0	0	0	0	0.683	0	0.683
EWB00_002194	EWB00_005166	6182.A0A4Z2DDD6	6182.A0A4Z2D2Y7	0	0	0	0	0	0.506	0.394	0.063	0.694
EWB00_002194	EWB00_004506	6182.A0A4Z2DDD6	6182.A0A4Z2D514	0	0	0	0	0	0.310	0.517	0.058	0.658
EWB00_002194	EWB00_002531	6182.A0A4Z2DDD6	6182.A0A4Z2DBU6	0	0	0	0	0	0.256	0.517	0.044	0.626
EWB00_002194	EWB00_007721	6182.A0A4Z2DDD6	6182.A0A4Z2DSU2	0	0	0	0	0	0	0.444	0	0.444
EWB00_002194	EWB00_004196	6182.A0A4Z2DDD6	6182.A0A4Z2DUY0	0	0	0	0	0	0	0.444	0	0.444
EWB00_002194	EWB00_011263	6182.A0A4Z2DDD6	6182.A0A4Z2DKT9	0	0	0	0	0	0.506	0.072	0.065	0.533
EWB00_002194	EWB00_000516	6182.A0A4Z2DDD6	6182.A0A4Z2DIX5	0	0	0	0	0	0.887	0.183	0.123	0.911
EWB00_002194	EWB00_004095	6182.A0A4Z2DDD6	6182.Q6PMM5	0	0	0	0	0	0.653	0.884	0.075	0.959
EWB00_002313	EWB00_007322	6182.A0A4Z2DC78	6182.A0A4Z2CUR2	0	0	0	0	0	0	0.389	0.093	0.422
EWB00_002386	EWB00_010024	6182.A0A4Z2DCG1	6182.A0A4Z2CL49	0	0	0	0	0	0.506	0.388	0.408	0.805
EWB00_002386	EWB00_009457	6182.A0A4Z2DCG1	6182.A0A4Z2CLX5	0	0	0	0	0	0.506	0.388	0.408	0.805
EWB00_002386	EWB00_009456	6182.A0A4Z2DCG1	6182.A0A4Z2CM06	0	0	0.179	0.687	0	0.308	0	0.063	0.421
EWB00_002386	EWB00_009224	6182.A0A4Z2DCG1	6182.A0A4Z2CMJ2	0	0	0	0	0	0.246	0.288	0.065	0.454
EWB00_002386	EWB00_009287	6182.A0A4Z2DCG1	6182.A0A4Z2CN04	0	0	0	0	0	0.187	0.285	0.147	0.460
EWB00_002386	EWB00_009122	6182.A0A4Z2DCG1	6182.A0A4Z2CN26	0	0	0.150	0.612	0.042	0.804	0.876	0.238	0.982
EWB00_002386	EWB00_009095	6182.A0A4Z2DCG1	6182.A0A4Z2CND2	0	0	0.189	0.576	0	0.266	0.394	0.062	0.616
EWB00_002386	EWB00_008993	6182.A0A4Z2DCG1	6182.A0A4Z2CNG2	0	0	0.168	0.686	0	0.139	0.618	0.073	0.712
EWB00_002386	EWB00_008683	6182.A0A4Z2DCG1	6182.A0A4Z2CNZ1	0	0	0	0	0.112	0.846	0.931	0.238	0.991
EWB00_002386	EWB00_008528	6182.A0A4Z2DCG1	6182.A0A4Z2CPM6	0	0	0	0	0	0.304	0.288	0.140	0.536
EWB00_002386	EWB00_008411	6182.A0A4Z2DCG1	6182.A0A4Z2CQ40	0	0	0.209	0.597	0	0.375	0.876	0.139	0.940
EWB00_002386	EWB00_008162	6182.A0A4Z2DCG1	6182.A0A4Z2CR55	0	0	0.194	0.568	0	0.266	0.372	0.062	0.604
EWB00_002386	EWB00_008189	6182.A0A4Z2DCG1	6182.A0A4Z2CR88	0	0	0	0	0	0.266	0.394	0.062	0.546
EWB00_002386	EWB00_008231	6182.A0A4Z2DCG1	6182.A0A4Z2CRJ2	0	0	0.217	0.612	0	0.497	0.723	0.139	0.893
EWB00_002386	EWB00_007965	6182.A0A4Z2DCG1	6182.A0A4Z2CSU9	0	0	0.171	0.565	0	0.266	0.372	0.086	0.603
EWB00_002386	EWB00_007640	6182.A0A4Z2DCG1	6182.A0A4Z2CTJ3	0	0	0.203	0.573	0	0.266	0.618	0.062	0.762
EWB00_002386	EWB00_007650	6182.A0A4Z2DCG1	6182.A0A4Z2CTZ5	0	0	0.168	0.664	0.045	0.311	0.739	0.186	0.862
EWB00_002386	EWB00_007520	6182.A0A4Z2DCG1	6182.A0A4Z2CUE7	0	0	0	0	0	0.506	0.526	0.062	0.761
EWB00_002386	EWB00_006505	6182.A0A4Z2DCG1	6182.A0A4Z2CYG9	0	0	0	0	0	0	0.467	0.320	0.622
EWB00_002386	EWB00_006350	6182.A0A4Z2DCG1	6182.A0A4Z2CZ14	0	0	0	0	0	0.650	0.517	0.238	0.859
EWB00_002386	EWB00_006175	6182.A0A4Z2DCG1	6182.A0A4Z2CZK0	0	0	0.201	0.567	0	0.276	0.390	0.066	0.626
EWB00_002386	EWB00_006209	6182.A0A4Z2DCG1	6182.A0A4Z2CZP0	0	0	0	0	0	0.111	0.419	0.062	0.473
EWB00_002386	EWB00_005849	6182.A0A4Z2DCG1	6182.A0A4Z2D0D0	0	0	0	0	0	0.310	0.526	0.062	0.666
EWB00_002386	EWB00_004506	6182.A0A4Z2DCG1	6182.A0A4Z2D514	0	0	0	0	0	0.650	0.517	0.238	0.859
EWB00_002386	EWB00_004650	6182.A0A4Z2DCG1	6182.A0A4Z2D5A9	0	0	0	0	0	0.276	0.390	0.066	0.551
EWB00_002386	EWB00_004406	6182.A0A4Z2DCG1	6182.A0A4Z2D5D6	0	0	0	0	0	0.506	0.526	0.062	0.761
EWB00_002386	EWB00_004405	6182.A0A4Z2DCG1	6182.A0A4Z2D5F1	0	0	0.422	0	0	0.185	0.255	0.083	0.635
EWB00_002386	EWB00_004368	6182.A0A4Z2DCG1	6182.A0A4Z2D605	0	0	0	0	0.045	0.309	0.876	0.088	0.915
EWB00_002386	EWB00_004032	6182.A0A4Z2DCG1	6182.A0A4Z2D6K4	0	0	0	0	0	0.506	0.876	0.170	0.944
EWB00_002386	EWB00_003639	6182.A0A4Z2DCG1	6182.A0A4Z2D7T8	0	0	0	0	0	0.098	0.390	0	0.426
EWB00_002386	EWB00_003565	6182.A0A4Z2DCG1	6182.A0A4Z2D923	0	0	0	0	0	0	0.527	0.476	0.741
EWB00_002386	EWB00_003146	6182.A0A4Z2DCG1	6182.A0A4Z2D9E0	0	0	0	0	0	0	0.546	0.605	0.813
EWB00_002386	EWB00_003114	6182.A0A4Z2DCG1	6182.A0A4Z2D9R6	0	0	0.218	0.567	0	0.276	0.390	0.066	0.634
EWB00_002386	EWB00_003063	6182.A0A4Z2DCG1	6182.A0A4Z2D9R8	0	0	0	0	0	0.266	0.372	0.140	0.568
EWB00_002386	EWB00_003065	6182.A0A4Z2DCG1	6182.A0A4Z2D9U3	0	0	0	0	0	0.126	0.394	0.237	0.560
EWB00_002386	EWB00_002869	6182.A0A4Z2DCG1	6182.A0A4Z2DAG8	0	0	0	0	0	0	0.471	0.059	0.480
EWB00_002386	EWB00_002858	6182.A0A4Z2DCG1	6182.A0A4Z2DAI3	0	0	0	0	0	0	0.930	0	0.930
EWB00_002386	EWB00_002797	6182.A0A4Z2DCG1	6182.A0A4Z2DBK5	0	0	0.218	0.575	0	0	0.394	0.048	0.509
EWB00_002386	EWB00_002531	6182.A0A4Z2DCG1	6182.A0A4Z2DBU6	0	0	0	0	0	0.506	0.517	0.214	0.796
EWB00_002386	EWB00_001343	6182.A0A4Z2DCG1	6182.A0A4Z2DFX9	0	0	0	0	0.056	0	0.394	0.043	0.404
EWB00_002386	cdk5	6182.A0A4Z2DCG1	6182.C1L6Q8	0	0	0.160	0.651	0	0.310	0	0.065	0.410
EWB00_002386	EWB00_001225	6182.A0A4Z2DCG1	6182.A0A4Z2DG63	0	0	0	0	0	0	0.394	0.139	0.455
EWB00_002386	EWB00_002182	6182.A0A4Z2DCG1	6182.A0A4Z2DD10	0	0	0	0	0	0.246	0.297	0.065	0.461
EWB00_002386	EWB00_008748	6182.A0A4Z2DCG1	6182.A0A4Z2DTN7	0	0	0.209	0.582	0	0.309	0	0.096	0.462
EWB00_002386	EWB00_011039	6182.A0A4Z2DCG1	6182.A0A4Z2DN82	0	0	0	0	0	0.111	0.419	0.062	0.473
EWB00_002386	EWB00_002919	6182.A0A4Z2DCG1	6182.A0A4Z2DWJ9	0	0	0	0	0	0.111	0.419	0.062	0.473
EWB00_002386	EWB00_000085	6182.A0A4Z2DCG1	6182.A0A4Z2DKG0	0	0	0.189	0.635	0	0.185	0.255	0.083	0.488
EWB00_002386	EWB00_011320	6182.A0A4Z2DCG1	6182.Q5DBY2	0	0	0.196	0.639	0	0.185	0.255	0.083	0.492
EWB00_002386	EWB00_001594	6182.A0A4Z2DCG1	6182.A0A4Z2DF50	0	0	0	0	0	0.266	0.372	0.062	0.529
EWB00_002386	EWB00_001228	6182.A0A4Z2DCG1	6182.A0A4Z2DGB2	0	0	0	0	0	0.266	0.372	0.062	0.529
EWB00_002386	EWB00_010687	6182.A0A4Z2DCG1	6182.A0A4Z2DNJ5	0	0	0	0	0	0.266	0.372	0.062	0.529
EWB00_002386	EWB00_005467	6182.A0A4Z2DCG1	6182.A0A4Z2DU85	0	0	0	0	0	0.266	0.372	0.062	0.529
EWB00_002386	EWB00_003747	6182.A0A4Z2DCG1	6182.A0A4Z2DVH8	0	0	0	0	0	0.266	0.372	0.062	0.529
EWB00_002386	EWB00_005112	6182.A0A4Z2DCG1	6182.C1LH53	0	0	0	0	0	0.506	0	0.104	0.538
EWB00_002386	EWB00_011263	6182.A0A4Z2DCG1	6182.A0A4Z2DKT9	0	0	0	0	0	0.266	0.372	0.105	0.551
EWB00_002386	EWB00_008724	6182.A0A4Z2DCG1	6182.A0A4Z2DSJ8	0	0	0.178	0.568	0	0.302	0.330	0.095	0.605
EWB00_002386	EWB00_001471	6182.A0A4Z2DCG1	6182.A0A4Z2DFS2	0	0	0	0	0	0.266	0.618	0.062	0.714
EWB00_002386	fyn-prov	6182.A0A4Z2DCG1	6182.C1LGZ6	0	0	0	0	0	0.506	0.526	0.062	0.761
EWB00_002386	EWB00_003272	6182.A0A4Z2DCG1	6182.Q5DB60	0	0	0.185	0.612	0.133	0.271	0.563	0.132	0.768
EWB00_002386	Grb2	6182.A0A4Z2DCG1	6182.Q86F73	0	0	0	0	0	0	0	0.769	0.769
EWB00_002386	EWB00_007721	6182.A0A4Z2DCG1	6182.A0A4Z2DSU2	0	0	0	0	0	0.139	0.771	0.073	0.801
EWB00_002386	EWB00_004196	6182.A0A4Z2DCG1	6182.A0A4Z2DUY0	0	0	0.153	0.651	0	0.139	0.771	0.073	0.824
EWB00_002386	EWB00_007519	6182.A0A4Z2DCG1	6182.Q5D9F6	0	0	0	0	0.053	0	0.876	0.055	0.879
EWB00_002386	PR2	6182.A0A4Z2DCG1	6182.C7TXQ4	0	0	0.180	0.581	0	0.266	0.876	0.066	0.920
EWB00_002386	EWB00_004095	6182.A0A4Z2DCG1	6182.Q6PMM5	0	0	0	0	0.112	0.846	0.942	0.238	0.993
EWB00_002386	EWB00_008934	6182.A0A4Z2DCG1	6182.A0A4Z2DSI5	0	0	0	0	0.090	0.932	0.884	0.481	0.995
EWB00_002413	EWB00_008372	6182.A0A4Z2DCK0	6182.A0A4Z2CQJ6	0	0	0	0	0	0.467	0	0	0.467
EWB00_002413	EWB00_008239	6182.A0A4Z2DCK0	6182.A0A4Z2CQY2	0	0	0	0	0	0.111	0.383	0	0.428
EWB00_002413	EWB00_007395	6182.A0A4Z2DCK0	6182.A0A4Z2CUS5	0	0	0	0	0	0.111	0.383	0	0.428
EWB00_002413	EWB00_006200	6182.A0A4Z2DCK0	6182.A0A4Z2CZM0	0	0	0	0	0	0.111	0.383	0	0.428
EWB00_002413	EWB00_006201	6182.A0A4Z2DCK0	6182.A0A4Z2CZR4	0	0	0	0	0	0.111	0.383	0	0.428
EWB00_002413	EWB00_006199	6182.A0A4Z2DCK0	6182.A0A4Z2D0J4	0	0	0	0	0	0.111	0.383	0	0.428
EWB00_002413	EWB00_005528	6182.A0A4Z2DCK0	6182.A0A4Z2D2F1	0	0	0	0	0	0.111	0.383	0	0.428
EWB00_002413	EWB00_005116	6182.A0A4Z2DCK0	6182.A0A4Z2D2T5	0	0	0.168	0.584	0	0.309	0	0	0.400
EWB00_002413	EWB00_004965	6182.A0A4Z2DCK0	6182.A0A4Z2D4A5	0	0	0	0	0	0.113	0	0.422	0.465
EWB00_002413	EWB00_004405	6182.A0A4Z2DCK0	6182.A0A4Z2D5F1	0	0	0.456	0	0	0	0	0	0.456
EWB00_002413	EWB00_003710	6182.A0A4Z2DCK0	6182.A0A4Z2D7R1	0	0	0	0	0	0.146	0.383	0.065	0.464
EWB00_002413	EWB00_002531	6182.A0A4Z2DCK0	6182.A0A4Z2DBU6	0	0	0	0	0	0.127	0.674	0	0.703
EWB00_002413	EWB00_001311	6182.A0A4Z2DCK0	6182.A0A4Z2DG67	0	0	0	0	0	0.111	0.383	0	0.428
EWB00_002413	EWB00_001102	6182.A0A4Z2DCK0	6182.A0A4Z2DGT3	0	0	0	0	0	0.111	0.383	0	0.428
EWB00_002413	EWB00_000274	6182.A0A4Z2DCK0	6182.A0A4Z2DJH5	0	0	0	0	0	0.111	0.383	0	0.428
EWB00_002413	EWB00_010449	6182.A0A4Z2DCK0	6182.A0A4Z2DXL3	0	0	0	0	0	0.111	0.383	0	0.428
EWB00_002413	EWB00_010448	6182.A0A4Z2DCK0	6182.A0A4Z2DXQ5	0	0	0	0	0	0.111	0.383	0	0.428
EWB00_002413	EWB00_010450	6182.A0A4Z2DCK0	6182.A0A4Z2DXW2	0	0	0	0	0	0.111	0.383	0	0.428
EWB00_002413	PR2	6182.A0A4Z2DCK0	6182.C7TXQ4	0	0	0.409	0	0	0.127	0.058	0	0.471
EWB00_002413	EWB00_011263	6182.A0A4Z2DCK0	6182.A0A4Z2DKT9	0	0	0	0	0	0.506	0.126	0.188	0.618
EWB00_002413	EWB00_008934	6182.A0A4Z2DCK0	6182.A0A4Z2DSI5	0	0	0	0	0	0.780	0.058	0.199	0.819
EWB00_002502	EWB00_009560	6182.Q71TT8	6182.A0A4Z2CLW6	0	0	0	0	0	0.118	0.337	0.069	0.408
EWB00_002502	EWB00_009095	6182.Q71TT8	6182.A0A4Z2CND2	0	0	0	0	0	0.165	0.381	0.063	0.473
EWB00_002502	EWB00_008372	6182.Q71TT8	6182.A0A4Z2CQJ6	0	0	0	0	0	0.102	0.453	0.202	0.573
EWB00_002502	EWB00_008189	6182.Q71TT8	6182.A0A4Z2CR88	0	0	0	0	0	0.165	0.381	0.074	0.479
EWB00_002502	EWB00_007965	6182.Q71TT8	6182.A0A4Z2CSU9	0	0	0	0	0	0.210	0.282	0.140	0.469
EWB00_002502	EWB00_007739	6182.Q71TT8	6182.A0A4Z2CT39	0	0	0	0	0.052	0.658	0.219	0.287	0.795
EWB00_002502	EWB00_007640	6182.Q71TT8	6182.A0A4Z2CTJ3	0	0	0	0	0	0.165	0.282	0.086	0.404
EWB00_002502	EWB00_007520	6182.Q71TT8	6182.A0A4Z2CUE7	0	0	0	0	0	0.165	0.381	0.095	0.491
EWB00_002502	EWB00_007322	6182.Q71TT8	6182.A0A4Z2CUR2	0	0	0	0	0	0.264	0.396	0.139	0.583
EWB00_002502	EWB00_006505	6182.Q71TT8	6182.A0A4Z2CYG9	0	0	0	0	0	0.239	0.388	0.171	0.580
EWB00_002502	EWB00_006234	6182.Q71TT8	6182.A0A4Z2CZ44	0	0	0	0	0	0.308	0.394	0.319	0.689
EWB00_002502	EWB00_006209	6182.Q71TT8	6182.A0A4Z2CZP0	0	0	0	0	0	0.065	0.563	0.093	0.597
EWB00_002502	EWB00_005910	6182.Q71TT8	6182.A0A4Z2D044	0	0	0	0	0	0.204	0.386	0.066	0.503
EWB00_002502	EWB00_005902	6182.Q71TT8	6182.A0A4Z2D084	0	0	0	0	0	0.520	0	0.240	0.619
EWB00_002502	EWB00_005849	6182.Q71TT8	6182.A0A4Z2D0D0	0	0	0	0	0	0.165	0.381	0.138	0.515
EWB00_002502	EWB00_005803	6182.Q71TT8	6182.A0A4Z2D0N4	0	0	0	0	0	0.290	0.396	0.094	0.577
EWB00_002502	EWB00_005116	6182.Q71TT8	6182.A0A4Z2D2T5	0	0	0	0	0	0.120	0.390	0.105	0.477
EWB00_002502	EWB00_004965	6182.Q71TT8	6182.A0A4Z2D4A5	0	0	0	0	0	0.118	0.337	0.069	0.408
EWB00_002502	EWB00_004406	6182.Q71TT8	6182.A0A4Z2D5D6	0	0	0	0	0	0.165	0.381	0.095	0.491
EWB00_002502	EWB00_004368	6182.Q71TT8	6182.A0A4Z2D605	0	0	0	0	0	0.165	0.371	0.228	0.559
EWB00_002502	EWB00_004032	6182.Q71TT8	6182.A0A4Z2D6K4	0	0	0	0	0	0.280	0.394	0.155	0.599
EWB00_002502	EWB00_003876	6182.Q71TT8	6182.A0A4Z2D736	0	0	0	0	0	0.309	0.216	0.190	0.522
EWB00_002502	EWB00_004137	6182.Q71TT8	6182.A0A4Z2D773	0	0	0	0	0	0.262	0.353	0.054	0.508
EWB00_002502	EWB00_003710	6182.Q71TT8	6182.A0A4Z2D7R1	0	0	0	0	0	0.310	0	0.239	0.452
EWB00_002502	EWB00_003565	6182.Q71TT8	6182.A0A4Z2D923	0	0	0	0	0	0.310	0.935	0.613	0.981
EWB00_002502	EWB00_003234	6182.Q71TT8	6182.A0A4Z2D940	0	0	0	0	0	0.117	0.386	0.042	0.435
EWB00_002502	EWB00_003146	6182.Q71TT8	6182.A0A4Z2D9E0	0	0	0	0	0	0.310	0.428	0.480	0.776
EWB00_002502	EWB00_003063	6182.Q71TT8	6182.A0A4Z2D9R8	0	0	0	0	0	0.165	0.282	0.116	0.423
EWB00_002502	EWB00_002869	6182.Q71TT8	6182.A0A4Z2DAG8	0	0	0	0	0	0.119	0.563	0.280	0.698
EWB00_002502	EWB00_002775	6182.Q71TT8	6182.A0A4Z2DBA8	0	0	0	0	0	0.308	0.394	0.319	0.689
EWB00_002502	EWB00_002531	6182.Q71TT8	6182.A0A4Z2DBU6	0	0	0	0	0	0.165	0.282	0.131	0.433
EWB00_002502	EWB00_001618	6182.Q71TT8	6182.A0A4Z2DF74	0	0	0	0	0.042	0.655	0.771	0.144	0.926
EWB00_002502	EWB00_001471	6182.Q71TT8	6182.A0A4Z2DFS2	0	0	0	0	0	0.165	0.282	0.086	0.404
EWB00_002502	EWB00_001225	6182.Q71TT8	6182.A0A4Z2DG63	0	0	0	0	0	0.506	0.771	0.139	0.894
EWB00_002502	EWB00_001228	6182.Q71TT8	6182.A0A4Z2DGB2	0	0	0	0	0	0.165	0.282	0.093	0.408
EWB00_002502	EWB00_011263	6182.Q71TT8	6182.A0A4Z2DKT9	0	0	0	0	0	0.239	0.282	0.135	0.486
EWB00_002502	EWB00_011156	6182.Q71TT8	6182.A0A4Z2DLU7	0	0	0	0	0	0.172	0.382	0.095	0.496
EWB00_002502	EWB00_010643	6182.Q71TT8	6182.A0A4Z2DN24	0	0	0	0	0	0.113	0.493	0.237	0.626
EWB00_002502	EWB00_010649	6182.Q71TT8	6182.A0A4Z2DN32	0	0	0	0	0.047	0.506	0.425	0.189	0.751
EWB00_002502	EWB00_011039	6182.Q71TT8	6182.A0A4Z2DN82	0	0	0	0	0	0.065	0.563	0.093	0.597
EWB00_002502	EWB00_010727	6182.Q71TT8	6182.A0A4Z2DNH6	0	0	0	0	0	0.631	0.380	0.087	0.772
EWB00_002502	EWB00_009305	6182.Q71TT8	6182.A0A4Z2DS24	0	0	0	0	0	0.475	0.502	0.113	0.747
EWB00_002502	EWB00_008934	6182.Q71TT8	6182.A0A4Z2DSI5	0	0	0	0	0	0.165	0.282	0.350	0.576
EWB00_002502	EWB00_006002	6182.Q71TT8	6182.A0A4Z2DTC9	0	0	0	0	0	0.687	0.517	0.186	0.866
EWB00_002502	EWB00_006050	6182.Q71TT8	6182.A0A4Z2DTJ0	0	0	0	0	0.071	0.574	0.771	0.403	0.938
EWB00_002502	EWB00_008748	6182.Q71TT8	6182.A0A4Z2DTN7	0	0	0	0	0	0.112	0.372	0.064	0.432
EWB00_002502	EWB00_005467	6182.Q71TT8	6182.A0A4Z2DU85	0	0	0	0	0	0.165	0.282	0.244	0.507
EWB00_002502	EWB00_004811	6182.Q71TT8	6182.A0A4Z2DUN6	0	0	0	0	0	0.172	0.382	0.095	0.496
EWB00_002502	EWB00_003429	6182.Q71TT8	6182.A0A4Z2DWH7	0	0	0	0	0	0.276	0.862	0.475	0.942
EWB00_002502	EWB00_002919	6182.Q71TT8	6182.A0A4Z2DWJ9	0	0	0	0	0	0.065	0.563	0.093	0.597
EWB00_002502	EWB00_001408	6182.Q71TT8	6182.A0A4Z2DX44	0	0	0	0	0	0.596	0	0.067	0.606
EWB00_002502	EWB00_002899	6182.Q71TT8	6182.A0A4Z2DX55	0	0	0	0	0	0.112	0.372	0.064	0.432
EWB00_002502	EWB00_010398	6182.Q71TT8	6182.A0A4Z2DXN3	0	0	0	0	0	0.154	0.319	0.399	0.623
EWB00_002502	EWB00_008857	6182.Q71TT8	6182.A0A4Z2DY79	0	0	0	0	0	0.634	0	0	0.634
EWB00_002502	fyn-prov	6182.Q71TT8	6182.C1LGZ6	0	0	0	0	0	0.165	0.381	0.095	0.491
EWB00_002502	EWB00_007274	6182.Q71TT8	6182.C1LH03	0	0	0	0	0	0.652	0	0.237	0.723
EWB00_002502	EWB00_007426	6182.Q71TT8	6182.C1LJL2	0	0	0	0	0.135	0.822	0.885	0.117	0.982
EWB00_002502	EWB00_003359	6182.Q71TT8	6182.C1LMR7	0	0	0	0	0.134	0.687	0.658	0.351	0.931
EWB00_002502	PR2	6182.Q71TT8	6182.C7TXQ4	0	0	0	0	0	0.165	0.282	0.086	0.404
EWB00_002502	EWB00_003272	6182.Q71TT8	6182.Q5DB60	0	0	0	0	0.049	0.120	0.288	0.138	0.417
EWB00_002502	EWB00_010647	6182.Q71TT8	6182.Q5DHL6	0	0	0	0	0	0.767	0.885	0.105	0.973
EWB00_002502	Grb2	6182.Q71TT8	6182.Q86F73	0	0	0	0	0	0.204	0.501	0.104	0.613
EWB00_002502	tsr	6182.Q71TT8	6182.Q86ES4	0	0	0	0	0.134	0.687	0.658	0.474	0.944
EWB00_002531	EWB00_010024	6182.A0A4Z2DBU6	6182.A0A4Z2CL49	0	0	0	0	0	0.310	0.281	0.067	0.496
EWB00_002531	EWB00_009457	6182.A0A4Z2DBU6	6182.A0A4Z2CLX5	0	0	0	0	0	0.310	0.281	0.067	0.496
EWB00_002531	EWB00_009456	6182.A0A4Z2DBU6	6182.A0A4Z2CM06	0	0	0.381	0	0	0.241	0.510	0.062	0.755
EWB00_002531	EWB00_009435	6182.A0A4Z2DBU6	6182.A0A4Z2CM43	0	0	0	0	0	0.164	0.376	0	0.456
EWB00_002531	EWB00_009267	6182.A0A4Z2DBU6	6182.A0A4Z2CML4	0	0	0	0	0	0.165	0.282	0.104	0.415
EWB00_002531	EWB00_009122	6182.A0A4Z2DBU6	6182.A0A4Z2CN26	0	0	0	0	0.070	0.301	0.370	0.138	0.599
EWB00_002531	EWB00_009095	6182.A0A4Z2DBU6	6182.A0A4Z2CND2	0	0	0.185	0.580	0	0.292	0.391	0.124	0.650
EWB00_002531	EWB00_008993	6182.A0A4Z2DBU6	6182.A0A4Z2CNG2	0	0	0.162	0.589	0	0.234	0.397	0.066	0.590
EWB00_002531	EWB00_008683	6182.A0A4Z2DBU6	6182.A0A4Z2CNZ1	0	0	0	0	0.070	0.301	0.370	0.138	0.599
EWB00_002531	EWB00_008648	6182.A0A4Z2DBU6	6182.A0A4Z2CP90	0	0	0	0	0	0.131	0.375	0.043	0.434
EWB00_002531	EWB00_008528	6182.A0A4Z2DBU6	6182.A0A4Z2CPM6	0	0	0	0	0.052	0.210	0.348	0.043	0.470
EWB00_002531	EWB00_008411	6182.A0A4Z2DBU6	6182.A0A4Z2CQ40	0	0	0.156	0.624	0	0.303	0.876	0.119	0.927
EWB00_002531	EWB00_008286	6182.A0A4Z2DBU6	6182.A0A4Z2CQZ5	0	0	0	0	0	0.121	0.517	0.084	0.577
EWB00_002531	EWB00_008189	6182.A0A4Z2DBU6	6182.A0A4Z2CR88	0	0	0	0	0	0.292	0.391	0.124	0.589
EWB00_002531	EWB00_008231	6182.A0A4Z2DBU6	6182.A0A4Z2CRJ2	0	0	0.151	0.597	0	0.291	0.723	0.119	0.833
EWB00_002531	EWB00_007959	6182.A0A4Z2DBU6	6182.A0A4Z2CS38	0	0	0	0	0	0.201	0.372	0	0.476
EWB00_002531	EWB00_007978	6182.A0A4Z2DBU6	6182.A0A4Z2CSH8	0	0	0	0	0	0.214	0.537	0.058	0.627
EWB00_002531	EWB00_007640	6182.A0A4Z2DBU6	6182.A0A4Z2CTJ3	0	0	0.190	0.568	0.110	0.189	0.396	0.141	0.641
EWB00_002531	EWB00_007650	6182.A0A4Z2DBU6	6182.A0A4Z2CTZ5	0	0	0	0	0	0.138	0.335	0.187	0.493
EWB00_002531	EWB00_007520	6182.A0A4Z2DBU6	6182.A0A4Z2CUE7	0	0	0	0	0	0.292	0.474	0.124	0.645
EWB00_002531	EWB00_007322	6182.A0A4Z2DBU6	6182.A0A4Z2CUR2	0	0	0.182	0.590	0.132	0.248	0.379	0.061	0.631
EWB00_002531	EWB00_007161	6182.A0A4Z2DBU6	6182.A0A4Z2CVK4	0	0	0.156	0.570	0	0.144	0.622	0.079	0.714
EWB00_002531	EWB00_007031	6182.A0A4Z2DBU6	6182.A0A4Z2CW39	0	0	0	0	0	0.121	0.517	0.059	0.565
EWB00_002531	EWB00_006505	6182.A0A4Z2DBU6	6182.A0A4Z2CYG9	0	0	0	0	0	0.102	0.349	0.068	0.407
EWB00_002531	EWB00_006350	6182.A0A4Z2DBU6	6182.A0A4Z2CZ14	0	0	0	0	0.070	0.301	0.370	0.138	0.599
EWB00_002531	EWB00_006175	6182.A0A4Z2DBU6	6182.A0A4Z2CZK0	0	0	0.331	0	0	0.236	0.355	0.104	0.665
EWB00_002531	EWB00_005910	6182.A0A4Z2DBU6	6182.A0A4Z2D044	0	0	0	0	0	0.244	0.373	0.056	0.513
EWB00_002531	EWB00_005849	6182.A0A4Z2DBU6	6182.A0A4Z2D0D0	0	0	0	0	0	0.292	0.395	0.124	0.592
EWB00_002531	EWB00_005803	6182.A0A4Z2DBU6	6182.A0A4Z2D0N4	0	0	0	0	0	0.155	0.373	0.063	0.460
EWB00_002531	EWB00_005166	6182.A0A4Z2DBU6	6182.A0A4Z2D2Y7	0	0	0.348	0	0	0.244	0.463	0.070	0.720
EWB00_002531	EWB00_004506	6182.A0A4Z2DBU6	6182.A0A4Z2D514	0	0	0	0	0.070	0.301	0.370	0.138	0.599
EWB00_002531	EWB00_004650	6182.A0A4Z2DBU6	6182.A0A4Z2D5A9	0	0	0	0	0.045	0.236	0.355	0.104	0.521
EWB00_002531	EWB00_004406	6182.A0A4Z2DBU6	6182.A0A4Z2D5D6	0	0	0	0	0	0.292	0.474	0.124	0.645
EWB00_002531	EWB00_004405	6182.A0A4Z2DBU6	6182.A0A4Z2D5F1	0	0	0.366	0	0.055	0.161	0.196	0.047	0.544
EWB00_002531	EWB00_004325	6182.A0A4Z2DBU6	6182.A0A4Z2D5X8	0	0	0	0	0	0.131	0.375	0	0.433
EWB00_002531	EWB00_004368	6182.A0A4Z2DBU6	6182.A0A4Z2D605	0	0	0	0	0	0.241	0.451	0	0.565
EWB00_002531	EWB00_004032	6182.A0A4Z2DBU6	6182.A0A4Z2D6K4	0	0	0	0	0	0.258	0.374	0.062	0.526
EWB00_002531	EWB00_003710	6182.A0A4Z2DBU6	6182.A0A4Z2D7R1	0	0	0	0	0	0.798	0.300	0.453	0.915
EWB00_002531	EWB00_003565	6182.A0A4Z2DBU6	6182.A0A4Z2D923	0	0	0	0	0	0.104	0.356	0.185	0.488
EWB00_002531	EWB00_003146	6182.A0A4Z2DBU6	6182.A0A4Z2D9E0	0	0	0	0	0	0.102	0.349	0.116	0.438
EWB00_002531	EWB00_003114	6182.A0A4Z2DBU6	6182.A0A4Z2D9R6	0	0	0.179	0.569	0	0.236	0.355	0.104	0.588
EWB00_002531	EWB00_003065	6182.A0A4Z2DBU6	6182.A0A4Z2D9U3	0	0	0	0	0	0.092	0.376	0.053	0.416
EWB00_002531	EWB00_002858	6182.A0A4Z2DBU6	6182.A0A4Z2DAI3	0	0	0.304	0	0	0.506	0.517	0.214	0.852
EWB00_002531	EWB00_002741	6182.A0A4Z2DBU6	6182.A0A4Z2DB14	0	0	0	0	0	0.250	0.412	0.050	0.544
EWB00_002531	EWB00_002781	6182.A0A4Z2DBU6	6182.A0A4Z2DBA4	0	0	0	0	0	0.164	0.373	0.043	0.454
EWB00_002531	EWB00_002797	6182.A0A4Z2DBU6	6182.A0A4Z2DBK5	0	0	0.172	0.576	0	0.143	0.349	0	0.497
EWB00_002531	EWB00_007426	6182.A0A4Z2DBU6	6182.C1LJL2	0	0	0	0	0	0.197	0.282	0.048	0.403
EWB00_002531	EWB00_000085	6182.A0A4Z2DBU6	6182.A0A4Z2DKG0	0	0	0.175	0.582	0.055	0.161	0.196	0.047	0.407
EWB00_002531	EWB00_001225	6182.A0A4Z2DBU6	6182.A0A4Z2DG63	0	0	0	0	0	0.104	0.356	0.066	0.413
EWB00_002531	Act5C	6182.A0A4Z2DBU6	6182.Q5DF69	0	0	0	0	0	0.165	0.282	0.104	0.415
EWB00_002531	EWB00_004876	6182.A0A4Z2DBU6	6182.A0A4Z2DUG9	0	0	0	0	0	0.165	0.282	0.131	0.433
EWB00_002531	EWB00_004878	6182.A0A4Z2DBU6	6182.A0A4Z2DUX1	0	0	0	0	0	0.165	0.282	0.131	0.433
EWB00_002531	EWB00_010647	6182.A0A4Z2DBU6	6182.Q5DHL6	0	0	0	0	0	0.243	0.282	0	0.433
EWB00_002531	EWB00_002502	6182.A0A4Z2DBU6	6182.Q71TT8	0	0	0	0	0	0.165	0.282	0.131	0.433
EWB00_002531	EWB00_008932	6182.A0A4Z2DBU6	6182.A0A4Z2DSG0	0	0	0	0	0	0.131	0.375	0.043	0.434
EWB00_002531	EWB00_001618	6182.A0A4Z2DBU6	6182.A0A4Z2DF74	0	0	0	0	0	0.165	0.282	0.134	0.435
EWB00_002531	EWB00_009358	6182.A0A4Z2DBU6	6182.A0A4Z2DRM5	0	0	0	0	0	0.141	0.371	0.055	0.444
EWB00_002531	cdk5	6182.A0A4Z2DBU6	6182.C1L6Q8	0	0	0	0	0	0.243	0.374	0.054	0.512
EWB00_002531	Grb2	6182.A0A4Z2DBU6	6182.Q86F73	0	0	0	0	0	0.244	0.373	0.056	0.513
EWB00_002531	EWB00_003429	6182.A0A4Z2DBU6	6182.A0A4Z2DWH7	0	0	0	0	0.090	0.267	0.335	0.062	0.528
EWB00_002531	EWB00_007721	6182.A0A4Z2DBU6	6182.A0A4Z2DSU2	0	0	0	0	0	0.234	0.397	0.066	0.530
EWB00_002531	EWB00_004196	6182.A0A4Z2DBU6	6182.A0A4Z2DUY0	0	0	0	0	0	0.234	0.397	0.066	0.530
EWB00_002531	EWB00_001471	6182.A0A4Z2DBU6	6182.A0A4Z2DFS2	0	0	0	0	0	0.189	0.396	0.141	0.542
EWB00_002531	EWB00_000751	6182.A0A4Z2DBU6	6182.A0A4Z2DI18	0	0	0.163	0.574	0	0.201	0.372	0	0.543
EWB00_002531	EWB00_011320	6182.A0A4Z2DBU6	6182.Q5DBY2	0	0	0.367	0	0.055	0.161	0.196	0.047	0.545
EWB00_002531	EWB00_008748	6182.A0A4Z2DBU6	6182.A0A4Z2DTN7	0	0	0.187	0.604	0	0.170	0.379	0.047	0.547
EWB00_002531	EWB00_001228	6182.A0A4Z2DBU6	6182.A0A4Z2DGB2	0	0	0	0	0	0.098	0.517	0.049	0.549
EWB00_002531	EWB00_010643	6182.A0A4Z2DBU6	6182.A0A4Z2DN24	0	0	0	0	0	0.262	0.375	0.105	0.551
EWB00_002531	CKI-alpha	6182.A0A4Z2DBU6	6182.C1L4B0	0	0	0.236	0	0	0.164	0.373	0.043	0.565
EWB00_002531	EWB00_000422	6182.A0A4Z2DBU6	6182.A0A4Z2DIX7	0	0	0.252	0	0	0.164	0.373	0.043	0.574
EWB00_002531	EWB00_003747	6182.A0A4Z2DBU6	6182.A0A4Z2DVH8	0	0	0	0	0	0.119	0.554	0.046	0.592
EWB00_002531	EWB00_004095	6182.A0A4Z2DBU6	6182.Q6PMM5	0	0	0	0	0.070	0.301	0.370	0.138	0.599
EWB00_002531	EWB00_008934	6182.A0A4Z2DBU6	6182.A0A4Z2DSI5	0	0	0	0	0	0.311	0.463	0.046	0.616
EWB00_002531	EWB00_001343	6182.A0A4Z2DBU6	6182.A0A4Z2DFX9	0	0	0.275	0	0	0.197	0.387	0.063	0.620
EWB00_002531	EWB00_003272	6182.A0A4Z2DBU6	6182.Q5DB60	0	0	0	0	0	0.362	0.396	0.094	0.620
EWB00_002531	EWB00_002194	6182.A0A4Z2DBU6	6182.A0A4Z2DDD6	0	0	0	0	0	0.256	0.517	0.044	0.626
EWB00_002531	EWB00_000516	6182.A0A4Z2DBU6	6182.A0A4Z2DIX5	0	0	0.233	0	0	0.262	0.381	0.103	0.643
EWB00_002531	fyn-prov	6182.A0A4Z2DBU6	6182.C1LGZ6	0	0	0	0	0	0.292	0.474	0.124	0.645
EWB00_002531	EWB00_002899	6182.A0A4Z2DBU6	6182.A0A4Z2DX55	0	0	0.379	0	0	0.170	0.379	0.047	0.654
EWB00_002531	EWB00_005467	6182.A0A4Z2DBU6	6182.A0A4Z2DU85	0	0	0	0	0.048	0.110	0.674	0.043	0.700
EWB00_002531	EWB00_002413	6182.A0A4Z2DBU6	6182.A0A4Z2DCK0	0	0	0	0	0	0.127	0.674	0	0.703
EWB00_002531	PR2	6182.A0A4Z2DBU6	6182.C7TXQ4	0	0	0.380	0	0	0.189	0.396	0.141	0.704
EWB00_002531	EWB00_011263	6182.A0A4Z2DBU6	6182.A0A4Z2DKT9	0	0	0	0	0	0.245	0.674	0.065	0.749
EWB00_002531	EWB00_005112	6182.A0A4Z2DBU6	6182.C1LH53	0	0	0.371	0	0	0.241	0.510	0.062	0.751
EWB00_002531	EWB00_002386	6182.A0A4Z2DBU6	6182.A0A4Z2DCG1	0	0	0	0	0	0.506	0.517	0.214	0.796
EWB00_002531	EWB00_001594	6182.A0A4Z2DBU6	6182.A0A4Z2DF50	0	0	0	0	0	0	0.811	0.050	0.812
EWB00_002531	EWB00_003359	6182.A0A4Z2DBU6	6182.C1LMR7	0	0	0	0	0.053	0.836	0.811	0.655	0.988
EWB00_002531	tsr	6182.A0A4Z2DBU6	6182.Q86ES4	0	0	0	0	0.053	0.836	0.811	0.655	0.988
EWB00_002741	EWB00_009095	6182.A0A4Z2DB14	6182.A0A4Z2CND2	0	0	0	0	0	0.250	0.373	0.096	0.537
EWB00_002741	EWB00_008372	6182.A0A4Z2DB14	6182.A0A4Z2CQJ6	0	0	0	0	0	0	0.470	0.043	0.471
EWB00_002741	EWB00_008162	6182.A0A4Z2DB14	6182.A0A4Z2CR55	0	0	0	0	0	0.250	0.373	0.050	0.514
EWB00_002741	EWB00_008189	6182.A0A4Z2DB14	6182.A0A4Z2CR88	0	0	0	0	0	0.250	0.373	0.096	0.537
EWB00_002741	EWB00_007965	6182.A0A4Z2DB14	6182.A0A4Z2CSU9	0	0	0	0	0	0.250	0.373	0.050	0.514
EWB00_002741	EWB00_007640	6182.A0A4Z2DB14	6182.A0A4Z2CTJ3	0	0	0	0	0	0.250	0.449	0.140	0.613
EWB00_002741	EWB00_007650	6182.A0A4Z2DB14	6182.A0A4Z2CTZ5	0	0	0	0	0	0	0.704	0.065	0.711
EWB00_002741	EWB00_007520	6182.A0A4Z2DB14	6182.A0A4Z2CUE7	0	0	0	0	0	0.250	0.373	0.240	0.611
EWB00_002741	EWB00_007322	6182.A0A4Z2DB14	6182.A0A4Z2CUR2	0	0	0	0	0	0	0.876	0.047	0.876
EWB00_002741	EWB00_006209	6182.A0A4Z2DB14	6182.A0A4Z2CZP0	0	0	0	0	0	0.194	0.771	0.070	0.813
EWB00_002741	EWB00_006126	6182.A0A4Z2DB14	6182.A0A4Z2CZR2	0	0	0	0	0.170	0.925	0.876	0.398	0.994
EWB00_002741	EWB00_005849	6182.A0A4Z2DB14	6182.A0A4Z2D0D0	0	0	0	0	0	0.250	0.373	0.155	0.567
EWB00_002741	EWB00_005116	6182.A0A4Z2DB14	6182.A0A4Z2D2T5	0	0	0	0	0	0	0.470	0	0.470
EWB00_002741	EWB00_004406	6182.A0A4Z2DB14	6182.A0A4Z2D5D6	0	0	0	0	0	0.250	0.373	0.240	0.611
EWB00_002741	EWB00_004368	6182.A0A4Z2DB14	6182.A0A4Z2D605	0	0	0	0	0	0.250	0.373	0.050	0.514
EWB00_002741	EWB00_003639	6182.A0A4Z2DB14	6182.A0A4Z2D7T8	0	0	0	0	0	0.194	0.478	0.046	0.563
EWB00_002741	EWB00_003063	6182.A0A4Z2DB14	6182.A0A4Z2D9R8	0	0	0	0	0	0.250	0.373	0.050	0.514
EWB00_002741	EWB00_002869	6182.A0A4Z2DB14	6182.A0A4Z2DAG8	0	0	0	0	0	0.210	0.771	0.107	0.824
EWB00_002741	EWB00_001228	6182.A0A4Z2DB14	6182.A0A4Z2DGB2	0	0	0	0	0	0.250	0.373	0.050	0.514
EWB00_002741	EWB00_008934	6182.A0A4Z2DB14	6182.A0A4Z2DSI5	0	0	0	0	0	0.250	0.373	0.050	0.514
EWB00_002741	EWB00_003747	6182.A0A4Z2DB14	6182.A0A4Z2DVH8	0	0	0	0	0	0.250	0.373	0.050	0.514
EWB00_002741	EWB00_010687	6182.A0A4Z2DB14	6182.A0A4Z2DNJ5	0	0	0	0	0	0.250	0.373	0.063	0.520
EWB00_002741	EWB00_005467	6182.A0A4Z2DB14	6182.A0A4Z2DU85	0	0	0	0	0	0.250	0.373	0.065	0.521
EWB00_002741	EWB00_002531	6182.A0A4Z2DB14	6182.A0A4Z2DBU6	0	0	0	0	0	0.250	0.412	0.050	0.544
EWB00_002741	EWB00_001594	6182.A0A4Z2DB14	6182.A0A4Z2DF50	0	0	0	0	0.044	0.250	0.373	0.127	0.555
EWB00_002741	fyn-prov	6182.A0A4Z2DB14	6182.C1LGZ6	0	0	0	0	0	0.250	0.373	0.240	0.611
EWB00_002741	EWB00_001471	6182.A0A4Z2DB14	6182.A0A4Z2DFS2	0	0	0	0	0	0.250	0.449	0.140	0.613
EWB00_002741	PR2	6182.A0A4Z2DB14	6182.C7TXQ4	0	0	0	0	0	0.250	0.449	0.140	0.613
EWB00_002741	EWB00_001036	6182.A0A4Z2DB14	6182.A0A4Z2DH76	0	0	0	0	0	0	0.690	0	0.690
EWB00_002741	EWB00_011263	6182.A0A4Z2DB14	6182.A0A4Z2DKT9	0	0	0	0	0	0.250	0.690	0.050	0.759
EWB00_002741	EWB00_002919	6182.A0A4Z2DB14	6182.A0A4Z2DWJ9	0	0	0	0	0	0.194	0.771	0.070	0.813
EWB00_002741	EWB00_011039	6182.A0A4Z2DB14	6182.A0A4Z2DN82	0	0	0	0	0	0.194	0.819	0.070	0.852
EWB00_002741	EWB00_001328	6182.A0A4Z2DB14	6182.A0A4Z2DG14	0	0	0	0	0.149	0.322	0.876	0.207	0.935
EWB00_002775	EWB00_009560	6182.A0A4Z2DBA8	6182.A0A4Z2CLW6	0	0	0	0	0.043	0.260	0.395	0.075	0.550
EWB00_002775	EWB00_009267	6182.A0A4Z2DBA8	6182.A0A4Z2CML4	0	0	0	0	0	0.280	0.392	0.224	0.630
EWB00_002775	EWB00_009162	6182.A0A4Z2DBA8	6182.A0A4Z2CMV9	0	0	0	0	0	0.147	0.359	0.355	0.616
EWB00_002775	EWB00_008411	6182.A0A4Z2DBA8	6182.A0A4Z2CQ40	0	0	0	0	0	0.254	0.449	0.059	0.579
EWB00_002775	EWB00_008231	6182.A0A4Z2DBA8	6182.A0A4Z2CRJ2	0	0	0	0	0	0.297	0.593	0.065	0.709
EWB00_002775	EWB00_006779	6182.A0A4Z2DBA8	6182.A0A4Z2CX29	0	0	0	0	0	0.170	0.373	0.108	0.495
EWB00_002775	EWB00_006607	6182.A0A4Z2DBA8	6182.A0A4Z2CXQ1	0	0	0	0	0	0.170	0.373	0.108	0.495
EWB00_002775	EWB00_006505	6182.A0A4Z2DBA8	6182.A0A4Z2CYG9	0	0	0	0	0.193	0	0.395	0.359	0.659
EWB00_002775	EWB00_006209	6182.A0A4Z2DBA8	6182.A0A4Z2CZP0	0	0	0	0	0.059	0.584	0.658	0.068	0.858
EWB00_002775	EWB00_004965	6182.A0A4Z2DBA8	6182.A0A4Z2D4A5	0	0	0	0	0.043	0.260	0.395	0.075	0.550
EWB00_002775	EWB00_003639	6182.A0A4Z2DBA8	6182.A0A4Z2D7T8	0	0	0	0	0	0.311	0.355	0	0.536
EWB00_002775	EWB00_003565	6182.A0A4Z2DBA8	6182.A0A4Z2D923	0	0	0	0	0.218	0	0.462	0.652	0.840
EWB00_002775	EWB00_003146	6182.A0A4Z2DBA8	6182.A0A4Z2D9E0	0	0	0	0	0.201	0	0.507	0.660	0.854
EWB00_002775	EWB00_003065	6182.A0A4Z2DBA8	6182.A0A4Z2D9U3	0	0	0	0	0	0	0.811	0	0.811
EWB00_002775	EWB00_002869	6182.A0A4Z2DBA8	6182.A0A4Z2DAG8	0	0	0	0	0	0.594	0.658	0.141	0.870
EWB00_002775	EWB00_003359	6182.A0A4Z2DBA8	6182.C1LMR7	0	0	0	0	0	0.267	0	0.240	0.419
EWB00_002775	tsr	6182.A0A4Z2DBA8	6182.Q86ES4	0	0	0	0	0	0.267	0	0.240	0.419
EWB00_002775	EWB00_001618	6182.A0A4Z2DBA8	6182.A0A4Z2DF74	0	0	0	0	0	0.129	0.283	0.182	0.444
EWB00_002775	EWB00_006002	6182.A0A4Z2DBA8	6182.A0A4Z2DTC9	0	0	0	0	0	0.147	0.359	0.083	0.454
EWB00_002775	EWB00_001225	6182.A0A4Z2DBA8	6182.A0A4Z2DG63	0	0	0	0	0.073	0	0.386	0.190	0.498
EWB00_002775	EWB00_002103	6182.A0A4Z2DBA8	6182.A0A4Z2DDE8	0	0	0	0	0	0.144	0	0.472	0.528
EWB00_002775	EWB00_008724	6182.A0A4Z2DBA8	6182.A0A4Z2DSJ8	0	0	0	0	0	0.124	0.478	0.104	0.554
EWB00_002775	EWB00_010398	6182.A0A4Z2DBA8	6182.A0A4Z2DXN3	0	0	0	0	0.086	0.127	0	0.495	0.561
EWB00_002775	EWB00_008857	6182.A0A4Z2DBA8	6182.A0A4Z2DY79	0	0	0	0	0	0.255	0.384	0.142	0.571
EWB00_002775	EWB00_009161	6182.A0A4Z2DBA8	6182.C1L3T0	0	0	0	0	0	0.147	0.359	0.355	0.616
EWB00_002775	Act5C	6182.A0A4Z2DBA8	6182.Q5DF69	0	0	0	0	0	0.280	0.392	0.224	0.630
EWB00_002775	EWB00_003429	6182.A0A4Z2DBA8	6182.A0A4Z2DWH7	0	0	0	0	0.089	0.132	0	0.583	0.641
EWB00_002775	EWB00_004876	6182.A0A4Z2DBA8	6182.A0A4Z2DUG9	0	0	0	0	0	0.308	0.394	0.319	0.689
EWB00_002775	EWB00_004878	6182.A0A4Z2DBA8	6182.A0A4Z2DUX1	0	0	0	0	0	0.308	0.394	0.319	0.689
EWB00_002775	EWB00_002502	6182.A0A4Z2DBA8	6182.Q71TT8	0	0	0	0	0	0.308	0.394	0.319	0.689
EWB00_002775	EWB00_001343	6182.A0A4Z2DBA8	6182.A0A4Z2DFX9	0	0	0	0	0	0.223	0.811	0.054	0.848
EWB00_002775	EWB00_011039	6182.A0A4Z2DBA8	6182.A0A4Z2DN82	0	0	0	0	0.059	0.584	0.658	0.068	0.858
EWB00_002775	EWB00_002919	6182.A0A4Z2DBA8	6182.A0A4Z2DWJ9	0	0	0	0	0.059	0.584	0.658	0.068	0.858
EWB00_002781	EWB00_009287	6182.A0A4Z2DBA4	6182.A0A4Z2CN04	0	0	0	0	0.087	0.893	0.876	0	0.986
EWB00_002781	EWB00_009095	6182.A0A4Z2DBA4	6182.A0A4Z2CND2	0	0	0	0	0	0.107	0.373	0.047	0.419
EWB00_002781	EWB00_008993	6182.A0A4Z2DBA4	6182.A0A4Z2CNG2	0	0	0.212	0	0	0.092	0.478	0.095	0.616
EWB00_002781	EWB00_008162	6182.A0A4Z2DBA4	6182.A0A4Z2CR55	0	0	0.219	0	0	0.107	0.373	0.043	0.525
EWB00_002781	EWB00_008189	6182.A0A4Z2DBA4	6182.A0A4Z2CR88	0	0	0	0	0	0.107	0.373	0.047	0.419
EWB00_002781	EWB00_007965	6182.A0A4Z2DBA4	6182.A0A4Z2CSU9	0	0	0.242	0	0	0.107	0.373	0.043	0.539
EWB00_002781	EWB00_007640	6182.A0A4Z2DBA4	6182.A0A4Z2CTJ3	0	0	0.241	0	0	0.107	0.373	0.069	0.551
EWB00_002781	EWB00_007520	6182.A0A4Z2DBA4	6182.A0A4Z2CUE7	0	0	0	0	0	0.107	0.373	0.087	0.444
EWB00_002781	EWB00_005849	6182.A0A4Z2DBA4	6182.A0A4Z2D0D0	0	0	0	0	0	0.107	0.373	0.063	0.429
EWB00_002781	EWB00_005166	6182.A0A4Z2DBA4	6182.A0A4Z2D2Y7	0	0	0.264	0	0	0	0.379	0	0.523
EWB00_002781	EWB00_004406	6182.A0A4Z2DBA4	6182.A0A4Z2D5D6	0	0	0	0	0	0.107	0.373	0.087	0.444
EWB00_002781	EWB00_004368	6182.A0A4Z2DBA4	6182.A0A4Z2D605	0	0	0	0	0	0.506	0.909	0.757	0.988
EWB00_002781	EWB00_003063	6182.A0A4Z2DBA4	6182.A0A4Z2D9R8	0	0	0	0	0	0.107	0.373	0.043	0.417
EWB00_002781	EWB00_001471	6182.A0A4Z2DBA4	6182.A0A4Z2DFS2	0	0	0	0	0	0.107	0.373	0.044	0.417
EWB00_002781	EWB00_010687	6182.A0A4Z2DBA4	6182.A0A4Z2DNJ5	0	0	0	0	0	0.107	0.373	0.043	0.417
EWB00_002781	EWB00_008934	6182.A0A4Z2DBA4	6182.A0A4Z2DSI5	0	0	0	0	0	0.107	0.373	0.043	0.417
EWB00_002781	EWB00_003747	6182.A0A4Z2DBA4	6182.A0A4Z2DVH8	0	0	0	0	0	0.107	0.373	0.043	0.417
EWB00_002781	EWB00_001228	6182.A0A4Z2DBA4	6182.A0A4Z2DGB2	0	0	0	0	0	0.107	0.373	0.047	0.419
EWB00_002781	EWB00_005467	6182.A0A4Z2DBA4	6182.A0A4Z2DU85	0	0	0	0	0	0.107	0.373	0.048	0.420
EWB00_002781	EWB00_011263	6182.A0A4Z2DBA4	6182.A0A4Z2DKT9	0	0	0	0	0.044	0.107	0.373	0.068	0.434
EWB00_002781	fyn-prov	6182.A0A4Z2DBA4	6182.C1LGZ6	0	0	0	0	0	0.107	0.373	0.088	0.444
EWB00_002781	EWB00_002531	6182.A0A4Z2DBA4	6182.A0A4Z2DBU6	0	0	0	0	0	0.164	0.373	0.043	0.454
EWB00_002781	EWB00_001594	6182.A0A4Z2DBA4	6182.A0A4Z2DF50	0	0	0	0	0	0.107	0.373	0.236	0.534
EWB00_002781	PR2	6182.A0A4Z2DBA4	6182.C7TXQ4	0	0	0.293	0	0	0.107	0.373	0.064	0.579
EWB00_002781	EWB00_007721	6182.A0A4Z2DBA4	6182.A0A4Z2DSU2	0	0	0	0	0	0.102	0.771	0.190	0.818
EWB00_002781	EWB00_004196	6182.A0A4Z2DBA4	6182.A0A4Z2DUY0	0	0	0	0	0	0.102	0.771	0.190	0.818
EWB00_002797	EWB00_009122	6182.A0A4Z2DBK5	6182.A0A4Z2CN26	0	0	0.205	0.608	0	0.055	0.377	0	0.491
EWB00_002797	EWB00_009095	6182.A0A4Z2DBK5	6182.A0A4Z2CND2	0	0	0.245	0.562	0	0.143	0.385	0	0.567
EWB00_002797	EWB00_008993	6182.A0A4Z2DBK5	6182.A0A4Z2CNG2	0	0	0.192	0.670	0	0.113	0.320	0	0.470
EWB00_002797	EWB00_008683	6182.A0A4Z2DBK5	6182.A0A4Z2CNZ1	0	0	0.170	0.585	0	0.055	0.377	0	0.468
EWB00_002797	EWB00_008162	6182.A0A4Z2DBK5	6182.A0A4Z2CR55	0	0	0.233	0.575	0	0.143	0.349	0	0.534
EWB00_002797	EWB00_008189	6182.A0A4Z2DBK5	6182.A0A4Z2CR88	0	0	0	0	0	0.143	0.385	0	0.450
EWB00_002797	EWB00_007965	6182.A0A4Z2DBK5	6182.A0A4Z2CSU9	0	0	0.235	0.555	0	0.143	0.349	0	0.535
EWB00_002797	EWB00_007640	6182.A0A4Z2DBK5	6182.A0A4Z2CTJ3	0	0	0.247	0.558	0	0.143	0.377	0.066	0.574
EWB00_002797	EWB00_007520	6182.A0A4Z2DBK5	6182.A0A4Z2CUE7	0	0	0.168	0.572	0	0.143	0.385	0	0.523
EWB00_002797	EWB00_006175	6182.A0A4Z2DBK5	6182.A0A4Z2CZK0	0	0	0.204	0.583	0	0.266	0.352	0.058	0.595
EWB00_002797	EWB00_005849	6182.A0A4Z2DBK5	6182.A0A4Z2D0D0	0	0	0	0	0	0.143	0.385	0	0.450
EWB00_002797	EWB00_004650	6182.A0A4Z2DBK5	6182.A0A4Z2D5A9	0	0	0	0	0	0.266	0.352	0.058	0.512
EWB00_002797	EWB00_004406	6182.A0A4Z2DBK5	6182.A0A4Z2D5D6	0	0	0.161	0.574	0	0.143	0.385	0	0.519
EWB00_002797	EWB00_004405	6182.A0A4Z2DBK5	6182.A0A4Z2D5F1	0	0	0.188	0.683	0	0.120	0.288	0	0.446
EWB00_002797	EWB00_004368	6182.A0A4Z2DBK5	6182.A0A4Z2D605	0	0	0	0	0	0.143	0.349	0.043	0.419
EWB00_002797	EWB00_003114	6182.A0A4Z2DBK5	6182.A0A4Z2D9R6	0	0	0.179	0.717	0	0.266	0.352	0.058	0.582
EWB00_002797	EWB00_003063	6182.A0A4Z2DBK5	6182.A0A4Z2D9R8	0	0	0.209	0	0	0.143	0.349	0.043	0.521
EWB00_002797	EWB00_002858	6182.A0A4Z2DBK5	6182.A0A4Z2DAI3	0	0	0.221	0.570	0	0	0.394	0.048	0.511
EWB00_002797	EWB00_004179	6182.A0A4Z2DBK5	6182.C1LFA8	0	0	0.405	0	0	0	0	0	0.405
EWB00_002797	EWB00_001594	6182.A0A4Z2DBK5	6182.A0A4Z2DF50	0	0	0	0	0	0.143	0.349	0	0.418
EWB00_002797	EWB00_001228	6182.A0A4Z2DBK5	6182.A0A4Z2DGB2	0	0	0	0	0	0.143	0.349	0	0.418
EWB00_002797	EWB00_010687	6182.A0A4Z2DBK5	6182.A0A4Z2DNJ5	0	0	0	0	0	0.143	0.349	0	0.418
EWB00_002797	EWB00_008724	6182.A0A4Z2DBK5	6182.A0A4Z2DSJ8	0	0	0.164	0.722	0	0.120	0.288	0	0.430
EWB00_002797	EWB00_011320	6182.A0A4Z2DBK5	6182.Q5DBY2	0	0	0.171	0.730	0	0.120	0.288	0	0.435
EWB00_002797	EWB00_000085	6182.A0A4Z2DBK5	6182.A0A4Z2DKG0	0	0	0.176	0.717	0	0.120	0.288	0	0.438
EWB00_002797	EWB00_011263	6182.A0A4Z2DBK5	6182.A0A4Z2DKT9	0	0	0	0	0	0.178	0.349	0	0.442
EWB00_002797	EWB00_001471	6182.A0A4Z2DBK5	6182.A0A4Z2DFS2	0	0	0	0	0	0.143	0.377	0.066	0.457
EWB00_002797	EWB00_000516	6182.A0A4Z2DBK5	6182.A0A4Z2DIX5	0	0	0.171	0.616	0	0	0.378	0	0.462
EWB00_002797	EWB00_002531	6182.A0A4Z2DBK5	6182.A0A4Z2DBU6	0	0	0.172	0.576	0	0.143	0.349	0	0.497
EWB00_002797	EWB00_002386	6182.A0A4Z2DBK5	6182.A0A4Z2DCG1	0	0	0.218	0.575	0	0	0.394	0.048	0.509
EWB00_002797	EWB00_003747	6182.A0A4Z2DBK5	6182.A0A4Z2DVH8	0	0	0.202	0.562	0	0.143	0.349	0	0.515
EWB00_002797	fyn-prov	6182.A0A4Z2DBK5	6182.C1LGZ6	0	0	0.197	0.577	0	0.143	0.385	0	0.539
EWB00_002797	EWB00_008934	6182.A0A4Z2DBK5	6182.A0A4Z2DSI5	0	0	0.151	0.560	0	0.209	0.394	0	0.557
EWB00_002797	PR2	6182.A0A4Z2DBK5	6182.C7TXQ4	0	0	0.477	0	0	0.143	0.377	0.066	0.704
EWB00_002797	EWB00_005467	6182.A0A4Z2DBK5	6182.A0A4Z2DU85	0	0	0.157	0.605	0	0.506	0.349	0.062	0.711
EWB00_002858	EWB00_010024	6182.A0A4Z2DAI3	6182.A0A4Z2CL49	0	0	0	0	0	0.352	0.379	0.190	0.645
EWB00_002858	EWB00_009457	6182.A0A4Z2DAI3	6182.A0A4Z2CLX5	0	0	0	0	0	0.352	0.379	0.190	0.645
EWB00_002858	EWB00_009456	6182.A0A4Z2DAI3	6182.A0A4Z2CM06	0	0	0.198	0.663	0	0.308	0	0.063	0.434
EWB00_002858	EWB00_009224	6182.A0A4Z2DAI3	6182.A0A4Z2CMJ2	0	0	0	0	0	0.246	0.288	0.065	0.454
EWB00_002858	EWB00_009122	6182.A0A4Z2DAI3	6182.A0A4Z2CN26	0	0	0.166	0.568	0	0.506	0.674	0.189	0.876
EWB00_002858	EWB00_009095	6182.A0A4Z2DAI3	6182.A0A4Z2CND2	0	0	0.196	0.576	0	0.266	0.394	0.062	0.619
EWB00_002858	EWB00_008993	6182.A0A4Z2DAI3	6182.A0A4Z2CNG2	0	0	0.178	0.626	0	0.129	0.478	0.065	0.603
EWB00_002858	EWB00_008683	6182.A0A4Z2DAI3	6182.A0A4Z2CNZ1	0	0	0	0	0	0.506	0.860	0.189	0.939
EWB00_002858	EWB00_008528	6182.A0A4Z2DAI3	6182.A0A4Z2CPM6	0	0	0	0	0	0.304	0.288	0.140	0.536
EWB00_002858	EWB00_008411	6182.A0A4Z2DAI3	6182.A0A4Z2CQ40	0	0	0.222	0.570	0	0.310	0.449	0.104	0.699
EWB00_002858	EWB00_008162	6182.A0A4Z2DAI3	6182.A0A4Z2CR55	0	0	0.208	0.575	0	0.266	0.372	0.062	0.611
EWB00_002858	EWB00_008189	6182.A0A4Z2DAI3	6182.A0A4Z2CR88	0	0	0	0	0	0.266	0.394	0.062	0.546
EWB00_002858	EWB00_008231	6182.A0A4Z2DAI3	6182.A0A4Z2CRJ2	0	0	0.222	0.584	0	0.310	0.449	0.104	0.699
EWB00_002858	EWB00_007965	6182.A0A4Z2DAI3	6182.A0A4Z2CSU9	0	0	0.192	0.566	0	0.266	0.372	0.062	0.603
EWB00_002858	EWB00_007640	6182.A0A4Z2DAI3	6182.A0A4Z2CTJ3	0	0	0.212	0.569	0	0.266	0.449	0.062	0.661
EWB00_002858	EWB00_007650	6182.A0A4Z2DAI3	6182.A0A4Z2CTZ5	0	0	0.185	0.619	0	0.311	0.739	0.186	0.864
EWB00_002858	EWB00_007520	6182.A0A4Z2DAI3	6182.A0A4Z2CUE7	0	0	0	0	0	0.266	0.394	0.062	0.546
EWB00_002858	EWB00_006505	6182.A0A4Z2DAI3	6182.A0A4Z2CYG9	0	0	0	0	0	0	0.395	0.208	0.500
EWB00_002858	EWB00_006350	6182.A0A4Z2DAI3	6182.A0A4Z2CZ14	0	0	0	0	0	0.506	0.434	0.189	0.753
EWB00_002858	EWB00_006175	6182.A0A4Z2DAI3	6182.A0A4Z2CZK0	0	0	0.403	0	0	0.276	0.390	0.066	0.720
EWB00_002858	EWB00_006209	6182.A0A4Z2DAI3	6182.A0A4Z2CZP0	0	0	0	0	0	0.098	0.390	0	0.426
EWB00_002858	EWB00_005849	6182.A0A4Z2DAI3	6182.A0A4Z2D0D0	0	0	0	0	0	0.266	0.394	0.062	0.546
EWB00_002858	EWB00_004506	6182.A0A4Z2DAI3	6182.A0A4Z2D514	0	0	0	0	0	0.506	0.434	0.189	0.753
EWB00_002858	EWB00_004650	6182.A0A4Z2DAI3	6182.A0A4Z2D5A9	0	0	0	0	0	0.276	0.390	0.066	0.551
EWB00_002858	EWB00_004406	6182.A0A4Z2DAI3	6182.A0A4Z2D5D6	0	0	0	0	0	0.266	0.394	0.062	0.546
EWB00_002858	EWB00_004405	6182.A0A4Z2DAI3	6182.A0A4Z2D5F1	0	0	0.213	0.595	0	0.185	0.255	0.083	0.503
EWB00_002858	EWB00_004368	6182.A0A4Z2DAI3	6182.A0A4Z2D605	0	0	0	0	0.043	0.309	0.618	0.088	0.738
EWB00_002858	EWB00_004032	6182.A0A4Z2DAI3	6182.A0A4Z2D6K4	0	0	0	0	0	0.389	0.618	0.126	0.778
EWB00_002858	EWB00_003639	6182.A0A4Z2DAI3	6182.A0A4Z2D7T8	0	0	0	0	0	0.098	0.390	0	0.426
EWB00_002858	EWB00_003565	6182.A0A4Z2DAI3	6182.A0A4Z2D923	0	0	0	0	0	0	0.394	0.139	0.455
EWB00_002858	EWB00_003146	6182.A0A4Z2DAI3	6182.A0A4Z2D9E0	0	0	0	0	0	0	0.395	0.208	0.500
EWB00_002858	EWB00_003114	6182.A0A4Z2DAI3	6182.A0A4Z2D9R6	0	0	0.212	0.568	0	0.276	0.390	0.066	0.631
EWB00_002858	EWB00_003063	6182.A0A4Z2DAI3	6182.A0A4Z2D9R8	0	0	0.202	0	0	0.266	0.372	0.070	0.612
EWB00_002858	EWB00_003065	6182.A0A4Z2DAI3	6182.A0A4Z2D9U3	0	0	0	0	0	0.107	0.377	0.082	0.444
EWB00_002858	EWB00_005112	6182.A0A4Z2DAI3	6182.C1LH53	0	0	0.176	0.713	0	0.308	0	0.063	0.419
EWB00_002858	EWB00_011039	6182.A0A4Z2DAI3	6182.A0A4Z2DN82	0	0	0	0	0	0.098	0.390	0	0.426
EWB00_002858	EWB00_002919	6182.A0A4Z2DAI3	6182.A0A4Z2DWJ9	0	0	0	0	0	0.098	0.390	0	0.426
EWB00_002858	EWB00_001225	6182.A0A4Z2DAI3	6182.A0A4Z2DG63	0	0	0	0	0	0	0.394	0.139	0.455
EWB00_002858	EWB00_002182	6182.A0A4Z2DAI3	6182.A0A4Z2DD10	0	0	0	0	0	0.246	0.297	0.065	0.461
EWB00_002858	EWB00_001343	6182.A0A4Z2DAI3	6182.A0A4Z2DFX9	0	0	0.163	0.701	0.051	0	0.385	0	0.468
EWB00_002858	EWB00_001091	6182.A0A4Z2DAI3	6182.A0A4Z2DGZ7	0	0	0.382	0	0	0	0	0.193	0.479
EWB00_002858	EWB00_000085	6182.A0A4Z2DAI3	6182.A0A4Z2DKG0	0	0	0.199	0.615	0	0.185	0.255	0.083	0.494
EWB00_002858	EWB00_011320	6182.A0A4Z2DAI3	6182.Q5DBY2	0	0	0.209	0.580	0	0.185	0.255	0.083	0.500
EWB00_002858	EWB00_002797	6182.A0A4Z2DAI3	6182.A0A4Z2DBK5	0	0	0.221	0.570	0	0	0.394	0.048	0.511
EWB00_002858	EWB00_001594	6182.A0A4Z2DAI3	6182.A0A4Z2DF50	0	0	0	0	0	0.266	0.372	0.062	0.529
EWB00_002858	EWB00_001228	6182.A0A4Z2DAI3	6182.A0A4Z2DGB2	0	0	0	0	0	0.266	0.372	0.062	0.529
EWB00_002858	EWB00_010687	6182.A0A4Z2DAI3	6182.A0A4Z2DNJ5	0	0	0	0	0	0.266	0.372	0.062	0.529
EWB00_002858	EWB00_005467	6182.A0A4Z2DAI3	6182.A0A4Z2DU85	0	0	0	0	0	0.266	0.372	0.062	0.529
EWB00_002858	EWB00_011263	6182.A0A4Z2DAI3	6182.A0A4Z2DKT9	0	0	0	0	0	0.266	0.372	0.066	0.531
EWB00_002858	EWB00_007721	6182.A0A4Z2DAI3	6182.A0A4Z2DSU2	0	0	0	0	0	0.129	0.478	0.065	0.537
EWB00_002858	EWB00_004196	6182.A0A4Z2DAI3	6182.A0A4Z2DUY0	0	0	0	0	0	0.129	0.478	0.065	0.537
EWB00_002858	EWB00_008724	6182.A0A4Z2DAI3	6182.A0A4Z2DSJ8	0	0	0.344	0	0	0.185	0.255	0.083	0.585
EWB00_002858	EWB00_003747	6182.A0A4Z2DAI3	6182.A0A4Z2DVH8	0	0	0.155	0.570	0	0.266	0.372	0.062	0.585
EWB00_002858	EWB00_001471	6182.A0A4Z2DAI3	6182.A0A4Z2DFS2	0	0	0	0	0	0.266	0.449	0.062	0.587
EWB00_002858	fyn-prov	6182.A0A4Z2DAI3	6182.C1LGZ6	0	0	0.150	0.567	0	0.266	0.394	0.062	0.597
EWB00_002858	EWB00_003272	6182.A0A4Z2DAI3	6182.Q5DB60	0	0	0.199	0.578	0.133	0.245	0.395	0.132	0.674
EWB00_002858	EWB00_007519	6182.A0A4Z2DAI3	6182.Q5D9F6	0	0	0	0	0.048	0	0.739	0	0.740
EWB00_002858	PR2	6182.A0A4Z2DAI3	6182.C7TXQ4	0	0	0.453	0	0	0.266	0.449	0.062	0.764
EWB00_002858	EWB00_008934	6182.A0A4Z2DAI3	6182.A0A4Z2DSI5	0	0	0	0	0	0.650	0.517	0.182	0.849
EWB00_002858	EWB00_002531	6182.A0A4Z2DAI3	6182.A0A4Z2DBU6	0	0	0.304	0	0	0.506	0.517	0.214	0.852
EWB00_002858	EWB00_002386	6182.A0A4Z2DAI3	6182.A0A4Z2DCG1	0	0	0	0	0	0	0.930	0	0.930
EWB00_002858	EWB00_004095	6182.A0A4Z2DAI3	6182.Q6PMM5	0	0	0	0	0	0.506	0.860	0.189	0.939
EWB00_002869	EWB00_010024	6182.A0A4Z2DAG8	6182.A0A4Z2CL49	0	0	0	0	0.109	0.161	0.658	0	0.722
EWB00_002869	EWB00_009457	6182.A0A4Z2DAG8	6182.A0A4Z2CLX5	0	0	0	0	0.109	0.161	0.658	0	0.722
EWB00_002869	EWB00_009267	6182.A0A4Z2DAG8	6182.A0A4Z2CML4	0	0	0	0	0	0.119	0.474	0.132	0.562
EWB00_002869	EWB00_009122	6182.A0A4Z2DAG8	6182.A0A4Z2CN26	0	0	0	0	0	0.116	0.392	0.064	0.452
EWB00_002869	EWB00_009095	6182.A0A4Z2DAG8	6182.A0A4Z2CND2	0	0	0	0	0	0.134	0.383	0.070	0.459
EWB00_002869	EWB00_008993	6182.A0A4Z2DAG8	6182.A0A4Z2CNG2	0	0	0	0	0	0.068	0.425	0.052	0.447
EWB00_002869	EWB00_008683	6182.A0A4Z2DAG8	6182.A0A4Z2CNZ1	0	0	0	0	0	0.124	0.394	0.060	0.457
EWB00_002869	EWB00_008528	6182.A0A4Z2DAG8	6182.A0A4Z2CPM6	0	0	0	0	0	0.244	0.391	0	0.519
EWB00_002869	EWB00_008411	6182.A0A4Z2DAG8	6182.A0A4Z2CQ40	0	0	0	0	0	0.655	0.394	0.063	0.786
EWB00_002869	EWB00_008239	6182.A0A4Z2DAG8	6182.A0A4Z2CQY2	0	0	0	0	0	0.157	0.394	0.118	0.510
EWB00_002869	EWB00_008162	6182.A0A4Z2DAG8	6182.A0A4Z2CR55	0	0	0	0	0	0.123	0.385	0.066	0.452
EWB00_002869	EWB00_008189	6182.A0A4Z2DAG8	6182.A0A4Z2CR88	0	0	0	0	0	0.134	0.383	0.235	0.555
EWB00_002869	EWB00_008231	6182.A0A4Z2DAG8	6182.A0A4Z2CRJ2	0	0	0	0	0.051	0.332	0.391	0.070	0.592
EWB00_002869	EWB00_007978	6182.A0A4Z2DAG8	6182.A0A4Z2CSH8	0	0	0	0	0.049	0.310	0.395	0.052	0.573
EWB00_002869	EWB00_007640	6182.A0A4Z2DAG8	6182.A0A4Z2CTJ3	0	0	0	0	0	0.133	0.425	0.105	0.514
EWB00_002869	EWB00_007520	6182.A0A4Z2DAG8	6182.A0A4Z2CUE7	0	0	0	0	0	0.233	0.563	0.183	0.702
EWB00_002869	EWB00_007322	6182.A0A4Z2DAG8	6182.A0A4Z2CUR2	0	0	0	0	0.045	0.656	0.771	0.367	0.946
EWB00_002869	EWB00_007395	6182.A0A4Z2DAG8	6182.A0A4Z2CUS5	0	0	0	0	0	0.157	0.394	0.118	0.510
EWB00_002869	EWB00_006747	6182.A0A4Z2DAG8	6182.A0A4Z2CWY6	0	0	0	0	0	0.310	0.425	0.169	0.641
EWB00_002869	EWB00_006505	6182.A0A4Z2DAG8	6182.A0A4Z2CYG9	0	0	0	0	0	0.622	0.517	0.248	0.850
EWB00_002869	EWB00_006350	6182.A0A4Z2DAG8	6182.A0A4Z2CZ14	0	0	0	0	0	0.108	0.382	0	0.425
EWB00_002869	EWB00_006234	6182.A0A4Z2DAG8	6182.A0A4Z2CZ44	0	0	0	0	0	0.594	0.658	0.141	0.870
EWB00_002869	EWB00_006200	6182.A0A4Z2DAG8	6182.A0A4Z2CZM0	0	0	0	0	0	0.157	0.394	0.118	0.510
EWB00_002869	EWB00_006209	6182.A0A4Z2DAG8	6182.A0A4Z2CZP0	0	0	0	0	0.059	0.650	0.790	0.323	0.946
EWB00_002869	EWB00_006126	6182.A0A4Z2DAG8	6182.A0A4Z2CZR2	0	0	0	0	0	0.223	0.771	0.306	0.865
EWB00_002869	EWB00_006201	6182.A0A4Z2DAG8	6182.A0A4Z2CZR4	0	0	0	0	0	0.157	0.394	0.118	0.510
EWB00_002869	EWB00_005910	6182.A0A4Z2DAG8	6182.A0A4Z2D044	0	0	0	0	0.046	0	0.392	0.087	0.424
EWB00_002869	EWB00_005849	6182.A0A4Z2DAG8	6182.A0A4Z2D0D0	0	0	0	0	0.052	0.187	0.479	0.349	0.703
EWB00_002869	EWB00_006199	6182.A0A4Z2DAG8	6182.A0A4Z2D0J4	0	0	0	0	0	0.157	0.394	0.118	0.510
EWB00_002869	EWB00_005803	6182.A0A4Z2DAG8	6182.A0A4Z2D0N4	0	0	0	0	0	0.119	0.771	0.138	0.810
EWB00_002869	EWB00_005528	6182.A0A4Z2DAG8	6182.A0A4Z2D2F1	0	0	0	0	0	0.116	0.376	0.063	0.437
EWB00_002869	EWB00_004506	6182.A0A4Z2DAG8	6182.A0A4Z2D514	0	0	0	0	0	0.108	0.382	0	0.425
EWB00_002869	EWB00_004406	6182.A0A4Z2DAG8	6182.A0A4Z2D5D6	0	0	0	0	0	0.233	0.563	0.183	0.702
EWB00_002869	EWB00_003710	6182.A0A4Z2DAG8	6182.A0A4Z2D7R1	0	0	0	0	0	0.143	0.354	0.335	0.599
EWB00_002869	EWB00_003639	6182.A0A4Z2DAG8	6182.A0A4Z2D7T8	0	0	0	0	0	0.441	0.709	0.138	0.847
EWB00_002869	EWB00_003565	6182.A0A4Z2DAG8	6182.A0A4Z2D923	0	0	0	0	0.091	0.297	0.544	0.540	0.848
EWB00_002869	EWB00_003146	6182.A0A4Z2DAG8	6182.A0A4Z2D9E0	0	0	0	0	0.059	0.815	0.771	0.579	0.980
EWB00_002869	EWB00_003063	6182.A0A4Z2DAG8	6182.A0A4Z2D9R8	0	0	0	0	0.119	0.124	0.388	0.047	0.489
EWB00_002869	EWB00_009161	6182.A0A4Z2DAG8	6182.C1L3T0	0	0	0	0	0	0.119	0.259	0.186	0.422
EWB00_002869	EWB00_008857	6182.A0A4Z2DAG8	6182.A0A4Z2DY79	0	0	0	0	0	0.119	0.370	0.088	0.449
EWB00_002869	EWB00_010687	6182.A0A4Z2DAG8	6182.A0A4Z2DNJ5	0	0	0	0	0	0.127	0.395	0.046	0.452
EWB00_002869	EWB00_002182	6182.A0A4Z2DAG8	6182.A0A4Z2DD10	0	0	0	0	0	0.161	0.367	0.053	0.453
EWB00_002869	EWB00_004095	6182.A0A4Z2DAG8	6182.Q6PMM5	0	0	0	0	0	0.124	0.394	0.060	0.457
EWB00_002869	EWB00_001594	6182.A0A4Z2DAG8	6182.A0A4Z2DF50	0	0	0	0	0	0.126	0.294	0.217	0.474
EWB00_002869	EWB00_002386	6182.A0A4Z2DAG8	6182.A0A4Z2DCG1	0	0	0	0	0	0	0.471	0.059	0.480
EWB00_002869	EWB00_002899	6182.A0A4Z2DAG8	6182.A0A4Z2DX55	0	0	0	0	0	0.184	0.384	0.067	0.490
EWB00_002869	EWB00_001311	6182.A0A4Z2DAG8	6182.A0A4Z2DG67	0	0	0	0	0	0.157	0.394	0.118	0.510
EWB00_002869	EWB00_001102	6182.A0A4Z2DAG8	6182.A0A4Z2DGT3	0	0	0	0	0	0.157	0.394	0.118	0.510
EWB00_002869	EWB00_000274	6182.A0A4Z2DAG8	6182.A0A4Z2DJH5	0	0	0	0	0	0.157	0.394	0.118	0.510
EWB00_002869	EWB00_010449	6182.A0A4Z2DAG8	6182.A0A4Z2DXL3	0	0	0	0	0	0.157	0.394	0.118	0.510
EWB00_002869	EWB00_010448	6182.A0A4Z2DAG8	6182.A0A4Z2DXQ5	0	0	0	0	0	0.157	0.394	0.118	0.510
EWB00_002869	EWB00_010450	6182.A0A4Z2DAG8	6182.A0A4Z2DXW2	0	0	0	0	0	0.157	0.394	0.118	0.510
EWB00_002869	EWB00_008934	6182.A0A4Z2DAG8	6182.A0A4Z2DSI5	0	0	0	0	0	0.117	0.469	0	0.511
EWB00_002869	EWB00_001471	6182.A0A4Z2DAG8	6182.A0A4Z2DFS2	0	0	0	0	0	0.133	0.425	0.105	0.514
EWB00_002869	PR2	6182.A0A4Z2DAG8	6182.C7TXQ4	0	0	0	0	0	0.133	0.425	0.105	0.514
EWB00_002869	EWB00_009541	6182.A0A4Z2DAG8	6182.A0A4Z2DR60	0	0	0	0	0	0.118	0	0.476	0.518
EWB00_002869	EWB00_003747	6182.A0A4Z2DAG8	6182.A0A4Z2DVH8	0	0	0	0	0.110	0.117	0.294	0.235	0.518
EWB00_002869	EWB00_001225	6182.A0A4Z2DAG8	6182.A0A4Z2DG63	0	0	0	0	0.043	0.183	0.394	0.139	0.537
EWB00_002869	Act5C	6182.A0A4Z2DAG8	6182.Q5DF69	0	0	0	0	0	0.119	0.474	0.132	0.562
EWB00_002869	EWB00_008748	6182.A0A4Z2DAG8	6182.A0A4Z2DTN7	0	0	0	0	0	0.200	0.384	0.197	0.569
EWB00_002869	EWB00_000516	6182.A0A4Z2DAG8	6182.A0A4Z2DIX5	0	0	0	0	0	0.125	0.534	0	0.574
EWB00_002869	Grb2	6182.A0A4Z2DAG8	6182.Q86F73	0	0	0	0	0	0	0.480	0.237	0.586
EWB00_002869	EWB00_011263	6182.A0A4Z2DAG8	6182.A0A4Z2DKT9	0	0	0	0	0	0.167	0.472	0.140	0.588
EWB00_002869	EWB00_007721	6182.A0A4Z2DAG8	6182.A0A4Z2DSU2	0	0	0	0	0	0.080	0.563	0.063	0.590
EWB00_002869	EWB00_004196	6182.A0A4Z2DAG8	6182.A0A4Z2DUY0	0	0	0	0	0	0.080	0.563	0.063	0.590
EWB00_002869	EWB00_010649	6182.A0A4Z2DAG8	6182.A0A4Z2DN32	0	0	0	0	0	0.233	0.517	0.138	0.652
EWB00_002869	EWB00_004876	6182.A0A4Z2DAG8	6182.A0A4Z2DUG9	0	0	0	0	0	0.119	0.563	0.173	0.653
EWB00_002869	EWB00_004878	6182.A0A4Z2DAG8	6182.A0A4Z2DUX1	0	0	0	0	0	0.119	0.563	0.173	0.653
EWB00_002869	EWB00_002502	6182.A0A4Z2DAG8	6182.Q71TT8	0	0	0	0	0	0.119	0.563	0.280	0.698
EWB00_002869	fyn-prov	6182.A0A4Z2DAG8	6182.C1LGZ6	0	0	0	0	0	0.233	0.563	0.235	0.721
EWB00_002869	EWB00_001036	6182.A0A4Z2DAG8	6182.A0A4Z2DH76	0	0	0	0	0	0.124	0.771	0	0.790
EWB00_002869	EWB00_002741	6182.A0A4Z2DAG8	6182.A0A4Z2DB14	0	0	0	0	0	0.210	0.771	0.107	0.824
EWB00_002869	EWB00_009358	6182.A0A4Z2DAG8	6182.A0A4Z2DRM5	0	0	0	0	0	0.274	0.771	0	0.826
EWB00_002869	EWB00_002103	6182.A0A4Z2DAG8	6182.A0A4Z2DDE8	0	0	0	0	0	0.506	0.425	0.511	0.848
EWB00_002869	EWB00_006050	6182.A0A4Z2DAG8	6182.A0A4Z2DTJ0	0	0	0	0	0	0.264	0.771	0.240	0.860
EWB00_002869	EWB00_002775	6182.A0A4Z2DAG8	6182.A0A4Z2DBA8	0	0	0	0	0	0.594	0.658	0.141	0.870
EWB00_002869	EWB00_001328	6182.A0A4Z2DAG8	6182.A0A4Z2DG14	0	0	0	0	0	0.311	0.771	0.277	0.875
EWB00_002869	EWB00_003429	6182.A0A4Z2DAG8	6182.A0A4Z2DWH7	0	0	0	0	0	0.311	0.771	0.535	0.920
EWB00_002869	EWB00_010398	6182.A0A4Z2DAG8	6182.A0A4Z2DXN3	0	0	0	0	0	0.455	0.771	0.586	0.943
EWB00_002869	EWB00_011039	6182.A0A4Z2DAG8	6182.A0A4Z2DN82	0	0	0	0	0.059	0.650	0.790	0.323	0.946
EWB00_002869	EWB00_002919	6182.A0A4Z2DAG8	6182.A0A4Z2DWJ9	0	0	0	0	0.059	0.650	0.790	0.552	0.964
EWB00_002899	EWB00_010024	6182.A0A4Z2DX55	6182.A0A4Z2CL49	0	0	0	0	0.047	0.309	0.425	0.070	0.600
EWB00_002899	EWB00_009457	6182.A0A4Z2DX55	6182.A0A4Z2CLX5	0	0	0	0	0.047	0.309	0.425	0.070	0.600
EWB00_002899	EWB00_009435	6182.A0A4Z2DX55	6182.A0A4Z2CM43	0	0	0	0	0	0	0.425	0	0.425
EWB00_002899	EWB00_009224	6182.A0A4Z2DX55	6182.A0A4Z2CMJ2	0	0	0	0	0	0.132	0.374	0	0.433
EWB00_002899	EWB00_009267	6182.A0A4Z2DX55	6182.A0A4Z2CML4	0	0	0	0	0	0.112	0.372	0.064	0.432
EWB00_002899	EWB00_009162	6182.A0A4Z2DX55	6182.A0A4Z2CMV9	0	0	0	0	0	0.112	0.372	0.064	0.432
EWB00_002899	EWB00_009122	6182.A0A4Z2DX55	6182.A0A4Z2CN26	0	0	0.187	0.574	0	0.110	0.383	0	0.514
EWB00_002899	EWB00_009095	6182.A0A4Z2DX55	6182.A0A4Z2CND2	0	0	0.206	0.573	0	0.256	0.382	0.063	0.612
EWB00_002899	EWB00_008993	6182.A0A4Z2DX55	6182.A0A4Z2CNG2	0	0	0.151	0.592	0	0.069	0.377	0	0.464
EWB00_002899	EWB00_008683	6182.A0A4Z2DX55	6182.A0A4Z2CNZ1	0	0	0	0	0	0.110	0.383	0	0.427
EWB00_002899	EWB00_008528	6182.A0A4Z2DX55	6182.A0A4Z2CPM6	0	0	0	0	0	0.132	0.381	0.043	0.440
EWB00_002899	EWB00_008411	6182.A0A4Z2DX55	6182.A0A4Z2CQ40	0	0	0.226	0.551	0	0.063	0.386	0	0.515
EWB00_002899	EWB00_008162	6182.A0A4Z2DX55	6182.A0A4Z2CR55	0	0	0.192	0.647	0	0.146	0.282	0.048	0.465
EWB00_002899	EWB00_008189	6182.A0A4Z2DX55	6182.A0A4Z2CR88	0	0	0	0	0	0.256	0.382	0.063	0.531
EWB00_002899	EWB00_008231	6182.A0A4Z2DX55	6182.A0A4Z2CRJ2	0	0	0.179	0.569	0	0.063	0.386	0	0.486
EWB00_002899	EWB00_007978	6182.A0A4Z2DX55	6182.A0A4Z2CSH8	0	0	0	0	0	0.506	0.517	0.097	0.765
EWB00_002899	EWB00_007965	6182.A0A4Z2DX55	6182.A0A4Z2CSU9	0	0	0.233	0.580	0	0.146	0.315	0.055	0.519
EWB00_002899	EWB00_007640	6182.A0A4Z2DX55	6182.A0A4Z2CTJ3	0	0	0.227	0.559	0	0.188	0.314	0.070	0.545
EWB00_002899	EWB00_007520	6182.A0A4Z2DX55	6182.A0A4Z2CUE7	0	0	0.152	0.583	0	0.256	0.382	0.063	0.585
EWB00_002899	EWB00_007322	6182.A0A4Z2DX55	6182.A0A4Z2CUR2	0	0	0.174	0.592	0	0.311	0.517	0	0.701
EWB00_002899	EWB00_007161	6182.A0A4Z2DX55	6182.A0A4Z2CVK4	0	0	0.172	0.573	0	0	0.393	0.104	0.510
EWB00_002899	EWB00_006350	6182.A0A4Z2DX55	6182.A0A4Z2CZ14	0	0	0	0	0	0.110	0.383	0	0.427
EWB00_002899	EWB00_006209	6182.A0A4Z2DX55	6182.A0A4Z2CZP0	0	0	0	0	0	0.090	0.379	0.060	0.422
EWB00_002899	EWB00_005910	6182.A0A4Z2DX55	6182.A0A4Z2D044	0	0	0	0	0	0.479	0.425	0.091	0.703
EWB00_002899	EWB00_005849	6182.A0A4Z2DX55	6182.A0A4Z2D0D0	0	0	0	0	0	0.256	0.382	0.063	0.531
EWB00_002899	EWB00_005803	6182.A0A4Z2DX55	6182.A0A4Z2D0N4	0	0	0	0	0	0.382	0.517	0.054	0.692
EWB00_002899	EWB00_004506	6182.A0A4Z2DX55	6182.A0A4Z2D514	0	0	0	0	0	0.110	0.383	0	0.427
EWB00_002899	EWB00_004406	6182.A0A4Z2DX55	6182.A0A4Z2D5D6	0	0	0	0	0	0.256	0.382	0.063	0.531
EWB00_002899	EWB00_004405	6182.A0A4Z2DX55	6182.A0A4Z2D5F1	0	0	0.419	0	0	0	0	0	0.419
EWB00_002899	EWB00_004243	6182.A0A4Z2DX55	6182.A0A4Z2D5G0	0	0	0	0	0	0.134	0.517	0	0.563
EWB00_002899	EWB00_003876	6182.A0A4Z2DX55	6182.A0A4Z2D736	0	0	0.400	0	0	0	0.081	0.049	0.429
EWB00_002899	EWB00_003639	6182.A0A4Z2DX55	6182.A0A4Z2D7T8	0	0	0	0	0	0.090	0.379	0.060	0.422
EWB00_002899	EWB00_003063	6182.A0A4Z2DX55	6182.A0A4Z2D9R8	0	0	0.169	0.573	0	0.194	0.509	0.047	0.644
EWB00_002899	EWB00_002869	6182.A0A4Z2DX55	6182.A0A4Z2DAG8	0	0	0	0	0	0.184	0.384	0.067	0.490
EWB00_002899	EWB00_002531	6182.A0A4Z2DX55	6182.A0A4Z2DBU6	0	0	0.379	0	0	0.170	0.379	0.047	0.654
EWB00_002899	EWB00_002182	6182.A0A4Z2DX55	6182.A0A4Z2DD10	0	0	0	0	0	0.147	0.395	0.056	0.470
EWB00_002899	EWB00_001594	6182.A0A4Z2DX55	6182.A0A4Z2DF50	0	0	0.265	0	0	0.203	0.282	0.104	0.572
EWB00_002899	EWB00_001471	6182.A0A4Z2DX55	6182.A0A4Z2DFS2	0	0	0	0	0	0.188	0.314	0.070	0.436
EWB00_002899	EWB00_001228	6182.A0A4Z2DX55	6182.A0A4Z2DGB2	0	0	0.256	0	0	0.146	0.282	0.064	0.515
EWB00_002899	EWB00_000751	6182.A0A4Z2DX55	6182.A0A4Z2DI18	0	0	0.403	0	0	0	0	0	0.403
EWB00_002899	EWB00_011263	6182.A0A4Z2DX55	6182.A0A4Z2DKT9	0	0	0.216	0	0	0.146	0.282	0.114	0.517
EWB00_002899	EWB00_010643	6182.A0A4Z2DX55	6182.A0A4Z2DN24	0	0	0	0	0	0.302	0.454	0	0.602
EWB00_002899	EWB00_011039	6182.A0A4Z2DX55	6182.A0A4Z2DN82	0	0	0	0	0	0.090	0.379	0.060	0.422
EWB00_002899	EWB00_010687	6182.A0A4Z2DX55	6182.A0A4Z2DNJ5	0	0	0	0	0	0.236	0.311	0.066	0.465
EWB00_002899	EWB00_009358	6182.A0A4Z2DX55	6182.A0A4Z2DRM5	0	0	0	0	0	0.113	0.429	0	0.471
EWB00_002899	EWB00_008934	6182.A0A4Z2DX55	6182.A0A4Z2DSI5	0	0	0	0	0	0.271	0.282	0.104	0.490
EWB00_002899	EWB00_006002	6182.A0A4Z2DX55	6182.A0A4Z2DTC9	0	0	0	0	0	0.112	0.372	0.064	0.432
EWB00_002899	EWB00_004876	6182.A0A4Z2DX55	6182.A0A4Z2DUG9	0	0	0	0	0	0.112	0.372	0.064	0.432
EWB00_002899	EWB00_004878	6182.A0A4Z2DX55	6182.A0A4Z2DUX1	0	0	0	0	0	0.112	0.372	0.064	0.432
EWB00_002899	EWB00_004196	6182.A0A4Z2DX55	6182.A0A4Z2DUY0	0	0	0.259	0	0	0.069	0.377	0	0.532
EWB00_002899	EWB00_003747	6182.A0A4Z2DX55	6182.A0A4Z2DVH8	0	0	0.181	0.586	0	0.188	0.504	0.047	0.643
EWB00_002899	EWB00_003429	6182.A0A4Z2DX55	6182.A0A4Z2DWH7	0	0	0	0	0	0.121	0.380	0.066	0.446
EWB00_002899	EWB00_002919	6182.A0A4Z2DX55	6182.A0A4Z2DWJ9	0	0	0	0	0	0.090	0.379	0.060	0.422
EWB00_002899	EWB00_004095	6182.A0A4Z2DX55	6182.Q6PMM5	0	0	0	0	0	0.110	0.383	0	0.427
EWB00_002899	EWB00_008857	6182.A0A4Z2DX55	6182.A0A4Z2DY79	0	0	0	0	0	0.112	0.372	0.064	0.432
EWB00_002899	EWB00_009161	6182.A0A4Z2DX55	6182.C1L3T0	0	0	0	0	0	0.112	0.372	0.064	0.432
EWB00_002899	Act5C	6182.A0A4Z2DX55	6182.Q5DF69	0	0	0	0	0	0.112	0.372	0.064	0.432
EWB00_002899	EWB00_002502	6182.A0A4Z2DX55	6182.Q71TT8	0	0	0	0	0	0.112	0.372	0.064	0.432
EWB00_002899	EWB00_007519	6182.A0A4Z2DX55	6182.Q5D9F6	0	0	0.331	0	0	0.200	0	0.084	0.466
EWB00_002899	EWB00_005112	6182.A0A4Z2DX55	6182.C1LH53	0	0	0.423	0	0	0.131	0	0	0.477
EWB00_002899	fyn-prov	6182.A0A4Z2DX55	6182.C1LGZ6	0	0	0.158	0.616	0	0.256	0.382	0.063	0.588
EWB00_002899	PR2	6182.A0A4Z2DX55	6182.C7TXQ4	0	0	0.430	0	0	0.188	0.314	0.070	0.665
EWB00_002899	Grb2	6182.A0A4Z2DX55	6182.Q86F73	0	0	0	0	0	0.479	0.425	0.091	0.703
EWB00_002919	EWB00_010024	6182.A0A4Z2DWJ9	6182.A0A4Z2CL49	0	0	0	0	0	0.158	0.478	0.091	0.565
EWB00_002919	EWB00_009457	6182.A0A4Z2DWJ9	6182.A0A4Z2CLX5	0	0	0	0	0	0.158	0.478	0.091	0.565
EWB00_002919	EWB00_009267	6182.A0A4Z2DWJ9	6182.A0A4Z2CML4	0	0	0	0	0	0.065	0.474	0.093	0.514
EWB00_002919	EWB00_009122	6182.A0A4Z2DWJ9	6182.A0A4Z2CN26	0	0	0	0	0	0.102	0.394	0	0.432
EWB00_002919	EWB00_009095	6182.A0A4Z2DWJ9	6182.A0A4Z2CND2	0	0	0	0	0	0.141	0.385	0.063	0.461
EWB00_002919	EWB00_008993	6182.A0A4Z2DWJ9	6182.A0A4Z2CNG2	0	0	0	0	0	0.105	0.387	0	0.427
EWB00_002919	EWB00_008683	6182.A0A4Z2DWJ9	6182.A0A4Z2CNZ1	0	0	0	0	0	0.112	0.395	0	0.439
EWB00_002919	EWB00_008528	6182.A0A4Z2DWJ9	6182.A0A4Z2CPM6	0	0	0	0	0	0.179	0.384	0.050	0.477
EWB00_002919	EWB00_008239	6182.A0A4Z2DWJ9	6182.A0A4Z2CQY2	0	0	0	0	0	0.101	0.390	0.104	0.465
EWB00_002919	EWB00_008189	6182.A0A4Z2DWJ9	6182.A0A4Z2CR88	0	0	0	0	0	0.141	0.385	0.063	0.461
EWB00_002919	EWB00_007978	6182.A0A4Z2DWJ9	6182.A0A4Z2CSH8	0	0	0	0	0	0.118	0.448	0.238	0.596
EWB00_002919	EWB00_007965	6182.A0A4Z2DWJ9	6182.A0A4Z2CSU9	0	0	0	0	0.048	0.123	0.320	0.075	0.404
EWB00_002919	EWB00_007640	6182.A0A4Z2DWJ9	6182.A0A4Z2CTJ3	0	0	0	0	0	0.123	0.387	0.066	0.454
EWB00_002919	EWB00_007520	6182.A0A4Z2DWJ9	6182.A0A4Z2CUE7	0	0	0	0	0	0.212	0.563	0.095	0.661
EWB00_002919	EWB00_007322	6182.A0A4Z2DWJ9	6182.A0A4Z2CUR2	0	0	0	0	0	0.311	0.771	0.187	0.860
EWB00_002919	EWB00_007395	6182.A0A4Z2DWJ9	6182.A0A4Z2CUS5	0	0	0	0	0	0.101	0.390	0.104	0.465
EWB00_002919	EWB00_006747	6182.A0A4Z2DWJ9	6182.A0A4Z2CWY6	0	0	0	0	0.044	0.109	0.478	0.138	0.565
EWB00_002919	EWB00_006505	6182.A0A4Z2DWJ9	6182.A0A4Z2CYG9	0	0	0	0	0	0.300	0.517	0.209	0.709
EWB00_002919	EWB00_006350	6182.A0A4Z2DWJ9	6182.A0A4Z2CZ14	0	0	0	0	0	0.093	0.386	0	0.419
EWB00_002919	EWB00_006234	6182.A0A4Z2DWJ9	6182.A0A4Z2CZ44	0	0	0	0	0.059	0.584	0.658	0.068	0.858
EWB00_002919	EWB00_006200	6182.A0A4Z2DWJ9	6182.A0A4Z2CZM0	0	0	0	0	0	0.101	0.390	0.104	0.465
EWB00_002919	EWB00_006209	6182.A0A4Z2DWJ9	6182.A0A4Z2CZP0	0	0	0	0.552	0	0	0.540	0	0.540
EWB00_002919	EWB00_006126	6182.A0A4Z2DWJ9	6182.A0A4Z2CZR2	0	0	0	0	0	0.170	0.771	0.343	0.864
EWB00_002919	EWB00_006201	6182.A0A4Z2DWJ9	6182.A0A4Z2CZR4	0	0	0	0	0	0.101	0.390	0.104	0.465
EWB00_002919	EWB00_005910	6182.A0A4Z2DWJ9	6182.A0A4Z2D044	0	0	0	0	0	0.106	0.390	0.063	0.444
EWB00_002919	EWB00_005849	6182.A0A4Z2DWJ9	6182.A0A4Z2D0D0	0	0	0	0	0	0.166	0.463	0.066	0.545
EWB00_002919	EWB00_006199	6182.A0A4Z2DWJ9	6182.A0A4Z2D0J4	0	0	0	0	0	0.101	0.390	0.104	0.465
EWB00_002919	EWB00_005803	6182.A0A4Z2DWJ9	6182.A0A4Z2D0N4	0	0	0	0	0	0	0.771	0.217	0.813
EWB00_002919	EWB00_005528	6182.A0A4Z2DWJ9	6182.A0A4Z2D2F1	0	0	0	0	0	0.093	0.379	0.069	0.429
EWB00_002919	EWB00_004506	6182.A0A4Z2DWJ9	6182.A0A4Z2D514	0	0	0	0	0	0.093	0.386	0	0.419
EWB00_002919	EWB00_004406	6182.A0A4Z2DWJ9	6182.A0A4Z2D5D6	0	0	0	0	0	0.212	0.563	0.095	0.661
EWB00_002919	EWB00_003639	6182.A0A4Z2DWJ9	6182.A0A4Z2D7T8	0	0	0	0.547	0	0	0.944	0	0.944
EWB00_002919	EWB00_003565	6182.A0A4Z2DWJ9	6182.A0A4Z2D923	0	0	0	0	0.085	0.123	0.512	0.292	0.685
EWB00_002919	EWB00_003146	6182.A0A4Z2DWJ9	6182.A0A4Z2D9E0	0	0	0	0	0	0.355	0.771	0.428	0.908
EWB00_002919	EWB00_003063	6182.A0A4Z2DWJ9	6182.A0A4Z2D9R8	0	0	0	0	0	0.123	0.377	0.065	0.444
EWB00_002919	EWB00_002869	6182.A0A4Z2DWJ9	6182.A0A4Z2DAG8	0	0	0	0	0.059	0.650	0.790	0.552	0.964
EWB00_002919	EWB00_002858	6182.A0A4Z2DWJ9	6182.A0A4Z2DAI3	0	0	0	0	0	0.098	0.390	0	0.426
EWB00_002919	EWB00_002741	6182.A0A4Z2DWJ9	6182.A0A4Z2DB14	0	0	0	0	0	0.194	0.771	0.070	0.813
EWB00_002919	EWB00_002775	6182.A0A4Z2DWJ9	6182.A0A4Z2DBA8	0	0	0	0	0.059	0.584	0.658	0.068	0.858
EWB00_002919	EWB00_002386	6182.A0A4Z2DWJ9	6182.A0A4Z2DCG1	0	0	0	0	0	0.111	0.419	0.062	0.473
EWB00_002919	EWB00_002182	6182.A0A4Z2DWJ9	6182.A0A4Z2DD10	0	0	0	0	0	0.158	0.375	0.235	0.562
EWB00_002919	EWB00_002103	6182.A0A4Z2DWJ9	6182.A0A4Z2DDE8	0	0	0	0	0.046	0.130	0.478	0.260	0.636
EWB00_002919	EWB00_001594	6182.A0A4Z2DWJ9	6182.A0A4Z2DF50	0	0	0	0	0	0.188	0.320	0	0.424
EWB00_002919	EWB00_001471	6182.A0A4Z2DWJ9	6182.A0A4Z2DFS2	0	0	0	0	0	0.123	0.387	0.066	0.454
EWB00_002919	EWB00_001328	6182.A0A4Z2DWJ9	6182.A0A4Z2DG14	0	0	0	0	0	0.647	0.771	0.426	0.949
EWB00_002919	EWB00_001225	6182.A0A4Z2DWJ9	6182.A0A4Z2DG63	0	0	0	0	0.048	0.094	0.395	0.340	0.609
EWB00_002919	EWB00_001311	6182.A0A4Z2DWJ9	6182.A0A4Z2DG67	0	0	0	0	0	0.101	0.390	0.104	0.465
EWB00_002919	EWB00_001102	6182.A0A4Z2DWJ9	6182.A0A4Z2DGT3	0	0	0	0	0	0.101	0.390	0.104	0.465
EWB00_002919	EWB00_001036	6182.A0A4Z2DWJ9	6182.A0A4Z2DH76	0	0	0	0	0	0	0.618	0	0.618
EWB00_002919	EWB00_000516	6182.A0A4Z2DWJ9	6182.A0A4Z2DIX5	0	0	0	0	0	0	0.513	0	0.513
EWB00_002919	EWB00_000274	6182.A0A4Z2DWJ9	6182.A0A4Z2DJH5	0	0	0	0	0	0.101	0.390	0.104	0.465
EWB00_002919	EWB00_011263	6182.A0A4Z2DWJ9	6182.A0A4Z2DKT9	0	0	0	0	0	0.123	0.464	0.064	0.521
EWB00_002919	EWB00_010649	6182.A0A4Z2DWJ9	6182.A0A4Z2DN32	0	0	0	0	0	0	0.517	0.093	0.543
EWB00_002919	EWB00_011039	6182.A0A4Z2DWJ9	6182.A0A4Z2DN82	0	0	0	0.550	0	0	0.944	0	0.944
EWB00_002919	EWB00_010687	6182.A0A4Z2DWJ9	6182.A0A4Z2DNJ5	0	0	0	0	0.042	0.123	0.475	0.122	0.560
EWB00_002919	EWB00_008934	6182.A0A4Z2DWJ9	6182.A0A4Z2DSI5	0	0	0	0	0	0.123	0.477	0.064	0.533
EWB00_002919	EWB00_007721	6182.A0A4Z2DWJ9	6182.A0A4Z2DSU2	0	0	0	0	0	0.112	0.387	0	0.432
EWB00_002919	EWB00_006050	6182.A0A4Z2DWJ9	6182.A0A4Z2DTJ0	0	0	0	0	0	0	0.771	0.147	0.796
EWB00_002919	EWB00_008748	6182.A0A4Z2DWJ9	6182.A0A4Z2DTN7	0	0	0	0	0	0.105	0.379	0.098	0.454
EWB00_002919	EWB00_004876	6182.A0A4Z2DWJ9	6182.A0A4Z2DUG9	0	0	0	0	0	0.065	0.563	0.093	0.597
EWB00_002919	EWB00_004878	6182.A0A4Z2DWJ9	6182.A0A4Z2DUX1	0	0	0	0	0	0.065	0.563	0.093	0.597
EWB00_002919	EWB00_004196	6182.A0A4Z2DWJ9	6182.A0A4Z2DUY0	0	0	0	0	0	0.112	0.387	0	0.432
EWB00_002919	EWB00_003429	6182.A0A4Z2DWJ9	6182.A0A4Z2DWH7	0	0	0	0	0	0.310	0.771	0.190	0.860
EWB00_002919	EWB00_008857	6182.A0A4Z2DWJ9	6182.A0A4Z2DY79	0	0	0	0	0	0.065	0.370	0.069	0.403
EWB00_002919	EWB00_002899	6182.A0A4Z2DWJ9	6182.A0A4Z2DX55	0	0	0	0	0	0.090	0.379	0.060	0.422
EWB00_002919	EWB00_004095	6182.A0A4Z2DWJ9	6182.Q6PMM5	0	0	0	0	0	0.112	0.395	0	0.439
EWB00_002919	PR2	6182.A0A4Z2DWJ9	6182.C7TXQ4	0	0	0	0	0	0.123	0.387	0.066	0.454
EWB00_002919	EWB00_010449	6182.A0A4Z2DWJ9	6182.A0A4Z2DXL3	0	0	0	0	0	0.101	0.390	0.104	0.465
EWB00_002919	EWB00_010448	6182.A0A4Z2DWJ9	6182.A0A4Z2DXQ5	0	0	0	0	0	0.101	0.390	0.104	0.465
EWB00_002919	EWB00_010450	6182.A0A4Z2DWJ9	6182.A0A4Z2DXW2	0	0	0	0	0	0.101	0.390	0.104	0.465
EWB00_002919	Act5C	6182.A0A4Z2DWJ9	6182.Q5DF69	0	0	0	0	0	0.065	0.474	0.093	0.514
EWB00_002919	Grb2	6182.A0A4Z2DWJ9	6182.Q86F73	0	0	0	0	0	0.123	0.464	0.139	0.559
EWB00_002919	EWB00_002502	6182.A0A4Z2DWJ9	6182.Q71TT8	0	0	0	0	0	0.065	0.563	0.093	0.597
EWB00_002919	fyn-prov	6182.A0A4Z2DWJ9	6182.C1LGZ6	0	0	0	0	0	0.212	0.563	0.095	0.661
EWB00_002919	EWB00_010398	6182.A0A4Z2DWJ9	6182.A0A4Z2DXN3	0	0	0	0	0	0.126	0.771	0.458	0.882
EWB00_003063	EWB00_010024	6182.A0A4Z2D9R8	6182.A0A4Z2CL49	0	0	0	0	0	0.585	0.811	0.239	0.935
EWB00_003063	EWB00_009457	6182.A0A4Z2D9R8	6182.A0A4Z2CLX5	0	0	0	0	0	0.585	0.811	0.239	0.935
EWB00_003063	EWB00_009456	6182.A0A4Z2D9R8	6182.A0A4Z2CM06	0	0	0.223	0	0	0.123	0.340	0	0.510
EWB00_003063	EWB00_009435	6182.A0A4Z2D9R8	6182.A0A4Z2CM43	0	0	0	0	0	0.143	0.384	0.096	0.481
EWB00_003063	EWB00_009267	6182.A0A4Z2D9R8	6182.A0A4Z2CML4	0	0	0	0	0	0.165	0.282	0.094	0.409
EWB00_003063	EWB00_009122	6182.A0A4Z2D9R8	6182.A0A4Z2CN26	0	0	0	0	0.051	0.204	0.360	0.064	0.486
EWB00_003063	EWB00_009095	6182.A0A4Z2D9R8	6182.A0A4Z2CND2	0	0	0	0	0	0.288	0.517	0	0.641
EWB00_003063	EWB00_008993	6182.A0A4Z2D9R8	6182.A0A4Z2CNG2	0	0	0	0	0	0.212	0.298	0.043	0.424
EWB00_003063	EWB00_008683	6182.A0A4Z2D9R8	6182.A0A4Z2CNZ1	0	0	0	0	0	0.204	0.360	0.064	0.481
EWB00_003063	EWB00_008528	6182.A0A4Z2D9R8	6182.A0A4Z2CPM6	0	0	0	0	0	0.235	0.496	0.068	0.609
EWB00_003063	EWB00_008411	6182.A0A4Z2D9R8	6182.A0A4Z2CQ40	0	0	0	0	0	0.145	0.363	0.046	0.435
EWB00_003063	EWB00_008189	6182.A0A4Z2D9R8	6182.A0A4Z2CR88	0	0	0	0	0	0.288	0.517	0	0.641
EWB00_003063	EWB00_008231	6182.A0A4Z2D9R8	6182.A0A4Z2CRJ2	0	0	0	0	0	0.145	0.363	0.046	0.435
EWB00_003063	EWB00_007959	6182.A0A4Z2D9R8	6182.A0A4Z2CS38	0	0	0	0	0	0.201	0.372	0	0.476
EWB00_003063	EWB00_007978	6182.A0A4Z2D9R8	6182.A0A4Z2CSH8	0	0	0	0	0	0.506	0.821	0.339	0.936
EWB00_003063	EWB00_007965	6182.A0A4Z2D9R8	6182.A0A4Z2CSU9	0	0	0.171	0.578	0	0.106	0.501	0.093	0.619
EWB00_003063	EWB00_007640	6182.A0A4Z2D9R8	6182.A0A4Z2CTJ3	0	0	0	0	0	0.309	0.559	0.042	0.682
EWB00_003063	EWB00_007650	6182.A0A4Z2D9R8	6182.A0A4Z2CTZ5	0	0	0	0	0	0.138	0.335	0.054	0.410
EWB00_003063	EWB00_007520	6182.A0A4Z2D9R8	6182.A0A4Z2CUE7	0	0	0	0	0	0.288	0.517	0	0.641
EWB00_003063	EWB00_007322	6182.A0A4Z2D9R8	6182.A0A4Z2CUR2	0	0	0	0	0	0.248	0.821	0.050	0.860
EWB00_003063	EWB00_007161	6182.A0A4Z2D9R8	6182.A0A4Z2CVK4	0	0	0	0	0	0.135	0.370	0.064	0.445
EWB00_003063	EWB00_006350	6182.A0A4Z2D9R8	6182.A0A4Z2CZ14	0	0	0	0	0	0.204	0.360	0.064	0.481
EWB00_003063	EWB00_006175	6182.A0A4Z2D9R8	6182.A0A4Z2CZK0	0	0	0	0	0	0.229	0.355	0.064	0.493
EWB00_003063	EWB00_006209	6182.A0A4Z2D9R8	6182.A0A4Z2CZP0	0	0	0	0	0	0.123	0.377	0.065	0.444
EWB00_003063	EWB00_005910	6182.A0A4Z2D9R8	6182.A0A4Z2D044	0	0	0	0	0	0.803	0.739	0.225	0.956
EWB00_003063	EWB00_005849	6182.A0A4Z2D9R8	6182.A0A4Z2D0D0	0	0	0	0	0	0.288	0.517	0.052	0.645
EWB00_003063	EWB00_005803	6182.A0A4Z2D9R8	6182.A0A4Z2D0N4	0	0	0	0	0	0.187	0.821	0.127	0.861
EWB00_003063	EWB00_005166	6182.A0A4Z2D9R8	6182.A0A4Z2D2Y7	0	0	0.218	0	0	0.244	0.371	0.119	0.628
EWB00_003063	EWB00_004506	6182.A0A4Z2D9R8	6182.A0A4Z2D514	0	0	0	0	0	0.204	0.360	0.064	0.481
EWB00_003063	EWB00_004650	6182.A0A4Z2D9R8	6182.A0A4Z2D5A9	0	0	0	0	0	0.229	0.355	0.064	0.493
EWB00_003063	EWB00_004406	6182.A0A4Z2D9R8	6182.A0A4Z2D5D6	0	0	0	0	0	0.288	0.517	0	0.641
EWB00_003063	EWB00_004243	6182.A0A4Z2D9R8	6182.A0A4Z2D5G0	0	0	0	0	0	0.309	0.388	0.103	0.587
EWB00_003063	EWB00_004032	6182.A0A4Z2D9R8	6182.A0A4Z2D6K4	0	0	0	0	0	0.209	0.374	0.064	0.496
EWB00_003063	EWB00_003710	6182.A0A4Z2D9R8	6182.A0A4Z2D7R1	0	0	0	0	0	0.506	0.373	0.137	0.709
EWB00_003063	EWB00_003639	6182.A0A4Z2D9R8	6182.A0A4Z2D7T8	0	0	0	0	0	0.123	0.377	0.065	0.444
EWB00_003063	EWB00_003565	6182.A0A4Z2D9R8	6182.A0A4Z2D923	0	0	0	0	0	0.104	0.363	0.064	0.419
EWB00_003063	EWB00_003114	6182.A0A4Z2D9R8	6182.A0A4Z2D9R6	0	0	0.205	0	0	0.229	0.355	0.064	0.580
EWB00_003063	EWB00_001225	6182.A0A4Z2D9R8	6182.A0A4Z2DG63	0	0	0	0	0	0.104	0.356	0.049	0.403
EWB00_003063	Act5C	6182.A0A4Z2D9R8	6182.Q5DF69	0	0	0	0	0	0.165	0.282	0.094	0.409
EWB00_003063	EWB00_002781	6182.A0A4Z2D9R8	6182.A0A4Z2DBA4	0	0	0	0	0	0.107	0.373	0.043	0.417
EWB00_003063	EWB00_004876	6182.A0A4Z2D9R8	6182.A0A4Z2DUG9	0	0	0	0	0	0.165	0.282	0.116	0.423
EWB00_003063	EWB00_004878	6182.A0A4Z2D9R8	6182.A0A4Z2DUX1	0	0	0	0	0	0.165	0.282	0.116	0.423
EWB00_003063	EWB00_002502	6182.A0A4Z2D9R8	6182.Q71TT8	0	0	0	0	0	0.165	0.282	0.116	0.423
EWB00_003063	EWB00_007721	6182.A0A4Z2D9R8	6182.A0A4Z2DSU2	0	0	0	0	0	0.212	0.298	0.043	0.424
EWB00_003063	EWB00_004196	6182.A0A4Z2D9R8	6182.A0A4Z2DUY0	0	0	0	0	0	0.212	0.298	0.043	0.424
EWB00_003063	cdk5	6182.A0A4Z2D9R8	6182.C1L6Q8	0	0	0	0	0	0.124	0.374	0.048	0.432
EWB00_003063	EWB00_011039	6182.A0A4Z2D9R8	6182.A0A4Z2DN82	0	0	0	0	0	0.123	0.377	0.065	0.444
EWB00_003063	EWB00_002919	6182.A0A4Z2D9R8	6182.A0A4Z2DWJ9	0	0	0	0	0	0.123	0.377	0.065	0.444
EWB00_003063	EWB00_009358	6182.A0A4Z2D9R8	6182.A0A4Z2DRM5	0	0	0	0	0	0.141	0.371	0.086	0.463
EWB00_003063	EWB00_003429	6182.A0A4Z2D9R8	6182.A0A4Z2DWH7	0	0	0	0	0	0.132	0.335	0.151	0.467
EWB00_003063	EWB00_000751	6182.A0A4Z2D9R8	6182.A0A4Z2DI18	0	0	0	0	0	0.201	0.372	0	0.476
EWB00_003063	EWB00_003272	6182.A0A4Z2D9R8	6182.Q5DB60	0	0	0	0	0	0.190	0.329	0.116	0.477
EWB00_003063	EWB00_004095	6182.A0A4Z2D9R8	6182.Q6PMM5	0	0	0	0	0	0.204	0.360	0.064	0.481
EWB00_003063	EWB00_002869	6182.A0A4Z2D9R8	6182.A0A4Z2DAG8	0	0	0	0	0.119	0.124	0.388	0.047	0.489
EWB00_003063	EWB00_001594	6182.A0A4Z2D9R8	6182.A0A4Z2DF50	0	0	0.249	0	0	0.265	0	0.150	0.489
EWB00_003063	EWB00_002741	6182.A0A4Z2D9R8	6182.A0A4Z2DB14	0	0	0	0	0	0.250	0.373	0.050	0.514
EWB00_003063	CKI-alpha	6182.A0A4Z2D9R8	6182.C1L4B0	0	0	0.207	0	0	0.107	0.373	0.043	0.518
EWB00_003063	EWB00_010643	6182.A0A4Z2D9R8	6182.A0A4Z2DN24	0	0	0	0	0	0.262	0.375	0	0.519
EWB00_003063	EWB00_002797	6182.A0A4Z2D9R8	6182.A0A4Z2DBK5	0	0	0.209	0	0	0.143	0.349	0.043	0.521
EWB00_003063	EWB00_000422	6182.A0A4Z2D9R8	6182.A0A4Z2DIX7	0	0	0.212	0	0	0.107	0.373	0.043	0.521
EWB00_003063	EWB00_002182	6182.A0A4Z2D9R8	6182.A0A4Z2DD10	0	0	0	0	0	0.203	0.419	0.062	0.527
EWB00_003063	EWB00_002386	6182.A0A4Z2D9R8	6182.A0A4Z2DCG1	0	0	0	0	0	0.266	0.372	0.140	0.568
EWB00_003063	EWB00_000516	6182.A0A4Z2D9R8	6182.A0A4Z2DIX5	0	0	0	0	0	0.262	0.381	0.191	0.598
EWB00_003063	EWB00_008748	6182.A0A4Z2D9R8	6182.A0A4Z2DTN7	0	0	0	0	0	0.194	0.509	0.075	0.601
EWB00_003063	EWB00_002858	6182.A0A4Z2D9R8	6182.A0A4Z2DAI3	0	0	0.202	0	0	0.266	0.372	0.070	0.612
EWB00_003063	fyn-prov	6182.A0A4Z2D9R8	6182.C1LGZ6	0	0	0	0	0	0.288	0.517	0	0.641
EWB00_003063	EWB00_002899	6182.A0A4Z2D9R8	6182.A0A4Z2DX55	0	0	0.169	0.573	0	0.194	0.509	0.047	0.644
EWB00_003063	EWB00_001471	6182.A0A4Z2D9R8	6182.A0A4Z2DFS2	0	0	0	0	0	0.309	0.559	0.042	0.682
EWB00_003063	PR2	6182.A0A4Z2D9R8	6182.C7TXQ4	0	0	0.221	0	0	0.309	0.559	0.042	0.742
EWB00_003063	EWB00_003747	6182.A0A4Z2D9R8	6182.A0A4Z2DVH8	0	0	0.177	0.560	0	0.246	0.811	0	0.872
EWB00_003063	Grb2	6182.A0A4Z2D9R8	6182.Q86F73	0	0	0	0	0	0.908	0.876	0.474	0.993
EWB00_003065	EWB00_009122	6182.A0A4Z2D9U3	6182.A0A4Z2CN26	0	0	0	0	0	0.245	0.876	0.071	0.905
EWB00_003065	EWB00_009095	6182.A0A4Z2D9U3	6182.A0A4Z2CND2	0	0	0	0	0	0.092	0.372	0.046	0.408
EWB00_003065	EWB00_008683	6182.A0A4Z2D9U3	6182.A0A4Z2CNZ1	0	0	0	0	0	0.289	0.771	0.071	0.835
EWB00_003065	EWB00_008189	6182.A0A4Z2D9U3	6182.A0A4Z2CR88	0	0	0	0	0	0.092	0.372	0.096	0.439
EWB00_003065	EWB00_007965	6182.A0A4Z2D9U3	6182.A0A4Z2CSU9	0	0	0.232	0	0	0.104	0.274	0.053	0.463
EWB00_003065	EWB00_007640	6182.A0A4Z2D9U3	6182.A0A4Z2CTJ3	0	0	0	0	0	0.092	0.618	0.066	0.647
EWB00_003065	EWB00_007520	6182.A0A4Z2D9U3	6182.A0A4Z2CUE7	0	0	0	0	0.047	0.092	0.372	0.052	0.415
EWB00_003065	EWB00_006350	6182.A0A4Z2D9U3	6182.A0A4Z2CZ14	0	0	0	0	0	0.189	0.517	0.063	0.600
EWB00_003065	EWB00_006234	6182.A0A4Z2D9U3	6182.A0A4Z2CZ44	0	0	0	0	0	0	0.811	0	0.811
EWB00_003065	EWB00_005849	6182.A0A4Z2D9U3	6182.A0A4Z2D0D0	0	0	0	0	0.044	0.092	0.372	0.046	0.410
EWB00_003065	EWB00_004506	6182.A0A4Z2D9U3	6182.A0A4Z2D514	0	0	0	0	0	0.189	0.517	0.063	0.600
EWB00_003065	EWB00_004406	6182.A0A4Z2D9U3	6182.A0A4Z2D5D6	0	0	0	0	0.047	0.092	0.372	0.052	0.415
EWB00_003065	EWB00_004405	6182.A0A4Z2D9U3	6182.A0A4Z2D5F1	0	0	0	0	0.047	0.137	0.381	0	0.446
EWB00_003065	EWB00_004032	6182.A0A4Z2D9U3	6182.A0A4Z2D6K4	0	0	0	0	0	0	0.557	0.070	0.570
EWB00_003065	fyn-prov	6182.A0A4Z2D9U3	6182.C1LGZ6	0	0	0	0	0.047	0.092	0.372	0.052	0.415
EWB00_003065	EWB00_002531	6182.A0A4Z2D9U3	6182.A0A4Z2DBU6	0	0	0	0	0	0.092	0.376	0.053	0.416
EWB00_003065	EWB00_008934	6182.A0A4Z2D9U3	6182.A0A4Z2DSI5	0	0	0	0	0	0.092	0.394	0.043	0.427
EWB00_003065	EWB00_002858	6182.A0A4Z2D9U3	6182.A0A4Z2DAI3	0	0	0	0	0	0.107	0.377	0.082	0.444
EWB00_003065	EWB00_000085	6182.A0A4Z2D9U3	6182.A0A4Z2DKG0	0	0	0	0	0.047	0.137	0.381	0	0.446
EWB00_003065	EWB00_011320	6182.A0A4Z2D9U3	6182.Q5DBY2	0	0	0	0	0.047	0.137	0.381	0	0.446
EWB00_003065	EWB00_008747	6182.A0A4Z2D9U3	6182.C1LG63	0	0	0	0	0	0.172	0.374	0	0.459
EWB00_003065	EWB00_002386	6182.A0A4Z2D9U3	6182.A0A4Z2DCG1	0	0	0	0	0	0.126	0.394	0.237	0.560
EWB00_003065	EWB00_001471	6182.A0A4Z2D9U3	6182.A0A4Z2DFS2	0	0	0	0	0	0.092	0.618	0.066	0.647
EWB00_003065	PR2	6182.A0A4Z2D9U3	6182.C7TXQ4	0	0	0	0	0	0.092	0.618	0.066	0.647
EWB00_003065	EWB00_002775	6182.A0A4Z2D9U3	6182.A0A4Z2DBA8	0	0	0	0	0	0	0.811	0	0.811
EWB00_003065	EWB00_004095	6182.A0A4Z2D9U3	6182.Q6PMM5	0	0	0	0	0	0.289	0.771	0.071	0.835
EWB00_003065	EWB00_008724	6182.A0A4Z2D9U3	6182.A0A4Z2DSJ8	0	0	0	0	0.056	0.293	0.811	0	0.862
EWB00_003065	EWB00_010649	6182.A0A4Z2D9U3	6182.A0A4Z2DN32	0	0	0	0	0.044	0.816	0.491	0.054	0.903
EWB00_003065	EWB00_006050	6182.A0A4Z2D9U3	6182.A0A4Z2DTJ0	0	0	0	0	0.048	0.921	0.659	0.065	0.972
EWB00_003107	EWB00_007322	6182.A0A4Z2D9H4	6182.A0A4Z2CUR2	0	0	0	0	0	0	0.389	0.093	0.422
EWB00_003114	EWB00_009095	6182.A0A4Z2D9R6	6182.A0A4Z2CND2	0	0	0.227	0.568	0	0.229	0.355	0.069	0.594
EWB00_003114	EWB00_008993	6182.A0A4Z2D9R6	6182.A0A4Z2CNG2	0	0	0.151	0.746	0.058	0.311	0.320	0	0.575
EWB00_003114	EWB00_008286	6182.A0A4Z2D9R6	6182.A0A4Z2CQZ5	0	0	0.217	0.577	0	0.320	0.406	0.070	0.666
EWB00_003114	EWB00_008162	6182.A0A4Z2D9R6	6182.A0A4Z2CR55	0	0	0.230	0.564	0	0.229	0.355	0.047	0.586
EWB00_003114	EWB00_008189	6182.A0A4Z2D9R6	6182.A0A4Z2CR88	0	0	0	0	0	0.229	0.355	0.069	0.496
EWB00_003114	EWB00_007965	6182.A0A4Z2D9R6	6182.A0A4Z2CSU9	0	0	0.206	0.566	0	0.229	0.355	0.055	0.576
EWB00_003114	EWB00_007640	6182.A0A4Z2D9R6	6182.A0A4Z2CTJ3	0	0	0.233	0.571	0	0.229	0.355	0.078	0.601
EWB00_003114	EWB00_007520	6182.A0A4Z2D9R6	6182.A0A4Z2CUE7	0	0	0	0	0	0.229	0.355	0.069	0.496
EWB00_003114	EWB00_007031	6182.A0A4Z2D9R6	6182.A0A4Z2CW39	0	0	0	0	0	0.320	0.406	0.070	0.591
EWB00_003114	EWB00_005849	6182.A0A4Z2D9R6	6182.A0A4Z2D0D0	0	0	0	0	0	0.229	0.355	0.069	0.496
EWB00_003114	EWB00_005116	6182.A0A4Z2D9R6	6182.A0A4Z2D2T5	0	0	0.198	0.618	0.110	0.257	0	0.066	0.438
EWB00_003114	EWB00_005166	6182.A0A4Z2D9R6	6182.A0A4Z2D2Y7	0	0	0.219	0.618	0	0.291	0.347	0.080	0.622
EWB00_003114	EWB00_004406	6182.A0A4Z2D9R6	6182.A0A4Z2D5D6	0	0	0	0	0	0.229	0.355	0.069	0.496
EWB00_003114	EWB00_004405	6182.A0A4Z2D9R6	6182.A0A4Z2D5F1	0	0	0.195	0.665	0	0.260	0.188	0.065	0.487
EWB00_003114	EWB00_004368	6182.A0A4Z2D9R6	6182.A0A4Z2D605	0	0	0	0	0	0.348	0.355	0.104	0.590
EWB00_003114	EWB00_003876	6182.A0A4Z2D9R6	6182.A0A4Z2D736	0	0	0.229	0.596	0	0.254	0	0.104	0.439
EWB00_003114	EWB00_003710	6182.A0A4Z2D9R6	6182.A0A4Z2D7R1	0	0	0	0	0	0.276	0	0.235	0.422
EWB00_003114	EWB00_003272	6182.A0A4Z2D9R6	6182.Q5DB60	0	0	0.207	0.596	0.044	0.239	0	0.083	0.400
EWB00_003114	EWB00_004179	6182.A0A4Z2D9R6	6182.C1LFA8	0	0	0.390	0	0	0.121	0	0.046	0.443
EWB00_003114	EWB00_008724	6182.A0A4Z2D9R6	6182.A0A4Z2DSJ8	0	0	0.165	0.680	0	0.260	0.188	0.065	0.468
EWB00_003114	EWB00_000085	6182.A0A4Z2D9R6	6182.A0A4Z2DKG0	0	0	0.182	0.698	0	0.260	0.188	0.065	0.478
EWB00_003114	EWB00_001594	6182.A0A4Z2D9R6	6182.A0A4Z2DF50	0	0	0	0	0	0.229	0.355	0.047	0.484
EWB00_003114	EWB00_010687	6182.A0A4Z2D9R6	6182.A0A4Z2DNJ5	0	0	0	0	0	0.229	0.355	0.047	0.484
EWB00_003114	EWB00_001228	6182.A0A4Z2D9R6	6182.A0A4Z2DGB2	0	0	0	0	0	0.229	0.355	0.063	0.493
EWB00_003114	EWB00_008934	6182.A0A4Z2D9R6	6182.A0A4Z2DSI5	0	0	0	0	0	0.229	0.355	0.064	0.493
EWB00_003114	EWB00_011320	6182.A0A4Z2D9R6	6182.Q5DBY2	0	0	0.209	0.651	0	0.260	0.188	0.065	0.496
EWB00_003114	EWB00_001471	6182.A0A4Z2D9R6	6182.A0A4Z2DFS2	0	0	0	0	0	0.229	0.355	0.078	0.501
EWB00_003114	EWB00_007721	6182.A0A4Z2D9R6	6182.A0A4Z2DSU2	0	0	0	0	0.058	0.311	0.320	0	0.520
EWB00_003114	EWB00_004196	6182.A0A4Z2D9R6	6182.A0A4Z2DUY0	0	0	0	0	0.058	0.311	0.320	0	0.520
EWB00_003114	EWB00_000516	6182.A0A4Z2D9R6	6182.A0A4Z2DIX5	0	0	0.166	0.638	0	0.140	0.395	0.051	0.533
EWB00_003114	EWB00_003747	6182.A0A4Z2D9R6	6182.A0A4Z2DVH8	0	0	0.167	0.573	0	0.229	0.355	0.047	0.552
EWB00_003114	fyn-prov	6182.A0A4Z2D9R6	6182.C1LGZ6	0	0	0.172	0.571	0	0.229	0.355	0.069	0.565
EWB00_003114	EWB00_003063	6182.A0A4Z2D9R6	6182.A0A4Z2D9R8	0	0	0.205	0	0	0.229	0.355	0.064	0.580
EWB00_003114	EWB00_002797	6182.A0A4Z2D9R6	6182.A0A4Z2DBK5	0	0	0.179	0.717	0	0.266	0.352	0.058	0.582
EWB00_003114	EWB00_002531	6182.A0A4Z2D9R6	6182.A0A4Z2DBU6	0	0	0.179	0.569	0	0.236	0.355	0.104	0.588
EWB00_003114	EWB00_005467	6182.A0A4Z2D9R6	6182.A0A4Z2DU85	0	0	0	0	0	0.229	0.496	0.047	0.597
EWB00_003114	EWB00_002858	6182.A0A4Z2D9R6	6182.A0A4Z2DAI3	0	0	0.212	0.568	0	0.276	0.390	0.066	0.631
EWB00_003114	EWB00_002386	6182.A0A4Z2D9R6	6182.A0A4Z2DCG1	0	0	0.218	0.567	0	0.276	0.390	0.066	0.634
EWB00_003114	EWB00_001391	6182.A0A4Z2D9R6	6182.A0A4Z2DWQ9	0	0	0.199	0.616	0	0.314	0.406	0.095	0.665
EWB00_003114	EWB00_011263	6182.A0A4Z2D9R6	6182.A0A4Z2DKT9	0	0	0	0	0	0.396	0.496	0.066	0.690
EWB00_003114	PR2	6182.A0A4Z2D9R6	6182.C7TXQ4	0	0	0.447	0	0	0.229	0.355	0.078	0.712
EWB00_003146	EWB00_009267	6182.A0A4Z2D9E0	6182.A0A4Z2CML4	0	0	0	0	0	0.296	0.394	0.392	0.717
EWB00_003146	EWB00_009162	6182.A0A4Z2D9E0	6182.A0A4Z2CMV9	0	0	0	0	0	0.175	0.388	0.183	0.551
EWB00_003146	EWB00_009095	6182.A0A4Z2D9E0	6182.A0A4Z2CND2	0	0	0	0	0	0.121	0.394	0.104	0.481
EWB00_003146	EWB00_008683	6182.A0A4Z2D9E0	6182.A0A4Z2CNZ1	0	0	0	0	0	0	0.469	0.045	0.471
EWB00_003146	EWB00_008528	6182.A0A4Z2D9E0	6182.A0A4Z2CPM6	0	0	0	0	0	0	0.469	0.055	0.476
EWB00_003146	EWB00_008189	6182.A0A4Z2D9E0	6182.A0A4Z2CR88	0	0	0	0	0	0.121	0.394	0.104	0.481
EWB00_003146	EWB00_007978	6182.A0A4Z2D9E0	6182.A0A4Z2CSH8	0	0	0	0	0	0	0.526	0.066	0.538
EWB00_003146	EWB00_007640	6182.A0A4Z2D9E0	6182.A0A4Z2CTJ3	0	0	0	0	0	0.097	0.387	0.043	0.423
EWB00_003146	EWB00_007520	6182.A0A4Z2D9E0	6182.A0A4Z2CUE7	0	0	0	0	0	0.162	0.395	0.143	0.527
EWB00_003146	EWB00_007322	6182.A0A4Z2D9E0	6182.A0A4Z2CUR2	0	0	0	0	0	0.669	0.529	0.766	0.960
EWB00_003146	EWB00_006505	6182.A0A4Z2D9E0	6182.A0A4Z2CYG9	0	0	0.207	0.611	0	0	0.931	0	0.942
EWB00_003146	EWB00_006234	6182.A0A4Z2D9E0	6182.A0A4Z2CZ44	0	0	0	0	0.201	0	0.507	0.660	0.854
EWB00_003146	EWB00_006209	6182.A0A4Z2D9E0	6182.A0A4Z2CZP0	0	0	0	0	0	0.355	0.771	0.428	0.908
EWB00_003146	EWB00_005910	6182.A0A4Z2D9E0	6182.A0A4Z2D044	0	0	0	0	0	0	0.395	0.050	0.400
EWB00_003146	EWB00_005849	6182.A0A4Z2D9E0	6182.A0A4Z2D0D0	0	0	0	0	0	0.129	0.560	0.671	0.862
EWB00_003146	EWB00_005803	6182.A0A4Z2D9E0	6182.A0A4Z2D0N4	0	0	0	0	0	0	0.468	0.236	0.576
EWB00_003146	EWB00_004406	6182.A0A4Z2D9E0	6182.A0A4Z2D5D6	0	0	0	0	0	0.162	0.395	0.143	0.527
EWB00_003146	EWB00_003876	6182.A0A4Z2D9E0	6182.A0A4Z2D736	0	0	0	0	0	0.107	0.377	0.209	0.521
EWB00_003146	EWB00_003639	6182.A0A4Z2D9E0	6182.A0A4Z2D7T8	0	0	0	0	0	0.259	0.478	0.209	0.667
EWB00_003146	EWB00_003565	6182.A0A4Z2D9E0	6182.A0A4Z2D923	0	0	0	0	0.309	0.929	0.909	0.829	0.999
EWB00_003146	EWB00_010687	6182.A0A4Z2D9E0	6182.A0A4Z2DNJ5	0	0	0	0	0	0.128	0.349	0	0.408
EWB00_003146	EWB00_010649	6182.A0A4Z2D9E0	6182.A0A4Z2DN32	0	0	0	0	0.095	0.130	0	0.322	0.419
EWB00_003146	EWB00_001471	6182.A0A4Z2D9E0	6182.A0A4Z2DFS2	0	0	0	0	0	0.097	0.387	0.043	0.423
EWB00_003146	PR2	6182.A0A4Z2D9E0	6182.C7TXQ4	0	0	0	0	0	0.097	0.387	0.066	0.437
EWB00_003146	EWB00_002531	6182.A0A4Z2D9E0	6182.A0A4Z2DBU6	0	0	0	0	0	0.102	0.349	0.116	0.438
EWB00_003146	EWB00_004095	6182.A0A4Z2D9E0	6182.Q6PMM5	0	0	0	0	0	0	0.469	0.045	0.471
EWB00_003146	EWB00_003359	6182.A0A4Z2D9E0	6182.C1LMR7	0	0	0	0	0	0	0	0.477	0.477
EWB00_003146	tsr	6182.A0A4Z2D9E0	6182.Q86ES4	0	0	0	0	0	0	0	0.477	0.477
EWB00_003146	EWB00_011263	6182.A0A4Z2D9E0	6182.A0A4Z2DKT9	0	0	0	0	0	0.090	0.349	0.199	0.484
EWB00_003146	EWB00_002858	6182.A0A4Z2D9E0	6182.A0A4Z2DAI3	0	0	0	0	0	0	0.395	0.208	0.500
EWB00_003146	EWB00_010647	6182.A0A4Z2D9E0	6182.Q5DHL6	0	0	0	0	0.136	0.136	0.378	0.066	0.508
EWB00_003146	EWB00_005467	6182.A0A4Z2D9E0	6182.A0A4Z2DU85	0	0	0	0	0	0.090	0.349	0.239	0.509
EWB00_003146	EWB00_006002	6182.A0A4Z2D9E0	6182.A0A4Z2DTC9	0	0	0	0	0	0.175	0.388	0.115	0.514
EWB00_003146	EWB00_007426	6182.A0A4Z2D9E0	6182.C1LJL2	0	0	0	0	0.052	0.136	0.378	0.179	0.525
EWB00_003146	fyn-prov	6182.A0A4Z2D9E0	6182.C1LGZ6	0	0	0	0	0	0.162	0.395	0.143	0.527
EWB00_003146	EWB00_009161	6182.A0A4Z2D9E0	6182.C1L3T0	0	0	0	0	0	0.175	0.388	0.183	0.551
EWB00_003146	EWB00_008934	6182.A0A4Z2D9E0	6182.A0A4Z2DSI5	0	0	0	0	0	0.090	0.543	0.063	0.576
EWB00_003146	EWB00_008857	6182.A0A4Z2D9E0	6182.A0A4Z2DY79	0	0	0	0	0	0.239	0.388	0.171	0.580
EWB00_003146	Grb2	6182.A0A4Z2D9E0	6182.Q86F73	0	0	0	0	0	0	0.553	0.104	0.582
EWB00_003146	EWB00_001328	6182.A0A4Z2D9E0	6182.A0A4Z2DG14	0	0	0	0	0	0	0	0.595	0.595
EWB00_003146	EWB00_001618	6182.A0A4Z2D9E0	6182.A0A4Z2DF74	0	0	0	0	0	0.136	0.378	0.364	0.628
EWB00_003146	Act5C	6182.A0A4Z2D9E0	6182.Q5DF69	0	0	0	0	0	0.296	0.394	0.392	0.717
EWB00_003146	EWB00_004876	6182.A0A4Z2D9E0	6182.A0A4Z2DUG9	0	0	0	0	0	0.310	0.428	0.480	0.776
EWB00_003146	EWB00_004878	6182.A0A4Z2D9E0	6182.A0A4Z2DUX1	0	0	0	0	0	0.310	0.428	0.480	0.776
EWB00_003146	EWB00_002502	6182.A0A4Z2D9E0	6182.Q71TT8	0	0	0	0	0	0.310	0.428	0.480	0.776
EWB00_003146	EWB00_009541	6182.A0A4Z2D9E0	6182.A0A4Z2DR60	0	0	0	0	0	0	0	0.806	0.806
EWB00_003146	EWB00_002386	6182.A0A4Z2D9E0	6182.A0A4Z2DCG1	0	0	0	0	0	0	0.546	0.605	0.813
EWB00_003146	EWB00_002103	6182.A0A4Z2D9E0	6182.A0A4Z2DDE8	0	0	0	0	0	0	0	0.813	0.813
EWB00_003146	EWB00_006050	6182.A0A4Z2D9E0	6182.A0A4Z2DTJ0	0	0	0	0	0.112	0.178	0	0.771	0.818
EWB00_003146	EWB00_002775	6182.A0A4Z2D9E0	6182.A0A4Z2DBA8	0	0	0	0	0.201	0	0.507	0.660	0.854
EWB00_003146	EWB00_010398	6182.A0A4Z2D9E0	6182.A0A4Z2DXN3	0	0	0	0	0.120	0.147	0.087	0.829	0.867
EWB00_003146	EWB00_011039	6182.A0A4Z2D9E0	6182.A0A4Z2DN82	0	0	0	0	0	0.355	0.771	0.428	0.908
EWB00_003146	EWB00_002919	6182.A0A4Z2D9E0	6182.A0A4Z2DWJ9	0	0	0	0	0	0.355	0.771	0.428	0.908
EWB00_003146	EWB00_001225	6182.A0A4Z2D9E0	6182.A0A4Z2DG63	0	0	0	0	0.112	0.670	0.618	0.375	0.920
EWB00_003146	EWB00_002869	6182.A0A4Z2D9E0	6182.A0A4Z2DAG8	0	0	0	0	0.059	0.815	0.771	0.579	0.980
EWB00_003146	EWB00_003429	6182.A0A4Z2D9E0	6182.A0A4Z2DWH7	0	0	0	0	0	0.636	0.909	0.829	0.993
EWB00_003234	EWB00_009267	6182.A0A4Z2D940	6182.A0A4Z2CML4	0	0	0	0	0	0.113	0.386	0.042	0.432
EWB00_003234	EWB00_009162	6182.A0A4Z2D940	6182.A0A4Z2CMV9	0	0	0	0	0	0.093	0.375	0.042	0.409
EWB00_003234	EWB00_009287	6182.A0A4Z2D940	6182.A0A4Z2CN04	0	0	0	0	0	0	0.473	0.066	0.486
EWB00_003234	EWB00_008372	6182.A0A4Z2D940	6182.A0A4Z2CQJ6	0	0	0	0	0	0.064	0.501	0.052	0.518
EWB00_003234	EWB00_005116	6182.A0A4Z2D940	6182.A0A4Z2D2T5	0	0	0.150	0.638	0	0.064	0.510	0.043	0.576
EWB00_003234	EWB00_006002	6182.A0A4Z2D940	6182.A0A4Z2DTC9	0	0	0	0	0	0.093	0.375	0.042	0.409
EWB00_003234	EWB00_009161	6182.A0A4Z2D940	6182.C1L3T0	0	0	0	0	0	0.093	0.375	0.042	0.409
EWB00_003234	Act5C	6182.A0A4Z2D940	6182.Q5DF69	0	0	0	0	0	0.113	0.386	0.042	0.432
EWB00_003234	EWB00_004876	6182.A0A4Z2D940	6182.A0A4Z2DUG9	0	0	0	0	0	0.117	0.386	0.042	0.435
EWB00_003234	EWB00_004878	6182.A0A4Z2D940	6182.A0A4Z2DUX1	0	0	0	0	0	0.117	0.386	0.042	0.435
EWB00_003234	EWB00_002502	6182.A0A4Z2D940	6182.Q71TT8	0	0	0	0	0	0.117	0.386	0.042	0.435
EWB00_003234	EWB00_005624	6182.A0A4Z2D940	6182.A0A4Z2DU38	0	0	0	0	0	0.119	0.395	0.045	0.446
EWB00_003234	EWB00_008857	6182.A0A4Z2D940	6182.A0A4Z2DY79	0	0	0	0	0	0.108	0.468	0.042	0.505
EWB00_003234	EWB00_003272	6182.A0A4Z2D940	6182.Q5DB60	0	0	0	0	0	0.311	0.394	0.063	0.574
EWB00_003272	EWB00_009560	6182.Q5DB60	6182.A0A4Z2CLW6	0	0	0	0	0	0.068	0.378	0.059	0.406
EWB00_003272	EWB00_009267	6182.Q5DB60	6182.A0A4Z2CML4	0	0	0	0	0.049	0.120	0.288	0.127	0.410
EWB00_003272	EWB00_009122	6182.Q5DB60	6182.A0A4Z2CN26	0	0	0	0	0	0.311	0.387	0.064	0.570
EWB00_003272	EWB00_009095	6182.Q5DB60	6182.A0A4Z2CND2	0	0	0.186	0.588	0	0.190	0.386	0.048	0.563
EWB00_003272	EWB00_008683	6182.Q5DB60	6182.A0A4Z2CNZ1	0	0	0	0	0	0.311	0.387	0.064	0.570
EWB00_003272	EWB00_008648	6182.Q5DB60	6182.A0A4Z2CP90	0	0	0.166	0.625	0.111	0.110	0.380	0	0.536
EWB00_003272	EWB00_008411	6182.Q5DB60	6182.A0A4Z2CQ40	0	0	0.204	0.611	0	0.296	0	0.050	0.421
EWB00_003272	EWB00_008372	6182.Q5DB60	6182.A0A4Z2CQJ6	0	0	0	0	0.485	0.627	0.811	0.227	0.968
EWB00_003272	EWB00_008162	6182.Q5DB60	6182.A0A4Z2CR55	0	0	0.192	0.580	0	0.190	0.329	0.048	0.525
EWB00_003272	EWB00_008189	6182.Q5DB60	6182.A0A4Z2CR88	0	0	0	0	0	0.190	0.386	0.048	0.485
EWB00_003272	EWB00_008231	6182.Q5DB60	6182.A0A4Z2CRJ2	0	0	0.192	0.618	0	0.296	0	0.050	0.412
EWB00_003272	EWB00_007965	6182.Q5DB60	6182.A0A4Z2CSU9	0	0	0.191	0.571	0	0.190	0.329	0.052	0.527
EWB00_003272	EWB00_007640	6182.Q5DB60	6182.A0A4Z2CTJ3	0	0	0.216	0.568	0.049	0.190	0.329	0.066	0.552
EWB00_003272	EWB00_007520	6182.Q5DB60	6182.A0A4Z2CUE7	0	0	0	0	0	0.262	0.394	0.048	0.537
EWB00_003272	EWB00_006602	6182.Q5DB60	6182.A0A4Z2CXP2	0	0	0	0	0	0.506	0.723	0.098	0.865
EWB00_003272	EWB00_006350	6182.Q5DB60	6182.A0A4Z2CZ14	0	0	0	0	0	0.311	0.387	0.064	0.570
EWB00_003272	EWB00_006165	6182.Q5DB60	6182.A0A4Z2CZH4	0	0	0	0	0	0.506	0.723	0.098	0.865
EWB00_003272	EWB00_006126	6182.Q5DB60	6182.A0A4Z2CZR2	0	0	0	0	0	0.257	0.371	0.090	0.537
EWB00_003272	EWB00_005849	6182.Q5DB60	6182.A0A4Z2D0D0	0	0	0	0	0	0.190	0.386	0.048	0.485
EWB00_003272	EWB00_005385	6182.Q5DB60	6182.A0A4Z2D1Q0	0	0	0.153	0.569	0	0.327	0	0.190	0.497
EWB00_003272	EWB00_005116	6182.Q5DB60	6182.A0A4Z2D2T5	0	0	0.182	0.601	0.245	0.506	0.449	0.142	0.829
EWB00_003272	EWB00_005166	6182.Q5DB60	6182.A0A4Z2D2Y7	0	0	0.230	0.584	0	0.368	0.058	0.070	0.516
EWB00_003272	EWB00_004965	6182.Q5DB60	6182.A0A4Z2D4A5	0	0	0	0	0	0.068	0.378	0.065	0.410
EWB00_003272	EWB00_004506	6182.Q5DB60	6182.A0A4Z2D514	0	0	0	0	0	0.311	0.387	0.064	0.570
EWB00_003272	EWB00_004406	6182.Q5DB60	6182.A0A4Z2D5D6	0	0	0	0	0	0.262	0.394	0.048	0.537
EWB00_003272	EWB00_004325	6182.Q5DB60	6182.A0A4Z2D5X8	0	0	0.162	0.625	0.047	0.110	0.380	0	0.500
EWB00_003272	EWB00_004368	6182.Q5DB60	6182.A0A4Z2D605	0	0	0	0	0	0.234	0.394	0.089	0.540
EWB00_003272	EWB00_003876	6182.Q5DB60	6182.A0A4Z2D736	0	0	0.203	0.617	0	0.254	0.156	0.075	0.473
EWB00_003272	EWB00_003710	6182.Q5DB60	6182.A0A4Z2D7R1	0	0	0	0	0.087	0.257	0	0.200	0.409
EWB00_003272	EWB00_003470	6182.Q5DB60	6182.A0A4Z2D886	0	0	0.175	0.599	0.054	0.506	0	0.201	0.650
EWB00_003272	EWB00_003234	6182.Q5DB60	6182.A0A4Z2D940	0	0	0	0	0	0.311	0.394	0.063	0.574
EWB00_003272	EWB00_003114	6182.Q5DB60	6182.A0A4Z2D9R6	0	0	0.207	0.596	0.044	0.239	0	0.083	0.400
EWB00_003272	EWB00_003063	6182.Q5DB60	6182.A0A4Z2D9R8	0	0	0	0	0	0.190	0.329	0.116	0.477
EWB00_003272	EWB00_002858	6182.Q5DB60	6182.A0A4Z2DAI3	0	0	0.199	0.578	0.133	0.245	0.395	0.132	0.674
EWB00_003272	EWB00_002531	6182.Q5DB60	6182.A0A4Z2DBU6	0	0	0	0	0	0.362	0.396	0.094	0.620
EWB00_003272	EWB00_002386	6182.Q5DB60	6182.A0A4Z2DCG1	0	0	0.185	0.612	0.133	0.271	0.563	0.132	0.768
EWB00_003272	EWB00_001594	6182.Q5DB60	6182.A0A4Z2DF50	0	0	0	0	0	0.190	0.329	0.064	0.446
EWB00_003272	EWB00_001618	6182.Q5DB60	6182.A0A4Z2DF74	0	0	0	0	0.117	0.125	0.394	0.112	0.528
EWB00_003272	EWB00_001471	6182.Q5DB60	6182.A0A4Z2DFS2	0	0	0	0	0.049	0.190	0.329	0.066	0.452
EWB00_003272	EWB00_001328	6182.Q5DB60	6182.A0A4Z2DG14	0	0	0	0	0	0.257	0.371	0.104	0.544
EWB00_003272	EWB00_001228	6182.Q5DB60	6182.A0A4Z2DGB2	0	0	0	0	0	0.190	0.329	0.066	0.448
EWB00_003272	EWB00_011263	6182.Q5DB60	6182.A0A4Z2DKT9	0	0	0	0	0	0.190	0.329	0.105	0.471
EWB00_003272	EWB00_011156	6182.Q5DB60	6182.A0A4Z2DLU7	0	0	0.181	0.692	0.309	0.374	0.391	0.138	0.780
EWB00_003272	EWB00_010687	6182.Q5DB60	6182.A0A4Z2DNJ5	0	0	0	0	0	0.252	0.497	0.048	0.610
EWB00_003272	EWB00_009605	6182.Q5DB60	6182.A0A4Z2DR61	0	0	0	0	0	0.215	0.364	0.049	0.483
EWB00_003272	EWB00_009479	6182.Q5DB60	6182.A0A4Z2DRN3	0	0	0	0	0	0.378	0	0.138	0.440
EWB00_003272	EWB00_008932	6182.Q5DB60	6182.A0A4Z2DSG0	0	0	0.168	0.647	0.111	0.110	0.380	0	0.537
EWB00_003272	EWB00_008934	6182.Q5DB60	6182.A0A4Z2DSI5	0	0	0	0	0	0.235	0.329	0.110	0.503
EWB00_003272	EWB00_005467	6182.Q5DB60	6182.A0A4Z2DU85	0	0	0	0	0	0.190	0.329	0.048	0.437
EWB00_003272	EWB00_004876	6182.Q5DB60	6182.A0A4Z2DUG9	0	0	0	0	0.049	0.120	0.288	0.138	0.417
EWB00_003272	EWB00_004811	6182.Q5DB60	6182.A0A4Z2DUN6	0	0	0.173	0.687	0.485	0.374	0.471	0.186	0.864
EWB00_003272	EWB00_004872	6182.Q5DB60	6182.A0A4Z2DUW3	0	0	0	0	0	0.227	0.375	0.066	0.509
EWB00_003272	EWB00_004878	6182.Q5DB60	6182.A0A4Z2DUX1	0	0	0	0	0.049	0.120	0.288	0.138	0.417
EWB00_003272	EWB00_003747	6182.Q5DB60	6182.A0A4Z2DVH8	0	0	0	0	0	0.190	0.329	0.048	0.437
EWB00_003272	EWB00_001391	6182.Q5DB60	6182.A0A4Z2DWQ9	0	0	0.179	0.628	0	0	0.449	0.065	0.540
EWB00_003272	EWB00_008857	6182.Q5DB60	6182.A0A4Z2DY79	0	0	0	0	0.079	0.120	0.288	0.127	0.428
EWB00_003272	cdk5	6182.Q5DB60	6182.C1L6Q8	0	0	0	0	0	0.669	0	0	0.669
EWB00_003272	fyn-prov	6182.Q5DB60	6182.C1LGZ6	0	0	0	0	0	0.262	0.394	0.048	0.537
EWB00_003272	PR2	6182.Q5DB60	6182.C7TXQ4	0	0	0.424	0	0.049	0.190	0.329	0.066	0.671
EWB00_003272	Act5C	6182.Q5DB60	6182.Q5DF69	0	0	0	0	0.049	0.120	0.288	0.127	0.410
EWB00_003272	EWB00_002502	6182.Q5DB60	6182.Q71TT8	0	0	0	0	0.049	0.120	0.288	0.138	0.417
EWB00_003272	EWB00_004095	6182.Q5DB60	6182.Q6PMM5	0	0	0	0	0	0.311	0.387	0.064	0.570
EWB00_003359	EWB00_009267	6182.C1LMR7	6182.A0A4Z2CML4	0	0	0	0	0.134	0.630	0.537	0.237	0.871
EWB00_003359	EWB00_009162	6182.C1LMR7	6182.A0A4Z2CMV9	0	0	0	0	0.108	0.378	0.315	0.133	0.626
EWB00_003359	EWB00_007739	6182.C1LMR7	6182.A0A4Z2CT39	0	0	0	0	0	0.617	0	0.642	0.857
EWB00_003359	EWB00_006234	6182.C1LMR7	6182.A0A4Z2CZ44	0	0	0	0	0	0.267	0	0.240	0.419
EWB00_003359	EWB00_005902	6182.C1LMR7	6182.A0A4Z2D084	0	0	0	0	0	0.117	0	0.475	0.516
EWB00_003359	EWB00_003710	6182.C1LMR7	6182.A0A4Z2D7R1	0	0	0	0	0	0.237	0.115	0.403	0.561
EWB00_003359	EWB00_003565	6182.C1LMR7	6182.A0A4Z2D923	0	0	0	0	0	0	0	0.612	0.612
EWB00_003359	EWB00_003146	6182.C1LMR7	6182.A0A4Z2D9E0	0	0	0	0	0	0	0	0.477	0.477
EWB00_003359	EWB00_002775	6182.C1LMR7	6182.A0A4Z2DBA8	0	0	0	0	0	0.267	0	0.240	0.419
EWB00_003359	EWB00_002531	6182.C1LMR7	6182.A0A4Z2DBU6	0	0	0	0	0.053	0.836	0.811	0.655	0.988
EWB00_003359	EWB00_001618	6182.C1LMR7	6182.A0A4Z2DF74	0	0	0	0	0.071	0.309	0.115	0.475	0.661
EWB00_003359	EWB00_010649	6182.C1LMR7	6182.A0A4Z2DN32	0	0	0	0	0	0.113	0	0.373	0.420
EWB00_003359	EWB00_006002	6182.C1LMR7	6182.A0A4Z2DTC9	0	0	0	0	0.108	0.378	0.315	0.133	0.626
EWB00_003359	EWB00_006050	6182.C1LMR7	6182.A0A4Z2DTJ0	0	0	0	0	0	0.113	0	0.476	0.515
EWB00_003359	EWB00_004876	6182.C1LMR7	6182.A0A4Z2DUG9	0	0	0	0	0.134	0.687	0.658	0.351	0.931
EWB00_003359	EWB00_004878	6182.C1LMR7	6182.A0A4Z2DUX1	0	0	0	0	0.134	0.687	0.658	0.351	0.931
EWB00_003359	EWB00_003429	6182.C1LMR7	6182.A0A4Z2DWH7	0	0	0	0	0.095	0.159	0	0.607	0.674
EWB00_003359	EWB00_008857	6182.C1LMR7	6182.A0A4Z2DY79	0	0	0	0	0.134	0.506	0.425	0.191	0.774
EWB00_003359	EWB00_009161	6182.C1LMR7	6182.C1L3T0	0	0	0	0	0.108	0.378	0.315	0.133	0.626
EWB00_003359	cdk5	6182.C1LMR7	6182.C1L6Q8	0	0	0	0	0	0	0	0.406	0.406
EWB00_003359	EWB00_007274	6182.C1LMR7	6182.C1LH03	0	0	0	0	0.098	0.172	0	0.477	0.575
EWB00_003359	EWB00_007426	6182.C1LMR7	6182.C1LJL2	0	0	0	0	0.175	0.309	0.115	0.477	0.700
EWB00_003359	EWB00_010647	6182.C1LMR7	6182.Q5DHL6	0	0	0	0	0.196	0.309	0.115	0.545	0.746
EWB00_003359	Act5C	6182.C1LMR7	6182.Q5DF69	0	0	0	0	0.134	0.630	0.537	0.237	0.871
EWB00_003359	EWB00_002502	6182.C1LMR7	6182.Q71TT8	0	0	0	0	0.134	0.687	0.658	0.351	0.931
EWB00_003429	EWB00_010024	6182.A0A4Z2DWH7	6182.A0A4Z2CL49	0	0	0	0	0	0.511	0.436	0.067	0.720
EWB00_003429	EWB00_009457	6182.A0A4Z2DWH7	6182.A0A4Z2CLX5	0	0	0	0	0	0.511	0.436	0.067	0.720
EWB00_003429	EWB00_009267	6182.A0A4Z2DWH7	6182.A0A4Z2CML4	0	0	0	0	0	0.276	0.687	0.355	0.841
EWB00_003429	EWB00_009162	6182.A0A4Z2DWH7	6182.A0A4Z2CMV9	0	0	0	0	0	0.276	0.313	0.355	0.651
EWB00_003429	EWB00_009122	6182.A0A4Z2DWH7	6182.A0A4Z2CN26	0	0	0	0	0	0.361	0	0.115	0.410
EWB00_003429	EWB00_009095	6182.A0A4Z2DWH7	6182.A0A4Z2CND2	0	0	0	0	0	0.170	0.393	0.070	0.490
EWB00_003429	EWB00_008683	6182.A0A4Z2DWH7	6182.A0A4Z2CNZ1	0	0	0	0	0	0.506	0	0.098	0.535
EWB00_003429	EWB00_008162	6182.A0A4Z2DWH7	6182.A0A4Z2CR55	0	0	0	0	0	0.127	0.335	0.065	0.409
EWB00_003429	EWB00_008189	6182.A0A4Z2DWH7	6182.A0A4Z2CR88	0	0	0	0	0	0.170	0.393	0.070	0.490
EWB00_003429	EWB00_008231	6182.A0A4Z2DWH7	6182.A0A4Z2CRJ2	0	0	0	0	0.051	0.293	0	0.236	0.442
EWB00_003429	EWB00_007640	6182.A0A4Z2DWH7	6182.A0A4Z2CTJ3	0	0	0	0	0.044	0.127	0.335	0.104	0.436
EWB00_003429	EWB00_007520	6182.A0A4Z2DWH7	6182.A0A4Z2CUE7	0	0	0	0	0	0.357	0.771	0.252	0.880
EWB00_003429	EWB00_007322	6182.A0A4Z2DWH7	6182.A0A4Z2CUR2	0	0	0	0	0	0.928	0.876	0.769	0.997
EWB00_003429	EWB00_006505	6182.A0A4Z2DWH7	6182.A0A4Z2CYG9	0	0	0	0	0	0.323	0.493	0.475	0.804
EWB00_003429	EWB00_006234	6182.A0A4Z2DWH7	6182.A0A4Z2CZ44	0	0	0	0	0.089	0.132	0	0.583	0.641
EWB00_003429	EWB00_006209	6182.A0A4Z2DWH7	6182.A0A4Z2CZP0	0	0	0	0	0	0.310	0.771	0.190	0.860
EWB00_003429	EWB00_005910	6182.A0A4Z2DWH7	6182.A0A4Z2D044	0	0	0	0	0	0.110	0.382	0.092	0.456
EWB00_003429	EWB00_005849	6182.A0A4Z2DWH7	6182.A0A4Z2D0D0	0	0	0	0	0.050	0.544	0.666	0.626	0.938
EWB00_003429	EWB00_005803	6182.A0A4Z2DWH7	6182.A0A4Z2D0N4	0	0	0	0	0	0.870	0.876	0.476	0.990
EWB00_003429	EWB00_004406	6182.A0A4Z2DWH7	6182.A0A4Z2D5D6	0	0	0	0	0	0.357	0.771	0.252	0.880
EWB00_003429	EWB00_004368	6182.A0A4Z2DWH7	6182.A0A4Z2D605	0	0	0	0	0	0.127	0.335	0.123	0.446
EWB00_003429	EWB00_004122	6182.A0A4Z2DWH7	6182.A0A4Z2D6I6	0	0	0	0	0	0.181	0.380	0.105	0.505
EWB00_003429	EWB00_003876	6182.A0A4Z2DWH7	6182.A0A4Z2D736	0	0	0	0	0	0.187	0.377	0.182	0.549
EWB00_003429	EWB00_003639	6182.A0A4Z2DWH7	6182.A0A4Z2D7T8	0	0	0	0	0	0.261	0.394	0.065	0.544
EWB00_003429	EWB00_003565	6182.A0A4Z2DWH7	6182.A0A4Z2D923	0	0	0	0	0.045	0.932	0.910	0.829	0.998
EWB00_003429	EWB00_003146	6182.A0A4Z2DWH7	6182.A0A4Z2D9E0	0	0	0	0	0	0.636	0.909	0.829	0.993
EWB00_003429	EWB00_003063	6182.A0A4Z2DWH7	6182.A0A4Z2D9R8	0	0	0	0	0	0.132	0.335	0.151	0.467
EWB00_003429	EWB00_002869	6182.A0A4Z2DWH7	6182.A0A4Z2DAG8	0	0	0	0	0	0.311	0.771	0.535	0.920
EWB00_003429	EWB00_002775	6182.A0A4Z2DWH7	6182.A0A4Z2DBA8	0	0	0	0	0.089	0.132	0	0.583	0.641
EWB00_003429	EWB00_002531	6182.A0A4Z2DWH7	6182.A0A4Z2DBU6	0	0	0	0	0.090	0.267	0.335	0.062	0.528
EWB00_003429	EWB00_002103	6182.A0A4Z2DWH7	6182.A0A4Z2DDE8	0	0	0	0	0	0	0	0.769	0.769
EWB00_003429	EWB00_001618	6182.A0A4Z2DWH7	6182.A0A4Z2DF74	0	0	0	0	0	0.234	0.191	0.366	0.572
EWB00_003429	EWB00_001471	6182.A0A4Z2DWH7	6182.A0A4Z2DFS2	0	0	0	0	0	0.127	0.335	0.104	0.434
EWB00_003429	EWB00_001225	6182.A0A4Z2DWH7	6182.A0A4Z2DG63	0	0	0	0	0.045	0.519	0.449	0.210	0.773
EWB00_003429	EWB00_011263	6182.A0A4Z2DWH7	6182.A0A4Z2DKT9	0	0	0	0	0	0.127	0.335	0.459	0.658
EWB00_003429	EWB00_010643	6182.A0A4Z2DWH7	6182.A0A4Z2DN24	0	0	0	0	0	0.138	0	0.336	0.403
EWB00_003429	EWB00_010649	6182.A0A4Z2DWH7	6182.A0A4Z2DN32	0	0	0	0	0.057	0.337	0	0.336	0.548
EWB00_003429	EWB00_011039	6182.A0A4Z2DWH7	6182.A0A4Z2DN82	0	0	0	0	0	0.310	0.771	0.190	0.860
EWB00_003429	EWB00_010687	6182.A0A4Z2DWH7	6182.A0A4Z2DNJ5	0	0	0	0	0	0.241	0.335	0.065	0.486
EWB00_003429	EWB00_009541	6182.A0A4Z2DWH7	6182.A0A4Z2DR60	0	0	0	0	0	0.228	0.380	0.173	0.569
EWB00_003429	EWB00_008934	6182.A0A4Z2DWH7	6182.A0A4Z2DSI5	0	0	0	0	0	0.132	0.335	0.079	0.421
EWB00_003429	EWB00_006002	6182.A0A4Z2DWH7	6182.A0A4Z2DTC9	0	0	0	0	0	0.276	0.313	0.087	0.506
EWB00_003429	EWB00_006050	6182.A0A4Z2DWH7	6182.A0A4Z2DTJ0	0	0	0	0	0.081	0.337	0	0.769	0.846
EWB00_003429	EWB00_008748	6182.A0A4Z2DWH7	6182.A0A4Z2DTN7	0	0	0	0	0	0.121	0.380	0.153	0.498
EWB00_003429	EWB00_005467	6182.A0A4Z2DWH7	6182.A0A4Z2DU85	0	0	0	0	0	0.127	0.335	0.165	0.472
EWB00_003429	EWB00_004876	6182.A0A4Z2DWH7	6182.A0A4Z2DUG9	0	0	0	0	0	0.276	0.771	0.475	0.905
EWB00_003429	EWB00_004878	6182.A0A4Z2DWH7	6182.A0A4Z2DUX1	0	0	0	0	0	0.276	0.771	0.475	0.905
EWB00_003429	PR2	6182.A0A4Z2DWH7	6182.C7TXQ4	0	0	0	0	0	0.127	0.335	0.104	0.434
EWB00_003429	EWB00_002899	6182.A0A4Z2DWH7	6182.A0A4Z2DX55	0	0	0	0	0	0.121	0.380	0.066	0.446
EWB00_003429	EWB00_007519	6182.A0A4Z2DWH7	6182.Q5D9F6	0	0	0	0	0	0.523	0	0.065	0.534
EWB00_003429	EWB00_004095	6182.A0A4Z2DWH7	6182.Q6PMM5	0	0	0	0	0	0.506	0	0.098	0.535
EWB00_003429	EWB00_008857	6182.A0A4Z2DWH7	6182.A0A4Z2DY79	0	0	0	0	0	0.276	0.425	0.186	0.631
EWB00_003429	EWB00_009161	6182.A0A4Z2DWH7	6182.C1L3T0	0	0	0	0	0	0.276	0.313	0.355	0.651
EWB00_003429	EWB00_008747	6182.A0A4Z2DWH7	6182.C1LG63	0	0	0.116	0.633	0	0.174	0.569	0.042	0.658
EWB00_003429	EWB00_003359	6182.A0A4Z2DWH7	6182.C1LMR7	0	0	0	0	0.095	0.159	0	0.607	0.674
EWB00_003429	tsr	6182.A0A4Z2DWH7	6182.Q86ES4	0	0	0	0	0.095	0.159	0	0.607	0.674
EWB00_003429	Grb2	6182.A0A4Z2DWH7	6182.Q86F73	0	0	0	0	0	0.150	0.458	0.475	0.737
EWB00_003429	Act5C	6182.A0A4Z2DWH7	6182.Q5DF69	0	0	0	0	0	0.276	0.687	0.355	0.841
EWB00_003429	EWB00_002919	6182.A0A4Z2DWH7	6182.A0A4Z2DWJ9	0	0	0	0	0	0.310	0.771	0.190	0.860
EWB00_003429	fyn-prov	6182.A0A4Z2DWH7	6182.C1LGZ6	0	0	0	0	0	0.357	0.771	0.252	0.880
EWB00_003429	EWB00_002502	6182.A0A4Z2DWH7	6182.Q71TT8	0	0	0	0	0	0.276	0.862	0.475	0.942
EWB00_003429	EWB00_010398	6182.A0A4Z2DWH7	6182.A0A4Z2DXN3	0	0	0	0	0.132	0.826	0.876	0.829	0.996
EWB00_003470	EWB00_008683	6182.A0A4Z2D886	6182.A0A4Z2CNZ1	0	0	0	0	0	0.506	0	0	0.506
EWB00_003470	EWB00_008372	6182.A0A4Z2D886	6182.A0A4Z2CQJ6	0	0	0	0	0.148	0.816	0.821	0.238	0.975
EWB00_003470	EWB00_005116	6182.A0A4Z2D886	6182.A0A4Z2D2T5	0	0	0.164	0.637	0.100	0.816	0.739	0.209	0.966
EWB00_003470	EWB00_001328	6182.A0A4Z2D886	6182.A0A4Z2DG14	0	0	0	0	0	0.283	0	0.206	0.406
EWB00_003470	EWB00_008724	6182.A0A4Z2D886	6182.A0A4Z2DSJ8	0	0	0	0	0	0.136	0.432	0.058	0.497
EWB00_003470	EWB00_004095	6182.A0A4Z2D886	6182.Q6PMM5	0	0	0	0	0	0.506	0	0	0.506
EWB00_003470	EWB00_003272	6182.A0A4Z2D886	6182.Q5DB60	0	0	0.175	0.599	0.054	0.506	0	0.201	0.650
EWB00_003565	EWB00_010024	6182.A0A4Z2D923	6182.A0A4Z2CL49	0	0	0	0	0	0.109	0.382	0.064	0.439
EWB00_003565	EWB00_009560	6182.A0A4Z2D923	6182.A0A4Z2CLW6	0	0	0	0	0.089	0.370	0	0.306	0.566
EWB00_003565	EWB00_009457	6182.A0A4Z2D923	6182.A0A4Z2CLX5	0	0	0	0	0	0.109	0.382	0.064	0.439
EWB00_003565	EWB00_009267	6182.A0A4Z2D923	6182.A0A4Z2CML4	0	0	0	0	0	0.292	0.860	0.438	0.939
EWB00_003565	EWB00_009162	6182.A0A4Z2D923	6182.A0A4Z2CMV9	0	0	0	0	0.089	0.283	0.372	0.104	0.583
EWB00_003565	EWB00_009122	6182.A0A4Z2D923	6182.A0A4Z2CN26	0	0	0	0	0	0.120	0.394	0.084	0.468
EWB00_003565	EWB00_009095	6182.A0A4Z2D923	6182.A0A4Z2CND2	0	0	0	0	0	0.129	0.381	0.136	0.493
EWB00_003565	EWB00_008683	6182.A0A4Z2D923	6182.A0A4Z2CNZ1	0	0	0	0	0	0.129	0.464	0.107	0.546
EWB00_003565	EWB00_008411	6182.A0A4Z2D923	6182.A0A4Z2CQ40	0	0	0	0	0	0.151	0.394	0.098	0.495
EWB00_003565	EWB00_008162	6182.A0A4Z2D923	6182.A0A4Z2CR55	0	0	0	0	0.112	0.104	0.356	0.075	0.462
EWB00_003565	EWB00_008189	6182.A0A4Z2D923	6182.A0A4Z2CR88	0	0	0	0	0	0.129	0.381	0.136	0.493
EWB00_003565	EWB00_008231	6182.A0A4Z2D923	6182.A0A4Z2CRJ2	0	0	0	0	0	0.119	0.394	0.150	0.506
EWB00_003565	EWB00_007965	6182.A0A4Z2D923	6182.A0A4Z2CSU9	0	0	0	0	0	0.104	0.356	0.049	0.403
EWB00_003565	EWB00_007640	6182.A0A4Z2D923	6182.A0A4Z2CTJ3	0	0	0	0	0	0.104	0.356	0.049	0.403
EWB00_003565	EWB00_007520	6182.A0A4Z2D923	6182.A0A4Z2CUE7	0	0	0	0	0	0.267	0.394	0.217	0.621
EWB00_003565	EWB00_007322	6182.A0A4Z2D923	6182.A0A4Z2CUR2	0	0	0	0	0.044	0.244	0	0.810	0.850
EWB00_003565	EWB00_006747	6182.A0A4Z2D923	6182.A0A4Z2CWY6	0	0	0	0	0	0.273	0	0.237	0.421
EWB00_003565	EWB00_006505	6182.A0A4Z2D923	6182.A0A4Z2CYG9	0	0	0	0	0.262	0.826	0.739	0.552	0.982
EWB00_003565	EWB00_006350	6182.A0A4Z2D923	6182.A0A4Z2CZ14	0	0	0	0	0	0.112	0.394	0.063	0.451
EWB00_003565	EWB00_006234	6182.A0A4Z2D923	6182.A0A4Z2CZ44	0	0	0	0	0.218	0	0.462	0.652	0.840
EWB00_003565	EWB00_006209	6182.A0A4Z2D923	6182.A0A4Z2CZP0	0	0	0	0	0.085	0.123	0.512	0.292	0.685
EWB00_003565	EWB00_005902	6182.A0A4Z2D923	6182.A0A4Z2D084	0	0	0	0	0.130	0	0.363	0.121	0.470
EWB00_003565	EWB00_005849	6182.A0A4Z2D923	6182.A0A4Z2D0D0	0	0	0	0	0	0.242	0.391	0.678	0.838
EWB00_003565	EWB00_005803	6182.A0A4Z2D923	6182.A0A4Z2D0N4	0	0	0	0	0.089	0	0	0.613	0.632
EWB00_003565	EWB00_004965	6182.A0A4Z2D923	6182.A0A4Z2D4A5	0	0	0	0	0.089	0.370	0	0.306	0.566
EWB00_003565	EWB00_004506	6182.A0A4Z2D923	6182.A0A4Z2D514	0	0	0	0	0	0.112	0.394	0.063	0.451
EWB00_003565	EWB00_004406	6182.A0A4Z2D923	6182.A0A4Z2D5D6	0	0	0	0	0	0.267	0.394	0.217	0.621
EWB00_003565	EWB00_004368	6182.A0A4Z2D923	6182.A0A4Z2D605	0	0	0	0	0	0.285	0.356	0.123	0.560
EWB00_003565	EWB00_003876	6182.A0A4Z2D923	6182.A0A4Z2D736	0	0	0	0	0.060	0.083	0.377	0.137	0.474
EWB00_003565	EWB00_003639	6182.A0A4Z2D923	6182.A0A4Z2D7T8	0	0	0	0	0.048	0.094	0.395	0.156	0.500
EWB00_003565	EWB00_001594	6182.A0A4Z2D923	6182.A0A4Z2DF50	0	0	0	0	0	0.104	0.356	0.049	0.403
EWB00_003565	EWB00_001471	6182.A0A4Z2D923	6182.A0A4Z2DFS2	0	0	0	0	0	0.104	0.356	0.049	0.403
EWB00_003565	EWB00_001228	6182.A0A4Z2D923	6182.A0A4Z2DGB2	0	0	0	0	0	0.104	0.356	0.049	0.403
EWB00_003565	EWB00_003747	6182.A0A4Z2D923	6182.A0A4Z2DVH8	0	0	0	0	0	0.104	0.356	0.049	0.403
EWB00_003565	PR2	6182.A0A4Z2D923	6182.C7TXQ4	0	0	0	0	0	0.104	0.356	0.049	0.403
EWB00_003565	EWB00_003063	6182.A0A4Z2D923	6182.A0A4Z2D9R8	0	0	0	0	0	0.104	0.363	0.064	0.419
EWB00_003565	EWB00_002858	6182.A0A4Z2D923	6182.A0A4Z2DAI3	0	0	0	0	0	0	0.394	0.139	0.455
EWB00_003565	EWB00_001618	6182.A0A4Z2D923	6182.A0A4Z2DF74	0	0	0	0	0	0.257	0.298	0.066	0.470
EWB00_003565	EWB00_002531	6182.A0A4Z2D923	6182.A0A4Z2DBU6	0	0	0	0	0	0.104	0.356	0.185	0.488
EWB00_003565	EWB00_005467	6182.A0A4Z2D923	6182.A0A4Z2DU85	0	0	0	0	0	0.104	0.356	0.223	0.512
EWB00_003565	EWB00_010687	6182.A0A4Z2D923	6182.A0A4Z2DNJ5	0	0	0	0	0	0.113	0.470	0.086	0.532
EWB00_003565	EWB00_004095	6182.A0A4Z2D923	6182.Q6PMM5	0	0	0	0	0	0.129	0.464	0.107	0.546
EWB00_003565	Grb2	6182.A0A4Z2D923	6182.Q86F73	0	0	0	0	0	0	0.374	0.323	0.558
EWB00_003565	EWB00_006002	6182.A0A4Z2D923	6182.A0A4Z2DTC9	0	0	0	0	0	0.283	0.372	0.104	0.561
EWB00_003565	EWB00_007426	6182.A0A4Z2D923	6182.C1LJL2	0	0	0	0	0.104	0.257	0.298	0.185	0.568
EWB00_003565	EWB00_003359	6182.A0A4Z2D923	6182.C1LMR7	0	0	0	0	0	0	0	0.612	0.612
EWB00_003565	tsr	6182.A0A4Z2D923	6182.Q86ES4	0	0	0	0	0	0	0	0.612	0.612
EWB00_003565	EWB00_008934	6182.A0A4Z2D923	6182.A0A4Z2DSI5	0	0	0	0	0	0.104	0.557	0.104	0.613
EWB00_003565	fyn-prov	6182.A0A4Z2D923	6182.C1LGZ6	0	0	0	0	0	0.267	0.394	0.217	0.621
EWB00_003565	EWB00_009161	6182.A0A4Z2D923	6182.C1L3T0	0	0	0	0	0.089	0.283	0.372	0.205	0.630
EWB00_003565	EWB00_011039	6182.A0A4Z2D923	6182.A0A4Z2DN82	0	0	0	0	0.085	0.123	0.512	0.292	0.685
EWB00_003565	EWB00_002919	6182.A0A4Z2D923	6182.A0A4Z2DWJ9	0	0	0	0	0.085	0.123	0.512	0.292	0.685
EWB00_003565	EWB00_011263	6182.A0A4Z2D923	6182.A0A4Z2DKT9	0	0	0	0	0	0.104	0.356	0.504	0.688
EWB00_003565	EWB00_008857	6182.A0A4Z2D923	6182.A0A4Z2DY79	0	0	0	0	0	0.283	0.517	0.240	0.713
EWB00_003565	EWB00_002386	6182.A0A4Z2D923	6182.A0A4Z2DCG1	0	0	0	0	0	0	0.527	0.476	0.741
EWB00_003565	EWB00_009541	6182.A0A4Z2D923	6182.A0A4Z2DR60	0	0	0	0	0.046	0	0	0.769	0.770
EWB00_003565	EWB00_010647	6182.A0A4Z2D923	6182.Q5DHL6	0	0	0	0	0	0.257	0.298	0.632	0.791
EWB00_003565	EWB00_002775	6182.A0A4Z2D923	6182.A0A4Z2DBA8	0	0	0	0	0.218	0	0.462	0.652	0.840
EWB00_003565	EWB00_002869	6182.A0A4Z2D923	6182.A0A4Z2DAG8	0	0	0	0	0.091	0.297	0.544	0.540	0.848
EWB00_003565	EWB00_010398	6182.A0A4Z2D923	6182.A0A4Z2DXN3	0	0	0	0	0.110	0.127	0.076	0.828	0.859
EWB00_003565	EWB00_002103	6182.A0A4Z2D923	6182.A0A4Z2DDE8	0	0	0	0	0.059	0.596	0	0.800	0.917
EWB00_003565	Act5C	6182.A0A4Z2D923	6182.Q5DF69	0	0	0	0	0	0.292	0.827	0.438	0.925
EWB00_003565	EWB00_004876	6182.A0A4Z2D923	6182.A0A4Z2DUG9	0	0	0	0	0	0.310	0.816	0.564	0.939
EWB00_003565	EWB00_004878	6182.A0A4Z2D923	6182.A0A4Z2DUX1	0	0	0	0	0	0.310	0.816	0.564	0.939
EWB00_003565	EWB00_010649	6182.A0A4Z2D923	6182.A0A4Z2DN32	0	0	0	0	0.185	0.810	0.739	0.527	0.978
EWB00_003565	EWB00_002502	6182.A0A4Z2D923	6182.Q71TT8	0	0	0	0	0	0.310	0.935	0.613	0.981
EWB00_003565	EWB00_001225	6182.A0A4Z2D923	6182.A0A4Z2DG63	0	0	0	0	0.088	0.913	0.876	0.138	0.990
EWB00_003565	EWB00_006050	6182.A0A4Z2D923	6182.A0A4Z2DTJ0	0	0	0	0	0.197	0.916	0.876	0.819	0.998
EWB00_003565	EWB00_003429	6182.A0A4Z2D923	6182.A0A4Z2DWH7	0	0	0	0	0.045	0.932	0.910	0.829	0.998
EWB00_003565	EWB00_003146	6182.A0A4Z2D923	6182.A0A4Z2D9E0	0	0	0	0	0.309	0.929	0.909	0.829	0.999
EWB00_003590	EWB00_008411	6182.A0A4Z2D831	6182.A0A4Z2CQ40	0	0	0	0	0	0.298	0.254	0.090	0.481
EWB00_003590	EWB00_008231	6182.A0A4Z2D831	6182.A0A4Z2CRJ2	0	0	0	0	0	0.298	0.254	0.090	0.481
EWB00_003590	EWB00_010398	6182.A0A4Z2D831	6182.A0A4Z2DXN3	0	0	0	0	0	0.121	0.177	0.261	0.418
EWB00_003590	EWB00_004872	6182.A0A4Z2D831	6182.A0A4Z2DUW3	0	0	0	0	0	0.168	0.357	0.064	0.455
EWB00_003590	EWB00_010649	6182.A0A4Z2D831	6182.A0A4Z2DN32	0	0	0	0	0.042	0.090	0.355	0.182	0.478
EWB00_003590	EWB00_006050	6182.A0A4Z2D831	6182.A0A4Z2DTJ0	0	0	0	0	0.042	0.090	0.355	0.372	0.599
EWB00_003639	EWB00_010024	6182.A0A4Z2D7T8	6182.A0A4Z2CL49	0	0	0	0	0	0.158	0.478	0.091	0.565
EWB00_003639	EWB00_009457	6182.A0A4Z2D7T8	6182.A0A4Z2CLX5	0	0	0	0	0	0.158	0.478	0.091	0.565
EWB00_003639	EWB00_009122	6182.A0A4Z2D7T8	6182.A0A4Z2CN26	0	0	0	0	0	0.085	0.382	0	0.410
EWB00_003639	EWB00_009095	6182.A0A4Z2D7T8	6182.A0A4Z2CND2	0	0	0	0	0	0.141	0.385	0.063	0.461
EWB00_003639	EWB00_008993	6182.A0A4Z2D7T8	6182.A0A4Z2CNG2	0	0	0	0	0	0.093	0.387	0	0.420
EWB00_003639	EWB00_008683	6182.A0A4Z2D7T8	6182.A0A4Z2CNZ1	0	0	0	0	0	0.085	0.382	0	0.410
EWB00_003639	EWB00_008239	6182.A0A4Z2D7T8	6182.A0A4Z2CQY2	0	0	0	0	0	0.093	0.379	0.069	0.429
EWB00_003639	EWB00_008189	6182.A0A4Z2D7T8	6182.A0A4Z2CR88	0	0	0	0	0	0.141	0.385	0.063	0.461
EWB00_003639	EWB00_007978	6182.A0A4Z2D7T8	6182.A0A4Z2CSH8	0	0	0	0	0	0.100	0.393	0.104	0.467
EWB00_003639	EWB00_007965	6182.A0A4Z2D7T8	6182.A0A4Z2CSU9	0	0	0	0	0	0.123	0.320	0.075	0.400
EWB00_003639	EWB00_007640	6182.A0A4Z2D7T8	6182.A0A4Z2CTJ3	0	0	0	0	0	0.123	0.380	0	0.433
EWB00_003639	EWB00_007520	6182.A0A4Z2D7T8	6182.A0A4Z2CUE7	0	0	0	0	0	0.141	0.385	0.063	0.461
EWB00_003639	EWB00_007322	6182.A0A4Z2D7T8	6182.A0A4Z2CUR2	0	0	0	0	0	0.257	0.618	0.104	0.723
EWB00_003639	EWB00_007395	6182.A0A4Z2D7T8	6182.A0A4Z2CUS5	0	0	0	0	0	0.093	0.379	0.069	0.429
EWB00_003639	EWB00_006747	6182.A0A4Z2D7T8	6182.A0A4Z2CWY6	0	0	0	0	0.044	0.109	0.478	0.138	0.565
EWB00_003639	EWB00_006505	6182.A0A4Z2D7T8	6182.A0A4Z2CYG9	0	0	0	0	0	0.259	0.478	0.209	0.667
EWB00_003639	EWB00_006350	6182.A0A4Z2D7T8	6182.A0A4Z2CZ14	0	0	0	0	0	0.085	0.382	0	0.410
EWB00_003639	EWB00_006234	6182.A0A4Z2D7T8	6182.A0A4Z2CZ44	0	0	0	0	0	0.311	0.355	0	0.536
EWB00_003639	EWB00_006200	6182.A0A4Z2D7T8	6182.A0A4Z2CZM0	0	0	0	0	0	0.093	0.379	0.069	0.429
EWB00_003639	EWB00_006209	6182.A0A4Z2D7T8	6182.A0A4Z2CZP0	0	0	0	0.588	0	0	0.866	0	0.866
EWB00_003639	EWB00_006201	6182.A0A4Z2D7T8	6182.A0A4Z2CZR4	0	0	0	0	0	0.093	0.379	0.069	0.429
EWB00_003639	EWB00_005910	6182.A0A4Z2D7T8	6182.A0A4Z2D044	0	0	0	0	0	0.106	0.390	0.063	0.444
EWB00_003639	EWB00_005849	6182.A0A4Z2D7T8	6182.A0A4Z2D0D0	0	0	0	0	0	0.141	0.385	0.063	0.461
EWB00_003639	EWB00_006199	6182.A0A4Z2D7T8	6182.A0A4Z2D0J4	0	0	0	0	0	0.093	0.379	0.069	0.429
EWB00_003639	EWB00_005803	6182.A0A4Z2D7T8	6182.A0A4Z2D0N4	0	0	0	0	0	0	0.618	0.138	0.656
EWB00_003639	EWB00_005528	6182.A0A4Z2D7T8	6182.A0A4Z2D2F1	0	0	0	0	0	0.093	0.379	0.069	0.429
EWB00_003639	EWB00_004506	6182.A0A4Z2D7T8	6182.A0A4Z2D514	0	0	0	0	0	0.085	0.382	0	0.410
EWB00_003639	EWB00_004406	6182.A0A4Z2D7T8	6182.A0A4Z2D5D6	0	0	0	0	0	0.141	0.385	0.063	0.461
EWB00_003639	EWB00_004095	6182.A0A4Z2D7T8	6182.Q6PMM5	0	0	0	0	0	0.085	0.382	0	0.410
EWB00_003639	EWB00_007721	6182.A0A4Z2D7T8	6182.A0A4Z2DSU2	0	0	0	0	0	0.093	0.387	0	0.420
EWB00_003639	EWB00_004196	6182.A0A4Z2D7T8	6182.A0A4Z2DUY0	0	0	0	0	0	0.093	0.387	0	0.420
EWB00_003639	EWB00_008748	6182.A0A4Z2D7T8	6182.A0A4Z2DTN7	0	0	0	0	0	0.090	0.379	0.060	0.422
EWB00_003639	EWB00_002899	6182.A0A4Z2D7T8	6182.A0A4Z2DX55	0	0	0	0	0	0.090	0.379	0.060	0.422
EWB00_003639	EWB00_002858	6182.A0A4Z2D7T8	6182.A0A4Z2DAI3	0	0	0	0	0	0.098	0.390	0	0.426
EWB00_003639	EWB00_002386	6182.A0A4Z2D7T8	6182.A0A4Z2DCG1	0	0	0	0	0	0.098	0.390	0	0.426
EWB00_003639	EWB00_001311	6182.A0A4Z2D7T8	6182.A0A4Z2DG67	0	0	0	0	0	0.093	0.379	0.069	0.429
EWB00_003639	EWB00_001102	6182.A0A4Z2D7T8	6182.A0A4Z2DGT3	0	0	0	0	0	0.093	0.379	0.069	0.429
EWB00_003639	EWB00_000274	6182.A0A4Z2D7T8	6182.A0A4Z2DJH5	0	0	0	0	0	0.093	0.379	0.069	0.429
EWB00_003639	EWB00_010449	6182.A0A4Z2D7T8	6182.A0A4Z2DXL3	0	0	0	0	0	0.093	0.379	0.069	0.429
EWB00_003639	EWB00_010448	6182.A0A4Z2D7T8	6182.A0A4Z2DXQ5	0	0	0	0	0	0.093	0.379	0.069	0.429
EWB00_003639	EWB00_010450	6182.A0A4Z2D7T8	6182.A0A4Z2DXW2	0	0	0	0	0	0.093	0.379	0.069	0.429
EWB00_003639	EWB00_001471	6182.A0A4Z2D7T8	6182.A0A4Z2DFS2	0	0	0	0	0	0.123	0.380	0	0.433
EWB00_003639	PR2	6182.A0A4Z2D7T8	6182.C7TXQ4	0	0	0	0	0	0.123	0.380	0	0.433
EWB00_003639	EWB00_000516	6182.A0A4Z2D7T8	6182.A0A4Z2DIX5	0	0	0	0	0	0	0.441	0	0.441
EWB00_003639	EWB00_008934	6182.A0A4Z2D7T8	6182.A0A4Z2DSI5	0	0	0	0	0	0.123	0.389	0	0.441
EWB00_003639	EWB00_003063	6182.A0A4Z2D7T8	6182.A0A4Z2D9R8	0	0	0	0	0	0.123	0.377	0.065	0.444
EWB00_003639	Grb2	6182.A0A4Z2D7T8	6182.Q86F73	0	0	0	0	0	0.106	0.390	0.063	0.444
EWB00_003639	EWB00_011263	6182.A0A4Z2D7T8	6182.A0A4Z2DKT9	0	0	0	0	0	0.123	0.394	0.051	0.451
EWB00_003639	fyn-prov	6182.A0A4Z2D7T8	6182.C1LGZ6	0	0	0	0	0	0.141	0.385	0.063	0.461
EWB00_003639	EWB00_010687	6182.A0A4Z2D7T8	6182.A0A4Z2DNJ5	0	0	0	0	0	0.123	0.394	0.122	0.492
EWB00_003639	EWB00_003565	6182.A0A4Z2D7T8	6182.A0A4Z2D923	0	0	0	0	0.048	0.094	0.395	0.156	0.500
EWB00_003639	EWB00_001225	6182.A0A4Z2D7T8	6182.A0A4Z2DG63	0	0	0	0	0.048	0.094	0.395	0.156	0.500
EWB00_003639	EWB00_002182	6182.A0A4Z2D7T8	6182.A0A4Z2DD10	0	0	0	0	0	0.158	0.375	0.182	0.531
EWB00_003639	EWB00_002775	6182.A0A4Z2D7T8	6182.A0A4Z2DBA8	0	0	0	0	0	0.311	0.355	0	0.536
EWB00_003639	EWB00_003429	6182.A0A4Z2D7T8	6182.A0A4Z2DWH7	0	0	0	0	0	0.261	0.394	0.065	0.544
EWB00_003639	EWB00_002741	6182.A0A4Z2D7T8	6182.A0A4Z2DB14	0	0	0	0	0	0.194	0.478	0.046	0.563
EWB00_003639	EWB00_002103	6182.A0A4Z2D7T8	6182.A0A4Z2DDE8	0	0	0	0	0.044	0.109	0.478	0.138	0.565
EWB00_003639	EWB00_001036	6182.A0A4Z2D7T8	6182.A0A4Z2DH76	0	0	0	0	0	0	0.618	0	0.618
EWB00_003639	EWB00_003146	6182.A0A4Z2D7T8	6182.A0A4Z2D9E0	0	0	0	0	0	0.259	0.478	0.209	0.667
EWB00_003639	EWB00_010398	6182.A0A4Z2D7T8	6182.A0A4Z2DXN3	0	0	0	0	0	0.126	0.779	0.235	0.839
EWB00_003639	EWB00_002869	6182.A0A4Z2D7T8	6182.A0A4Z2DAG8	0	0	0	0	0	0.441	0.709	0.138	0.847
EWB00_003639	EWB00_011039	6182.A0A4Z2D7T8	6182.A0A4Z2DN82	0	0	0	0	0	0	0.944	0	0.944
EWB00_003639	EWB00_002919	6182.A0A4Z2D7T8	6182.A0A4Z2DWJ9	0	0	0	0.547	0	0	0.944	0	0.944
EWB00_003710	EWB00_009435	6182.A0A4Z2D7R1	6182.A0A4Z2CM43	0	0	0	0	0	0.090	0.916	0.769	0.980
EWB00_003710	EWB00_009267	6182.A0A4Z2D7R1	6182.A0A4Z2CML4	0	0	0	0	0	0.310	0	0.239	0.452
EWB00_003710	EWB00_009162	6182.A0A4Z2D7R1	6182.A0A4Z2CMV9	0	0	0	0	0	0.310	0	0.239	0.452
EWB00_003710	EWB00_009287	6182.A0A4Z2D7R1	6182.A0A4Z2CN04	0	0	0	0	0	0.114	0.373	0.386	0.629
EWB00_003710	EWB00_009117	6182.A0A4Z2D7R1	6182.A0A4Z2CN06	0	0	0	0	0	0.167	0.387	0.067	0.481
EWB00_003710	EWB00_009122	6182.A0A4Z2D7R1	6182.A0A4Z2CN26	0	0	0	0	0	0.506	0.377	0.148	0.714
EWB00_003710	EWB00_009095	6182.A0A4Z2D7R1	6182.A0A4Z2CND2	0	0	0	0	0	0.506	0.394	0.131	0.717
EWB00_003710	EWB00_008993	6182.A0A4Z2D7R1	6182.A0A4Z2CNG2	0	0	0	0	0	0.149	0	0.475	0.534
EWB00_003710	EWB00_008683	6182.A0A4Z2D7R1	6182.A0A4Z2CNZ1	0	0	0	0	0	0.506	0.377	0.148	0.714
EWB00_003710	EWB00_008239	6182.A0A4Z2D7R1	6182.A0A4Z2CQY2	0	0	0	0	0	0.141	0.374	0.155	0.505
EWB00_003710	EWB00_008162	6182.A0A4Z2D7R1	6182.A0A4Z2CR55	0	0	0	0	0.049	0.506	0.300	0.232	0.713
EWB00_003710	EWB00_008189	6182.A0A4Z2D7R1	6182.A0A4Z2CR88	0	0	0	0	0	0.506	0.394	0.131	0.717
EWB00_003710	EWB00_007978	6182.A0A4Z2D7R1	6182.A0A4Z2CSH8	0	0	0	0	0	0.154	0	0.321	0.401
EWB00_003710	EWB00_007965	6182.A0A4Z2D7R1	6182.A0A4Z2CSU9	0	0	0	0	0	0.506	0.300	0.236	0.712
EWB00_003710	EWB00_007640	6182.A0A4Z2D7R1	6182.A0A4Z2CTJ3	0	0	0	0	0.056	0.506	0.300	0.567	0.839
EWB00_003710	EWB00_007520	6182.A0A4Z2D7R1	6182.A0A4Z2CUE7	0	0	0	0	0	0.506	0.394	0.131	0.717
EWB00_003710	EWB00_007322	6182.A0A4Z2D7R1	6182.A0A4Z2CUR2	0	0	0	0	0.110	0.310	0.561	0.240	0.767
EWB00_003710	EWB00_007395	6182.A0A4Z2D7R1	6182.A0A4Z2CUS5	0	0	0	0	0	0.141	0.374	0.155	0.505
EWB00_003710	EWB00_006779	6182.A0A4Z2D7R1	6182.A0A4Z2CX29	0	0	0	0	0	0.133	0.394	0.043	0.453
EWB00_003710	EWB00_006607	6182.A0A4Z2D7R1	6182.A0A4Z2CXQ1	0	0	0	0	0	0.133	0.394	0.043	0.453
EWB00_003710	EWB00_006350	6182.A0A4Z2D7R1	6182.A0A4Z2CZ14	0	0	0	0	0	0.506	0.377	0.148	0.714
EWB00_003710	EWB00_006175	6182.A0A4Z2D7R1	6182.A0A4Z2CZK0	0	0	0	0	0	0.276	0	0.235	0.422
EWB00_003710	EWB00_006200	6182.A0A4Z2D7R1	6182.A0A4Z2CZM0	0	0	0	0	0	0.141	0.374	0.155	0.505
EWB00_003710	EWB00_006201	6182.A0A4Z2D7R1	6182.A0A4Z2CZR4	0	0	0	0	0	0.141	0.374	0.155	0.505
EWB00_003710	EWB00_005910	6182.A0A4Z2D7R1	6182.A0A4Z2D044	0	0	0	0	0	0.103	0.375	0.149	0.481
EWB00_003710	EWB00_005902	6182.A0A4Z2D7R1	6182.A0A4Z2D084	0	0	0	0	0.265	0.951	0.936	0.799	0.999
EWB00_003710	EWB00_005849	6182.A0A4Z2D7R1	6182.A0A4Z2D0D0	0	0	0	0	0	0.506	0.394	0.131	0.717
EWB00_003710	EWB00_006199	6182.A0A4Z2D7R1	6182.A0A4Z2D0J4	0	0	0	0	0	0.141	0.374	0.155	0.505
EWB00_003710	EWB00_005385	6182.A0A4Z2D7R1	6182.A0A4Z2D1Q0	0	0	0	0	0	0.380	0.244	0.448	0.718
EWB00_003710	EWB00_005528	6182.A0A4Z2D7R1	6182.A0A4Z2D2F1	0	0	0	0	0	0.141	0.374	0.155	0.505
EWB00_003710	EWB00_005166	6182.A0A4Z2D7R1	6182.A0A4Z2D2Y7	0	0	0	0	0.101	0.228	0	0.278	0.455
EWB00_003710	EWB00_004506	6182.A0A4Z2D7R1	6182.A0A4Z2D514	0	0	0	0	0	0.506	0.377	0.148	0.714
EWB00_003710	EWB00_004650	6182.A0A4Z2D7R1	6182.A0A4Z2D5A9	0	0	0	0	0	0.276	0	0.235	0.422
EWB00_003710	EWB00_004406	6182.A0A4Z2D7R1	6182.A0A4Z2D5D6	0	0	0	0	0	0.506	0.394	0.131	0.717
EWB00_003710	EWB00_004405	6182.A0A4Z2D7R1	6182.A0A4Z2D5F1	0	0	0	0	0	0.244	0	0.240	0.400
EWB00_003710	EWB00_004368	6182.A0A4Z2D7R1	6182.A0A4Z2D605	0	0	0	0	0	0.506	0.300	0.275	0.727
EWB00_003710	EWB00_004032	6182.A0A4Z2D7R1	6182.A0A4Z2D6K4	0	0	0	0	0.107	0.367	0	0.123	0.460
EWB00_003710	EWB00_000085	6182.A0A4Z2D7R1	6182.A0A4Z2DKG0	0	0	0	0	0	0.244	0	0.240	0.400
EWB00_003710	EWB00_008724	6182.A0A4Z2D7R1	6182.A0A4Z2DSJ8	0	0	0	0	0	0.244	0	0.240	0.400
EWB00_003710	EWB00_011320	6182.A0A4Z2D7R1	6182.Q5DBY2	0	0	0	0	0	0.244	0	0.240	0.400
EWB00_003710	EWB00_001391	6182.A0A4Z2D7R1	6182.A0A4Z2DWQ9	0	0	0	0	0	0.116	0	0.357	0.407
EWB00_003710	EWB00_003272	6182.A0A4Z2D7R1	6182.Q5DB60	0	0	0	0	0.087	0.257	0	0.200	0.409
EWB00_003710	EWB00_001618	6182.A0A4Z2D7R1	6182.A0A4Z2DF74	0	0	0	0	0	0.309	0	0.182	0.410
EWB00_003710	EWB00_003114	6182.A0A4Z2D7R1	6182.A0A4Z2D9R6	0	0	0	0	0	0.276	0	0.235	0.422
EWB00_003710	EWB00_007426	6182.A0A4Z2D7R1	6182.C1LJL2	0	0	0	0	0.088	0.309	0	0.182	0.439
EWB00_003710	EWB00_006002	6182.A0A4Z2D7R1	6182.A0A4Z2DTC9	0	0	0	0	0	0.310	0	0.239	0.452
EWB00_003710	EWB00_004876	6182.A0A4Z2D7R1	6182.A0A4Z2DUG9	0	0	0	0	0	0.310	0	0.239	0.452
EWB00_003710	EWB00_004878	6182.A0A4Z2D7R1	6182.A0A4Z2DUX1	0	0	0	0	0	0.310	0	0.239	0.452
EWB00_003710	EWB00_008857	6182.A0A4Z2D7R1	6182.A0A4Z2DY79	0	0	0	0	0	0.310	0	0.239	0.452
EWB00_003710	EWB00_009161	6182.A0A4Z2D7R1	6182.C1L3T0	0	0	0	0	0	0.310	0	0.239	0.452
EWB00_003710	Act5C	6182.A0A4Z2D7R1	6182.Q5DF69	0	0	0	0	0	0.310	0	0.239	0.452
EWB00_003710	EWB00_002502	6182.A0A4Z2D7R1	6182.Q71TT8	0	0	0	0	0	0.310	0	0.239	0.452
EWB00_003710	EWB00_002413	6182.A0A4Z2D7R1	6182.A0A4Z2DCK0	0	0	0	0	0	0.146	0.383	0.065	0.464
EWB00_003710	EWB00_001036	6182.A0A4Z2D7R1	6182.A0A4Z2DH76	0	0	0	0	0	0.087	0	0.446	0.472
EWB00_003710	Grb2	6182.A0A4Z2D7R1	6182.Q86F73	0	0	0	0	0	0.103	0.375	0.149	0.481
EWB00_003710	EWB00_001311	6182.A0A4Z2D7R1	6182.A0A4Z2DG67	0	0	0	0	0	0.141	0.374	0.155	0.505
EWB00_003710	EWB00_001102	6182.A0A4Z2D7R1	6182.A0A4Z2DGT3	0	0	0	0	0	0.141	0.374	0.155	0.505
EWB00_003710	EWB00_000274	6182.A0A4Z2D7R1	6182.A0A4Z2DJH5	0	0	0	0	0	0.141	0.374	0.155	0.505
EWB00_003710	EWB00_010449	6182.A0A4Z2D7R1	6182.A0A4Z2DXL3	0	0	0	0	0	0.141	0.374	0.155	0.505
EWB00_003710	EWB00_010448	6182.A0A4Z2D7R1	6182.A0A4Z2DXQ5	0	0	0	0	0	0.141	0.374	0.155	0.505
EWB00_003710	EWB00_010450	6182.A0A4Z2D7R1	6182.A0A4Z2DXW2	0	0	0	0	0	0.141	0.374	0.155	0.505
EWB00_003710	EWB00_007721	6182.A0A4Z2D7R1	6182.A0A4Z2DSU2	0	0	0	0	0	0.149	0	0.475	0.534
EWB00_003710	EWB00_004196	6182.A0A4Z2D7R1	6182.A0A4Z2DUY0	0	0	0	0	0	0.149	0	0.475	0.534
EWB00_003710	EWB00_004872	6182.A0A4Z2D7R1	6182.A0A4Z2DUW3	0	0	0	0	0	0.167	0.387	0.183	0.546
EWB00_003710	EWB00_010398	6182.A0A4Z2D7R1	6182.A0A4Z2DXN3	0	0	0	0	0	0.167	0.387	0.199	0.555
EWB00_003710	EWB00_003359	6182.A0A4Z2D7R1	6182.C1LMR7	0	0	0	0	0	0.237	0.115	0.403	0.561
EWB00_003710	tsr	6182.A0A4Z2D7R1	6182.Q86ES4	0	0	0	0	0	0.237	0.115	0.403	0.561
EWB00_003710	EWB00_009605	6182.A0A4Z2D7R1	6182.A0A4Z2DR61	0	0	0	0	0	0.167	0.469	0.097	0.565
EWB00_003710	EWB00_007519	6182.A0A4Z2D7R1	6182.Q5D9F6	0	0	0	0	0	0.308	0.294	0.186	0.567
EWB00_003710	EWB00_002869	6182.A0A4Z2D7R1	6182.A0A4Z2DAG8	0	0	0	0	0	0.143	0.354	0.335	0.599
EWB00_003710	EWB00_010647	6182.A0A4Z2D7R1	6182.Q5DHL6	0	0	0	0	0	0.572	0	0.205	0.645
EWB00_003710	EWB00_001594	6182.A0A4Z2D7R1	6182.A0A4Z2DF50	0	0	0	0	0	0.506	0.300	0.090	0.657
EWB00_003710	EWB00_010687	6182.A0A4Z2D7R1	6182.A0A4Z2DNJ5	0	0	0	0	0	0.506	0.300	0.090	0.657
EWB00_003710	EWB00_003747	6182.A0A4Z2D7R1	6182.A0A4Z2DVH8	0	0	0	0	0	0.506	0.300	0.090	0.657
EWB00_003710	EWB00_008934	6182.A0A4Z2D7R1	6182.A0A4Z2DSI5	0	0	0	0	0	0.506	0.300	0.097	0.660
EWB00_003710	cdk5	6182.A0A4Z2D7R1	6182.C1L6Q8	0	0	0	0	0	0.636	0	0.139	0.673
EWB00_003710	EWB00_001228	6182.A0A4Z2D7R1	6182.A0A4Z2DGB2	0	0	0	0	0.104	0.506	0.300	0.090	0.680
EWB00_003710	EWB00_003063	6182.A0A4Z2D7R1	6182.A0A4Z2D9R8	0	0	0	0	0	0.506	0.373	0.137	0.709
EWB00_003710	EWB00_004095	6182.A0A4Z2D7R1	6182.Q6PMM5	0	0	0	0	0	0.506	0.377	0.148	0.714
EWB00_003710	fyn-prov	6182.A0A4Z2D7R1	6182.C1LGZ6	0	0	0	0	0	0.506	0.394	0.131	0.717
EWB00_003710	EWB00_011263	6182.A0A4Z2D7R1	6182.A0A4Z2DKT9	0	0	0	0	0	0.633	0.300	0.314	0.808
EWB00_003710	EWB00_005467	6182.A0A4Z2D7R1	6182.A0A4Z2DU85	0	0	0	0	0.046	0.506	0.561	0.183	0.808
EWB00_003710	EWB00_001471	6182.A0A4Z2D7R1	6182.A0A4Z2DFS2	0	0	0	0	0	0.506	0.300	0.567	0.837
EWB00_003710	PR2	6182.A0A4Z2D7R1	6182.C7TXQ4	0	0	0	0	0	0.506	0.300	0.567	0.837
EWB00_003710	EWB00_007274	6182.A0A4Z2D7R1	6182.C1LH03	0	0	0	0	0.099	0.821	0	0.227	0.864
EWB00_003710	EWB00_002531	6182.A0A4Z2D7R1	6182.A0A4Z2DBU6	0	0	0	0	0	0.798	0.300	0.453	0.915
EWB00_003710	EWB00_001961	6182.A0A4Z2D7R1	6182.A0A4Z2DEA2	0	0	0	0	0.093	0.835	0.471	0.576	0.961
EWB00_003747	EWB00_009456	6182.A0A4Z2DVH8	6182.A0A4Z2CM06	0	0	0.415	0	0	0.123	0.340	0	0.631
EWB00_003747	EWB00_009435	6182.A0A4Z2DVH8	6182.A0A4Z2CM43	0	0	0	0	0	0.143	0.340	0	0.410
EWB00_003747	EWB00_009122	6182.A0A4Z2DVH8	6182.A0A4Z2CN26	0	0	0	0	0	0.204	0.360	0.050	0.473
EWB00_003747	EWB00_009095	6182.A0A4Z2DVH8	6182.A0A4Z2CND2	0	0	0.202	0.603	0	0.213	0.517	0	0.670
EWB00_003747	EWB00_008993	6182.A0A4Z2DVH8	6182.A0A4Z2CNG2	0	0	0	0	0	0.212	0.432	0.048	0.536
EWB00_003747	EWB00_008683	6182.A0A4Z2DVH8	6182.A0A4Z2CNZ1	0	0	0.220	0	0	0.204	0.360	0.050	0.571
EWB00_003747	EWB00_008411	6182.A0A4Z2DVH8	6182.A0A4Z2CQ40	0	0	0.180	0.558	0	0.145	0.395	0.046	0.541
EWB00_003747	EWB00_008189	6182.A0A4Z2DVH8	6182.A0A4Z2CR88	0	0	0	0	0	0.213	0.517	0	0.603
EWB00_003747	EWB00_008231	6182.A0A4Z2DVH8	6182.A0A4Z2CRJ2	0	0	0.164	0.584	0	0.145	0.473	0.046	0.592
EWB00_003747	EWB00_007959	6182.A0A4Z2DVH8	6182.A0A4Z2CS38	0	0	0.275	0	0	0.201	0.372	0	0.604
EWB00_003747	EWB00_007978	6182.A0A4Z2DVH8	6182.A0A4Z2CSH8	0	0	0	0	0	0.214	0.787	0.054	0.827
EWB00_003747	EWB00_007965	6182.A0A4Z2DVH8	6182.A0A4Z2CSU9	0	0	0.191	0.597	0.069	0	0.561	0	0.640
EWB00_003747	EWB00_007650	6182.A0A4Z2DVH8	6182.A0A4Z2CTZ5	0	0	0.157	0.584	0	0.138	0.335	0.054	0.481
EWB00_003747	EWB00_007520	6182.A0A4Z2DVH8	6182.A0A4Z2CUE7	0	0	0.185	0.617	0.059	0.248	0.771	0	0.850
EWB00_003747	EWB00_007322	6182.A0A4Z2DVH8	6182.A0A4Z2CUR2	0	0	0	0	0.129	0.248	0.821	0	0.872
EWB00_003747	EWB00_007161	6182.A0A4Z2DVH8	6182.A0A4Z2CVK4	0	0	0	0	0	0.135	0.370	0.335	0.605
EWB00_003747	EWB00_006350	6182.A0A4Z2DVH8	6182.A0A4Z2CZ14	0	0	0	0	0	0.204	0.360	0.050	0.473
EWB00_003747	EWB00_006175	6182.A0A4Z2DVH8	6182.A0A4Z2CZK0	0	0	0	0	0	0.229	0.355	0.047	0.484
EWB00_003747	EWB00_005910	6182.A0A4Z2DVH8	6182.A0A4Z2D044	0	0	0	0	0.130	0.244	0.739	0.121	0.828
EWB00_003747	EWB00_005849	6182.A0A4Z2DVH8	6182.A0A4Z2D0D0	0	0	0	0	0.166	0.283	0.618	0	0.751
EWB00_003747	EWB00_005803	6182.A0A4Z2DVH8	6182.A0A4Z2D0N4	0	0	0	0	0	0.235	0.373	0.050	0.504
EWB00_003747	EWB00_005166	6182.A0A4Z2DVH8	6182.A0A4Z2D2Y7	0	0	0.185	0.558	0	0.244	0.371	0.056	0.585
EWB00_003747	EWB00_004506	6182.A0A4Z2DVH8	6182.A0A4Z2D514	0	0	0	0	0	0.204	0.360	0.050	0.473
EWB00_003747	EWB00_004650	6182.A0A4Z2DVH8	6182.A0A4Z2D5A9	0	0	0	0	0	0.229	0.779	0.047	0.823
EWB00_003747	EWB00_004406	6182.A0A4Z2DVH8	6182.A0A4Z2D5D6	0	0	0	0	0.059	0.248	0.771	0	0.823
EWB00_003747	EWB00_004368	6182.A0A4Z2DVH8	6182.A0A4Z2D605	0	0	0	0	0	0	0.667	0.064	0.674
EWB00_003747	EWB00_004032	6182.A0A4Z2DVH8	6182.A0A4Z2D6K4	0	0	0	0	0	0.209	0.374	0.058	0.492
EWB00_003747	EWB00_003710	6182.A0A4Z2DVH8	6182.A0A4Z2D7R1	0	0	0	0	0	0.506	0.300	0.090	0.657
EWB00_003747	EWB00_003565	6182.A0A4Z2DVH8	6182.A0A4Z2D923	0	0	0	0	0	0.104	0.356	0.049	0.403
EWB00_003747	EWB00_003114	6182.A0A4Z2DVH8	6182.A0A4Z2D9R6	0	0	0.167	0.573	0	0.229	0.355	0.047	0.552
EWB00_003747	EWB00_003063	6182.A0A4Z2DVH8	6182.A0A4Z2D9R8	0	0	0.177	0.560	0	0.246	0.811	0	0.872
EWB00_003747	EWB00_002869	6182.A0A4Z2DVH8	6182.A0A4Z2DAG8	0	0	0	0	0.110	0.117	0.294	0.235	0.518
EWB00_003747	EWB00_002858	6182.A0A4Z2DVH8	6182.A0A4Z2DAI3	0	0	0.155	0.570	0	0.266	0.372	0.062	0.585
EWB00_003747	EWB00_002741	6182.A0A4Z2DVH8	6182.A0A4Z2DB14	0	0	0	0	0	0.250	0.373	0.050	0.514
EWB00_003747	EWB00_002781	6182.A0A4Z2DVH8	6182.A0A4Z2DBA4	0	0	0	0	0	0.107	0.373	0.043	0.417
EWB00_003747	EWB00_002797	6182.A0A4Z2DVH8	6182.A0A4Z2DBK5	0	0	0.202	0.562	0	0.143	0.349	0	0.515
EWB00_003747	EWB00_002531	6182.A0A4Z2DVH8	6182.A0A4Z2DBU6	0	0	0	0	0	0.119	0.554	0.046	0.592
EWB00_003747	EWB00_002386	6182.A0A4Z2DVH8	6182.A0A4Z2DCG1	0	0	0	0	0	0.266	0.372	0.062	0.529
EWB00_003747	EWB00_001225	6182.A0A4Z2DVH8	6182.A0A4Z2DG63	0	0	0	0	0	0.104	0.356	0.049	0.403
EWB00_003747	EWB00_000751	6182.A0A4Z2DVH8	6182.A0A4Z2DI18	0	0	0.170	0.563	0	0.201	0.372	0	0.547
EWB00_003747	EWB00_000516	6182.A0A4Z2DVH8	6182.A0A4Z2DIX5	0	0	0	0	0.109	0.262	0.381	0.055	0.563
EWB00_003747	EWB00_000422	6182.A0A4Z2DVH8	6182.A0A4Z2DIX7	0	0	0.212	0	0	0.107	0.373	0.043	0.521
EWB00_003747	EWB00_010643	6182.A0A4Z2DVH8	6182.A0A4Z2DN24	0	0	0	0	0	0.262	0.375	0.065	0.531
EWB00_003747	EWB00_009358	6182.A0A4Z2DVH8	6182.A0A4Z2DRM5	0	0	0	0	0	0.141	0.371	0.065	0.450
EWB00_003747	EWB00_007721	6182.A0A4Z2DVH8	6182.A0A4Z2DSU2	0	0	0	0	0	0.212	0.577	0.062	0.660
EWB00_003747	EWB00_008748	6182.A0A4Z2DVH8	6182.A0A4Z2DTN7	0	0	0.174	0.656	0	0.188	0.504	0.047	0.640
EWB00_003747	EWB00_004196	6182.A0A4Z2DVH8	6182.A0A4Z2DUY0	0	0	0	0	0	0.212	0.577	0.062	0.660
EWB00_003747	EWB00_007426	6182.A0A4Z2DVH8	6182.C1LJL2	0	0	0	0	0	0.165	0.282	0.082	0.401
EWB00_003747	cdk5	6182.A0A4Z2DVH8	6182.C1L6Q8	0	0	0	0	0	0.124	0.374	0	0.428
EWB00_003747	EWB00_003272	6182.A0A4Z2DVH8	6182.Q5DB60	0	0	0	0	0	0.190	0.329	0.048	0.437
EWB00_003747	EWB00_004095	6182.A0A4Z2DVH8	6182.Q6PMM5	0	0	0	0	0	0.204	0.360	0.050	0.473
EWB00_003747	EWB00_005112	6182.A0A4Z2DVH8	6182.C1LH53	0	0	0.190	0.596	0	0.123	0.340	0	0.490
EWB00_003747	CKI-alpha	6182.A0A4Z2DVH8	6182.C1L4B0	0	0	0.213	0	0	0.107	0.373	0.043	0.521
EWB00_003747	EWB00_001391	6182.A0A4Z2DVH8	6182.A0A4Z2DWQ9	0	0	0.167	0.574	0	0.138	0.530	0	0.633
EWB00_003747	EWB00_002899	6182.A0A4Z2DVH8	6182.A0A4Z2DX55	0	0	0.181	0.586	0	0.188	0.504	0.047	0.643
EWB00_003747	Grb2	6182.A0A4Z2DVH8	6182.Q86F73	0	0	0	0	0.053	0.244	0.739	0.213	0.833
EWB00_003747	fyn-prov	6182.A0A4Z2DVH8	6182.C1LGZ6	0	0	0.159	0.685	0.059	0.248	0.771	0	0.845
EWB00_003876	EWB00_009267	6182.A0A4Z2D736	6182.A0A4Z2CML4	0	0	0	0	0	0.286	0.216	0.142	0.477
EWB00_003876	EWB00_009162	6182.A0A4Z2D736	6182.A0A4Z2CMV9	0	0	0	0	0	0.249	0.216	0.064	0.400
EWB00_003876	EWB00_009122	6182.A0A4Z2D736	6182.A0A4Z2CN26	0	0	0.187	0.617	0	0.253	0.099	0.067	0.421
EWB00_003876	EWB00_009095	6182.A0A4Z2D736	6182.A0A4Z2CND2	0	0	0.223	0.559	0	0.148	0.292	0	0.490
EWB00_003876	EWB00_008993	6182.A0A4Z2D736	6182.A0A4Z2CNG2	0	0	0.171	0.666	0	0.123	0.320	0.043	0.463
EWB00_003876	EWB00_008411	6182.A0A4Z2D736	6182.A0A4Z2CQ40	0	0	0.234	0.583	0	0.117	0.627	0.062	0.731
EWB00_003876	EWB00_008372	6182.A0A4Z2D736	6182.A0A4Z2CQJ6	0	0	0	0	0	0.296	0.385	0.088	0.570
EWB00_003876	EWB00_008231	6182.A0A4Z2D736	6182.A0A4Z2CRJ2	0	0	0.203	0.641	0	0.114	0.394	0.062	0.544
EWB00_003876	EWB00_007739	6182.A0A4Z2D736	6182.A0A4Z2CT39	0	0	0	0	0	0.095	0.381	0.047	0.419
EWB00_003876	EWB00_006505	6182.A0A4Z2D736	6182.A0A4Z2CYG9	0	0	0	0	0	0.097	0.367	0.104	0.443
EWB00_003876	EWB00_005910	6182.A0A4Z2D736	6182.A0A4Z2D044	0	0	0	0	0	0.099	0.380	0	0.417
EWB00_003876	EWB00_005116	6182.A0A4Z2D736	6182.A0A4Z2D2T5	0	0	0.196	0.590	0	0.238	0.381	0.065	0.597
EWB00_003876	EWB00_004032	6182.A0A4Z2D736	6182.A0A4Z2D6K4	0	0	0	0	0.069	0.116	0.627	0.053	0.670
EWB00_003876	EWB00_006002	6182.A0A4Z2D736	6182.A0A4Z2DTC9	0	0	0	0	0	0.249	0.216	0.064	0.400
EWB00_003876	EWB00_009161	6182.A0A4Z2D736	6182.C1L3T0	0	0	0	0	0	0.249	0.216	0.064	0.400
EWB00_003876	Grb2	6182.A0A4Z2D736	6182.Q86F73	0	0	0	0	0	0.099	0.380	0.042	0.418
EWB00_003876	EWB00_002899	6182.A0A4Z2D736	6182.A0A4Z2DX55	0	0	0.400	0	0	0	0.081	0.049	0.429
EWB00_003876	EWB00_008857	6182.A0A4Z2D736	6182.A0A4Z2DY79	0	0	0	0	0	0.258	0.216	0.105	0.433
EWB00_003876	EWB00_009358	6182.A0A4Z2D736	6182.A0A4Z2DRM5	0	0	0	0	0	0.122	0.384	0	0.436
EWB00_003876	EWB00_003114	6182.A0A4Z2D736	6182.A0A4Z2D9R6	0	0	0.229	0.596	0	0.254	0	0.104	0.439
EWB00_003876	fyn-prov	6182.A0A4Z2D736	6182.C1LGZ6	0	0	0.161	0.571	0	0.148	0.292	0	0.449
EWB00_003876	EWB00_010647	6182.A0A4Z2D736	6182.Q5DHL6	0	0	0	0	0	0.208	0.342	0.047	0.459
EWB00_003876	EWB00_007426	6182.A0A4Z2D736	6182.C1LJL2	0	0	0	0	0	0.208	0.342	0.063	0.469
EWB00_003876	EWB00_003272	6182.A0A4Z2D736	6182.Q5DB60	0	0	0.203	0.617	0	0.254	0.156	0.075	0.473
EWB00_003876	EWB00_003565	6182.A0A4Z2D736	6182.A0A4Z2D923	0	0	0	0	0.060	0.083	0.377	0.137	0.474
EWB00_003876	Act5C	6182.A0A4Z2D736	6182.Q5DF69	0	0	0	0	0	0.286	0.216	0.142	0.477
EWB00_003876	EWB00_007721	6182.A0A4Z2D736	6182.A0A4Z2DSU2	0	0	0	0	0	0.123	0.430	0.043	0.479
EWB00_003876	EWB00_004196	6182.A0A4Z2D736	6182.A0A4Z2DUY0	0	0	0	0	0	0.123	0.430	0.043	0.479
EWB00_003876	EWB00_003146	6182.A0A4Z2D736	6182.A0A4Z2D9E0	0	0	0	0	0	0.107	0.377	0.209	0.521
EWB00_003876	EWB00_004876	6182.A0A4Z2D736	6182.A0A4Z2DUG9	0	0	0	0	0	0.309	0.216	0.190	0.522
EWB00_003876	EWB00_004878	6182.A0A4Z2D736	6182.A0A4Z2DUX1	0	0	0	0	0	0.309	0.216	0.190	0.522
EWB00_003876	EWB00_002502	6182.A0A4Z2D736	6182.Q71TT8	0	0	0	0	0	0.309	0.216	0.190	0.522
EWB00_003876	EWB00_010727	6182.A0A4Z2D736	6182.A0A4Z2DNH6	0	0	0	0	0	0.175	0.386	0.137	0.524
EWB00_003876	EWB00_003429	6182.A0A4Z2D736	6182.A0A4Z2DWH7	0	0	0	0	0	0.187	0.377	0.182	0.549
EWB00_003876	PR2	6182.A0A4Z2D736	6182.C7TXQ4	0	0	0.458	0	0	0.148	0.103	0.064	0.560
EWB00_003876	EWB00_010649	6182.A0A4Z2D736	6182.A0A4Z2DN32	0	0	0	0	0	0.310	0.384	0.139	0.602
EWB00_003876	EWB00_006050	6182.A0A4Z2D736	6182.A0A4Z2DTJ0	0	0	0	0	0.087	0.534	0.394	0.219	0.771
EWB00_004032	EWB00_010024	6182.A0A4Z2D6K4	6182.A0A4Z2CL49	0	0	0	0	0.094	0.126	0.811	0.139	0.853
EWB00_004032	EWB00_009457	6182.A0A4Z2D6K4	6182.A0A4Z2CLX5	0	0	0	0	0.094	0.126	0.811	0.139	0.853
EWB00_004032	EWB00_009267	6182.A0A4Z2D6K4	6182.A0A4Z2CML4	0	0	0	0	0	0.280	0.394	0.155	0.599
EWB00_004032	EWB00_009162	6182.A0A4Z2D6K4	6182.A0A4Z2CMV9	0	0	0	0	0	0.280	0.385	0.104	0.568
EWB00_004032	EWB00_009287	6182.A0A4Z2D6K4	6182.A0A4Z2CN04	0	0	0	0	0	0.086	0	0.593	0.612
EWB00_004032	EWB00_009122	6182.A0A4Z2D6K4	6182.A0A4Z2CN26	0	0	0	0	0	0.506	0.771	0.122	0.892
EWB00_004032	EWB00_009095	6182.A0A4Z2D6K4	6182.A0A4Z2CND2	0	0	0	0	0	0.238	0.425	0	0.543
EWB00_004032	EWB00_008683	6182.A0A4Z2D6K4	6182.A0A4Z2CNZ1	0	0	0	0	0	0.506	0.811	0.122	0.910
EWB00_004032	EWB00_008411	6182.A0A4Z2D6K4	6182.A0A4Z2CQ40	0	0	0	0	0	0.149	0.381	0.052	0.457
EWB00_004032	EWB00_008162	6182.A0A4Z2D6K4	6182.A0A4Z2CR55	0	0	0	0	0	0.209	0.374	0	0.483
EWB00_004032	EWB00_008189	6182.A0A4Z2D6K4	6182.A0A4Z2CR88	0	0	0	0	0	0.238	0.425	0	0.543
EWB00_004032	EWB00_008231	6182.A0A4Z2D6K4	6182.A0A4Z2CRJ2	0	0	0	0	0	0.149	0.381	0.052	0.457
EWB00_004032	EWB00_007978	6182.A0A4Z2D6K4	6182.A0A4Z2CSH8	0	0	0	0	0.160	0.364	0.515	0.060	0.723
EWB00_004032	EWB00_007965	6182.A0A4Z2D6K4	6182.A0A4Z2CSU9	0	0	0.203	0	0	0.292	0.811	0.066	0.887
EWB00_004032	EWB00_007640	6182.A0A4Z2D6K4	6182.A0A4Z2CTJ3	0	0	0	0	0	0.277	0.478	0.064	0.615
EWB00_004032	EWB00_007520	6182.A0A4Z2D6K4	6182.A0A4Z2CUE7	0	0	0	0	0	0.373	0.771	0.063	0.853
EWB00_004032	EWB00_006747	6182.A0A4Z2D6K4	6182.A0A4Z2CWY6	0	0	0	0	0	0	0.379	0.086	0.408
EWB00_004032	EWB00_006779	6182.A0A4Z2D6K4	6182.A0A4Z2CX29	0	0	0	0	0	0.100	0.425	0.063	0.472
EWB00_004032	EWB00_006607	6182.A0A4Z2D6K4	6182.A0A4Z2CXQ1	0	0	0	0	0	0.100	0.425	0.063	0.472
EWB00_004032	EWB00_006350	6182.A0A4Z2D6K4	6182.A0A4Z2CZ14	0	0	0	0	0	0.506	0.425	0.122	0.728
EWB00_004032	EWB00_005849	6182.A0A4Z2D6K4	6182.A0A4Z2D0D0	0	0	0	0	0	0.269	0.478	0	0.602
EWB00_004032	EWB00_005166	6182.A0A4Z2D6K4	6182.A0A4Z2D2Y7	0	0	0	0	0	0.506	0.393	0.043	0.687
EWB00_004032	EWB00_004506	6182.A0A4Z2D6K4	6182.A0A4Z2D514	0	0	0	0	0	0.506	0.425	0.122	0.728
EWB00_004032	EWB00_004650	6182.A0A4Z2D6K4	6182.A0A4Z2D5A9	0	0	0	0	0	0.219	0.273	0.113	0.452
EWB00_004032	EWB00_004406	6182.A0A4Z2D6K4	6182.A0A4Z2D5D6	0	0	0	0	0	0.373	0.771	0.063	0.853
EWB00_004032	EWB00_004368	6182.A0A4Z2D6K4	6182.A0A4Z2D605	0	0	0	0	0	0.209	0.374	0.063	0.495
EWB00_004032	EWB00_001391	6182.A0A4Z2D6K4	6182.A0A4Z2DWQ9	0	0	0	0	0	0	0.432	0.068	0.447
EWB00_004032	EWB00_003710	6182.A0A4Z2D6K4	6182.A0A4Z2D7R1	0	0	0	0	0.107	0.367	0	0.123	0.460
EWB00_004032	EWB00_001594	6182.A0A4Z2D6K4	6182.A0A4Z2DF50	0	0	0	0	0	0.209	0.374	0	0.483
EWB00_004032	EWB00_001228	6182.A0A4Z2D6K4	6182.A0A4Z2DGB2	0	0	0	0	0	0.209	0.374	0	0.483
EWB00_004032	EWB00_010687	6182.A0A4Z2D6K4	6182.A0A4Z2DNJ5	0	0	0	0	0	0.209	0.374	0	0.483
EWB00_004032	EWB00_003747	6182.A0A4Z2D6K4	6182.A0A4Z2DVH8	0	0	0	0	0	0.209	0.374	0.058	0.492
EWB00_004032	EWB00_003063	6182.A0A4Z2D6K4	6182.A0A4Z2D9R8	0	0	0	0	0	0.209	0.374	0.064	0.496
EWB00_004032	EWB00_002103	6182.A0A4Z2D6K4	6182.A0A4Z2DDE8	0	0	0	0	0	0	0.384	0.217	0.497
EWB00_004032	EWB00_001618	6182.A0A4Z2D6K4	6182.A0A4Z2DF74	0	0	0	0	0	0.237	0.374	0.065	0.514
EWB00_004032	EWB00_007426	6182.A0A4Z2D6K4	6182.C1LJL2	0	0	0	0	0	0.237	0.374	0.066	0.514
EWB00_004032	EWB00_010647	6182.A0A4Z2D6K4	6182.Q5DHL6	0	0	0	0	0	0.237	0.378	0.065	0.517
EWB00_004032	EWB00_002531	6182.A0A4Z2D6K4	6182.A0A4Z2DBU6	0	0	0	0	0	0.258	0.374	0.062	0.526
EWB00_004032	EWB00_000320	6182.A0A4Z2D6K4	6182.A0A4Z2DXA7	0	0	0	0	0	0.080	0.519	0.062	0.548
EWB00_004032	EWB00_006002	6182.A0A4Z2D6K4	6182.A0A4Z2DTC9	0	0	0	0	0	0.280	0.385	0.104	0.568
EWB00_004032	EWB00_009161	6182.A0A4Z2D6K4	6182.C1L3T0	0	0	0	0	0	0.280	0.385	0.104	0.568
EWB00_004032	EWB00_003065	6182.A0A4Z2D6K4	6182.A0A4Z2D9U3	0	0	0	0	0	0	0.557	0.070	0.570
EWB00_004032	EWB00_011263	6182.A0A4Z2D6K4	6182.A0A4Z2DKT9	0	0	0	0	0	0.209	0.502	0	0.589
EWB00_004032	EWB00_004876	6182.A0A4Z2D6K4	6182.A0A4Z2DUG9	0	0	0	0	0	0.280	0.394	0.155	0.599
EWB00_004032	EWB00_004878	6182.A0A4Z2D6K4	6182.A0A4Z2DUX1	0	0	0	0	0	0.280	0.394	0.155	0.599
EWB00_004032	EWB00_008857	6182.A0A4Z2D6K4	6182.A0A4Z2DY79	0	0	0	0	0	0.280	0.394	0.155	0.599
EWB00_004032	Act5C	6182.A0A4Z2D6K4	6182.Q5DF69	0	0	0	0	0	0.280	0.394	0.155	0.599
EWB00_004032	EWB00_002502	6182.A0A4Z2D6K4	6182.Q71TT8	0	0	0	0	0	0.280	0.394	0.155	0.599
EWB00_004032	EWB00_001471	6182.A0A4Z2D6K4	6182.A0A4Z2DFS2	0	0	0	0	0	0.277	0.478	0.063	0.615
EWB00_004032	EWB00_003876	6182.A0A4Z2D6K4	6182.A0A4Z2D736	0	0	0	0	0.069	0.116	0.627	0.053	0.670
EWB00_004032	EWB00_005467	6182.A0A4Z2D6K4	6182.A0A4Z2DU85	0	0	0	0	0	0.506	0.521	0	0.753
EWB00_004032	EWB00_002858	6182.A0A4Z2D6K4	6182.A0A4Z2DAI3	0	0	0	0	0	0.389	0.618	0.126	0.778
EWB00_004032	fyn-prov	6182.A0A4Z2D6K4	6182.C1LGZ6	0	0	0	0	0	0.373	0.771	0.063	0.853
EWB00_004032	EWB00_001036	6182.A0A4Z2D6K4	6182.A0A4Z2DH76	0	0	0	0	0.060	0.129	0.876	0.064	0.892
EWB00_004032	EWB00_004095	6182.A0A4Z2D6K4	6182.Q6PMM5	0	0	0	0	0	0.506	0.811	0.122	0.910
EWB00_004032	EWB00_008934	6182.A0A4Z2D6K4	6182.A0A4Z2DSI5	0	0	0	0	0	0.310	0.876	0.045	0.911
EWB00_004032	PR2	6182.A0A4Z2D6K4	6182.C7TXQ4	0	0	0	0	0	0.311	0.876	0.063	0.912
EWB00_004032	EWB00_007519	6182.A0A4Z2D6K4	6182.Q5D9F6	0	0	0	0	0	0.432	0.876	0.078	0.929
EWB00_004032	EWB00_002386	6182.A0A4Z2D6K4	6182.A0A4Z2DCG1	0	0	0	0	0	0.506	0.876	0.170	0.944
EWB00_004032	EWB00_009358	6182.A0A4Z2D6K4	6182.A0A4Z2DRM5	0	0	0	0	0	0.596	0.876	0	0.947
EWB00_004032	EWB00_000516	6182.A0A4Z2D6K4	6182.A0A4Z2DIX5	0	0	0	0	0	0.799	0.854	0.403	0.980
EWB00_004095	EWB00_010024	6182.Q6PMM5	6182.A0A4Z2CL49	0	0	0	0	0	0.302	0.723	0.153	0.821
EWB00_004095	EWB00_009457	6182.Q6PMM5	6182.A0A4Z2CLX5	0	0	0	0	0	0.302	0.723	0.153	0.821
EWB00_004095	EWB00_009456	6182.Q6PMM5	6182.A0A4Z2CM06	0	0	0.291	0	0	0.506	0.425	0.067	0.786
EWB00_004095	EWB00_009435	6182.Q6PMM5	6182.A0A4Z2CM43	0	0	0	0	0.049	0.084	0.594	0	0.615
EWB00_004095	EWB00_009224	6182.Q6PMM5	6182.A0A4Z2CMJ2	0	0	0	0	0	0.253	0.373	0.055	0.518
EWB00_004095	EWB00_009287	6182.Q6PMM5	6182.A0A4Z2CN04	0	0	0	0	0	0.122	0.383	0.071	0.452
EWB00_004095	EWB00_009122	6182.Q6PMM5	6182.A0A4Z2CN26	0	0	0	0	0	0.506	0.811	0	0.902
EWB00_004095	EWB00_009095	6182.Q6PMM5	6182.A0A4Z2CND2	0	0	0	0	0	0.204	0.392	0.069	0.510
EWB00_004095	EWB00_008993	6182.Q6PMM5	6182.A0A4Z2CNG2	0	0	0	0	0.045	0.311	0.330	0.079	0.539
EWB00_004095	EWB00_008683	6182.Q6PMM5	6182.A0A4Z2CNZ1	0	0	0	0	0	0	0.884	0	0.884
EWB00_004095	EWB00_008528	6182.Q6PMM5	6182.A0A4Z2CPM6	0	0	0	0	0	0.318	0.379	0.098	0.584
EWB00_004095	EWB00_008411	6182.Q6PMM5	6182.A0A4Z2CQ40	0	0	0	0	0	0.309	0.394	0.068	0.575
EWB00_004095	EWB00_008162	6182.Q6PMM5	6182.A0A4Z2CR55	0	0	0	0	0	0.204	0.360	0.050	0.473
EWB00_004095	EWB00_008189	6182.Q6PMM5	6182.A0A4Z2CR88	0	0	0	0	0	0.204	0.392	0.069	0.510
EWB00_004095	EWB00_008231	6182.Q6PMM5	6182.A0A4Z2CRJ2	0	0	0	0	0	0.309	0.395	0.068	0.576
EWB00_004095	EWB00_007978	6182.Q6PMM5	6182.A0A4Z2CSH8	0	0	0	0	0	0.506	0.391	0.097	0.704
EWB00_004095	EWB00_007965	6182.Q6PMM5	6182.A0A4Z2CSU9	0	0	0	0	0	0.204	0.360	0.065	0.482
EWB00_004095	EWB00_007640	6182.Q6PMM5	6182.A0A4Z2CTJ3	0	0	0	0	0	0.204	0.378	0.139	0.536
EWB00_004095	EWB00_007520	6182.Q6PMM5	6182.A0A4Z2CUE7	0	0	0	0	0	0.219	0.473	0.180	0.633
EWB00_004095	EWB00_007322	6182.Q6PMM5	6182.A0A4Z2CUR2	0	0	0	0	0	0.107	0.771	0.074	0.794
EWB00_004095	EWB00_007161	6182.Q6PMM5	6182.A0A4Z2CVK4	0	0	0.155	0.606	0	0.834	0.771	0.138	0.968
EWB00_004095	EWB00_006209	6182.Q6PMM5	6182.A0A4Z2CZP0	0	0	0	0	0	0.112	0.395	0	0.439
EWB00_004095	EWB00_005849	6182.Q6PMM5	6182.A0A4Z2D0D0	0	0	0	0	0	0.204	0.395	0.086	0.521
EWB00_004095	EWB00_005166	6182.Q6PMM5	6182.A0A4Z2D2Y7	0	0	0	0	0	0.309	0.811	0.135	0.877
EWB00_004095	EWB00_004406	6182.Q6PMM5	6182.A0A4Z2D5D6	0	0	0	0	0	0.219	0.473	0.180	0.633
EWB00_004095	EWB00_004405	6182.Q6PMM5	6182.A0A4Z2D5F1	0	0	0	0	0	0.281	0.378	0.063	0.544
EWB00_004095	EWB00_004368	6182.Q6PMM5	6182.A0A4Z2D605	0	0	0	0	0.047	0.302	0.360	0.088	0.559
EWB00_004095	EWB00_004032	6182.Q6PMM5	6182.A0A4Z2D6K4	0	0	0	0	0	0.506	0.811	0.122	0.910
EWB00_004095	EWB00_003710	6182.Q6PMM5	6182.A0A4Z2D7R1	0	0	0	0	0	0.506	0.377	0.148	0.714
EWB00_004095	EWB00_003639	6182.Q6PMM5	6182.A0A4Z2D7T8	0	0	0	0	0	0.085	0.382	0	0.410
EWB00_004095	EWB00_003470	6182.Q6PMM5	6182.A0A4Z2D886	0	0	0	0	0	0.506	0	0	0.506
EWB00_004095	EWB00_003565	6182.Q6PMM5	6182.A0A4Z2D923	0	0	0	0	0	0.129	0.464	0.107	0.546
EWB00_004095	EWB00_003146	6182.Q6PMM5	6182.A0A4Z2D9E0	0	0	0	0	0	0	0.469	0.045	0.471
EWB00_004095	EWB00_003063	6182.Q6PMM5	6182.A0A4Z2D9R8	0	0	0	0	0	0.204	0.360	0.064	0.481
EWB00_004095	EWB00_003065	6182.Q6PMM5	6182.A0A4Z2D9U3	0	0	0	0	0	0.289	0.771	0.071	0.835
EWB00_004095	EWB00_002869	6182.Q6PMM5	6182.A0A4Z2DAG8	0	0	0	0	0	0.124	0.394	0.060	0.457
EWB00_004095	EWB00_002858	6182.Q6PMM5	6182.A0A4Z2DAI3	0	0	0	0	0	0.506	0.860	0.189	0.939
EWB00_004095	EWB00_002531	6182.Q6PMM5	6182.A0A4Z2DBU6	0	0	0	0	0.070	0.301	0.370	0.138	0.599
EWB00_004095	EWB00_002386	6182.Q6PMM5	6182.A0A4Z2DCG1	0	0	0	0	0.112	0.846	0.942	0.238	0.993
EWB00_004095	EWB00_002182	6182.Q6PMM5	6182.A0A4Z2DD10	0	0	0	0	0	0.253	0.512	0.064	0.628
EWB00_004095	EWB00_002194	6182.Q6PMM5	6182.A0A4Z2DDD6	0	0	0	0	0	0.653	0.884	0.075	0.959
EWB00_004095	EWB00_001594	6182.Q6PMM5	6182.A0A4Z2DF50	0	0	0	0	0.056	0.204	0.360	0.127	0.523
EWB00_004095	EWB00_001471	6182.Q6PMM5	6182.A0A4Z2DFS2	0	0	0	0	0	0.204	0.378	0.123	0.527
EWB00_004095	EWB00_001343	6182.Q6PMM5	6182.A0A4Z2DFX9	0	0	0	0	0.091	0.298	0.771	0.138	0.857
EWB00_004095	EWB00_001225	6182.Q6PMM5	6182.A0A4Z2DG63	0	0	0	0	0	0.098	0.528	0	0.556
EWB00_004095	EWB00_001228	6182.Q6PMM5	6182.A0A4Z2DGB2	0	0	0	0	0.043	0.204	0.360	0.050	0.474
EWB00_004095	EWB00_000516	6182.Q6PMM5	6182.A0A4Z2DIX5	0	0	0	0	0	0.093	0.395	0.068	0.443
EWB00_004095	EWB00_000085	6182.Q6PMM5	6182.A0A4Z2DKG0	0	0	0	0	0	0.281	0.517	0.063	0.646
EWB00_004095	EWB00_011263	6182.Q6PMM5	6182.A0A4Z2DKT9	0	0	0	0	0	0.367	0.811	0.104	0.883
EWB00_004095	EWB00_010643	6182.Q6PMM5	6182.A0A4Z2DN24	0	0	0	0	0	0	0.510	0.090	0.535
EWB00_004095	EWB00_011039	6182.Q6PMM5	6182.A0A4Z2DN82	0	0	0	0	0	0.112	0.395	0	0.439
EWB00_004095	EWB00_010687	6182.Q6PMM5	6182.A0A4Z2DNJ5	0	0	0	0	0	0.204	0.474	0.059	0.571
EWB00_004095	EWB00_009358	6182.Q6PMM5	6182.A0A4Z2DRM5	0	0	0.207	0	0	0.310	0.811	0.477	0.938
EWB00_004095	EWB00_008934	6182.Q6PMM5	6182.A0A4Z2DSI5	0	0	0	0	0.091	0.576	0.811	0.135	0.928
EWB00_004095	EWB00_008724	6182.Q6PMM5	6182.A0A4Z2DSJ8	0	0	0	0	0	0.356	0.378	0.064	0.592
EWB00_004095	EWB00_007721	6182.Q6PMM5	6182.A0A4Z2DSU2	0	0	0	0	0.046	0.311	0.658	0.079	0.765
EWB00_004095	EWB00_006050	6182.Q6PMM5	6182.A0A4Z2DTJ0	0	0	0	0	0	0.382	0	0.143	0.447
EWB00_004095	EWB00_008748	6182.Q6PMM5	6182.A0A4Z2DTN7	0	0	0.166	0.589	0	0.141	0.483	0.050	0.601
EWB00_004095	EWB00_005467	6182.Q6PMM5	6182.A0A4Z2DU85	0	0	0	0	0	0.224	0.811	0.050	0.848
EWB00_004095	EWB00_004196	6182.Q6PMM5	6182.A0A4Z2DUY0	0	0	0	0	0.046	0.311	0.658	0.079	0.765
EWB00_004095	EWB00_003747	6182.Q6PMM5	6182.A0A4Z2DVH8	0	0	0	0	0	0.204	0.360	0.050	0.473
EWB00_004095	EWB00_003429	6182.Q6PMM5	6182.A0A4Z2DWH7	0	0	0	0	0	0.506	0	0.098	0.535
EWB00_004095	EWB00_002919	6182.Q6PMM5	6182.A0A4Z2DWJ9	0	0	0	0	0	0.112	0.395	0	0.439
EWB00_004095	EWB00_002899	6182.Q6PMM5	6182.A0A4Z2DX55	0	0	0	0	0	0.110	0.383	0	0.427
EWB00_004095	EWB00_000320	6182.Q6PMM5	6182.A0A4Z2DXA7	0	0	0	0	0.044	0.103	0.563	0.063	0.601
EWB00_004095	EWB00_010398	6182.Q6PMM5	6182.A0A4Z2DXN3	0	0	0	0	0	0.438	0	0.104	0.474
EWB00_004095	fyn-prov	6182.Q6PMM5	6182.C1LGZ6	0	0	0	0	0	0.219	0.473	0.180	0.633
EWB00_004095	EWB00_005112	6182.Q6PMM5	6182.C1LH53	0	0	0	0	0	0.826	0.811	0.183	0.970
EWB00_004095	PR2	6182.Q6PMM5	6182.C7TXQ4	0	0	0.220	0	0	0.275	0.811	0.123	0.893
EWB00_004095	EWB00_007519	6182.Q6PMM5	6182.Q5D9F6	0	0	0	0	0.060	0.120	0.771	0	0.794
EWB00_004095	EWB00_003272	6182.Q6PMM5	6182.Q5DB60	0	0	0	0	0	0.311	0.387	0.064	0.570
EWB00_004095	EWB00_011320	6182.Q6PMM5	6182.Q5DBY2	0	0	0.152	0.600	0	0.281	0.378	0.063	0.597
EWB00_004095	Grb2	6182.Q6PMM5	6182.Q86F73	0	0	0	0	0	0	0.391	0.475	0.666
EWB00_004122	EWB00_009117	6182.A0A4Z2D6I6	6182.A0A4Z2CN06	0	0	0	0	0	0.227	0.293	0	0.430
EWB00_004122	EWB00_007322	6182.A0A4Z2D6I6	6182.A0A4Z2CUR2	0	0	0	0	0	0.060	0	0.390	0.402
EWB00_004122	EWB00_006747	6182.A0A4Z2D6I6	6182.A0A4Z2CWY6	0	0	0	0	0.112	0.506	0	0.303	0.667
EWB00_004122	EWB00_005803	6182.A0A4Z2D6I6	6182.A0A4Z2D0N4	0	0	0	0	0	0	0.471	0	0.471
EWB00_004122	EWB00_009605	6182.A0A4Z2D6I6	6182.A0A4Z2DR61	0	0	0	0	0	0.227	0.293	0	0.430
EWB00_004122	EWB00_004872	6182.A0A4Z2D6I6	6182.A0A4Z2DUW3	0	0	0	0	0	0.227	0.293	0	0.430
EWB00_004122	EWB00_010643	6182.A0A4Z2D6I6	6182.A0A4Z2DN24	0	0	0	0	0	0.456	0	0.093	0.485
EWB00_004122	EWB00_003429	6182.A0A4Z2D6I6	6182.A0A4Z2DWH7	0	0	0	0	0	0.181	0.380	0.105	0.505
EWB00_004122	EWB00_002103	6182.A0A4Z2D6I6	6182.A0A4Z2DDE8	0	0	0	0	0.112	0.506	0	0.303	0.667
EWB00_004122	EWB00_010398	6182.A0A4Z2D6I6	6182.A0A4Z2DXN3	0	0	0	0	0.154	0.830	0.510	0.540	0.963
EWB00_004137	EWB00_009267	6182.A0A4Z2D773	6182.A0A4Z2CML4	0	0	0	0	0	0.262	0.353	0.054	0.508
EWB00_004137	EWB00_009162	6182.A0A4Z2D773	6182.A0A4Z2CMV9	0	0	0	0	0	0.262	0.353	0.054	0.508
EWB00_004137	EWB00_009095	6182.A0A4Z2D773	6182.A0A4Z2CND2	0	0	0	0	0	0.082	0.379	0	0.405
EWB00_004137	EWB00_008411	6182.A0A4Z2D773	6182.A0A4Z2CQ40	0	0	0	0	0	0.088	0.380	0	0.410
EWB00_004137	EWB00_008162	6182.A0A4Z2D773	6182.A0A4Z2CR55	0	0	0	0	0	0.082	0.375	0	0.401
EWB00_004137	EWB00_008189	6182.A0A4Z2D773	6182.A0A4Z2CR88	0	0	0	0	0	0.082	0.379	0	0.405
EWB00_004137	EWB00_008231	6182.A0A4Z2D773	6182.A0A4Z2CRJ2	0	0	0	0	0	0.088	0.380	0	0.410
EWB00_004137	EWB00_007520	6182.A0A4Z2D773	6182.A0A4Z2CUE7	0	0	0	0	0	0.082	0.379	0	0.405
EWB00_004137	EWB00_005849	6182.A0A4Z2D773	6182.A0A4Z2D0D0	0	0	0	0	0	0.082	0.379	0	0.405
EWB00_004137	EWB00_004406	6182.A0A4Z2D773	6182.A0A4Z2D5D6	0	0	0	0	0	0.082	0.379	0	0.405
EWB00_004137	fyn-prov	6182.A0A4Z2D773	6182.C1LGZ6	0	0	0	0	0	0.082	0.379	0	0.405
EWB00_004137	EWB00_001618	6182.A0A4Z2D773	6182.A0A4Z2DF74	0	0	0	0	0	0.230	0.272	0	0.415
EWB00_004137	EWB00_007426	6182.A0A4Z2D773	6182.C1LJL2	0	0	0	0	0	0.230	0.272	0	0.415
EWB00_004137	EWB00_010647	6182.A0A4Z2D773	6182.Q5DHL6	0	0	0	0	0	0.230	0.272	0	0.415
EWB00_004137	EWB00_006002	6182.A0A4Z2D773	6182.A0A4Z2DTC9	0	0	0	0	0	0.262	0.353	0.054	0.508
EWB00_004137	EWB00_004876	6182.A0A4Z2D773	6182.A0A4Z2DUG9	0	0	0	0	0	0.262	0.353	0.054	0.508
EWB00_004137	EWB00_004878	6182.A0A4Z2D773	6182.A0A4Z2DUX1	0	0	0	0	0	0.262	0.353	0.054	0.508
EWB00_004137	EWB00_008857	6182.A0A4Z2D773	6182.A0A4Z2DY79	0	0	0	0	0	0.262	0.353	0.054	0.508
EWB00_004137	EWB00_009161	6182.A0A4Z2D773	6182.C1L3T0	0	0	0	0	0	0.262	0.353	0.054	0.508
EWB00_004137	Act5C	6182.A0A4Z2D773	6182.Q5DF69	0	0	0	0	0	0.262	0.353	0.054	0.508
EWB00_004137	EWB00_002502	6182.A0A4Z2D773	6182.Q71TT8	0	0	0	0	0	0.262	0.353	0.054	0.508
EWB00_004137	EWB00_010727	6182.A0A4Z2D773	6182.A0A4Z2DNH6	0	0	0	0	0	0	0.930	0	0.930
EWB00_004179	EWB00_009456	6182.C1LFA8	6182.A0A4Z2CM06	0	0	0.438	0	0	0	0	0	0.438
EWB00_004179	EWB00_003114	6182.C1LFA8	6182.A0A4Z2D9R6	0	0	0.390	0	0	0.121	0	0.046	0.443
EWB00_004179	EWB00_002797	6182.C1LFA8	6182.A0A4Z2DBK5	0	0	0.405	0	0	0	0	0	0.405
EWB00_004179	EWB00_008748	6182.C1LFA8	6182.A0A4Z2DTN7	0	0	0.403	0	0	0	0	0.054	0.411
EWB00_004179	PR2	6182.C1LFA8	6182.C7TXQ4	0	0	0.371	0	0	0.128	0	0	0.428
EWB00_004196	EWB00_009287	6182.A0A4Z2DUY0	6182.A0A4Z2CN04	0	0	0	0	0	0	0.771	0.153	0.797
EWB00_004196	EWB00_009122	6182.A0A4Z2DUY0	6182.A0A4Z2CN26	0	0	0	0	0.052	0.311	0.563	0.079	0.701
EWB00_004196	EWB00_009095	6182.A0A4Z2DUY0	6182.A0A4Z2CND2	0	0	0.177	0.619	0	0.212	0.378	0.043	0.562
EWB00_004196	EWB00_008993	6182.A0A4Z2DUY0	6182.A0A4Z2CNG2	0	0	0.071	0.938	0	0	0.875	0	0.878
EWB00_004196	EWB00_008683	6182.A0A4Z2DUY0	6182.A0A4Z2CNZ1	0	0	0	0	0.046	0.311	0.658	0.079	0.765
EWB00_004196	EWB00_008372	6182.A0A4Z2DUY0	6182.A0A4Z2CQJ6	0	0	0	0	0	0.113	0.534	0.042	0.569
EWB00_004196	EWB00_008162	6182.A0A4Z2DUY0	6182.A0A4Z2CR55	0	0	0.166	0.627	0	0.212	0.298	0.043	0.499
EWB00_004196	EWB00_008189	6182.A0A4Z2DUY0	6182.A0A4Z2CR88	0	0	0	0	0	0.212	0.378	0.049	0.493
EWB00_004196	EWB00_007965	6182.A0A4Z2DUY0	6182.A0A4Z2CSU9	0	0	0	0	0	0.212	0.658	0.120	0.742
EWB00_004196	EWB00_007640	6182.A0A4Z2DUY0	6182.A0A4Z2CTJ3	0	0	0.165	0.611	0	0.212	0.298	0.048	0.501
EWB00_004196	EWB00_007520	6182.A0A4Z2DUY0	6182.A0A4Z2CUE7	0	0	0	0	0	0.245	0.391	0.065	0.532
EWB00_004196	EWB00_007322	6182.A0A4Z2DUY0	6182.A0A4Z2CUR2	0	0	0	0	0	0	0.771	0.045	0.771
EWB00_004196	EWB00_007161	6182.A0A4Z2DUY0	6182.A0A4Z2CVK4	0	0	0	0	0	0.506	0.469	0	0.726
EWB00_004196	EWB00_006350	6182.A0A4Z2DUY0	6182.A0A4Z2CZ14	0	0	0	0	0.045	0.311	0.330	0.079	0.539
EWB00_004196	EWB00_006175	6182.A0A4Z2DUY0	6182.A0A4Z2CZK0	0	0	0	0	0.058	0.311	0.320	0	0.520
EWB00_004196	EWB00_006209	6182.A0A4Z2DUY0	6182.A0A4Z2CZP0	0	0	0	0	0	0.112	0.387	0	0.432
EWB00_004196	EWB00_005849	6182.A0A4Z2DUY0	6182.A0A4Z2D0D0	0	0	0	0	0	0.212	0.382	0.064	0.504
EWB00_004196	EWB00_005385	6182.A0A4Z2DUY0	6182.A0A4Z2D1Q0	0	0	0	0	0	0.384	0.618	0.066	0.761
EWB00_004196	EWB00_005116	6182.A0A4Z2DUY0	6182.A0A4Z2D2T5	0	0	0	0	0	0.109	0.395	0	0.437
EWB00_004196	EWB00_005166	6182.A0A4Z2DUY0	6182.A0A4Z2D2Y7	0	0	0	0	0	0.506	0.771	0	0.882
EWB00_004196	EWB00_004506	6182.A0A4Z2DUY0	6182.A0A4Z2D514	0	0	0	0	0.045	0.311	0.330	0.079	0.539
EWB00_004196	EWB00_004650	6182.A0A4Z2DUY0	6182.A0A4Z2D5A9	0	0	0	0	0.131	0.485	0.819	0	0.911
EWB00_004196	EWB00_004406	6182.A0A4Z2DUY0	6182.A0A4Z2D5D6	0	0	0	0	0	0.245	0.391	0.065	0.532
EWB00_004196	EWB00_004405	6182.A0A4Z2DUY0	6182.A0A4Z2D5F1	0	0	0	0	0.143	0.233	0.345	0.055	0.538
EWB00_004196	EWB00_004368	6182.A0A4Z2DUY0	6182.A0A4Z2D605	0	0	0	0	0.096	0.358	0.819	0.123	0.895
EWB00_004196	EWB00_003876	6182.A0A4Z2DUY0	6182.A0A4Z2D736	0	0	0	0	0	0.123	0.430	0.043	0.479
EWB00_004196	EWB00_003710	6182.A0A4Z2DUY0	6182.A0A4Z2D7R1	0	0	0	0	0	0.149	0	0.475	0.534
EWB00_004196	EWB00_003639	6182.A0A4Z2DUY0	6182.A0A4Z2D7T8	0	0	0	0	0	0.093	0.387	0	0.420
EWB00_004196	EWB00_003114	6182.A0A4Z2DUY0	6182.A0A4Z2D9R6	0	0	0	0	0.058	0.311	0.320	0	0.520
EWB00_004196	EWB00_003063	6182.A0A4Z2DUY0	6182.A0A4Z2D9R8	0	0	0	0	0	0.212	0.298	0.043	0.424
EWB00_004196	EWB00_002869	6182.A0A4Z2DUY0	6182.A0A4Z2DAG8	0	0	0	0	0	0.080	0.563	0.063	0.590
EWB00_004196	EWB00_002858	6182.A0A4Z2DUY0	6182.A0A4Z2DAI3	0	0	0	0	0	0.129	0.478	0.065	0.537
EWB00_004196	EWB00_002781	6182.A0A4Z2DUY0	6182.A0A4Z2DBA4	0	0	0	0	0	0.102	0.771	0.190	0.818
EWB00_004196	EWB00_002531	6182.A0A4Z2DUY0	6182.A0A4Z2DBU6	0	0	0	0	0	0.234	0.397	0.066	0.530
EWB00_004196	EWB00_002386	6182.A0A4Z2DUY0	6182.A0A4Z2DCG1	0	0	0.153	0.651	0	0.139	0.771	0.073	0.824
EWB00_004196	EWB00_002194	6182.A0A4Z2DUY0	6182.A0A4Z2DDD6	0	0	0	0	0	0	0.444	0	0.444
EWB00_004196	EWB00_001594	6182.A0A4Z2DUY0	6182.A0A4Z2DF50	0	0	0	0	0	0.212	0.298	0.043	0.424
EWB00_004196	EWB00_001471	6182.A0A4Z2DUY0	6182.A0A4Z2DFS2	0	0	0	0	0	0.212	0.298	0.048	0.427
EWB00_004196	EWB00_001228	6182.A0A4Z2DUY0	6182.A0A4Z2DGB2	0	0	0	0	0	0.212	0.298	0.071	0.441
EWB00_004196	EWB00_001091	6182.A0A4Z2DUY0	6182.A0A4Z2DGZ7	0	0	0	0	0	0	0.771	0	0.771
EWB00_004196	EWB00_000516	6182.A0A4Z2DUY0	6182.A0A4Z2DIX5	0	0	0	0	0	0.363	0	0.102	0.403
EWB00_004196	EWB00_000422	6182.A0A4Z2DUY0	6182.A0A4Z2DIX7	0	0	0	0	0	0.092	0.478	0.095	0.533
EWB00_004196	EWB00_000085	6182.A0A4Z2DUY0	6182.A0A4Z2DKG0	0	0	0.077	0.924	0.143	0.233	0.816	0.055	0.875
EWB00_004196	EWB00_011263	6182.A0A4Z2DUY0	6182.A0A4Z2DKT9	0	0	0	0	0	0.212	0.298	0.043	0.424
EWB00_004196	EWB00_011156	6182.A0A4Z2DUY0	6182.A0A4Z2DLU7	0	0	0	0	0	0.119	0.382	0	0.432
EWB00_004196	EWB00_010643	6182.A0A4Z2DUY0	6182.A0A4Z2DN24	0	0	0	0	0	0	0.434	0	0.434
EWB00_004196	EWB00_011039	6182.A0A4Z2DUY0	6182.A0A4Z2DN82	0	0	0	0	0	0.112	0.387	0	0.432
EWB00_004196	EWB00_010687	6182.A0A4Z2DUY0	6182.A0A4Z2DNJ5	0	0	0	0	0	0.212	0.298	0.043	0.424
EWB00_004196	EWB00_008934	6182.A0A4Z2DUY0	6182.A0A4Z2DSI5	0	0	0	0	0	0.212	0.771	0.043	0.812
EWB00_004196	EWB00_008724	6182.A0A4Z2DUY0	6182.A0A4Z2DSJ8	0	0	0	0	0.143	0.352	0.345	0.055	0.610
EWB00_004196	EWB00_007721	6182.A0A4Z2DUY0	6182.A0A4Z2DSU2	0	0	0.055	0.971	0	0	0.540	0	0.546
EWB00_004196	EWB00_008748	6182.A0A4Z2DUY0	6182.A0A4Z2DTN7	0	0	0.172	0.598	0	0.091	0.378	0.051	0.496
EWB00_004196	EWB00_005467	6182.A0A4Z2DUY0	6182.A0A4Z2DU85	0	0	0	0	0	0.212	0.298	0.043	0.424
EWB00_004196	EWB00_004811	6182.A0A4Z2DUY0	6182.A0A4Z2DUN6	0	0	0	0	0	0.129	0.393	0	0.448
EWB00_004196	EWB00_002919	6182.A0A4Z2DUY0	6182.A0A4Z2DWJ9	0	0	0	0	0	0.112	0.387	0	0.432
EWB00_004196	CKI-alpha	6182.A0A4Z2DUY0	6182.C1L4B0	0	0	0	0	0	0.088	0.425	0.080	0.475
EWB00_004196	EWB00_001391	6182.A0A4Z2DUY0	6182.A0A4Z2DWQ9	0	0	0	0	0	0.109	0.478	0.056	0.522
EWB00_004196	EWB00_002899	6182.A0A4Z2DUY0	6182.A0A4Z2DX55	0	0	0.259	0	0	0.069	0.377	0	0.532
EWB00_004196	fyn-prov	6182.A0A4Z2DUY0	6182.C1LGZ6	0	0	0.152	0.609	0	0.245	0.391	0.065	0.586
EWB00_004196	PR2	6182.A0A4Z2DUY0	6182.C7TXQ4	0	0	0.324	0	0	0.212	0.298	0.048	0.596
EWB00_004196	EWB00_011320	6182.A0A4Z2DUY0	6182.Q5DBY2	0	0	0.169	0.662	0.143	0.233	0.345	0.055	0.600
EWB00_004196	EWB00_003747	6182.A0A4Z2DUY0	6182.A0A4Z2DVH8	0	0	0	0	0	0.212	0.577	0.062	0.660
EWB00_004196	EWB00_000320	6182.A0A4Z2DUY0	6182.A0A4Z2DXA7	0	0	0	0	0.152	0.295	0.493	0.066	0.679
EWB00_004196	EWB00_004095	6182.A0A4Z2DUY0	6182.Q6PMM5	0	0	0	0	0.046	0.311	0.658	0.079	0.765
EWB00_004243	EWB00_009435	6182.A0A4Z2D5G0	6182.A0A4Z2CM43	0	0	0	0	0	0.803	0.876	0.063	0.975
EWB00_004243	EWB00_009095	6182.A0A4Z2D5G0	6182.A0A4Z2CND2	0	0	0	0	0	0.175	0.387	0.070	0.488
EWB00_004243	EWB00_008528	6182.A0A4Z2D5G0	6182.A0A4Z2CPM6	0	0	0	0	0.147	0.055	0.364	0	0.442
EWB00_004243	EWB00_008189	6182.A0A4Z2D5G0	6182.A0A4Z2CR88	0	0	0	0	0	0.175	0.387	0.070	0.488
EWB00_004243	EWB00_007965	6182.A0A4Z2D5G0	6182.A0A4Z2CSU9	0	0	0	0	0	0.124	0.811	0	0.827
EWB00_004243	EWB00_007640	6182.A0A4Z2D5G0	6182.A0A4Z2CTJ3	0	0	0	0	0.144	0.124	0.379	0.064	0.505
EWB00_004243	EWB00_007520	6182.A0A4Z2D5G0	6182.A0A4Z2CUE7	0	0	0	0	0	0.255	0.394	0.085	0.550
EWB00_004243	EWB00_007322	6182.A0A4Z2D5G0	6182.A0A4Z2CUR2	0	0	0	0	0	0.191	0	0.641	0.697
EWB00_004243	EWB00_005910	6182.A0A4Z2D5G0	6182.A0A4Z2D044	0	0	0	0	0	0.396	0.518	0	0.696
EWB00_004243	EWB00_005849	6182.A0A4Z2D5G0	6182.A0A4Z2D0D0	0	0	0	0	0	0.229	0.391	0.115	0.548
EWB00_004243	EWB00_005803	6182.A0A4Z2D5G0	6182.A0A4Z2D0N4	0	0	0	0	0	0.646	0	0.104	0.669
EWB00_004243	EWB00_004406	6182.A0A4Z2D5G0	6182.A0A4Z2D5D6	0	0	0	0	0	0.255	0.394	0.085	0.550
EWB00_004243	EWB00_010643	6182.A0A4Z2D5G0	6182.A0A4Z2DN24	0	0	0	0	0	0	0.386	0.064	0.400
EWB00_004243	EWB00_010687	6182.A0A4Z2D5G0	6182.A0A4Z2DNJ5	0	0	0	0	0	0.260	0.276	0	0.441
EWB00_004243	EWB00_009479	6182.A0A4Z2D5G0	6182.A0A4Z2DRN3	0	0	0	0	0.486	0	0	0	0.486
EWB00_004243	EWB00_001471	6182.A0A4Z2D5G0	6182.A0A4Z2DFS2	0	0	0	0	0.144	0.124	0.379	0.064	0.505
EWB00_004243	PR2	6182.A0A4Z2D5G0	6182.C7TXQ4	0	0	0	0	0.144	0.124	0.379	0.064	0.505
EWB00_004243	fyn-prov	6182.A0A4Z2D5G0	6182.C1LGZ6	0	0	0	0	0	0.255	0.394	0.085	0.550
EWB00_004243	EWB00_002899	6182.A0A4Z2D5G0	6182.A0A4Z2DX55	0	0	0	0	0	0.134	0.517	0	0.563
EWB00_004243	EWB00_003063	6182.A0A4Z2D5G0	6182.A0A4Z2D9R8	0	0	0	0	0	0.309	0.388	0.103	0.587
EWB00_004243	EWB00_008748	6182.A0A4Z2D5G0	6182.A0A4Z2DTN7	0	0	0	0	0	0.134	0.811	0	0.829
EWB00_004243	Grb2	6182.A0A4Z2D5G0	6182.Q86F73	0	0	0	0	0	0.799	0.727	0	0.942
EWB00_004325	EWB00_008372	6182.A0A4Z2D5X8	6182.A0A4Z2CQJ6	0	0	0	0	0.059	0.131	0.394	0.054	0.468
EWB00_004325	EWB00_008035	6182.A0A4Z2D5X8	6182.A0A4Z2CRV6	0	0	0	0	0	0.290	0.394	0.075	0.567
EWB00_004325	EWB00_005116	6182.A0A4Z2D5X8	6182.A0A4Z2D2T5	0	0	0.170	0.571	0.059	0.131	0.394	0.054	0.539
EWB00_004325	EWB00_002531	6182.A0A4Z2D5X8	6182.A0A4Z2DBU6	0	0	0	0	0	0.131	0.375	0	0.433
EWB00_004325	EWB00_004368	6182.A0A4Z2D5X8	6182.A0A4Z2D605	0	0	0	0	0	0.131	0.376	0	0.434
EWB00_004325	EWB00_003272	6182.A0A4Z2D5X8	6182.Q5DB60	0	0	0.162	0.625	0.047	0.110	0.380	0	0.500
EWB00_004368	EWB00_009435	6182.A0A4Z2D605	6182.A0A4Z2CM43	0	0	0	0	0	0.143	0.340	0	0.410
EWB00_004368	EWB00_009267	6182.A0A4Z2D605	6182.A0A4Z2CML4	0	0	0	0	0	0.165	0.344	0.185	0.514
EWB00_004368	EWB00_009162	6182.A0A4Z2D605	6182.A0A4Z2CMV9	0	0	0	0	0	0.165	0.282	0.114	0.422
EWB00_004368	EWB00_009287	6182.A0A4Z2D605	6182.A0A4Z2CN04	0	0	0	0	0	0.309	0.876	0.676	0.969
EWB00_004368	EWB00_009122	6182.A0A4Z2D605	6182.A0A4Z2CN26	0	0	0	0	0	0.285	0.360	0.162	0.583
EWB00_004368	EWB00_009095	6182.A0A4Z2D605	6182.A0A4Z2CND2	0	0	0	0	0	0.114	0.390	0.062	0.448
EWB00_004368	EWB00_008993	6182.A0A4Z2D605	6182.A0A4Z2CNG2	0	0	0	0	0.096	0.311	0.946	0.118	0.966
EWB00_004368	EWB00_008683	6182.A0A4Z2D605	6182.A0A4Z2CNZ1	0	0	0	0	0.047	0.302	0.360	0.088	0.559
EWB00_004368	EWB00_008648	6182.A0A4Z2D605	6182.A0A4Z2CP90	0	0	0	0	0	0.131	0.376	0	0.434
EWB00_004368	EWB00_008411	6182.A0A4Z2D605	6182.A0A4Z2CQ40	0	0	0	0	0	0.145	0.363	0.046	0.435
EWB00_004368	EWB00_008189	6182.A0A4Z2D605	6182.A0A4Z2CR88	0	0	0	0	0	0.114	0.390	0.062	0.448
EWB00_004368	EWB00_008231	6182.A0A4Z2D605	6182.A0A4Z2CRJ2	0	0	0	0	0	0.145	0.363	0.046	0.435
EWB00_004368	EWB00_007959	6182.A0A4Z2D605	6182.A0A4Z2CS38	0	0	0	0	0	0.201	0.372	0	0.476
EWB00_004368	EWB00_007978	6182.A0A4Z2D605	6182.A0A4Z2CSH8	0	0	0	0	0	0.214	0.372	0.076	0.504
EWB00_004368	EWB00_007650	6182.A0A4Z2D605	6182.A0A4Z2CTZ5	0	0	0	0	0	0.138	0.335	0.054	0.410
EWB00_004368	EWB00_007520	6182.A0A4Z2D605	6182.A0A4Z2CUE7	0	0	0	0	0	0.119	0.394	0.072	0.461
EWB00_004368	EWB00_007322	6182.A0A4Z2D605	6182.A0A4Z2CUR2	0	0	0	0	0	0.248	0.379	0.059	0.522
EWB00_004368	EWB00_007221	6182.A0A4Z2D605	6182.A0A4Z2CVB7	0	0	0	0	0	0.162	0	0.403	0.478
EWB00_004368	EWB00_007161	6182.A0A4Z2D605	6182.A0A4Z2CVK4	0	0	0	0	0	0.135	0.370	0.064	0.445
EWB00_004368	EWB00_006350	6182.A0A4Z2D605	6182.A0A4Z2CZ14	0	0	0	0	0	0.285	0.360	0.061	0.532
EWB00_004368	EWB00_006175	6182.A0A4Z2D605	6182.A0A4Z2CZK0	0	0	0	0	0	0.348	0.355	0.104	0.590
EWB00_004368	EWB00_005910	6182.A0A4Z2D605	6182.A0A4Z2D044	0	0	0	0	0	0.244	0.370	0.060	0.513
EWB00_004368	EWB00_005849	6182.A0A4Z2D605	6182.A0A4Z2D0D0	0	0	0	0	0.046	0.144	0.390	0.062	0.470
EWB00_004368	EWB00_005803	6182.A0A4Z2D605	6182.A0A4Z2D0N4	0	0	0	0	0	0.155	0.373	0.064	0.460
EWB00_004368	EWB00_005385	6182.A0A4Z2D605	6182.A0A4Z2D1Q0	0	0	0	0	0	0.506	0.057	0.070	0.528
EWB00_004368	EWB00_005166	6182.A0A4Z2D605	6182.A0A4Z2D2Y7	0	0	0	0	0	0.244	0.376	0.092	0.534
EWB00_004368	EWB00_004506	6182.A0A4Z2D605	6182.A0A4Z2D514	0	0	0	0	0	0.285	0.360	0.061	0.532
EWB00_004368	EWB00_004650	6182.A0A4Z2D605	6182.A0A4Z2D5A9	0	0	0	0	0.053	0.506	0.355	0.104	0.693
EWB00_004368	EWB00_004406	6182.A0A4Z2D605	6182.A0A4Z2D5D6	0	0	0	0	0	0.119	0.394	0.072	0.461
EWB00_004368	EWB00_004325	6182.A0A4Z2D605	6182.A0A4Z2D5X8	0	0	0	0	0	0.131	0.376	0	0.434
EWB00_004368	EWB00_002797	6182.A0A4Z2D605	6182.A0A4Z2DBK5	0	0	0	0	0	0.143	0.349	0.043	0.419
EWB00_004368	EWB00_010647	6182.A0A4Z2D605	6182.Q5DHL6	0	0	0	0	0.111	0.165	0.282	0	0.420
EWB00_004368	EWB00_006002	6182.A0A4Z2D605	6182.A0A4Z2DTC9	0	0	0	0	0	0.165	0.282	0.114	0.422
EWB00_004368	EWB00_009161	6182.A0A4Z2D605	6182.C1L3T0	0	0	0	0	0	0.165	0.282	0.114	0.422
EWB00_004368	EWB00_008932	6182.A0A4Z2D605	6182.A0A4Z2DSG0	0	0	0	0	0	0.131	0.376	0	0.434
EWB00_004368	EWB00_001343	6182.A0A4Z2D605	6182.A0A4Z2DFX9	0	0	0	0	0.110	0.197	0.272	0.062	0.446
EWB00_004368	EWB00_003429	6182.A0A4Z2D605	6182.A0A4Z2DWH7	0	0	0	0	0	0.127	0.335	0.123	0.446
EWB00_004368	EWB00_008857	6182.A0A4Z2D605	6182.A0A4Z2DY79	0	0	0	0	0	0.165	0.282	0.155	0.449
EWB00_004368	fyn-prov	6182.A0A4Z2D605	6182.C1LGZ6	0	0	0	0	0	0.119	0.394	0.072	0.461
EWB00_004368	EWB00_000751	6182.A0A4Z2D605	6182.A0A4Z2DI18	0	0	0	0	0	0.201	0.372	0	0.476
EWB00_004368	EWB00_004032	6182.A0A4Z2D605	6182.A0A4Z2D6K4	0	0	0	0	0	0.209	0.374	0.063	0.495
EWB00_004368	EWB00_007426	6182.A0A4Z2D605	6182.C1LJL2	0	0	0	0	0	0.165	0.282	0.238	0.503
EWB00_004368	EWB00_009358	6182.A0A4Z2D605	6182.A0A4Z2DRM5	0	0	0	0	0	0.244	0.371	0.055	0.511
EWB00_004368	EWB00_002741	6182.A0A4Z2D605	6182.A0A4Z2DB14	0	0	0	0	0	0.250	0.373	0.050	0.514
EWB00_004368	Act5C	6182.A0A4Z2D605	6182.Q5DF69	0	0	0	0	0	0.165	0.344	0.185	0.514
EWB00_004368	EWB00_003272	6182.A0A4Z2D605	6182.Q5DB60	0	0	0	0	0	0.234	0.394	0.089	0.540
EWB00_004368	Grb2	6182.A0A4Z2D605	6182.Q86F73	0	0	0	0	0	0.244	0.370	0.138	0.553
EWB00_004368	EWB00_004876	6182.A0A4Z2D605	6182.A0A4Z2DUG9	0	0	0	0	0	0.165	0.371	0.228	0.559
EWB00_004368	EWB00_004878	6182.A0A4Z2D605	6182.A0A4Z2DUX1	0	0	0	0	0	0.165	0.371	0.228	0.559
EWB00_004368	EWB00_004095	6182.A0A4Z2D605	6182.Q6PMM5	0	0	0	0	0.047	0.302	0.360	0.088	0.559
EWB00_004368	EWB00_002502	6182.A0A4Z2D605	6182.Q71TT8	0	0	0	0	0	0.165	0.371	0.228	0.559
EWB00_004368	EWB00_003565	6182.A0A4Z2D605	6182.A0A4Z2D923	0	0	0	0	0	0.285	0.356	0.123	0.560
EWB00_004368	EWB00_010643	6182.A0A4Z2D605	6182.A0A4Z2DN24	0	0	0	0	0	0.262	0.375	0.125	0.561
EWB00_004368	EWB00_002531	6182.A0A4Z2D605	6182.A0A4Z2DBU6	0	0	0	0	0	0.241	0.451	0	0.565
EWB00_004368	EWB00_003114	6182.A0A4Z2D605	6182.A0A4Z2D9R6	0	0	0	0	0	0.348	0.355	0.104	0.590
EWB00_004368	EWB00_000516	6182.A0A4Z2D605	6182.A0A4Z2DIX5	0	0	0	0	0.147	0.274	0.388	0.092	0.609
EWB00_004368	EWB00_000085	6182.A0A4Z2D605	6182.A0A4Z2DKG0	0	0	0	0	0	0.210	0.530	0.065	0.622
EWB00_004368	EWB00_010398	6182.A0A4Z2D605	6182.A0A4Z2DXN3	0	0	0	0	0	0.311	0.124	0.480	0.658
EWB00_004368	EWB00_001225	6182.A0A4Z2D605	6182.A0A4Z2DG63	0	0	0	0	0	0.506	0.356	0.049	0.671
EWB00_004368	EWB00_003747	6182.A0A4Z2D605	6182.A0A4Z2DVH8	0	0	0	0	0	0	0.667	0.064	0.674
EWB00_004368	CKI-alpha	6182.A0A4Z2D605	6182.C1L4B0	0	0	0	0	0	0.295	0.517	0.224	0.712
EWB00_004368	EWB00_003710	6182.A0A4Z2D605	6182.A0A4Z2D7R1	0	0	0	0	0	0.506	0.300	0.275	0.727
EWB00_004368	EWB00_002858	6182.A0A4Z2D605	6182.A0A4Z2DAI3	0	0	0	0	0.043	0.309	0.618	0.088	0.738
EWB00_004368	EWB00_000320	6182.A0A4Z2D605	6182.A0A4Z2DXA7	0	0	0	0	0.050	0.117	0.733	0	0.756
EWB00_004368	EWB00_000422	6182.A0A4Z2D605	6182.A0A4Z2DIX7	0	0	0	0	0	0.309	0.618	0.293	0.797
EWB00_004368	PR2	6182.A0A4Z2D605	6182.C7TXQ4	0	0	0	0	0	0.801	0.055	0.057	0.807
EWB00_004368	EWB00_008934	6182.A0A4Z2D605	6182.A0A4Z2DSI5	0	0	0	0	0	0.102	0.876	0.060	0.886
EWB00_004368	EWB00_004196	6182.A0A4Z2D605	6182.A0A4Z2DUY0	0	0	0	0	0.096	0.358	0.819	0.123	0.895
EWB00_004368	cdk5	6182.A0A4Z2D605	6182.C1L6Q8	0	0	0	0	0	0.169	0.876	0.087	0.897
EWB00_004368	EWB00_007721	6182.A0A4Z2D605	6182.A0A4Z2DSU2	0	0	0	0	0.096	0.358	0.844	0.123	0.909
EWB00_004368	EWB00_002386	6182.A0A4Z2D605	6182.A0A4Z2DCG1	0	0	0	0	0.045	0.309	0.876	0.088	0.915
EWB00_004368	EWB00_005467	6182.A0A4Z2D605	6182.A0A4Z2DU85	0	0	0	0	0	0.527	0.876	0.064	0.940
EWB00_004368	EWB00_002781	6182.A0A4Z2D605	6182.A0A4Z2DBA4	0	0	0	0	0	0.506	0.909	0.757	0.988
EWB00_004368	EWB00_011263	6182.A0A4Z2D605	6182.A0A4Z2DKT9	0	0	0	0	0.045	0.881	0.876	0.409	0.990
EWB00_004405	EWB00_009456	6182.A0A4Z2D5F1	6182.A0A4Z2CM06	0	0	0.520	0	0	0	0	0	0.520
EWB00_004405	EWB00_009122	6182.A0A4Z2D5F1	6182.A0A4Z2CN26	0	0	0.195	0.602	0	0.281	0.378	0.063	0.617
EWB00_004405	EWB00_009095	6182.A0A4Z2D5F1	6182.A0A4Z2CND2	0	0	0.220	0.592	0	0.161	0.240	0.043	0.460
EWB00_004405	EWB00_008993	6182.A0A4Z2D5F1	6182.A0A4Z2CNG2	0	0	0.186	0.645	0.143	0.233	0.345	0.055	0.608
EWB00_004405	EWB00_008683	6182.A0A4Z2D5F1	6182.A0A4Z2CNZ1	0	0	0	0	0	0.281	0.378	0.063	0.544
EWB00_004405	EWB00_008411	6182.A0A4Z2D5F1	6182.A0A4Z2CQ40	0	0	0.214	0.610	0	0.088	0.327	0.056	0.483
EWB00_004405	EWB00_008162	6182.A0A4Z2D5F1	6182.A0A4Z2CR55	0	0	0.226	0.587	0	0.161	0.196	0	0.432
EWB00_004405	EWB00_008231	6182.A0A4Z2D5F1	6182.A0A4Z2CRJ2	0	0	0.210	0.613	0	0.088	0.327	0.056	0.481
EWB00_004405	EWB00_007965	6182.A0A4Z2D5F1	6182.A0A4Z2CSU9	0	0	0.422	0	0	0.161	0.196	0	0.576
EWB00_004405	EWB00_007640	6182.A0A4Z2D5F1	6182.A0A4Z2CTJ3	0	0	0.224	0.590	0	0.161	0.196	0.065	0.445
EWB00_004405	EWB00_007322	6182.A0A4Z2D5F1	6182.A0A4Z2CUR2	0	0	0.174	0.588	0	0.102	0.290	0	0.427
EWB00_004405	EWB00_007161	6182.A0A4Z2D5F1	6182.A0A4Z2CVK4	0	0	0.151	0.747	0	0.166	0.389	0	0.529
EWB00_004405	EWB00_006350	6182.A0A4Z2D5F1	6182.A0A4Z2CZ14	0	0	0	0	0	0.281	0.378	0.063	0.544
EWB00_004405	EWB00_006175	6182.A0A4Z2D5F1	6182.A0A4Z2CZK0	0	0	0.200	0.608	0	0.260	0.188	0.065	0.490
EWB00_004405	EWB00_005116	6182.A0A4Z2D5F1	6182.A0A4Z2D2T5	0	0	0.162	0.680	0	0.103	0.270	0.065	0.418
EWB00_004405	EWB00_004506	6182.A0A4Z2D5F1	6182.A0A4Z2D514	0	0	0	0	0	0.281	0.378	0.063	0.544
EWB00_004405	EWB00_003710	6182.A0A4Z2D5F1	6182.A0A4Z2D7R1	0	0	0	0	0	0.244	0	0.240	0.400
EWB00_004405	EWB00_001343	6182.A0A4Z2D5F1	6182.A0A4Z2DFX9	0	0	0.406	0	0	0	0	0	0.406
EWB00_004405	EWB00_011263	6182.A0A4Z2D5F1	6182.A0A4Z2DKT9	0	0	0	0	0	0.161	0.324	0	0.408
EWB00_004405	EWB00_001228	6182.A0A4Z2D5F1	6182.A0A4Z2DGB2	0	0	0.207	0	0	0.161	0.196	0	0.418
EWB00_004405	EWB00_002899	6182.A0A4Z2D5F1	6182.A0A4Z2DX55	0	0	0.419	0	0	0	0	0	0.419
EWB00_004405	fyn-prov	6182.A0A4Z2D5F1	6182.C1LGZ6	0	0	0.180	0.580	0	0.161	0.240	0.043	0.432
EWB00_004405	EWB00_003065	6182.A0A4Z2D5F1	6182.A0A4Z2D9U3	0	0	0	0	0.047	0.137	0.381	0	0.446
EWB00_004405	EWB00_002797	6182.A0A4Z2D5F1	6182.A0A4Z2DBK5	0	0	0.188	0.683	0	0.120	0.288	0	0.446
EWB00_004405	EWB00_008934	6182.A0A4Z2D5F1	6182.A0A4Z2DSI5	0	0	0.257	0	0	0.161	0.196	0	0.455
EWB00_004405	EWB00_002413	6182.A0A4Z2D5F1	6182.A0A4Z2DCK0	0	0	0.456	0	0	0	0	0	0.456
EWB00_004405	EWB00_007519	6182.A0A4Z2D5F1	6182.Q5D9F6	0	0	0.184	0.594	0	0.110	0.341	0	0.479
EWB00_004405	EWB00_003114	6182.A0A4Z2D5F1	6182.A0A4Z2D9R6	0	0	0.195	0.665	0	0.260	0.188	0.065	0.487
EWB00_004405	EWB00_000516	6182.A0A4Z2D5F1	6182.A0A4Z2DIX5	0	0	0.163	0.629	0	0.085	0.386	0	0.488
EWB00_004405	EWB00_002858	6182.A0A4Z2D5F1	6182.A0A4Z2DAI3	0	0	0.213	0.595	0	0.185	0.255	0.083	0.503
EWB00_004405	EWB00_008748	6182.A0A4Z2D5F1	6182.A0A4Z2DTN7	0	0	0.506	0	0	0	0	0	0.506
EWB00_004405	EWB00_005112	6182.A0A4Z2D5F1	6182.C1LH53	0	0	0.515	0	0	0	0	0	0.515
EWB00_004405	EWB00_007721	6182.A0A4Z2D5F1	6182.A0A4Z2DSU2	0	0	0	0	0.143	0.233	0.345	0.055	0.538
EWB00_004405	EWB00_004196	6182.A0A4Z2D5F1	6182.A0A4Z2DUY0	0	0	0	0	0.143	0.233	0.345	0.055	0.538
EWB00_004405	EWB00_002531	6182.A0A4Z2D5F1	6182.A0A4Z2DBU6	0	0	0.366	0	0.055	0.161	0.196	0.047	0.544
EWB00_004405	EWB00_004095	6182.A0A4Z2D5F1	6182.Q6PMM5	0	0	0	0	0	0.281	0.378	0.063	0.544
EWB00_004405	PR2	6182.A0A4Z2D5F1	6182.C7TXQ4	0	0	0.489	0	0	0.161	0.196	0.065	0.634
EWB00_004405	EWB00_002386	6182.A0A4Z2D5F1	6182.A0A4Z2DCG1	0	0	0.422	0	0	0.185	0.255	0.083	0.635
EWB00_004406	EWB00_010024	6182.A0A4Z2D5D6	6182.A0A4Z2CL49	0	0	0	0	0	0.506	0.658	0.082	0.831
EWB00_004406	EWB00_009457	6182.A0A4Z2D5D6	6182.A0A4Z2CLX5	0	0	0	0	0	0.506	0.658	0.082	0.831
EWB00_004406	EWB00_009435	6182.A0A4Z2D5D6	6182.A0A4Z2CM43	0	0	0	0	0	0.170	0.340	0.047	0.432
EWB00_004406	EWB00_009267	6182.A0A4Z2D5D6	6182.A0A4Z2CML4	0	0	0	0	0	0.165	0.381	0.073	0.479
EWB00_004406	EWB00_009162	6182.A0A4Z2D5D6	6182.A0A4Z2CMV9	0	0	0	0	0	0.165	0.381	0.063	0.473
EWB00_004406	EWB00_009122	6182.A0A4Z2D5D6	6182.A0A4Z2CN26	0	0	0	0	0	0.204	0.546	0.180	0.677
EWB00_004406	EWB00_008993	6182.A0A4Z2D5D6	6182.A0A4Z2CNG2	0	0	0	0	0	0.212	0.382	0.050	0.496
EWB00_004406	EWB00_008683	6182.A0A4Z2D5D6	6182.A0A4Z2CNZ1	0	0	0	0	0	0.219	0.473	0.180	0.633
EWB00_004406	EWB00_008528	6182.A0A4Z2D5D6	6182.A0A4Z2CPM6	0	0	0	0	0.045	0.351	0.532	0.098	0.703
EWB00_004406	EWB00_008411	6182.A0A4Z2D5D6	6182.A0A4Z2CQ40	0	0	0.151	0.562	0.055	0.145	0.395	0.046	0.531
EWB00_004406	EWB00_008162	6182.A0A4Z2D5D6	6182.A0A4Z2CR55	0	0	0.158	0.705	0	0.146	0.393	0	0.525
EWB00_004406	EWB00_008231	6182.A0A4Z2D5D6	6182.A0A4Z2CRJ2	0	0	0.153	0.587	0.055	0.145	0.394	0.046	0.532
EWB00_004406	EWB00_007959	6182.A0A4Z2D5D6	6182.A0A4Z2CS38	0	0	0	0	0	0.201	0.372	0	0.476
EWB00_004406	EWB00_007978	6182.A0A4Z2D5D6	6182.A0A4Z2CSH8	0	0	0	0	0	0.384	0.771	0.197	0.876
EWB00_004406	EWB00_007965	6182.A0A4Z2D5D6	6182.A0A4Z2CSU9	0	0	0	0	0	0.289	0.658	0	0.746
EWB00_004406	EWB00_007640	6182.A0A4Z2D5D6	6182.A0A4Z2CTJ3	0	0	0	0	0	0.327	0.394	0.071	0.588
EWB00_004406	EWB00_007650	6182.A0A4Z2D5D6	6182.A0A4Z2CTZ5	0	0	0	0	0	0.138	0.335	0.054	0.410
EWB00_004406	EWB00_007322	6182.A0A4Z2D5D6	6182.A0A4Z2CUR2	0	0	0	0	0.045	0.668	0.771	0.124	0.927
EWB00_004406	EWB00_007161	6182.A0A4Z2D5D6	6182.A0A4Z2CVK4	0	0	0	0	0	0.135	0.469	0.070	0.535
EWB00_004406	EWB00_006505	6182.A0A4Z2D5D6	6182.A0A4Z2CYG9	0	0	0	0	0	0.129	0.394	0.143	0.508
EWB00_004406	EWB00_006350	6182.A0A4Z2D5D6	6182.A0A4Z2CZ14	0	0	0	0	0	0.204	0.394	0.086	0.520
EWB00_004406	EWB00_006175	6182.A0A4Z2D5D6	6182.A0A4Z2CZK0	0	0	0	0	0	0.229	0.355	0.069	0.496
EWB00_004406	EWB00_006209	6182.A0A4Z2D5D6	6182.A0A4Z2CZP0	0	0	0	0	0	0.212	0.563	0.095	0.661
EWB00_004406	EWB00_006126	6182.A0A4Z2D5D6	6182.A0A4Z2CZR2	0	0	0	0	0	0.146	0.367	0.064	0.449
EWB00_004406	EWB00_005910	6182.A0A4Z2D5D6	6182.A0A4Z2D044	0	0	0	0	0.050	0.402	0.425	0.066	0.654
EWB00_004406	EWB00_005849	6182.A0A4Z2D5D6	6182.A0A4Z2D0D0	0	0	0	0	0.059	0.796	0.542	0.104	0.910
EWB00_004406	EWB00_005803	6182.A0A4Z2D5D6	6182.A0A4Z2D0N4	0	0	0	0	0	0.506	0.771	0.239	0.906
EWB00_004406	EWB00_005166	6182.A0A4Z2D5D6	6182.A0A4Z2D2Y7	0	0	0	0	0	0.244	0.371	0.047	0.507
EWB00_004406	EWB00_004506	6182.A0A4Z2D5D6	6182.A0A4Z2D514	0	0	0	0	0	0.204	0.394	0.086	0.520
EWB00_004406	EWB00_004650	6182.A0A4Z2D5D6	6182.A0A4Z2D5A9	0	0	0	0	0	0.229	0.355	0.069	0.496
EWB00_004406	EWB00_004137	6182.A0A4Z2D5D6	6182.A0A4Z2D773	0	0	0	0	0	0.082	0.379	0	0.405
EWB00_004406	EWB00_003065	6182.A0A4Z2D5D6	6182.A0A4Z2D9U3	0	0	0	0	0.047	0.092	0.372	0.052	0.415
EWB00_004406	EWB00_001618	6182.A0A4Z2D5D6	6182.A0A4Z2DF74	0	0	0	0	0	0.165	0.282	0.104	0.415
EWB00_004406	CKI-alpha	6182.A0A4Z2D5D6	6182.C1L4B0	0	0	0	0	0	0.107	0.373	0.047	0.419
EWB00_004406	EWB00_000422	6182.A0A4Z2D5D6	6182.A0A4Z2DIX7	0	0	0	0	0	0.107	0.373	0.063	0.429
EWB00_004406	EWB00_010727	6182.A0A4Z2D5D6	6182.A0A4Z2DNH6	0	0	0	0	0	0.082	0.413	0	0.438
EWB00_004406	EWB00_002781	6182.A0A4Z2D5D6	6182.A0A4Z2DBA4	0	0	0	0	0	0.107	0.373	0.087	0.444
EWB00_004406	EWB00_004368	6182.A0A4Z2D5D6	6182.A0A4Z2D605	0	0	0	0	0	0.119	0.394	0.072	0.461
EWB00_004406	EWB00_003639	6182.A0A4Z2D5D6	6182.A0A4Z2D7T8	0	0	0	0	0	0.141	0.385	0.063	0.461
EWB00_004406	EWB00_011320	6182.A0A4Z2D5D6	6182.Q5DBY2	0	0	0	0	0	0.161	0.240	0.235	0.469
EWB00_004406	EWB00_006002	6182.A0A4Z2D5D6	6182.A0A4Z2DTC9	0	0	0	0	0	0.165	0.381	0.063	0.473
EWB00_004406	EWB00_008857	6182.A0A4Z2D5D6	6182.A0A4Z2DY79	0	0	0	0	0	0.165	0.381	0.063	0.473
EWB00_004406	EWB00_009161	6182.A0A4Z2D5D6	6182.C1L3T0	0	0	0	0	0	0.165	0.381	0.063	0.473
EWB00_004406	EWB00_000751	6182.A0A4Z2D5D6	6182.A0A4Z2DI18	0	0	0	0	0	0.201	0.372	0	0.476
EWB00_004406	Act5C	6182.A0A4Z2D5D6	6182.Q5DF69	0	0	0	0	0	0.165	0.381	0.073	0.479
EWB00_004406	EWB00_004876	6182.A0A4Z2D5D6	6182.A0A4Z2DUG9	0	0	0	0	0	0.165	0.381	0.095	0.491
EWB00_004406	EWB00_004878	6182.A0A4Z2D5D6	6182.A0A4Z2DUX1	0	0	0	0	0	0.165	0.381	0.095	0.491
EWB00_004406	EWB00_002502	6182.A0A4Z2D5D6	6182.Q71TT8	0	0	0	0	0	0.165	0.381	0.095	0.491
EWB00_004406	EWB00_003114	6182.A0A4Z2D5D6	6182.A0A4Z2D9R6	0	0	0	0	0	0.229	0.355	0.069	0.496
EWB00_004406	EWB00_001225	6182.A0A4Z2D5D6	6182.A0A4Z2DG63	0	0	0	0	0	0.129	0.385	0.136	0.496
EWB00_004406	EWB00_002797	6182.A0A4Z2D5D6	6182.A0A4Z2DBK5	0	0	0.161	0.574	0	0.143	0.385	0	0.519
EWB00_004406	EWB00_003146	6182.A0A4Z2D5D6	6182.A0A4Z2D9E0	0	0	0	0	0	0.162	0.395	0.143	0.527
EWB00_004406	EWB00_002899	6182.A0A4Z2D5D6	6182.A0A4Z2DX55	0	0	0	0	0	0.256	0.382	0.063	0.531
EWB00_004406	EWB00_007721	6182.A0A4Z2D5D6	6182.A0A4Z2DSU2	0	0	0	0	0	0.245	0.391	0.065	0.532
EWB00_004406	EWB00_004196	6182.A0A4Z2D5D6	6182.A0A4Z2DUY0	0	0	0	0	0	0.245	0.391	0.065	0.532
EWB00_004406	EWB00_003272	6182.A0A4Z2D5D6	6182.Q5DB60	0	0	0	0	0	0.262	0.394	0.048	0.537
EWB00_004406	EWB00_000516	6182.A0A4Z2D5D6	6182.A0A4Z2DIX5	0	0	0	0	0	0.262	0.394	0.055	0.540
EWB00_004406	EWB00_001328	6182.A0A4Z2D5D6	6182.A0A4Z2DG14	0	0	0	0	0	0.146	0.367	0.225	0.544
EWB00_004406	EWB00_002858	6182.A0A4Z2D5D6	6182.A0A4Z2DAI3	0	0	0	0	0	0.266	0.394	0.062	0.546
EWB00_004406	EWB00_004243	6182.A0A4Z2D5D6	6182.A0A4Z2D5G0	0	0	0	0	0	0.255	0.394	0.085	0.550
EWB00_004406	PR2	6182.A0A4Z2D5D6	6182.C7TXQ4	0	0	0	0	0	0.327	0.394	0.071	0.588
EWB00_004406	EWB00_002741	6182.A0A4Z2D5D6	6182.A0A4Z2DB14	0	0	0	0	0	0.250	0.373	0.240	0.611
EWB00_004406	EWB00_003565	6182.A0A4Z2D5D6	6182.A0A4Z2D923	0	0	0	0	0	0.267	0.394	0.217	0.621
EWB00_004406	EWB00_004095	6182.A0A4Z2D5D6	6182.Q6PMM5	0	0	0	0	0	0.219	0.473	0.180	0.633
EWB00_004406	EWB00_010643	6182.A0A4Z2D5D6	6182.A0A4Z2DN24	0	0	0	0	0	0.283	0.507	0.065	0.640
EWB00_004406	EWB00_003063	6182.A0A4Z2D5D6	6182.A0A4Z2D9R8	0	0	0	0	0	0.288	0.517	0	0.641
EWB00_004406	EWB00_002531	6182.A0A4Z2D5D6	6182.A0A4Z2DBU6	0	0	0	0	0	0.292	0.474	0.124	0.645
EWB00_004406	EWB00_011263	6182.A0A4Z2D5D6	6182.A0A4Z2DKT9	0	0	0	0	0	0.310	0.506	0.069	0.654
EWB00_004406	EWB00_011039	6182.A0A4Z2D5D6	6182.A0A4Z2DN82	0	0	0	0	0	0.212	0.563	0.095	0.661
EWB00_004406	EWB00_002919	6182.A0A4Z2D5D6	6182.A0A4Z2DWJ9	0	0	0	0	0	0.212	0.563	0.095	0.661
EWB00_004406	EWB00_002869	6182.A0A4Z2D5D6	6182.A0A4Z2DAG8	0	0	0	0	0	0.233	0.563	0.183	0.702
EWB00_004406	EWB00_002182	6182.A0A4Z2D5D6	6182.A0A4Z2DD10	0	0	0	0	0	0.262	0.618	0.068	0.714
EWB00_004406	EWB00_003710	6182.A0A4Z2D5D6	6182.A0A4Z2D7R1	0	0	0	0	0	0.506	0.394	0.131	0.717
EWB00_004406	EWB00_010687	6182.A0A4Z2D5D6	6182.A0A4Z2DNJ5	0	0	0	0	0	0.246	0.658	0	0.731
EWB00_004406	EWB00_008748	6182.A0A4Z2D5D6	6182.A0A4Z2DTN7	0	0	0	0	0	0.309	0.658	0.063	0.759
EWB00_004406	EWB00_002386	6182.A0A4Z2D5D6	6182.A0A4Z2DCG1	0	0	0	0	0	0.506	0.526	0.062	0.761
EWB00_004406	EWB00_001471	6182.A0A4Z2D5D6	6182.A0A4Z2DFS2	0	0	0	0	0	0.657	0.394	0.071	0.790
EWB00_004406	EWB00_009358	6182.A0A4Z2D5D6	6182.A0A4Z2DRM5	0	0	0	0	0	0.146	0.771	0.128	0.814
EWB00_004406	cdk5	6182.A0A4Z2D5D6	6182.C1L6Q8	0	0	0	0	0	0.243	0.771	0.047	0.820
EWB00_004406	EWB00_003747	6182.A0A4Z2D5D6	6182.A0A4Z2DVH8	0	0	0	0	0.059	0.248	0.771	0	0.823
EWB00_004406	EWB00_007519	6182.A0A4Z2D5D6	6182.Q5D9F6	0	0	0	0	0	0.289	0.771	0.070	0.835
EWB00_004406	EWB00_004032	6182.A0A4Z2D5D6	6182.A0A4Z2D6K4	0	0	0	0	0	0.373	0.771	0.063	0.853
EWB00_004406	EWB00_003429	6182.A0A4Z2D5D6	6182.A0A4Z2DWH7	0	0	0	0	0	0.357	0.771	0.252	0.880
EWB00_004406	Grb2	6182.A0A4Z2D5D6	6182.Q86F73	0	0	0	0	0	0.753	0.771	0.171	0.949
EWB00_004406	EWB00_008934	6182.A0A4Z2D5D6	6182.A0A4Z2DSI5	0	0	0.170	0.628	0	0.797	0.771	0.189	0.964
EWB00_004506	EWB00_010024	6182.A0A4Z2D514	6182.A0A4Z2CL49	0	0	0	0	0	0.253	0.425	0.065	0.563
EWB00_004506	EWB00_009457	6182.A0A4Z2D514	6182.A0A4Z2CLX5	0	0	0	0	0	0.253	0.425	0.065	0.563
EWB00_004506	EWB00_009456	6182.A0A4Z2D514	6182.A0A4Z2CM06	0	0	0	0	0	0.506	0.425	0.067	0.711
EWB00_004506	EWB00_009435	6182.A0A4Z2D514	6182.A0A4Z2CM43	0	0	0	0	0	0.060	0.463	0	0.473
EWB00_004506	EWB00_009224	6182.A0A4Z2D514	6182.A0A4Z2CMJ2	0	0	0	0	0	0.253	0.373	0.055	0.518
EWB00_004506	EWB00_009287	6182.A0A4Z2D514	6182.A0A4Z2CN04	0	0	0	0	0	0.122	0.383	0.071	0.452
EWB00_004506	EWB00_009095	6182.A0A4Z2D514	6182.A0A4Z2CND2	0	0	0	0	0	0.204	0.392	0.069	0.510
EWB00_004506	EWB00_008993	6182.A0A4Z2D514	6182.A0A4Z2CNG2	0	0	0	0	0.045	0.311	0.330	0.079	0.539
EWB00_004506	EWB00_008528	6182.A0A4Z2D514	6182.A0A4Z2CPM6	0	0	0	0	0	0.318	0.379	0.098	0.584
EWB00_004506	EWB00_008411	6182.A0A4Z2D514	6182.A0A4Z2CQ40	0	0	0	0	0	0.309	0.394	0.068	0.575
EWB00_004506	EWB00_008162	6182.A0A4Z2D514	6182.A0A4Z2CR55	0	0	0	0	0	0.204	0.360	0.050	0.473
EWB00_004506	EWB00_008189	6182.A0A4Z2D514	6182.A0A4Z2CR88	0	0	0	0	0	0.204	0.392	0.069	0.510
EWB00_004506	EWB00_008231	6182.A0A4Z2D514	6182.A0A4Z2CRJ2	0	0	0	0	0	0.309	0.394	0.068	0.575
EWB00_004506	EWB00_007978	6182.A0A4Z2D514	6182.A0A4Z2CSH8	0	0	0	0	0	0.305	0.382	0.069	0.565
EWB00_004506	EWB00_007965	6182.A0A4Z2D514	6182.A0A4Z2CSU9	0	0	0	0	0	0.204	0.360	0.052	0.474
EWB00_004506	EWB00_007640	6182.A0A4Z2D514	6182.A0A4Z2CTJ3	0	0	0	0	0	0.204	0.378	0.123	0.527
EWB00_004506	EWB00_007520	6182.A0A4Z2D514	6182.A0A4Z2CUE7	0	0	0	0	0	0.204	0.394	0.086	0.520
EWB00_004506	EWB00_007322	6182.A0A4Z2D514	6182.A0A4Z2CUR2	0	0	0	0	0	0.090	0.517	0.061	0.551
EWB00_004506	EWB00_007161	6182.A0A4Z2D514	6182.A0A4Z2CVK4	0	0	0	0	0	0.650	0.517	0.071	0.829
EWB00_004506	EWB00_006209	6182.A0A4Z2D514	6182.A0A4Z2CZP0	0	0	0	0	0	0.093	0.386	0	0.419
EWB00_004506	EWB00_005849	6182.A0A4Z2D514	6182.A0A4Z2D0D0	0	0	0	0	0	0.204	0.394	0.086	0.520
EWB00_004506	EWB00_005166	6182.A0A4Z2D514	6182.A0A4Z2D2Y7	0	0	0	0	0	0.309	0.425	0.124	0.621
EWB00_004506	EWB00_010643	6182.A0A4Z2D514	6182.A0A4Z2DN24	0	0	0	0	0	0	0.395	0.059	0.406
EWB00_004506	EWB00_003639	6182.A0A4Z2D514	6182.A0A4Z2D7T8	0	0	0	0	0	0.085	0.382	0	0.410
EWB00_004506	EWB00_011039	6182.A0A4Z2D514	6182.A0A4Z2DN82	0	0	0	0	0	0.093	0.386	0	0.419
EWB00_004506	EWB00_002919	6182.A0A4Z2D514	6182.A0A4Z2DWJ9	0	0	0	0	0	0.093	0.386	0	0.419
EWB00_004506	EWB00_002869	6182.A0A4Z2D514	6182.A0A4Z2DAG8	0	0	0	0	0	0.108	0.382	0	0.425
EWB00_004506	EWB00_002899	6182.A0A4Z2D514	6182.A0A4Z2DX55	0	0	0	0	0	0.110	0.383	0	0.427
EWB00_004506	EWB00_000516	6182.A0A4Z2D514	6182.A0A4Z2DIX5	0	0	0	0	0	0.093	0.387	0.068	0.436
EWB00_004506	Grb2	6182.A0A4Z2D514	6182.Q86F73	0	0	0	0	0	0	0.375	0.139	0.438
EWB00_004506	EWB00_008748	6182.A0A4Z2D514	6182.A0A4Z2DTN7	0	0	0	0	0	0.117	0.393	0	0.441
EWB00_004506	EWB00_003565	6182.A0A4Z2D514	6182.A0A4Z2D923	0	0	0	0	0	0.112	0.394	0.063	0.451
EWB00_004506	EWB00_001225	6182.A0A4Z2D514	6182.A0A4Z2DG63	0	0	0	0	0	0.098	0.419	0	0.453
EWB00_004506	EWB00_003747	6182.A0A4Z2D514	6182.A0A4Z2DVH8	0	0	0	0	0	0.204	0.360	0.050	0.473
EWB00_004506	EWB00_001228	6182.A0A4Z2D514	6182.A0A4Z2DGB2	0	0	0	0	0.042	0.204	0.360	0.050	0.474
EWB00_004506	EWB00_003063	6182.A0A4Z2D514	6182.A0A4Z2D9R8	0	0	0	0	0	0.204	0.360	0.064	0.481
EWB00_004506	EWB00_001594	6182.A0A4Z2D514	6182.A0A4Z2DF50	0	0	0	0	0	0.204	0.360	0.069	0.484
EWB00_004506	EWB00_010687	6182.A0A4Z2D514	6182.A0A4Z2DNJ5	0	0	0	0	0	0.204	0.394	0.050	0.501
EWB00_004506	EWB00_004406	6182.A0A4Z2D514	6182.A0A4Z2D5D6	0	0	0	0	0	0.204	0.394	0.086	0.520
EWB00_004506	fyn-prov	6182.A0A4Z2D514	6182.C1LGZ6	0	0	0	0	0	0.204	0.394	0.086	0.520
EWB00_004506	EWB00_001471	6182.A0A4Z2D514	6182.A0A4Z2DFS2	0	0	0	0	0	0.204	0.378	0.123	0.527
EWB00_004506	EWB00_004368	6182.A0A4Z2D514	6182.A0A4Z2D605	0	0	0	0	0	0.285	0.360	0.061	0.532
EWB00_004506	EWB00_007721	6182.A0A4Z2D514	6182.A0A4Z2DSU2	0	0	0	0	0.045	0.311	0.330	0.079	0.539
EWB00_004506	EWB00_004196	6182.A0A4Z2D514	6182.A0A4Z2DUY0	0	0	0	0	0.045	0.311	0.330	0.079	0.539
EWB00_004506	EWB00_004405	6182.A0A4Z2D514	6182.A0A4Z2D5F1	0	0	0	0	0	0.281	0.378	0.063	0.544
EWB00_004506	EWB00_011320	6182.A0A4Z2D514	6182.Q5DBY2	0	0	0	0	0	0.281	0.378	0.063	0.544
EWB00_004506	EWB00_007519	6182.A0A4Z2D514	6182.Q5D9F6	0	0	0	0	0.055	0.112	0.517	0	0.559
EWB00_004506	EWB00_003272	6182.A0A4Z2D514	6182.Q5DB60	0	0	0	0	0	0.311	0.387	0.064	0.570
EWB00_004506	EWB00_008724	6182.A0A4Z2D514	6182.A0A4Z2DSJ8	0	0	0	0	0	0.356	0.378	0.064	0.592
EWB00_004506	EWB00_002531	6182.A0A4Z2D514	6182.A0A4Z2DBU6	0	0	0	0	0.070	0.301	0.370	0.138	0.599
EWB00_004506	EWB00_003065	6182.A0A4Z2D514	6182.A0A4Z2D9U3	0	0	0	0	0	0.189	0.517	0.063	0.600
EWB00_004506	EWB00_005467	6182.A0A4Z2D514	6182.A0A4Z2DU85	0	0	0	0	0	0.204	0.517	0.050	0.602
EWB00_004506	PR2	6182.A0A4Z2D514	6182.C7TXQ4	0	0	0.243	0	0	0.204	0.378	0.123	0.627
EWB00_004506	EWB00_002182	6182.A0A4Z2D514	6182.A0A4Z2DD10	0	0	0	0	0	0.253	0.512	0.064	0.628
EWB00_004506	EWB00_001343	6182.A0A4Z2D514	6182.A0A4Z2DFX9	0	0	0	0	0	0.251	0.517	0.075	0.636
EWB00_004506	EWB00_011263	6182.A0A4Z2D514	6182.A0A4Z2DKT9	0	0	0	0	0	0.300	0.517	0.065	0.656
EWB00_004506	EWB00_002194	6182.A0A4Z2D514	6182.A0A4Z2DDD6	0	0	0	0	0	0.310	0.517	0.058	0.658
EWB00_004506	EWB00_008934	6182.A0A4Z2D514	6182.A0A4Z2DSI5	0	0	0	0	0.045	0.304	0.517	0.062	0.658
EWB00_004506	EWB00_000085	6182.A0A4Z2D514	6182.A0A4Z2DKG0	0	0	0.155	0.618	0	0.281	0.517	0.063	0.688
EWB00_004506	EWB00_009358	6182.A0A4Z2D514	6182.A0A4Z2DRM5	0	0	0	0	0	0.242	0.517	0.228	0.692
EWB00_004506	EWB00_003710	6182.A0A4Z2D514	6182.A0A4Z2D7R1	0	0	0	0	0	0.506	0.377	0.148	0.714
EWB00_004506	EWB00_004032	6182.A0A4Z2D514	6182.A0A4Z2D6K4	0	0	0	0	0	0.506	0.425	0.122	0.728
EWB00_004506	EWB00_002858	6182.A0A4Z2D514	6182.A0A4Z2DAI3	0	0	0	0	0	0.506	0.434	0.189	0.753
EWB00_004506	EWB00_005112	6182.A0A4Z2D514	6182.C1LH53	0	0	0	0	0	0.638	0.517	0.093	0.827
EWB00_004506	EWB00_002386	6182.A0A4Z2D514	6182.A0A4Z2DCG1	0	0	0	0	0	0.650	0.517	0.238	0.859
EWB00_004650	EWB00_009095	6182.A0A4Z2D5A9	6182.A0A4Z2CND2	0	0	0.153	0.558	0	0.229	0.355	0.069	0.555
EWB00_004650	EWB00_008993	6182.A0A4Z2D5A9	6182.A0A4Z2CNG2	0	0	0	0	0.131	0.485	0.946	0	0.973
EWB00_004650	EWB00_008286	6182.A0A4Z2D5A9	6182.A0A4Z2CQZ5	0	0	0.159	0.577	0	0.320	0.406	0.070	0.641
EWB00_004650	EWB00_008162	6182.A0A4Z2D5A9	6182.A0A4Z2CR55	0	0	0.161	0.570	0	0.229	0.355	0.047	0.549
EWB00_004650	EWB00_008189	6182.A0A4Z2D5A9	6182.A0A4Z2CR88	0	0	0	0	0	0.229	0.355	0.069	0.496
EWB00_004650	EWB00_007965	6182.A0A4Z2D5A9	6182.A0A4Z2CSU9	0	0	0	0	0	0.237	0.355	0.151	0.545
EWB00_004650	EWB00_007640	6182.A0A4Z2D5A9	6182.A0A4Z2CTJ3	0	0	0.152	0.561	0	0.230	0.478	0.078	0.643
EWB00_004650	EWB00_007520	6182.A0A4Z2D5A9	6182.A0A4Z2CUE7	0	0	0	0	0	0.229	0.355	0.069	0.496
EWB00_004650	EWB00_007031	6182.A0A4Z2D5A9	6182.A0A4Z2CW39	0	0	0	0	0	0.320	0.406	0.070	0.591
EWB00_004650	EWB00_005849	6182.A0A4Z2D5A9	6182.A0A4Z2D0D0	0	0	0	0	0	0.229	0.355	0.069	0.496
EWB00_004650	EWB00_005385	6182.A0A4Z2D5A9	6182.A0A4Z2D1Q0	0	0	0	0	0	0.408	0	0.048	0.412
EWB00_004650	EWB00_005166	6182.A0A4Z2D5A9	6182.A0A4Z2D2Y7	0	0	0	0	0	0.506	0.876	0.190	0.946
EWB00_004650	EWB00_003710	6182.A0A4Z2D5A9	6182.A0A4Z2D7R1	0	0	0	0	0	0.276	0	0.235	0.422
EWB00_004650	EWB00_008724	6182.A0A4Z2D5A9	6182.A0A4Z2DSJ8	0	0	0	0	0	0.310	0.188	0.065	0.430
EWB00_004650	EWB00_004032	6182.A0A4Z2D5A9	6182.A0A4Z2D6K4	0	0	0	0	0	0.219	0.273	0.113	0.452
EWB00_004650	EWB00_001594	6182.A0A4Z2D5A9	6182.A0A4Z2DF50	0	0	0	0	0	0.229	0.355	0.047	0.484
EWB00_004650	EWB00_010687	6182.A0A4Z2D5A9	6182.A0A4Z2DNJ5	0	0	0	0	0	0.229	0.355	0.047	0.484
EWB00_004650	EWB00_003063	6182.A0A4Z2D5A9	6182.A0A4Z2D9R8	0	0	0	0	0	0.229	0.355	0.064	0.493
EWB00_004650	EWB00_008934	6182.A0A4Z2D5A9	6182.A0A4Z2DSI5	0	0	0	0	0.045	0.229	0.355	0.064	0.495
EWB00_004650	EWB00_004406	6182.A0A4Z2D5A9	6182.A0A4Z2D5D6	0	0	0	0	0	0.229	0.355	0.069	0.496
EWB00_004650	fyn-prov	6182.A0A4Z2D5A9	6182.C1LGZ6	0	0	0	0	0	0.229	0.355	0.069	0.496
EWB00_004650	EWB00_001228	6182.A0A4Z2D5A9	6182.A0A4Z2DGB2	0	0	0	0	0	0.229	0.355	0.092	0.509
EWB00_004650	EWB00_002797	6182.A0A4Z2D5A9	6182.A0A4Z2DBK5	0	0	0	0	0	0.266	0.352	0.058	0.512
EWB00_004650	EWB00_005624	6182.A0A4Z2D5A9	6182.A0A4Z2DU38	0	0	0	0	0	0.506	0	0.069	0.520
EWB00_004650	EWB00_002531	6182.A0A4Z2D5A9	6182.A0A4Z2DBU6	0	0	0	0	0.045	0.236	0.355	0.104	0.521
EWB00_004650	EWB00_002858	6182.A0A4Z2D5A9	6182.A0A4Z2DAI3	0	0	0	0	0	0.276	0.390	0.066	0.551
EWB00_004650	EWB00_002386	6182.A0A4Z2D5A9	6182.A0A4Z2DCG1	0	0	0	0	0	0.276	0.390	0.066	0.551
EWB00_004650	EWB00_000516	6182.A0A4Z2D5A9	6182.A0A4Z2DIX5	0	0	0	0	0.109	0.140	0.503	0.051	0.590
EWB00_004650	EWB00_001471	6182.A0A4Z2D5A9	6182.A0A4Z2DFS2	0	0	0	0	0	0.230	0.478	0.078	0.597
EWB00_004650	EWB00_005467	6182.A0A4Z2D5A9	6182.A0A4Z2DU85	0	0	0	0	0	0.229	0.496	0.047	0.597
EWB00_004650	EWB00_001091	6182.A0A4Z2D5A9	6182.A0A4Z2DGZ7	0	0	0	0	0	0.618	0	0	0.618
EWB00_004650	EWB00_000085	6182.A0A4Z2D5A9	6182.A0A4Z2DKG0	0	0	0	0	0	0.260	0.530	0.065	0.646
EWB00_004650	EWB00_004368	6182.A0A4Z2D5A9	6182.A0A4Z2D605	0	0	0	0	0.053	0.506	0.355	0.104	0.693
EWB00_004650	EWB00_000320	6182.A0A4Z2D5A9	6182.A0A4Z2DXA7	0	0	0	0	0	0.159	0.733	0.060	0.770
EWB00_004650	EWB00_001391	6182.A0A4Z2D5A9	6182.A0A4Z2DWQ9	0	0	0	0	0	0.314	0.724	0.095	0.813
EWB00_004650	EWB00_003747	6182.A0A4Z2D5A9	6182.A0A4Z2DVH8	0	0	0	0	0	0.229	0.779	0.047	0.823
EWB00_004650	EWB00_004196	6182.A0A4Z2D5A9	6182.A0A4Z2DUY0	0	0	0	0	0.131	0.485	0.819	0	0.911
EWB00_004650	EWB00_011263	6182.A0A4Z2D5A9	6182.A0A4Z2DKT9	0	0	0	0	0.049	0.650	0.739	0.187	0.919
EWB00_004650	EWB00_007721	6182.A0A4Z2D5A9	6182.A0A4Z2DSU2	0	0	0	0	0.131	0.485	0.844	0	0.924
EWB00_004650	PR2	6182.A0A4Z2D5A9	6182.C7TXQ4	0	0	0.203	0	0	0.763	0.906	0.078	0.981
EWB00_004811	EWB00_009560	6182.A0A4Z2DUN6	6182.A0A4Z2CLW6	0	0	0	0	0	0.159	0.378	0.062	0.466
EWB00_004811	EWB00_009267	6182.A0A4Z2DUN6	6182.A0A4Z2CML4	0	0	0	0	0	0.172	0.382	0.095	0.496
EWB00_004811	EWB00_009162	6182.A0A4Z2DUN6	6182.A0A4Z2CMV9	0	0	0	0	0	0.172	0.372	0.095	0.488
EWB00_004811	EWB00_009287	6182.A0A4Z2DUN6	6182.A0A4Z2CN04	0	0	0	0	0.089	0.105	0.394	0.055	0.470
EWB00_004811	EWB00_008993	6182.A0A4Z2DUN6	6182.A0A4Z2CNG2	0	0	0	0	0	0.119	0.382	0	0.432
EWB00_004811	EWB00_008372	6182.A0A4Z2DUN6	6182.A0A4Z2CQJ6	0	0	0	0	0.434	0.893	0.661	0.234	0.982
EWB00_004811	EWB00_007965	6182.A0A4Z2DUN6	6182.A0A4Z2CSU9	0	0	0.364	0	0	0.138	0	0	0.428
EWB00_004811	EWB00_006126	6182.A0A4Z2DUN6	6182.A0A4Z2CZR2	0	0	0	0	0	0.293	0.308	0.069	0.504
EWB00_004811	EWB00_005116	6182.A0A4Z2DUN6	6182.A0A4Z2D2T5	0	0	0	0	0.271	0.763	0.487	0.234	0.923
EWB00_004811	EWB00_004965	6182.A0A4Z2DUN6	6182.A0A4Z2D4A5	0	0	0	0	0	0.236	0.378	0.062	0.515
EWB00_004811	EWB00_001618	6182.A0A4Z2DUN6	6182.A0A4Z2DF74	0	0	0	0	0.180	0.172	0.292	0.216	0.572
EWB00_004811	EWB00_001328	6182.A0A4Z2DUN6	6182.A0A4Z2DG14	0	0	0	0	0	0.293	0.308	0.275	0.614
EWB00_004811	EWB00_007721	6182.A0A4Z2DUN6	6182.A0A4Z2DSU2	0	0	0	0	0	0.129	0.393	0	0.448
EWB00_004811	EWB00_006002	6182.A0A4Z2DUN6	6182.A0A4Z2DTC9	0	0	0	0	0	0.172	0.372	0.095	0.488
EWB00_004811	EWB00_005467	6182.A0A4Z2DUN6	6182.A0A4Z2DU85	0	0	0	0	0	0.506	0	0.048	0.509
EWB00_004811	EWB00_004876	6182.A0A4Z2DUN6	6182.A0A4Z2DUG9	0	0	0	0	0	0.172	0.382	0.095	0.496
EWB00_004811	EWB00_010647	6182.A0A4Z2DUN6	6182.Q5DHL6	0	0	0	0	0	0.172	0.292	0.065	0.404
EWB00_004811	EWB00_007426	6182.A0A4Z2DUN6	6182.C1LJL2	0	0	0	0	0.048	0.172	0.292	0.065	0.408
EWB00_004811	EWB00_005112	6182.A0A4Z2DUN6	6182.C1LH53	0	0	0.207	0.629	0	0.284	0	0.057	0.417
EWB00_004811	EWB00_004196	6182.A0A4Z2DUN6	6182.A0A4Z2DUY0	0	0	0	0	0	0.129	0.393	0	0.448
EWB00_004811	EWB00_009161	6182.A0A4Z2DUN6	6182.C1L3T0	0	0	0	0	0	0.172	0.372	0.095	0.488
EWB00_004811	EWB00_004878	6182.A0A4Z2DUN6	6182.A0A4Z2DUX1	0	0	0	0	0	0.172	0.382	0.095	0.496
EWB00_004811	Act5C	6182.A0A4Z2DUN6	6182.Q5DF69	0	0	0	0	0	0.172	0.382	0.095	0.496
EWB00_004811	EWB00_002502	6182.A0A4Z2DUN6	6182.Q71TT8	0	0	0	0	0	0.172	0.382	0.095	0.496
EWB00_004811	EWB00_008857	6182.A0A4Z2DUN6	6182.A0A4Z2DY79	0	0	0	0	0	0.172	0.470	0.095	0.568
EWB00_004811	EWB00_003272	6182.A0A4Z2DUN6	6182.Q5DB60	0	0	0.173	0.687	0.485	0.374	0.471	0.186	0.864
EWB00_004872	EWB00_008372	6182.A0A4Z2DUW3	6182.A0A4Z2CQJ6	0	0	0	0	0	0.178	0.372	0.064	0.474
EWB00_004872	EWB00_007640	6182.A0A4Z2DUW3	6182.A0A4Z2CTJ3	0	0	0	0	0	0.134	0.361	0.063	0.436
EWB00_004872	EWB00_007650	6182.A0A4Z2DUW3	6182.A0A4Z2CTZ5	0	0	0	0	0	0.147	0.386	0.055	0.461
EWB00_004872	EWB00_007322	6182.A0A4Z2DUW3	6182.A0A4Z2CUR2	0	0	0	0	0	0.247	0.292	0	0.444
EWB00_004872	EWB00_005803	6182.A0A4Z2DUW3	6182.A0A4Z2D0N4	0	0	0	0	0	0.105	0.391	0	0.431
EWB00_004872	EWB00_005116	6182.A0A4Z2DUW3	6182.A0A4Z2D2T5	0	0	0	0	0	0.178	0.372	0	0.461
EWB00_004872	EWB00_004122	6182.A0A4Z2DUW3	6182.A0A4Z2D6I6	0	0	0	0	0	0.227	0.293	0	0.430
EWB00_004872	EWB00_003710	6182.A0A4Z2DUW3	6182.A0A4Z2D7R1	0	0	0	0	0	0.167	0.387	0.183	0.546
EWB00_004872	EWB00_003590	6182.A0A4Z2DUW3	6182.A0A4Z2D831	0	0	0	0	0	0.168	0.357	0.064	0.455
EWB00_004872	EWB00_001471	6182.A0A4Z2DUW3	6182.A0A4Z2DFS2	0	0	0	0	0	0.134	0.361	0.063	0.436
EWB00_004872	EWB00_011263	6182.A0A4Z2DUW3	6182.A0A4Z2DKT9	0	0	0	0	0	0.134	0.302	0.093	0.403
EWB00_004872	EWB00_010643	6182.A0A4Z2DUW3	6182.A0A4Z2DN24	0	0	0	0	0	0.120	0.359	0.047	0.415
EWB00_004872	EWB00_010687	6182.A0A4Z2DUW3	6182.A0A4Z2DNJ5	0	0	0	0	0	0.134	0.353	0	0.415
EWB00_004872	EWB00_009541	6182.A0A4Z2DUW3	6182.A0A4Z2DR60	0	0	0	0	0	0.227	0.293	0	0.430
EWB00_004872	EWB00_009605	6182.A0A4Z2DUW3	6182.A0A4Z2DR61	0	0	0.538	0	0	0.131	0.295	0.043	0.692
EWB00_004872	PR2	6182.A0A4Z2DUW3	6182.C7TXQ4	0	0	0	0	0	0.134	0.361	0.063	0.436
EWB00_004872	FHL-2	6182.A0A4Z2DUW3	6182.C1LEH1	0	0	0	0	0	0.168	0.357	0.064	0.455
EWB00_004872	EWB00_003272	6182.A0A4Z2DUW3	6182.Q5DB60	0	0	0	0	0	0.227	0.375	0.066	0.509
EWB00_004876	EWB00_009560	6182.A0A4Z2DUG9	6182.A0A4Z2CLW6	0	0	0	0	0	0.118	0.337	0.069	0.408
EWB00_004876	EWB00_009095	6182.A0A4Z2DUG9	6182.A0A4Z2CND2	0	0	0	0	0	0.165	0.381	0.063	0.473
EWB00_004876	EWB00_008372	6182.A0A4Z2DUG9	6182.A0A4Z2CQJ6	0	0	0	0	0	0.102	0.453	0.202	0.573
EWB00_004876	EWB00_008189	6182.A0A4Z2DUG9	6182.A0A4Z2CR88	0	0	0	0	0	0.165	0.381	0.074	0.479
EWB00_004876	EWB00_007965	6182.A0A4Z2DUG9	6182.A0A4Z2CSU9	0	0	0	0	0	0.210	0.282	0.140	0.469
EWB00_004876	EWB00_007739	6182.A0A4Z2DUG9	6182.A0A4Z2CT39	0	0	0	0	0.052	0.658	0.219	0.287	0.795
EWB00_004876	EWB00_007640	6182.A0A4Z2DUG9	6182.A0A4Z2CTJ3	0	0	0	0	0	0.165	0.282	0.086	0.404
EWB00_004876	EWB00_007520	6182.A0A4Z2DUG9	6182.A0A4Z2CUE7	0	0	0	0	0	0.165	0.381	0.095	0.491
EWB00_004876	EWB00_007322	6182.A0A4Z2DUG9	6182.A0A4Z2CUR2	0	0	0	0	0	0.264	0.396	0.139	0.583
EWB00_004876	EWB00_006505	6182.A0A4Z2DUG9	6182.A0A4Z2CYG9	0	0	0	0	0	0.239	0.388	0.171	0.580
EWB00_004876	EWB00_006234	6182.A0A4Z2DUG9	6182.A0A4Z2CZ44	0	0	0	0	0	0.308	0.394	0.319	0.689
EWB00_004876	EWB00_006209	6182.A0A4Z2DUG9	6182.A0A4Z2CZP0	0	0	0	0	0	0.065	0.563	0.093	0.597
EWB00_004876	EWB00_005910	6182.A0A4Z2DUG9	6182.A0A4Z2D044	0	0	0	0	0	0.204	0.386	0.066	0.503
EWB00_004876	EWB00_005902	6182.A0A4Z2DUG9	6182.A0A4Z2D084	0	0	0	0	0	0.520	0	0.240	0.619
EWB00_004876	EWB00_005849	6182.A0A4Z2DUG9	6182.A0A4Z2D0D0	0	0	0	0	0	0.165	0.381	0.138	0.515
EWB00_004876	EWB00_005803	6182.A0A4Z2DUG9	6182.A0A4Z2D0N4	0	0	0	0	0	0.290	0.396	0.094	0.577
EWB00_004876	EWB00_005116	6182.A0A4Z2DUG9	6182.A0A4Z2D2T5	0	0	0	0	0	0.120	0.390	0.105	0.477
EWB00_004876	EWB00_004965	6182.A0A4Z2DUG9	6182.A0A4Z2D4A5	0	0	0	0	0	0.118	0.337	0.069	0.408
EWB00_004876	EWB00_004406	6182.A0A4Z2DUG9	6182.A0A4Z2D5D6	0	0	0	0	0	0.165	0.381	0.095	0.491
EWB00_004876	EWB00_004368	6182.A0A4Z2DUG9	6182.A0A4Z2D605	0	0	0	0	0	0.165	0.371	0.228	0.559
EWB00_004876	EWB00_004032	6182.A0A4Z2DUG9	6182.A0A4Z2D6K4	0	0	0	0	0	0.280	0.394	0.155	0.599
EWB00_004876	EWB00_003876	6182.A0A4Z2DUG9	6182.A0A4Z2D736	0	0	0	0	0	0.309	0.216	0.190	0.522
EWB00_004876	EWB00_004137	6182.A0A4Z2DUG9	6182.A0A4Z2D773	0	0	0	0	0	0.262	0.353	0.054	0.508
EWB00_004876	EWB00_003710	6182.A0A4Z2DUG9	6182.A0A4Z2D7R1	0	0	0	0	0	0.310	0	0.239	0.452
EWB00_004876	EWB00_003565	6182.A0A4Z2DUG9	6182.A0A4Z2D923	0	0	0	0	0	0.310	0.816	0.564	0.939
EWB00_004876	EWB00_003234	6182.A0A4Z2DUG9	6182.A0A4Z2D940	0	0	0	0	0	0.117	0.386	0.042	0.435
EWB00_004876	EWB00_003146	6182.A0A4Z2DUG9	6182.A0A4Z2D9E0	0	0	0	0	0	0.310	0.428	0.480	0.776
EWB00_004876	EWB00_003063	6182.A0A4Z2DUG9	6182.A0A4Z2D9R8	0	0	0	0	0	0.165	0.282	0.116	0.423
EWB00_004876	EWB00_002869	6182.A0A4Z2DUG9	6182.A0A4Z2DAG8	0	0	0	0	0	0.119	0.563	0.173	0.653
EWB00_004876	EWB00_002775	6182.A0A4Z2DUG9	6182.A0A4Z2DBA8	0	0	0	0	0	0.308	0.394	0.319	0.689
EWB00_004876	EWB00_002531	6182.A0A4Z2DUG9	6182.A0A4Z2DBU6	0	0	0	0	0	0.165	0.282	0.131	0.433
EWB00_004876	EWB00_001618	6182.A0A4Z2DUG9	6182.A0A4Z2DF74	0	0	0	0	0.042	0.655	0.771	0.144	0.926
EWB00_004876	EWB00_001471	6182.A0A4Z2DUG9	6182.A0A4Z2DFS2	0	0	0	0	0	0.165	0.282	0.086	0.404
EWB00_004876	EWB00_001225	6182.A0A4Z2DUG9	6182.A0A4Z2DG63	0	0	0	0	0	0.506	0.771	0.139	0.894
EWB00_004876	EWB00_001228	6182.A0A4Z2DUG9	6182.A0A4Z2DGB2	0	0	0	0	0	0.165	0.282	0.093	0.408
EWB00_004876	EWB00_011263	6182.A0A4Z2DUG9	6182.A0A4Z2DKT9	0	0	0	0	0	0.239	0.282	0.135	0.486
EWB00_004876	EWB00_011156	6182.A0A4Z2DUG9	6182.A0A4Z2DLU7	0	0	0	0	0	0.172	0.382	0.095	0.496
EWB00_004876	EWB00_010643	6182.A0A4Z2DUG9	6182.A0A4Z2DN24	0	0	0	0	0	0.113	0.493	0.237	0.626
EWB00_004876	EWB00_010649	6182.A0A4Z2DUG9	6182.A0A4Z2DN32	0	0	0	0	0.047	0.506	0.425	0.189	0.751
EWB00_004876	EWB00_011039	6182.A0A4Z2DUG9	6182.A0A4Z2DN82	0	0	0	0	0	0.065	0.563	0.281	0.680
EWB00_004876	EWB00_010727	6182.A0A4Z2DUG9	6182.A0A4Z2DNH6	0	0	0	0	0	0.631	0.380	0.087	0.772
EWB00_004876	EWB00_009305	6182.A0A4Z2DUG9	6182.A0A4Z2DS24	0	0	0	0	0	0.475	0.502	0.113	0.747
EWB00_004876	EWB00_008934	6182.A0A4Z2DUG9	6182.A0A4Z2DSI5	0	0	0	0	0	0.165	0.282	0.350	0.576
EWB00_004876	EWB00_006002	6182.A0A4Z2DUG9	6182.A0A4Z2DTC9	0	0	0	0	0	0.687	0.517	0.186	0.866
EWB00_004876	EWB00_006050	6182.A0A4Z2DUG9	6182.A0A4Z2DTJ0	0	0	0	0	0.071	0.574	0.771	0.403	0.938
EWB00_004876	EWB00_008748	6182.A0A4Z2DUG9	6182.A0A4Z2DTN7	0	0	0	0	0	0.112	0.372	0.064	0.432
EWB00_004876	EWB00_005467	6182.A0A4Z2DUG9	6182.A0A4Z2DU85	0	0	0	0	0	0.165	0.282	0.244	0.507
EWB00_004876	PR2	6182.A0A4Z2DUG9	6182.C7TXQ4	0	0	0	0	0	0.165	0.282	0.086	0.404
EWB00_004876	EWB00_003272	6182.A0A4Z2DUG9	6182.Q5DB60	0	0	0	0	0.049	0.120	0.288	0.138	0.417
EWB00_004876	EWB00_002899	6182.A0A4Z2DUG9	6182.A0A4Z2DX55	0	0	0	0	0	0.112	0.372	0.064	0.432
EWB00_004876	fyn-prov	6182.A0A4Z2DUG9	6182.C1LGZ6	0	0	0	0	0	0.165	0.381	0.095	0.491
EWB00_004876	EWB00_004811	6182.A0A4Z2DUG9	6182.A0A4Z2DUN6	0	0	0	0	0	0.172	0.382	0.095	0.496
EWB00_004876	EWB00_002919	6182.A0A4Z2DUG9	6182.A0A4Z2DWJ9	0	0	0	0	0	0.065	0.563	0.093	0.597
EWB00_004876	EWB00_001408	6182.A0A4Z2DUG9	6182.A0A4Z2DX44	0	0	0	0	0	0.596	0	0.067	0.606
EWB00_004876	Grb2	6182.A0A4Z2DUG9	6182.Q86F73	0	0	0	0	0	0.204	0.501	0.104	0.613
EWB00_004876	EWB00_010398	6182.A0A4Z2DUG9	6182.A0A4Z2DXN3	0	0	0	0	0	0.154	0.319	0.399	0.623
EWB00_004876	EWB00_008857	6182.A0A4Z2DUG9	6182.A0A4Z2DY79	0	0	0	0	0	0.634	0	0	0.634
EWB00_004876	EWB00_007274	6182.A0A4Z2DUG9	6182.C1LH03	0	0	0	0	0	0.652	0	0.237	0.723
EWB00_004876	EWB00_003429	6182.A0A4Z2DUG9	6182.A0A4Z2DWH7	0	0	0	0	0	0.276	0.771	0.475	0.905
EWB00_004876	EWB00_003359	6182.A0A4Z2DUG9	6182.C1LMR7	0	0	0	0	0.134	0.687	0.658	0.351	0.931
EWB00_004876	tsr	6182.A0A4Z2DUG9	6182.Q86ES4	0	0	0	0	0.134	0.687	0.658	0.351	0.931
EWB00_004876	EWB00_010647	6182.A0A4Z2DUG9	6182.Q5DHL6	0	0	0	0	0	0.767	0.771	0.105	0.948
EWB00_004876	EWB00_007426	6182.A0A4Z2DUG9	6182.C1LJL2	0	0	0	0	0.135	0.822	0.771	0.117	0.964
EWB00_004878	EWB00_009560	6182.A0A4Z2DUX1	6182.A0A4Z2CLW6	0	0	0	0	0	0.118	0.337	0.069	0.408
EWB00_004878	EWB00_009095	6182.A0A4Z2DUX1	6182.A0A4Z2CND2	0	0	0	0	0	0.165	0.381	0.063	0.473
EWB00_004878	EWB00_008372	6182.A0A4Z2DUX1	6182.A0A4Z2CQJ6	0	0	0	0	0	0.102	0.453	0.202	0.573
EWB00_004878	EWB00_008189	6182.A0A4Z2DUX1	6182.A0A4Z2CR88	0	0	0	0	0	0.165	0.381	0.074	0.479
EWB00_004878	EWB00_007965	6182.A0A4Z2DUX1	6182.A0A4Z2CSU9	0	0	0	0	0	0.210	0.282	0.140	0.469
EWB00_004878	EWB00_007739	6182.A0A4Z2DUX1	6182.A0A4Z2CT39	0	0	0	0	0.052	0.658	0.219	0.287	0.795
EWB00_004878	EWB00_007640	6182.A0A4Z2DUX1	6182.A0A4Z2CTJ3	0	0	0	0	0	0.165	0.282	0.086	0.404
EWB00_004878	EWB00_007520	6182.A0A4Z2DUX1	6182.A0A4Z2CUE7	0	0	0	0	0	0.165	0.381	0.095	0.491
EWB00_004878	EWB00_007322	6182.A0A4Z2DUX1	6182.A0A4Z2CUR2	0	0	0	0	0	0.264	0.396	0.139	0.583
EWB00_004878	EWB00_006505	6182.A0A4Z2DUX1	6182.A0A4Z2CYG9	0	0	0	0	0	0.239	0.388	0.171	0.580
EWB00_004878	EWB00_006234	6182.A0A4Z2DUX1	6182.A0A4Z2CZ44	0	0	0	0	0	0.308	0.394	0.319	0.689
EWB00_004878	EWB00_006209	6182.A0A4Z2DUX1	6182.A0A4Z2CZP0	0	0	0	0	0	0.065	0.563	0.093	0.597
EWB00_004878	EWB00_005910	6182.A0A4Z2DUX1	6182.A0A4Z2D044	0	0	0	0	0	0.204	0.386	0.066	0.503
EWB00_004878	EWB00_005902	6182.A0A4Z2DUX1	6182.A0A4Z2D084	0	0	0	0	0	0.520	0	0.240	0.619
EWB00_004878	EWB00_005849	6182.A0A4Z2DUX1	6182.A0A4Z2D0D0	0	0	0	0	0	0.165	0.381	0.138	0.515
EWB00_004878	EWB00_005803	6182.A0A4Z2DUX1	6182.A0A4Z2D0N4	0	0	0	0	0	0.290	0.396	0.094	0.577
EWB00_004878	EWB00_005116	6182.A0A4Z2DUX1	6182.A0A4Z2D2T5	0	0	0	0	0	0.120	0.390	0.105	0.477
EWB00_004878	EWB00_004965	6182.A0A4Z2DUX1	6182.A0A4Z2D4A5	0	0	0	0	0	0.118	0.337	0.069	0.408
EWB00_004878	EWB00_004406	6182.A0A4Z2DUX1	6182.A0A4Z2D5D6	0	0	0	0	0	0.165	0.381	0.095	0.491
EWB00_004878	EWB00_004368	6182.A0A4Z2DUX1	6182.A0A4Z2D605	0	0	0	0	0	0.165	0.371	0.228	0.559
EWB00_004878	EWB00_004032	6182.A0A4Z2DUX1	6182.A0A4Z2D6K4	0	0	0	0	0	0.280	0.394	0.155	0.599
EWB00_004878	EWB00_003876	6182.A0A4Z2DUX1	6182.A0A4Z2D736	0	0	0	0	0	0.309	0.216	0.190	0.522
EWB00_004878	EWB00_004137	6182.A0A4Z2DUX1	6182.A0A4Z2D773	0	0	0	0	0	0.262	0.353	0.054	0.508
EWB00_004878	EWB00_003710	6182.A0A4Z2DUX1	6182.A0A4Z2D7R1	0	0	0	0	0	0.310	0	0.239	0.452
EWB00_004878	EWB00_003565	6182.A0A4Z2DUX1	6182.A0A4Z2D923	0	0	0	0	0	0.310	0.816	0.564	0.939
EWB00_004878	EWB00_003234	6182.A0A4Z2DUX1	6182.A0A4Z2D940	0	0	0	0	0	0.117	0.386	0.042	0.435
EWB00_004878	EWB00_003146	6182.A0A4Z2DUX1	6182.A0A4Z2D9E0	0	0	0	0	0	0.310	0.428	0.480	0.776
EWB00_004878	EWB00_003063	6182.A0A4Z2DUX1	6182.A0A4Z2D9R8	0	0	0	0	0	0.165	0.282	0.116	0.423
EWB00_004878	EWB00_002869	6182.A0A4Z2DUX1	6182.A0A4Z2DAG8	0	0	0	0	0	0.119	0.563	0.173	0.653
EWB00_004878	EWB00_002775	6182.A0A4Z2DUX1	6182.A0A4Z2DBA8	0	0	0	0	0	0.308	0.394	0.319	0.689
EWB00_004878	EWB00_002531	6182.A0A4Z2DUX1	6182.A0A4Z2DBU6	0	0	0	0	0	0.165	0.282	0.131	0.433
EWB00_004878	EWB00_001618	6182.A0A4Z2DUX1	6182.A0A4Z2DF74	0	0	0	0	0.042	0.655	0.771	0.144	0.926
EWB00_004878	EWB00_001471	6182.A0A4Z2DUX1	6182.A0A4Z2DFS2	0	0	0	0	0	0.165	0.282	0.086	0.404
EWB00_004878	EWB00_001225	6182.A0A4Z2DUX1	6182.A0A4Z2DG63	0	0	0	0	0	0.506	0.771	0.139	0.894
EWB00_004878	EWB00_001228	6182.A0A4Z2DUX1	6182.A0A4Z2DGB2	0	0	0	0	0	0.165	0.282	0.093	0.408
EWB00_004878	EWB00_011263	6182.A0A4Z2DUX1	6182.A0A4Z2DKT9	0	0	0	0	0	0.239	0.282	0.135	0.486
EWB00_004878	EWB00_011156	6182.A0A4Z2DUX1	6182.A0A4Z2DLU7	0	0	0	0	0	0.172	0.382	0.095	0.496
EWB00_004878	EWB00_010643	6182.A0A4Z2DUX1	6182.A0A4Z2DN24	0	0	0	0	0	0.113	0.493	0.237	0.626
EWB00_004878	EWB00_010649	6182.A0A4Z2DUX1	6182.A0A4Z2DN32	0	0	0	0	0.047	0.506	0.425	0.189	0.751
EWB00_004878	EWB00_011039	6182.A0A4Z2DUX1	6182.A0A4Z2DN82	0	0	0	0	0	0.065	0.563	0.281	0.680
EWB00_004878	EWB00_010727	6182.A0A4Z2DUX1	6182.A0A4Z2DNH6	0	0	0	0	0	0.631	0.380	0.087	0.772
EWB00_004878	EWB00_009305	6182.A0A4Z2DUX1	6182.A0A4Z2DS24	0	0	0	0	0	0.475	0.502	0.113	0.747
EWB00_004878	EWB00_008934	6182.A0A4Z2DUX1	6182.A0A4Z2DSI5	0	0	0	0	0	0.165	0.282	0.350	0.576
EWB00_004878	EWB00_006002	6182.A0A4Z2DUX1	6182.A0A4Z2DTC9	0	0	0	0	0	0.687	0.517	0.186	0.866
EWB00_004878	EWB00_006050	6182.A0A4Z2DUX1	6182.A0A4Z2DTJ0	0	0	0	0	0.071	0.574	0.771	0.403	0.938
EWB00_004878	EWB00_008748	6182.A0A4Z2DUX1	6182.A0A4Z2DTN7	0	0	0	0	0	0.112	0.372	0.064	0.432
EWB00_004878	EWB00_005467	6182.A0A4Z2DUX1	6182.A0A4Z2DU85	0	0	0	0	0	0.165	0.282	0.244	0.507
EWB00_004878	EWB00_004811	6182.A0A4Z2DUX1	6182.A0A4Z2DUN6	0	0	0	0	0	0.172	0.382	0.095	0.496
EWB00_004878	PR2	6182.A0A4Z2DUX1	6182.C7TXQ4	0	0	0	0	0	0.165	0.282	0.086	0.404
EWB00_004878	EWB00_003272	6182.A0A4Z2DUX1	6182.Q5DB60	0	0	0	0	0.049	0.120	0.288	0.138	0.417
EWB00_004878	EWB00_002899	6182.A0A4Z2DUX1	6182.A0A4Z2DX55	0	0	0	0	0	0.112	0.372	0.064	0.432
EWB00_004878	fyn-prov	6182.A0A4Z2DUX1	6182.C1LGZ6	0	0	0	0	0	0.165	0.381	0.095	0.491
EWB00_004878	EWB00_002919	6182.A0A4Z2DUX1	6182.A0A4Z2DWJ9	0	0	0	0	0	0.065	0.563	0.093	0.597
EWB00_004878	EWB00_001408	6182.A0A4Z2DUX1	6182.A0A4Z2DX44	0	0	0	0	0	0.596	0	0.067	0.606
EWB00_004878	Grb2	6182.A0A4Z2DUX1	6182.Q86F73	0	0	0	0	0	0.204	0.501	0.104	0.613
EWB00_004878	EWB00_010398	6182.A0A4Z2DUX1	6182.A0A4Z2DXN3	0	0	0	0	0	0.154	0.319	0.399	0.623
EWB00_004878	EWB00_008857	6182.A0A4Z2DUX1	6182.A0A4Z2DY79	0	0	0	0	0	0.634	0	0	0.634
EWB00_004878	EWB00_007274	6182.A0A4Z2DUX1	6182.C1LH03	0	0	0	0	0	0.652	0	0.237	0.723
EWB00_004878	EWB00_003429	6182.A0A4Z2DUX1	6182.A0A4Z2DWH7	0	0	0	0	0	0.276	0.771	0.475	0.905
EWB00_004878	EWB00_003359	6182.A0A4Z2DUX1	6182.C1LMR7	0	0	0	0	0.134	0.687	0.658	0.351	0.931
EWB00_004878	tsr	6182.A0A4Z2DUX1	6182.Q86ES4	0	0	0	0	0.134	0.687	0.658	0.351	0.931
EWB00_004878	EWB00_010647	6182.A0A4Z2DUX1	6182.Q5DHL6	0	0	0	0	0	0.767	0.771	0.105	0.948
EWB00_004878	EWB00_007426	6182.A0A4Z2DUX1	6182.C1LJL2	0	0	0	0	0.135	0.822	0.771	0.117	0.964
EWB00_004965	EWB00_009267	6182.A0A4Z2D4A5	6182.A0A4Z2CML4	0	0	0	0	0	0.118	0.337	0.069	0.408
EWB00_004965	EWB00_009162	6182.A0A4Z2D4A5	6182.A0A4Z2CMV9	0	0	0	0	0	0.118	0.337	0.069	0.408
EWB00_004965	EWB00_009287	6182.A0A4Z2D4A5	6182.A0A4Z2CN04	0	0	0	0	0	0.088	0.377	0.064	0.421
EWB00_004965	EWB00_007640	6182.A0A4Z2D4A5	6182.A0A4Z2CTJ3	0	0	0	0	0	0.116	0.449	0.043	0.493
EWB00_004965	EWB00_006747	6182.A0A4Z2D4A5	6182.A0A4Z2CWY6	0	0	0	0	0	0.293	0.495	0.217	0.696
EWB00_004965	EWB00_006234	6182.A0A4Z2D4A5	6182.A0A4Z2CZ44	0	0	0	0	0.043	0.260	0.395	0.075	0.550
EWB00_004965	EWB00_006002	6182.A0A4Z2D4A5	6182.A0A4Z2DTC9	0	0	0	0	0	0.118	0.337	0.069	0.408
EWB00_004965	EWB00_004876	6182.A0A4Z2D4A5	6182.A0A4Z2DUG9	0	0	0	0	0	0.118	0.337	0.069	0.408
EWB00_004965	EWB00_004878	6182.A0A4Z2D4A5	6182.A0A4Z2DUX1	0	0	0	0	0	0.118	0.337	0.069	0.408
EWB00_004965	EWB00_008857	6182.A0A4Z2D4A5	6182.A0A4Z2DY79	0	0	0	0	0	0.118	0.337	0.069	0.408
EWB00_004965	EWB00_009161	6182.A0A4Z2D4A5	6182.C1L3T0	0	0	0	0	0	0.118	0.337	0.069	0.408
EWB00_004965	Act5C	6182.A0A4Z2D4A5	6182.Q5DF69	0	0	0	0	0	0.118	0.337	0.069	0.408
EWB00_004965	EWB00_002502	6182.A0A4Z2D4A5	6182.Q71TT8	0	0	0	0	0	0.118	0.337	0.069	0.408
EWB00_004965	EWB00_003272	6182.A0A4Z2D4A5	6182.Q5DB60	0	0	0	0	0	0.068	0.378	0.065	0.410
EWB00_004965	EWB00_010398	6182.A0A4Z2D4A5	6182.A0A4Z2DXN3	0	0	0	0	0.044	0.064	0.044	0.405	0.422
EWB00_004965	EWB00_002413	6182.A0A4Z2D4A5	6182.A0A4Z2DCK0	0	0	0	0	0	0.113	0	0.422	0.465
EWB00_004965	EWB00_011156	6182.A0A4Z2D4A5	6182.A0A4Z2DLU7	0	0	0	0	0	0.183	0.378	0.062	0.481
EWB00_004965	EWB00_001471	6182.A0A4Z2D4A5	6182.A0A4Z2DFS2	0	0	0	0	0	0.116	0.449	0.043	0.493
EWB00_004965	PR2	6182.A0A4Z2D4A5	6182.C7TXQ4	0	0	0	0	0	0.116	0.449	0.043	0.493
EWB00_004965	EWB00_004811	6182.A0A4Z2D4A5	6182.A0A4Z2DUN6	0	0	0	0	0	0.236	0.378	0.062	0.515
EWB00_004965	EWB00_002775	6182.A0A4Z2D4A5	6182.A0A4Z2DBA8	0	0	0	0	0.043	0.260	0.395	0.075	0.550
EWB00_004965	EWB00_003565	6182.A0A4Z2D4A5	6182.A0A4Z2D923	0	0	0	0	0.089	0.370	0	0.306	0.566
EWB00_004965	EWB00_010649	6182.A0A4Z2D4A5	6182.A0A4Z2DN32	0	0	0	0	0.093	0.301	0.449	0.153	0.664
EWB00_004965	EWB00_006050	6182.A0A4Z2D4A5	6182.A0A4Z2DTJ0	0	0	0	0	0.093	0.301	0.449	0.153	0.664
EWB00_004965	EWB00_002103	6182.A0A4Z2D4A5	6182.A0A4Z2DDE8	0	0	0	0	0	0.293	0.495	0.217	0.696
EWB00_004965	EWB00_001225	6182.A0A4Z2D4A5	6182.A0A4Z2DG63	0	0	0	0	0.089	0.651	0	0.306	0.760
EWB00_005112	EWB00_009456	6182.C1LH53	6182.A0A4Z2CM06	0	0	0	0	0	0	0.930	0	0.930
EWB00_005112	EWB00_009122	6182.C1LH53	6182.A0A4Z2CN26	0	0	0.210	0.592	0.047	0.926	0.876	0.407	0.995
EWB00_005112	EWB00_009095	6182.C1LH53	6182.A0A4Z2CND2	0	0	0.220	0.603	0	0.123	0.340	0	0.509
EWB00_005112	EWB00_008683	6182.C1LH53	6182.A0A4Z2CNZ1	0	0	0.153	0.632	0	0.826	0.811	0.183	0.974
EWB00_005112	EWB00_008162	6182.C1LH53	6182.A0A4Z2CR55	0	0	0.221	0.611	0	0.164	0.340	0	0.532
EWB00_005112	EWB00_007965	6182.C1LH53	6182.A0A4Z2CSU9	0	0	0.221	0.581	0	0.123	0.340	0.065	0.521
EWB00_005112	EWB00_007640	6182.C1LH53	6182.A0A4Z2CTJ3	0	0	0.234	0.583	0	0.309	0.876	0.310	0.948
EWB00_005112	EWB00_007520	6182.C1LH53	6182.A0A4Z2CUE7	0	0	0.155	0.604	0	0.123	0.340	0	0.468
EWB00_005112	EWB00_007161	6182.C1LH53	6182.A0A4Z2CVK4	0	0	0.227	0.592	0	0.144	0.876	0.190	0.924
EWB00_005112	EWB00_006350	6182.C1LH53	6182.A0A4Z2CZ14	0	0	0	0	0	0.638	0.517	0.093	0.827
EWB00_005112	EWB00_005849	6182.C1LH53	6182.A0A4Z2D0D0	0	0	0	0	0.042	0.123	0.340	0.048	0.401
EWB00_005112	EWB00_004506	6182.C1LH53	6182.A0A4Z2D514	0	0	0	0	0	0.638	0.517	0.093	0.827
EWB00_005112	EWB00_004405	6182.C1LH53	6182.A0A4Z2D5F1	0	0	0.515	0	0	0	0	0	0.515
EWB00_005112	EWB00_002858	6182.C1LH53	6182.A0A4Z2DAI3	0	0	0.176	0.713	0	0.308	0	0.063	0.419
EWB00_005112	EWB00_002531	6182.C1LH53	6182.A0A4Z2DBU6	0	0	0.371	0	0	0.241	0.510	0.062	0.751
EWB00_005112	EWB00_002386	6182.C1LH53	6182.A0A4Z2DCG1	0	0	0	0	0	0.506	0	0.104	0.538
EWB00_005112	EWB00_001594	6182.C1LH53	6182.A0A4Z2DF50	0	0	0.203	0	0	0.123	0.340	0.065	0.510
EWB00_005112	EWB00_001471	6182.C1LH53	6182.A0A4Z2DFS2	0	0	0	0	0	0.309	0.618	0.109	0.744
EWB00_005112	EWB00_001343	6182.C1LH53	6182.A0A4Z2DFX9	0	0	0	0	0.057	0.224	0.876	0.063	0.903
EWB00_005112	EWB00_001228	6182.C1LH53	6182.A0A4Z2DGB2	0	0	0	0	0	0.123	0.340	0.127	0.450
EWB00_005112	EWB00_000422	6182.C1LH53	6182.A0A4Z2DIX7	0	0	0.373	0	0.089	0	0	0	0.404
EWB00_005112	EWB00_011263	6182.C1LH53	6182.A0A4Z2DKT9	0	0	0	0	0.098	0.145	0.340	0.071	0.463
EWB00_005112	EWB00_008934	6182.C1LH53	6182.A0A4Z2DSI5	0	0	0	0	0	0.186	0.340	0.064	0.453
EWB00_005112	EWB00_008748	6182.C1LH53	6182.A0A4Z2DTN7	0	0	0.242	0.582	0	0.249	0	0	0.406
EWB00_005112	EWB00_005467	6182.C1LH53	6182.A0A4Z2DU85	0	0	0.159	0.603	0	0.123	0.340	0	0.470
EWB00_005112	EWB00_004811	6182.C1LH53	6182.A0A4Z2DUN6	0	0	0.207	0.629	0	0.284	0	0.057	0.417
EWB00_005112	EWB00_003747	6182.C1LH53	6182.A0A4Z2DVH8	0	0	0.190	0.596	0	0.123	0.340	0	0.490
EWB00_005112	EWB00_002899	6182.C1LH53	6182.A0A4Z2DX55	0	0	0.423	0	0	0.131	0	0	0.477
EWB00_005112	fyn-prov	6182.C1LH53	6182.C1LGZ6	0	0	0.177	0.605	0	0.123	0.340	0	0.482
EWB00_005112	EWB00_007519	6182.C1LH53	6182.Q5D9F6	0	0	0.196	0.604	0	0.291	0.876	0.207	0.936
EWB00_005112	EWB00_004095	6182.C1LH53	6182.Q6PMM5	0	0	0	0	0	0.826	0.811	0.183	0.970
EWB00_005112	PR2	6182.C1LH53	6182.C7TXQ4	0	0	0.223	0.595	0	0.823	0.878	0.296	0.986
EWB00_005116	EWB00_009267	6182.A0A4Z2D2T5	6182.A0A4Z2CML4	0	0	0	0	0	0.116	0.390	0.105	0.475
EWB00_005116	EWB00_009162	6182.A0A4Z2D2T5	6182.A0A4Z2CMV9	0	0	0	0	0	0.102	0.390	0.105	0.466
EWB00_005116	EWB00_009287	6182.A0A4Z2D2T5	6182.A0A4Z2CN04	0	0	0	0	0	0.135	0.478	0.186	0.600
EWB00_005116	EWB00_009117	6182.A0A4Z2D2T5	6182.A0A4Z2CN06	0	0	0	0	0	0.178	0.372	0	0.461
EWB00_005116	EWB00_008993	6182.A0A4Z2D2T5	6182.A0A4Z2CNG2	0	0	0.150	0.703	0	0.109	0.395	0	0.501
EWB00_005116	EWB00_008648	6182.A0A4Z2D2T5	6182.A0A4Z2CP90	0	0	0	0	0.090	0.131	0.394	0.054	0.485
EWB00_005116	EWB00_008411	6182.A0A4Z2D2T5	6182.A0A4Z2CQ40	0	0	0.202	0.577	0	0.309	0	0.055	0.433
EWB00_005116	EWB00_008372	6182.A0A4Z2D2T5	6182.A0A4Z2CQJ6	0	0	0	0	0.160	0.212	0.946	0.562	0.982
EWB00_005116	EWB00_008239	6182.A0A4Z2D2T5	6182.A0A4Z2CQY2	0	0	0	0	0	0.242	0.339	0.064	0.490
EWB00_005116	EWB00_008231	6182.A0A4Z2D2T5	6182.A0A4Z2CRJ2	0	0	0.195	0.599	0	0.309	0	0.055	0.428
EWB00_005116	EWB00_007640	6182.A0A4Z2D2T5	6182.A0A4Z2CTJ3	0	0	0.215	0.561	0	0.128	0	0.209	0.411
EWB00_005116	EWB00_007395	6182.A0A4Z2D2T5	6182.A0A4Z2CUS5	0	0	0	0	0	0.242	0.339	0.064	0.490
EWB00_005116	EWB00_006175	6182.A0A4Z2D2T5	6182.A0A4Z2CZK0	0	0	0.158	0.560	0.110	0.257	0	0.066	0.410
EWB00_005116	EWB00_006200	6182.A0A4Z2D2T5	6182.A0A4Z2CZM0	0	0	0	0	0	0.242	0.339	0.064	0.490
EWB00_005116	EWB00_006126	6182.A0A4Z2D2T5	6182.A0A4Z2CZR2	0	0	0	0	0	0.309	0.385	0.081	0.575
EWB00_005116	EWB00_006201	6182.A0A4Z2D2T5	6182.A0A4Z2CZR4	0	0	0	0	0	0.242	0.339	0.064	0.490
EWB00_005116	EWB00_006199	6182.A0A4Z2D2T5	6182.A0A4Z2D0J4	0	0	0	0	0	0.242	0.339	0.064	0.490
EWB00_005116	EWB00_005385	6182.A0A4Z2D2T5	6182.A0A4Z2D1Q0	0	0	0	0	0.045	0.731	0	0.133	0.757
EWB00_005116	EWB00_005528	6182.A0A4Z2D2T5	6182.A0A4Z2D2F1	0	0	0	0	0	0.242	0.339	0.064	0.490
EWB00_005116	EWB00_002413	6182.A0A4Z2D2T5	6182.A0A4Z2DCK0	0	0	0.168	0.584	0	0.309	0	0	0.400
EWB00_005116	EWB00_000320	6182.A0A4Z2D2T5	6182.A0A4Z2DXA7	0	0	0	0	0	0.087	0.383	0	0.412
EWB00_005116	PR2	6182.A0A4Z2D2T5	6182.C7TXQ4	0	0	0.335	0	0	0.128	0	0.068	0.412
EWB00_005116	EWB00_000085	6182.A0A4Z2D2T5	6182.A0A4Z2DKG0	0	0	0.156	0.706	0	0.103	0.270	0.065	0.414
EWB00_005116	EWB00_004405	6182.A0A4Z2D2T5	6182.A0A4Z2D5F1	0	0	0.162	0.680	0	0.103	0.270	0.065	0.418
EWB00_005116	EWB00_011320	6182.A0A4Z2D2T5	6182.Q5DBY2	0	0	0.188	0.657	0	0.103	0.270	0.065	0.436
EWB00_005116	EWB00_007721	6182.A0A4Z2D2T5	6182.A0A4Z2DSU2	0	0	0	0	0	0.109	0.395	0	0.437
EWB00_005116	EWB00_004196	6182.A0A4Z2D2T5	6182.A0A4Z2DUY0	0	0	0	0	0	0.109	0.395	0	0.437
EWB00_005116	EWB00_003114	6182.A0A4Z2D2T5	6182.A0A4Z2D9R6	0	0	0.198	0.618	0.110	0.257	0	0.066	0.438
EWB00_005116	EWB00_004872	6182.A0A4Z2D2T5	6182.A0A4Z2DUW3	0	0	0	0	0	0.178	0.372	0	0.461
EWB00_005116	EWB00_010398	6182.A0A4Z2D2T5	6182.A0A4Z2DXN3	0	0	0	0	0	0.178	0.372	0	0.461
EWB00_005116	EWB00_007426	6182.A0A4Z2D2T5	6182.C1LJL2	0	0	0	0	0	0.151	0.379	0.067	0.465
EWB00_005116	EWB00_006002	6182.A0A4Z2D2T5	6182.A0A4Z2DTC9	0	0	0	0	0	0.102	0.390	0.105	0.466
EWB00_005116	EWB00_009161	6182.A0A4Z2D2T5	6182.C1L3T0	0	0	0	0	0	0.102	0.390	0.105	0.466
EWB00_005116	EWB00_002741	6182.A0A4Z2D2T5	6182.A0A4Z2DB14	0	0	0	0	0	0	0.470	0	0.470
EWB00_005116	EWB00_008857	6182.A0A4Z2D2T5	6182.A0A4Z2DY79	0	0	0	0	0	0.112	0.390	0.105	0.472
EWB00_005116	Act5C	6182.A0A4Z2D2T5	6182.Q5DF69	0	0	0	0	0	0.116	0.390	0.105	0.475
EWB00_005116	EWB00_004876	6182.A0A4Z2D2T5	6182.A0A4Z2DUG9	0	0	0	0	0	0.120	0.390	0.105	0.477
EWB00_005116	EWB00_004878	6182.A0A4Z2D2T5	6182.A0A4Z2DUX1	0	0	0	0	0	0.120	0.390	0.105	0.477
EWB00_005116	EWB00_002502	6182.A0A4Z2D2T5	6182.Q71TT8	0	0	0	0	0	0.120	0.390	0.105	0.477
EWB00_005116	EWB00_001311	6182.A0A4Z2D2T5	6182.A0A4Z2DG67	0	0	0	0	0	0.242	0.339	0.064	0.490
EWB00_005116	EWB00_001102	6182.A0A4Z2D2T5	6182.A0A4Z2DGT3	0	0	0	0	0	0.242	0.339	0.064	0.490
EWB00_005116	EWB00_000274	6182.A0A4Z2D2T5	6182.A0A4Z2DJH5	0	0	0	0	0	0.242	0.339	0.064	0.490
EWB00_005116	EWB00_010449	6182.A0A4Z2D2T5	6182.A0A4Z2DXL3	0	0	0	0	0	0.242	0.339	0.064	0.490
EWB00_005116	EWB00_010448	6182.A0A4Z2D2T5	6182.A0A4Z2DXQ5	0	0	0	0	0	0.242	0.339	0.064	0.490
EWB00_005116	EWB00_010450	6182.A0A4Z2D2T5	6182.A0A4Z2DXW2	0	0	0	0	0	0.242	0.339	0.064	0.490
EWB00_005116	EWB00_010647	6182.A0A4Z2D2T5	6182.Q5DHL6	0	0	0	0	0	0.202	0.379	0.067	0.497
EWB00_005116	EWB00_001618	6182.A0A4Z2D2T5	6182.A0A4Z2DF74	0	0	0	0	0	0.093	0.379	0.185	0.500
EWB00_005116	EWB00_009479	6182.A0A4Z2D2T5	6182.A0A4Z2DRN3	0	0	0	0	0	0.506	0	0.051	0.511
EWB00_005116	EWB00_009605	6182.A0A4Z2D2T5	6182.A0A4Z2DR61	0	0	0	0	0	0.237	0.383	0.062	0.519
EWB00_005116	EWB00_004325	6182.A0A4Z2D2T5	6182.A0A4Z2D5X8	0	0	0.170	0.571	0.059	0.131	0.394	0.054	0.539
EWB00_005116	EWB00_008932	6182.A0A4Z2D2T5	6182.A0A4Z2DSG0	0	0	0.160	0.583	0.090	0.131	0.394	0.054	0.549
EWB00_005116	EWB00_008934	6182.A0A4Z2D2T5	6182.A0A4Z2DSI5	0	0	0	0	0	0.115	0.517	0	0.554
EWB00_005116	EWB00_001328	6182.A0A4Z2D2T5	6182.A0A4Z2DG14	0	0	0	0	0	0.309	0.385	0.081	0.575
EWB00_005116	EWB00_003234	6182.A0A4Z2D2T5	6182.A0A4Z2D940	0	0	0.150	0.638	0	0.064	0.510	0.043	0.576
EWB00_005116	EWB00_003876	6182.A0A4Z2D2T5	6182.A0A4Z2D736	0	0	0.196	0.590	0	0.238	0.381	0.065	0.597
EWB00_005116	EWB00_002194	6182.A0A4Z2D2T5	6182.A0A4Z2DDD6	0	0	0	0	0	0	0.683	0	0.683
EWB00_005116	EWB00_008748	6182.A0A4Z2D2T5	6182.A0A4Z2DTN7	0	0	0.218	0.561	0.101	0.506	0	0.287	0.719
EWB00_005116	EWB00_003272	6182.A0A4Z2D2T5	6182.Q5DB60	0	0	0.182	0.601	0.245	0.506	0.449	0.142	0.829
EWB00_005116	EWB00_011156	6182.A0A4Z2D2T5	6182.A0A4Z2DLU7	0	0	0	0	0.256	0.656	0.470	0.234	0.882
EWB00_005116	EWB00_004811	6182.A0A4Z2D2T5	6182.A0A4Z2DUN6	0	0	0	0	0.271	0.763	0.487	0.234	0.923
EWB00_005116	EWB00_003470	6182.A0A4Z2D2T5	6182.A0A4Z2D886	0	0	0.164	0.637	0.100	0.816	0.739	0.209	0.966
EWB00_005166	EWB00_009122	6182.A0A4Z2D2Y7	6182.A0A4Z2CN26	0	0	0.200	0.597	0	0.309	0.771	0.202	0.885
EWB00_005166	EWB00_009095	6182.A0A4Z2D2Y7	6182.A0A4Z2CND2	0	0	0.227	0.560	0	0.244	0.371	0.047	0.602
EWB00_005166	EWB00_008993	6182.A0A4Z2D2Y7	6182.A0A4Z2CNG2	0	0	0	0	0	0.506	0.478	0	0.731
EWB00_005166	EWB00_008683	6182.A0A4Z2D2Y7	6182.A0A4Z2CNZ1	0	0	0.154	0.589	0	0.309	0.811	0.135	0.891
EWB00_005166	EWB00_008162	6182.A0A4Z2D2Y7	6182.A0A4Z2CR55	0	0	0.222	0.572	0	0.244	0.371	0.047	0.600
EWB00_005166	EWB00_008189	6182.A0A4Z2D2Y7	6182.A0A4Z2CR88	0	0	0	0	0	0.244	0.371	0.047	0.507
EWB00_005166	EWB00_008035	6182.A0A4Z2D2Y7	6182.A0A4Z2CRV6	0	0	0.168	0.614	0	0.681	0	0.051	0.726
EWB00_005166	EWB00_007965	6182.A0A4Z2D2Y7	6182.A0A4Z2CSU9	0	0	0.228	0.556	0	0.244	0.371	0.475	0.781
EWB00_005166	EWB00_007640	6182.A0A4Z2D2Y7	6182.A0A4Z2CTJ3	0	0	0.238	0.561	0	0.244	0.371	0.048	0.608
EWB00_005166	EWB00_007520	6182.A0A4Z2D2Y7	6182.A0A4Z2CUE7	0	0	0.155	0.559	0	0.244	0.371	0.047	0.565
EWB00_005166	EWB00_006350	6182.A0A4Z2D2Y7	6182.A0A4Z2CZ14	0	0	0	0	0	0.309	0.425	0.124	0.621
EWB00_005166	EWB00_006175	6182.A0A4Z2D2Y7	6182.A0A4Z2CZK0	0	0	0.185	0.571	0	0.291	0.347	0.080	0.606
EWB00_005166	EWB00_005849	6182.A0A4Z2D2Y7	6182.A0A4Z2D0D0	0	0	0	0	0	0.244	0.371	0.065	0.516
EWB00_005166	EWB00_005385	6182.A0A4Z2D2Y7	6182.A0A4Z2D1Q0	0	0	0	0	0	0.378	0.674	0.140	0.810
EWB00_005166	EWB00_003710	6182.A0A4Z2D2Y7	6182.A0A4Z2D7R1	0	0	0	0	0.101	0.228	0	0.278	0.455
EWB00_005166	EWB00_004406	6182.A0A4Z2D2Y7	6182.A0A4Z2D5D6	0	0	0	0	0	0.244	0.371	0.047	0.507
EWB00_005166	EWB00_001594	6182.A0A4Z2D2Y7	6182.A0A4Z2DF50	0	0	0	0	0	0.244	0.371	0.047	0.507
EWB00_005166	EWB00_001471	6182.A0A4Z2D2Y7	6182.A0A4Z2DFS2	0	0	0	0	0	0.244	0.371	0.048	0.507
EWB00_005166	EWB00_005467	6182.A0A4Z2D2Y7	6182.A0A4Z2DU85	0	0	0	0	0	0.244	0.371	0.047	0.507
EWB00_005166	EWB00_009358	6182.A0A4Z2D2Y7	6182.A0A4Z2DRM5	0	0	0	0	0	0.097	0.470	0.062	0.511
EWB00_005166	EWB00_010687	6182.A0A4Z2D2Y7	6182.A0A4Z2DNJ5	0	0	0	0	0	0.244	0.371	0.064	0.516
EWB00_005166	EWB00_003272	6182.A0A4Z2D2Y7	6182.Q5DB60	0	0	0.230	0.584	0	0.368	0.058	0.070	0.516
EWB00_005166	EWB00_002781	6182.A0A4Z2D2Y7	6182.A0A4Z2DBA4	0	0	0.264	0	0	0	0.379	0	0.523
EWB00_005166	EWB00_004368	6182.A0A4Z2D2Y7	6182.A0A4Z2D605	0	0	0	0	0	0.244	0.376	0.092	0.534
EWB00_005166	CKI-alpha	6182.A0A4Z2D2Y7	6182.C1L4B0	0	0	0.342	0	0	0	0.379	0	0.573
EWB00_005166	fyn-prov	6182.A0A4Z2D2Y7	6182.C1LGZ6	0	0	0.170	0.562	0	0.244	0.371	0.047	0.573
EWB00_005166	EWB00_000422	6182.A0A4Z2D2Y7	6182.A0A4Z2DIX7	0	0	0.353	0	0	0	0.379	0	0.581
EWB00_005166	EWB00_003747	6182.A0A4Z2D2Y7	6182.A0A4Z2DVH8	0	0	0.185	0.558	0	0.244	0.371	0.056	0.585
EWB00_005166	EWB00_001228	6182.A0A4Z2D2Y7	6182.A0A4Z2DGB2	0	0	0.208	0	0	0.244	0.371	0.064	0.600
EWB00_005166	EWB00_004506	6182.A0A4Z2D2Y7	6182.A0A4Z2D514	0	0	0	0	0	0.309	0.425	0.124	0.621
EWB00_005166	EWB00_003114	6182.A0A4Z2D2Y7	6182.A0A4Z2D9R6	0	0	0.219	0.618	0	0.291	0.347	0.080	0.622
EWB00_005166	EWB00_003063	6182.A0A4Z2D2Y7	6182.A0A4Z2D9R8	0	0	0.218	0	0	0.244	0.371	0.119	0.628
EWB00_005166	EWB00_008934	6182.A0A4Z2D2Y7	6182.A0A4Z2DSI5	0	0	0	0	0	0.334	0.489	0.065	0.654
EWB00_005166	EWB00_004032	6182.A0A4Z2D2Y7	6182.A0A4Z2D6K4	0	0	0	0	0	0.506	0.393	0.043	0.687
EWB00_005166	EWB00_002194	6182.A0A4Z2D2Y7	6182.A0A4Z2DDD6	0	0	0	0	0	0.506	0.394	0.063	0.694
EWB00_005166	EWB00_002531	6182.A0A4Z2D2Y7	6182.A0A4Z2DBU6	0	0	0.348	0	0	0.244	0.463	0.070	0.720
EWB00_005166	PR2	6182.A0A4Z2D2Y7	6182.C7TXQ4	0	0	0.490	0	0	0.244	0.371	0.048	0.738
EWB00_005166	EWB00_004095	6182.A0A4Z2D2Y7	6182.Q6PMM5	0	0	0	0	0	0.309	0.811	0.135	0.877
EWB00_005166	EWB00_007721	6182.A0A4Z2D2Y7	6182.A0A4Z2DSU2	0	0	0	0	0	0.506	0.771	0	0.882
EWB00_005166	EWB00_004196	6182.A0A4Z2D2Y7	6182.A0A4Z2DUY0	0	0	0	0	0	0.506	0.771	0	0.882
EWB00_005166	EWB00_004650	6182.A0A4Z2D2Y7	6182.A0A4Z2D5A9	0	0	0	0	0	0.506	0.876	0.190	0.946
EWB00_005166	EWB00_011263	6182.A0A4Z2D2Y7	6182.A0A4Z2DKT9	0	0	0	0	0.113	0.798	0.876	0.238	0.980
EWB00_005166	EWB00_000516	6182.A0A4Z2D2Y7	6182.A0A4Z2DIX5	0	0	0.155	0.665	0	0.889	0.876	0.371	0.991
EWB00_005385	EWB00_008993	6182.A0A4Z2D1Q0	6182.A0A4Z2CNG2	0	0	0	0	0	0.384	0.618	0.066	0.761
EWB00_005385	EWB00_008411	6182.A0A4Z2D1Q0	6182.A0A4Z2CQ40	0	0	0.160	0.604	0.109	0.322	0	0.066	0.462
EWB00_005385	EWB00_008372	6182.A0A4Z2D1Q0	6182.A0A4Z2CQJ6	0	0	0	0	0.045	0.731	0	0.133	0.757
EWB00_005385	EWB00_008231	6182.A0A4Z2D1Q0	6182.A0A4Z2CRJ2	0	0	0.152	0.610	0	0.322	0	0.066	0.416
EWB00_005385	EWB00_007965	6182.A0A4Z2D1Q0	6182.A0A4Z2CSU9	0	0	0.301	0	0	0.253	0.057	0.046	0.467
EWB00_005385	EWB00_007650	6182.A0A4Z2D1Q0	6182.A0A4Z2CTZ5	0	0	0	0	0	0.884	0	0.389	0.926
EWB00_005385	EWB00_001391	6182.A0A4Z2D1Q0	6182.A0A4Z2DWQ9	0	0	0	0	0	0.122	0.337	0.064	0.407
EWB00_005385	EWB00_004650	6182.A0A4Z2D1Q0	6182.A0A4Z2D5A9	0	0	0	0	0	0.408	0	0.048	0.412
EWB00_005385	PR2	6182.A0A4Z2D1Q0	6182.C7TXQ4	0	0	0.311	0	0	0.253	0.057	0.060	0.482
EWB00_005385	EWB00_001961	6182.A0A4Z2D1Q0	6182.A0A4Z2DEA2	0	0	0	0	0	0.104	0	0.448	0.484
EWB00_005385	EWB00_003272	6182.A0A4Z2D1Q0	6182.Q5DB60	0	0	0.153	0.569	0	0.327	0	0.190	0.497
EWB00_005385	EWB00_004368	6182.A0A4Z2D1Q0	6182.A0A4Z2D605	0	0	0	0	0	0.506	0.057	0.070	0.528
EWB00_005385	EWB00_003710	6182.A0A4Z2D1Q0	6182.A0A4Z2D7R1	0	0	0	0	0	0.380	0.244	0.448	0.718
EWB00_005385	EWB00_002194	6182.A0A4Z2D1Q0	6182.A0A4Z2DDD6	0	0	0	0	0	0	0.736	0	0.736
EWB00_005385	EWB00_005116	6182.A0A4Z2D1Q0	6182.A0A4Z2D2T5	0	0	0	0	0.045	0.731	0	0.133	0.757
EWB00_005385	EWB00_007721	6182.A0A4Z2D1Q0	6182.A0A4Z2DSU2	0	0	0	0	0	0.384	0.618	0.066	0.761
EWB00_005385	EWB00_004196	6182.A0A4Z2D1Q0	6182.A0A4Z2DUY0	0	0	0	0	0	0.384	0.618	0.066	0.761
EWB00_005385	EWB00_005166	6182.A0A4Z2D1Q0	6182.A0A4Z2D2Y7	0	0	0	0	0	0.378	0.674	0.140	0.810
EWB00_005467	EWB00_009435	6182.A0A4Z2DU85	6182.A0A4Z2CM43	0	0	0	0	0	0.143	0.340	0	0.410
EWB00_005467	EWB00_009267	6182.A0A4Z2DU85	6182.A0A4Z2CML4	0	0	0	0	0	0.165	0.282	0.200	0.478
EWB00_005467	EWB00_009122	6182.A0A4Z2DU85	6182.A0A4Z2CN26	0	0	0.166	0.586	0	0.204	0.771	0.068	0.839
EWB00_005467	EWB00_008993	6182.A0A4Z2DU85	6182.A0A4Z2CNG2	0	0	0	0	0	0.212	0.298	0.043	0.424
EWB00_005467	EWB00_008683	6182.A0A4Z2DU85	6182.A0A4Z2CNZ1	0	0	0	0	0	0.224	0.811	0.050	0.848
EWB00_005467	EWB00_008411	6182.A0A4Z2DU85	6182.A0A4Z2CQ40	0	0	0.152	0.580	0	0.145	0.363	0.049	0.502
EWB00_005467	EWB00_008231	6182.A0A4Z2DU85	6182.A0A4Z2CRJ2	0	0	0.152	0.622	0	0.145	0.363	0.063	0.509
EWB00_005467	EWB00_007959	6182.A0A4Z2DU85	6182.A0A4Z2CS38	0	0	0	0	0	0.201	0.372	0	0.476
EWB00_005467	EWB00_007978	6182.A0A4Z2DU85	6182.A0A4Z2CSH8	0	0	0	0	0	0.214	0.372	0.059	0.494
EWB00_005467	EWB00_007650	6182.A0A4Z2DU85	6182.A0A4Z2CTZ5	0	0	0	0	0	0.138	0.335	0.054	0.410
EWB00_005467	EWB00_007322	6182.A0A4Z2DU85	6182.A0A4Z2CUR2	0	0	0	0	0	0.248	0.379	0	0.513
EWB00_005467	EWB00_007161	6182.A0A4Z2DU85	6182.A0A4Z2CVK4	0	0	0	0	0	0.135	0.370	0.064	0.445
EWB00_005467	EWB00_006505	6182.A0A4Z2DU85	6182.A0A4Z2CYG9	0	0	0	0	0	0.090	0.349	0.138	0.444
EWB00_005467	EWB00_006350	6182.A0A4Z2DU85	6182.A0A4Z2CZ14	0	0	0	0	0	0.204	0.517	0.050	0.602
EWB00_005467	EWB00_006175	6182.A0A4Z2DU85	6182.A0A4Z2CZK0	0	0	0	0	0	0.229	0.496	0.047	0.597
EWB00_005467	EWB00_005910	6182.A0A4Z2DU85	6182.A0A4Z2D044	0	0	0	0	0	0.244	0.370	0.056	0.511
EWB00_005467	EWB00_005803	6182.A0A4Z2DU85	6182.A0A4Z2D0N4	0	0	0	0	0	0.155	0.373	0.048	0.451
EWB00_005467	EWB00_005166	6182.A0A4Z2DU85	6182.A0A4Z2D2Y7	0	0	0	0	0	0.244	0.371	0.047	0.507
EWB00_005467	EWB00_004506	6182.A0A4Z2DU85	6182.A0A4Z2D514	0	0	0	0	0	0.204	0.517	0.050	0.602
EWB00_005467	EWB00_004650	6182.A0A4Z2DU85	6182.A0A4Z2D5A9	0	0	0	0	0	0.229	0.496	0.047	0.597
EWB00_005467	EWB00_004368	6182.A0A4Z2DU85	6182.A0A4Z2D605	0	0	0	0	0	0.527	0.876	0.064	0.940
EWB00_005467	EWB00_004032	6182.A0A4Z2DU85	6182.A0A4Z2D6K4	0	0	0	0	0	0.506	0.521	0	0.753
EWB00_005467	EWB00_003710	6182.A0A4Z2DU85	6182.A0A4Z2D7R1	0	0	0	0	0.046	0.506	0.561	0.183	0.808
EWB00_005467	EWB00_003565	6182.A0A4Z2DU85	6182.A0A4Z2D923	0	0	0	0	0	0.104	0.356	0.223	0.512
EWB00_005467	EWB00_003146	6182.A0A4Z2DU85	6182.A0A4Z2D9E0	0	0	0	0	0	0.090	0.349	0.239	0.509
EWB00_005467	EWB00_003114	6182.A0A4Z2DU85	6182.A0A4Z2D9R6	0	0	0	0	0	0.229	0.496	0.047	0.597
EWB00_005467	EWB00_002858	6182.A0A4Z2DU85	6182.A0A4Z2DAI3	0	0	0	0	0	0.266	0.372	0.062	0.529
EWB00_005467	EWB00_002741	6182.A0A4Z2DU85	6182.A0A4Z2DB14	0	0	0	0	0	0.250	0.373	0.065	0.521
EWB00_005467	EWB00_002781	6182.A0A4Z2DU85	6182.A0A4Z2DBA4	0	0	0	0	0	0.107	0.373	0.048	0.420
EWB00_005467	EWB00_002797	6182.A0A4Z2DU85	6182.A0A4Z2DBK5	0	0	0.157	0.605	0	0.506	0.349	0.062	0.711
EWB00_005467	EWB00_002531	6182.A0A4Z2DU85	6182.A0A4Z2DBU6	0	0	0	0	0.048	0.110	0.674	0.043	0.700
EWB00_005467	EWB00_002386	6182.A0A4Z2DU85	6182.A0A4Z2DCG1	0	0	0	0	0	0.266	0.372	0.062	0.529
EWB00_005467	EWB00_001594	6182.A0A4Z2DU85	6182.A0A4Z2DF50	0	0	0	0	0	0	0.482	0.043	0.483
EWB00_005467	EWB00_001618	6182.A0A4Z2DU85	6182.A0A4Z2DF74	0	0	0	0	0	0.165	0.282	0.313	0.552
EWB00_005467	EWB00_001225	6182.A0A4Z2DU85	6182.A0A4Z2DG63	0	0	0	0	0	0.104	0.356	0.332	0.580
EWB00_005467	EWB00_000751	6182.A0A4Z2DU85	6182.A0A4Z2DI18	0	0	0.158	0.561	0	0.201	0.372	0	0.540
EWB00_005467	EWB00_000516	6182.A0A4Z2DU85	6182.A0A4Z2DIX5	0	0	0	0	0	0.843	0.767	0.055	0.962
EWB00_005467	EWB00_000422	6182.A0A4Z2DU85	6182.A0A4Z2DIX7	0	0	0	0	0	0.107	0.373	0.043	0.417
EWB00_005467	EWB00_011263	6182.A0A4Z2DU85	6182.A0A4Z2DKT9	0	0	0	0	0	0.584	0.876	0.097	0.949
EWB00_005467	EWB00_010643	6182.A0A4Z2DU85	6182.A0A4Z2DN24	0	0	0	0	0	0.262	0.375	0	0.519
EWB00_005467	EWB00_010727	6182.A0A4Z2DU85	6182.A0A4Z2DNH6	0	0	0	0	0	0.082	0.259	0.279	0.466
EWB00_005467	EWB00_009358	6182.A0A4Z2DU85	6182.A0A4Z2DRM5	0	0	0	0	0	0.616	0.677	0.055	0.872
EWB00_005467	EWB00_007721	6182.A0A4Z2DU85	6182.A0A4Z2DSU2	0	0	0	0	0	0.212	0.298	0.043	0.424
EWB00_005467	EWB00_008748	6182.A0A4Z2DU85	6182.A0A4Z2DTN7	0	0	0.172	0.552	0	0.146	0.282	0.063	0.460
EWB00_005467	EWB00_010647	6182.A0A4Z2DU85	6182.Q5DHL6	0	0	0	0	0	0.165	0.282	0.087	0.404
EWB00_005467	EWB00_007426	6182.A0A4Z2DU85	6182.C1LJL2	0	0	0	0	0	0.165	0.282	0.105	0.416
EWB00_005467	CKI-alpha	6182.A0A4Z2DU85	6182.C1L4B0	0	0	0	0	0	0.107	0.373	0.043	0.417
EWB00_005467	EWB00_004196	6182.A0A4Z2DU85	6182.A0A4Z2DUY0	0	0	0	0	0	0.212	0.298	0.043	0.424
EWB00_005467	EWB00_008857	6182.A0A4Z2DU85	6182.A0A4Z2DY79	0	0	0	0	0	0.165	0.282	0.137	0.437
EWB00_005467	EWB00_003272	6182.A0A4Z2DU85	6182.Q5DB60	0	0	0	0	0	0.190	0.329	0.048	0.437
EWB00_005467	EWB00_005112	6182.A0A4Z2DU85	6182.C1LH53	0	0	0.159	0.603	0	0.123	0.340	0	0.470
EWB00_005467	EWB00_003429	6182.A0A4Z2DU85	6182.A0A4Z2DWH7	0	0	0	0	0	0.127	0.335	0.165	0.472
EWB00_005467	Act5C	6182.A0A4Z2DU85	6182.Q5DF69	0	0	0	0	0	0.165	0.282	0.200	0.478
EWB00_005467	EWB00_004876	6182.A0A4Z2DU85	6182.A0A4Z2DUG9	0	0	0	0	0	0.165	0.282	0.244	0.507
EWB00_005467	EWB00_004878	6182.A0A4Z2DU85	6182.A0A4Z2DUX1	0	0	0	0	0	0.165	0.282	0.244	0.507
EWB00_005467	EWB00_002502	6182.A0A4Z2DU85	6182.Q71TT8	0	0	0	0	0	0.165	0.282	0.244	0.507
EWB00_005467	EWB00_004811	6182.A0A4Z2DU85	6182.A0A4Z2DUN6	0	0	0	0	0	0.506	0	0.048	0.509
EWB00_005467	Grb2	6182.A0A4Z2DU85	6182.Q86F73	0	0	0	0	0	0.244	0.370	0.063	0.514
EWB00_005467	cdk5	6182.A0A4Z2DU85	6182.C1L6Q8	0	0	0	0	0	0.124	0.374	0.238	0.545
EWB00_005467	EWB00_008747	6182.A0A4Z2DU85	6182.C1LG63	0	0	0	0	0	0.370	0.392	0.096	0.623
EWB00_005467	EWB00_004095	6182.A0A4Z2DU85	6182.Q6PMM5	0	0	0	0	0	0.224	0.811	0.050	0.848
EWB00_005528	EWB00_008372	6182.A0A4Z2D2F1	6182.A0A4Z2CQJ6	0	0	0	0	0	0.242	0.339	0.064	0.490
EWB00_005528	EWB00_006209	6182.A0A4Z2D2F1	6182.A0A4Z2CZP0	0	0	0	0	0	0.093	0.379	0.069	0.429
EWB00_005528	EWB00_002413	6182.A0A4Z2D2F1	6182.A0A4Z2DCK0	0	0	0	0	0	0.111	0.383	0	0.428
EWB00_005528	EWB00_003639	6182.A0A4Z2D2F1	6182.A0A4Z2D7T8	0	0	0	0	0	0.093	0.379	0.069	0.429
EWB00_005528	EWB00_011039	6182.A0A4Z2D2F1	6182.A0A4Z2DN82	0	0	0	0	0	0.093	0.379	0.069	0.429
EWB00_005528	EWB00_002919	6182.A0A4Z2D2F1	6182.A0A4Z2DWJ9	0	0	0	0	0	0.093	0.379	0.069	0.429
EWB00_005528	EWB00_002869	6182.A0A4Z2D2F1	6182.A0A4Z2DAG8	0	0	0	0	0	0.116	0.376	0.063	0.437
EWB00_005528	EWB00_005116	6182.A0A4Z2D2F1	6182.A0A4Z2D2T5	0	0	0	0	0	0.242	0.339	0.064	0.490
EWB00_005528	EWB00_003710	6182.A0A4Z2D2F1	6182.A0A4Z2D7R1	0	0	0	0	0	0.141	0.374	0.155	0.505
EWB00_005624	EWB00_004650	6182.A0A4Z2DU38	6182.A0A4Z2D5A9	0	0	0	0	0	0.506	0	0.069	0.520
EWB00_005624	EWB00_003234	6182.A0A4Z2DU38	6182.A0A4Z2D940	0	0	0	0	0	0.119	0.395	0.045	0.446
EWB00_005624	EWB00_010219	6182.A0A4Z2DU38	6182.A0A4Z2DPU8	0	0	0	0	0	0.470	0.526	0.132	0.762
EWB00_005624	cdk5	6182.A0A4Z2DU38	6182.C1L6Q8	0	0	0	0	0	0	0.469	0	0.469
EWB00_005624	EWB00_009480	6182.A0A4Z2DU38	6182.C1L449	0	0	0	0	0	0.470	0.526	0.132	0.762
EWB00_005803	EWB00_010024	6182.A0A4Z2D0N4	6182.A0A4Z2CL49	0	0	0	0	0	0.639	0	0.169	0.687
EWB00_005803	EWB00_009457	6182.A0A4Z2D0N4	6182.A0A4Z2CLX5	0	0	0	0	0	0.639	0	0.169	0.687
EWB00_005803	EWB00_009267	6182.A0A4Z2D0N4	6182.A0A4Z2CML4	0	0	0	0	0	0.290	0.396	0.076	0.569
EWB00_005803	EWB00_009162	6182.A0A4Z2D0N4	6182.A0A4Z2CMV9	0	0	0	0	0	0.290	0.396	0.076	0.569
EWB00_005803	EWB00_009117	6182.A0A4Z2D0N4	6182.A0A4Z2CN06	0	0	0	0	0	0.086	0.375	0.065	0.419
EWB00_005803	EWB00_009095	6182.A0A4Z2D0N4	6182.A0A4Z2CND2	0	0	0	0	0	0.309	0.517	0.139	0.687
EWB00_005803	EWB00_008162	6182.A0A4Z2D0N4	6182.A0A4Z2CR55	0	0	0	0	0.104	0.247	0.618	0.065	0.726
EWB00_005803	EWB00_008189	6182.A0A4Z2D0N4	6182.A0A4Z2CR88	0	0	0	0	0	0.309	0.517	0.139	0.687
EWB00_005803	EWB00_007978	6182.A0A4Z2D0N4	6182.A0A4Z2CSH8	0	0	0	0	0	0.798	0.394	0.645	0.952
EWB00_005803	EWB00_007965	6182.A0A4Z2D0N4	6182.A0A4Z2CSU9	0	0	0	0	0	0.310	0.811	0.069	0.867
EWB00_005803	EWB00_007640	6182.A0A4Z2D0N4	6182.A0A4Z2CTJ3	0	0	0	0	0	0.245	0.391	0.086	0.543
EWB00_005803	EWB00_007520	6182.A0A4Z2D0N4	6182.A0A4Z2CUE7	0	0	0	0	0	0.506	0.771	0.239	0.906
EWB00_005803	EWB00_007322	6182.A0A4Z2D0N4	6182.A0A4Z2CUR2	0	0	0	0	0	0.798	0.876	0.424	0.984
EWB00_005803	EWB00_006505	6182.A0A4Z2D0N4	6182.A0A4Z2CYG9	0	0	0	0	0	0	0.394	0.137	0.454
EWB00_005803	EWB00_006209	6182.A0A4Z2D0N4	6182.A0A4Z2CZP0	0	0	0	0	0	0	0.771	0.217	0.813
EWB00_005803	EWB00_005910	6182.A0A4Z2D0N4	6182.A0A4Z2D044	0	0	0	0	0	0.506	0.467	0.208	0.773
EWB00_005803	EWB00_005849	6182.A0A4Z2D0N4	6182.A0A4Z2D0D0	0	0	0	0	0	0.335	0.618	0.239	0.789
EWB00_005803	EWB00_009605	6182.A0A4Z2D0N4	6182.A0A4Z2DR61	0	0	0	0	0	0.086	0.375	0	0.404
EWB00_005803	EWB00_004872	6182.A0A4Z2D0N4	6182.A0A4Z2DUW3	0	0	0	0	0	0.105	0.391	0	0.431
EWB00_005803	EWB00_001594	6182.A0A4Z2D0N4	6182.A0A4Z2DF50	0	0	0	0	0	0.155	0.373	0.048	0.451
EWB00_005803	EWB00_001228	6182.A0A4Z2D0N4	6182.A0A4Z2DGB2	0	0	0	0	0	0.155	0.373	0.048	0.451
EWB00_005803	EWB00_005467	6182.A0A4Z2D0N4	6182.A0A4Z2DU85	0	0	0	0	0	0.155	0.373	0.048	0.451
EWB00_005803	EWB00_004368	6182.A0A4Z2D0N4	6182.A0A4Z2D605	0	0	0	0	0	0.155	0.373	0.064	0.460
EWB00_005803	EWB00_002531	6182.A0A4Z2D0N4	6182.A0A4Z2DBU6	0	0	0	0	0	0.155	0.373	0.063	0.460
EWB00_005803	EWB00_004122	6182.A0A4Z2D0N4	6182.A0A4Z2D6I6	0	0	0	0	0	0	0.471	0	0.471
EWB00_005803	EWB00_009541	6182.A0A4Z2D0N4	6182.A0A4Z2DR60	0	0	0	0	0	0	0.471	0	0.471
EWB00_005803	EWB00_008934	6182.A0A4Z2D0N4	6182.A0A4Z2DSI5	0	0	0	0	0	0.211	0.373	0.066	0.497
EWB00_005803	EWB00_003747	6182.A0A4Z2D0N4	6182.A0A4Z2DVH8	0	0	0	0	0	0.235	0.373	0.050	0.504
EWB00_005803	EWB00_007426	6182.A0A4Z2D0N4	6182.C1LJL2	0	0	0	0	0	0.247	0.378	0.063	0.522
EWB00_005803	EWB00_001618	6182.A0A4Z2D0N4	6182.A0A4Z2DF74	0	0	0	0	0	0.247	0.378	0.068	0.525
EWB00_005803	EWB00_001471	6182.A0A4Z2D0N4	6182.A0A4Z2DFS2	0	0	0	0	0	0.245	0.391	0.072	0.536
EWB00_005803	PR2	6182.A0A4Z2D0N4	6182.C7TXQ4	0	0	0	0	0	0.245	0.391	0.072	0.536
EWB00_005803	EWB00_010647	6182.A0A4Z2D0N4	6182.Q5DHL6	0	0	0	0	0	0.247	0.378	0.132	0.557
EWB00_005803	EWB00_006002	6182.A0A4Z2D0N4	6182.A0A4Z2DTC9	0	0	0	0	0	0.290	0.396	0.076	0.569
EWB00_005803	EWB00_008857	6182.A0A4Z2D0N4	6182.A0A4Z2DY79	0	0	0	0	0	0.290	0.396	0.076	0.569
EWB00_005803	EWB00_009161	6182.A0A4Z2D0N4	6182.C1L3T0	0	0	0	0	0	0.290	0.396	0.076	0.569
EWB00_005803	Act5C	6182.A0A4Z2D0N4	6182.Q5DF69	0	0	0	0	0	0.290	0.396	0.076	0.569
EWB00_005803	EWB00_003146	6182.A0A4Z2D0N4	6182.A0A4Z2D9E0	0	0	0	0	0	0	0.468	0.236	0.576
EWB00_005803	EWB00_004876	6182.A0A4Z2D0N4	6182.A0A4Z2DUG9	0	0	0	0	0	0.290	0.396	0.094	0.577
EWB00_005803	EWB00_004878	6182.A0A4Z2D0N4	6182.A0A4Z2DUX1	0	0	0	0	0	0.290	0.396	0.094	0.577
EWB00_005803	EWB00_002502	6182.A0A4Z2D0N4	6182.Q71TT8	0	0	0	0	0	0.290	0.396	0.094	0.577
EWB00_005803	EWB00_011263	6182.A0A4Z2D0N4	6182.A0A4Z2DKT9	0	0	0	0	0	0.155	0.373	0.333	0.615
EWB00_005803	EWB00_003565	6182.A0A4Z2D0N4	6182.A0A4Z2D923	0	0	0	0	0.089	0	0	0.613	0.632
EWB00_005803	EWB00_003639	6182.A0A4Z2D0N4	6182.A0A4Z2D7T8	0	0	0	0	0	0	0.618	0.138	0.656
EWB00_005803	EWB00_010398	6182.A0A4Z2D0N4	6182.A0A4Z2DXN3	0	0	0	0	0	0.086	0.375	0.448	0.657
EWB00_005803	EWB00_004243	6182.A0A4Z2D0N4	6182.A0A4Z2D5G0	0	0	0	0	0	0.646	0	0.104	0.669
EWB00_005803	EWB00_002899	6182.A0A4Z2D0N4	6182.A0A4Z2DX55	0	0	0	0	0	0.382	0.517	0.054	0.692
EWB00_005803	EWB00_010643	6182.A0A4Z2D0N4	6182.A0A4Z2DN24	0	0	0	0	0	0.115	0	0.699	0.722
EWB00_005803	EWB00_002869	6182.A0A4Z2D0N4	6182.A0A4Z2DAG8	0	0	0	0	0	0.119	0.771	0.138	0.810
EWB00_005803	EWB00_011039	6182.A0A4Z2D0N4	6182.A0A4Z2DN82	0	0	0	0	0	0	0.771	0.217	0.813
EWB00_005803	EWB00_002919	6182.A0A4Z2D0N4	6182.A0A4Z2DWJ9	0	0	0	0	0	0	0.771	0.217	0.813
EWB00_005803	EWB00_003063	6182.A0A4Z2D0N4	6182.A0A4Z2D9R8	0	0	0	0	0	0.187	0.821	0.127	0.861
EWB00_005803	EWB00_001343	6182.A0A4Z2D0N4	6182.A0A4Z2DFX9	0	0	0	0	0.057	0	0.876	0.086	0.883
EWB00_005803	EWB00_004406	6182.A0A4Z2D0N4	6182.A0A4Z2D5D6	0	0	0	0	0	0.506	0.771	0.239	0.906
EWB00_005803	fyn-prov	6182.A0A4Z2D0N4	6182.C1LGZ6	0	0	0	0	0	0.506	0.771	0.239	0.906
EWB00_005803	EWB00_008748	6182.A0A4Z2D0N4	6182.A0A4Z2DTN7	0	0	0	0	0	0.622	0.811	0.093	0.929
EWB00_005803	EWB00_007519	6182.A0A4Z2D0N4	6182.Q5D9F6	0	0	0	0	0	0.766	0.876	0.104	0.971
EWB00_005803	EWB00_010687	6182.A0A4Z2D0N4	6182.A0A4Z2DNJ5	0	0	0	0	0	0.715	0.811	0.568	0.974
EWB00_005803	Grb2	6182.A0A4Z2D0N4	6182.Q86F73	0	0	0	0	0	0.877	0.562	0.586	0.975
EWB00_005803	EWB00_003429	6182.A0A4Z2D0N4	6182.A0A4Z2DWH7	0	0	0	0	0	0.870	0.876	0.476	0.990
EWB00_005849	EWB00_010024	6182.A0A4Z2D0D0	6182.A0A4Z2CL49	0	0	0	0	0.161	0.385	0.478	0.076	0.717
EWB00_005849	EWB00_009457	6182.A0A4Z2D0D0	6182.A0A4Z2CLX5	0	0	0	0	0.161	0.385	0.478	0.076	0.717
EWB00_005849	EWB00_009435	6182.A0A4Z2D0D0	6182.A0A4Z2CM43	0	0	0	0	0	0.143	0.340	0	0.410
EWB00_005849	EWB00_009267	6182.A0A4Z2D0D0	6182.A0A4Z2CML4	0	0	0	0	0	0.165	0.381	0.108	0.498
EWB00_005849	EWB00_009162	6182.A0A4Z2D0D0	6182.A0A4Z2CMV9	0	0	0	0	0	0.165	0.381	0.063	0.473
EWB00_005849	EWB00_009122	6182.A0A4Z2D0D0	6182.A0A4Z2CN26	0	0	0	0	0	0.204	0.394	0.086	0.520
EWB00_005849	EWB00_008993	6182.A0A4Z2D0D0	6182.A0A4Z2CNG2	0	0	0	0	0	0.212	0.382	0.050	0.496
EWB00_005849	EWB00_008683	6182.A0A4Z2D0D0	6182.A0A4Z2CNZ1	0	0	0	0	0	0.204	0.395	0.086	0.521
EWB00_005849	EWB00_008528	6182.A0A4Z2D0D0	6182.A0A4Z2CPM6	0	0	0	0	0.046	0.309	0.470	0.239	0.698
EWB00_005849	EWB00_008411	6182.A0A4Z2D0D0	6182.A0A4Z2CQ40	0	0	0	0	0.055	0.145	0.538	0.046	0.596
EWB00_005849	EWB00_008162	6182.A0A4Z2D0D0	6182.A0A4Z2CR55	0	0	0	0	0	0.146	0.393	0	0.459
EWB00_005849	EWB00_008231	6182.A0A4Z2D0D0	6182.A0A4Z2CRJ2	0	0	0	0	0.055	0.145	0.464	0.046	0.531
EWB00_005849	EWB00_007959	6182.A0A4Z2D0D0	6182.A0A4Z2CS38	0	0	0	0	0	0.201	0.372	0	0.476
EWB00_005849	EWB00_007978	6182.A0A4Z2D0D0	6182.A0A4Z2CSH8	0	0	0	0	0	0.699	0.618	0.706	0.963
EWB00_005849	EWB00_007965	6182.A0A4Z2D0D0	6182.A0A4Z2CSU9	0	0	0	0	0.045	0.256	0.478	0.047	0.599
EWB00_005849	EWB00_007640	6182.A0A4Z2D0D0	6182.A0A4Z2CTJ3	0	0	0	0	0.088	0.327	0.394	0.071	0.608
EWB00_005849	EWB00_007650	6182.A0A4Z2D0D0	6182.A0A4Z2CTZ5	0	0	0	0	0.055	0.138	0.335	0.054	0.418
EWB00_005849	EWB00_007520	6182.A0A4Z2D0D0	6182.A0A4Z2CUE7	0	0	0	0	0.059	0.796	0.542	0.104	0.910
EWB00_005849	EWB00_007322	6182.A0A4Z2D0D0	6182.A0A4Z2CUR2	0	0	0	0	0.156	0.564	0.618	0.184	0.869
EWB00_005849	EWB00_007161	6182.A0A4Z2D0D0	6182.A0A4Z2CVK4	0	0	0	0	0	0.135	0.394	0.335	0.620
EWB00_005849	EWB00_006505	6182.A0A4Z2D0D0	6182.A0A4Z2CYG9	0	0	0	0	0	0.129	0.394	0.143	0.508
EWB00_005849	EWB00_006350	6182.A0A4Z2D0D0	6182.A0A4Z2CZ14	0	0	0	0	0	0.204	0.394	0.086	0.520
EWB00_005849	EWB00_006175	6182.A0A4Z2D0D0	6182.A0A4Z2CZK0	0	0	0	0	0	0.229	0.355	0.069	0.496
EWB00_005849	EWB00_006209	6182.A0A4Z2D0D0	6182.A0A4Z2CZP0	0	0	0	0	0	0.166	0.463	0.066	0.545
EWB00_005849	EWB00_006126	6182.A0A4Z2D0D0	6182.A0A4Z2CZR2	0	0	0	0	0	0.146	0.367	0.049	0.441
EWB00_005849	EWB00_005910	6182.A0A4Z2D0D0	6182.A0A4Z2D044	0	0	0	0	0.133	0.402	0.425	0.066	0.684
EWB00_005849	EWB00_005112	6182.A0A4Z2D0D0	6182.C1LH53	0	0	0	0	0.042	0.123	0.340	0.048	0.401
EWB00_005849	EWB00_004137	6182.A0A4Z2D0D0	6182.A0A4Z2D773	0	0	0	0	0	0.082	0.379	0	0.405
EWB00_005849	EWB00_003065	6182.A0A4Z2D0D0	6182.A0A4Z2D9U3	0	0	0	0	0.044	0.092	0.372	0.046	0.410
EWB00_005849	EWB00_001618	6182.A0A4Z2D0D0	6182.A0A4Z2DF74	0	0	0	0	0	0.165	0.282	0.104	0.415
EWB00_005849	CKI-alpha	6182.A0A4Z2D0D0	6182.C1L4B0	0	0	0	0	0	0.107	0.373	0.047	0.419
EWB00_005849	EWB00_002781	6182.A0A4Z2D0D0	6182.A0A4Z2DBA4	0	0	0	0	0	0.107	0.373	0.063	0.429
EWB00_005849	EWB00_000422	6182.A0A4Z2D0D0	6182.A0A4Z2DIX7	0	0	0	0	0	0.107	0.373	0.063	0.429
EWB00_005849	EWB00_010727	6182.A0A4Z2D0D0	6182.A0A4Z2DNH6	0	0	0	0	0	0.082	0.394	0.084	0.445
EWB00_005849	EWB00_002797	6182.A0A4Z2D0D0	6182.A0A4Z2DBK5	0	0	0	0	0	0.143	0.385	0	0.450
EWB00_005849	EWB00_003639	6182.A0A4Z2D0D0	6182.A0A4Z2D7T8	0	0	0	0	0	0.141	0.385	0.063	0.461
EWB00_005849	EWB00_004368	6182.A0A4Z2D0D0	6182.A0A4Z2D605	0	0	0	0	0.046	0.144	0.390	0.062	0.470
EWB00_005849	EWB00_006002	6182.A0A4Z2D0D0	6182.A0A4Z2DTC9	0	0	0	0	0	0.165	0.381	0.063	0.473
EWB00_005849	EWB00_009161	6182.A0A4Z2D0D0	6182.C1L3T0	0	0	0	0	0	0.165	0.381	0.063	0.473
EWB00_005849	EWB00_000751	6182.A0A4Z2D0D0	6182.A0A4Z2DI18	0	0	0	0	0	0.201	0.372	0	0.476
EWB00_005849	EWB00_003272	6182.A0A4Z2D0D0	6182.Q5DB60	0	0	0	0	0	0.190	0.386	0.048	0.485
EWB00_005849	EWB00_001328	6182.A0A4Z2D0D0	6182.A0A4Z2DG14	0	0	0	0	0	0.146	0.367	0.132	0.489
EWB00_005849	EWB00_001225	6182.A0A4Z2D0D0	6182.A0A4Z2DG63	0	0	0	0	0	0.129	0.381	0.136	0.493
EWB00_005849	EWB00_004650	6182.A0A4Z2D0D0	6182.A0A4Z2D5A9	0	0	0	0	0	0.229	0.355	0.069	0.496
EWB00_005849	EWB00_003114	6182.A0A4Z2D0D0	6182.A0A4Z2D9R6	0	0	0	0	0	0.229	0.355	0.069	0.496
EWB00_005849	Act5C	6182.A0A4Z2D0D0	6182.Q5DF69	0	0	0	0	0	0.165	0.381	0.108	0.498
EWB00_005849	EWB00_008857	6182.A0A4Z2D0D0	6182.A0A4Z2DY79	0	0	0	0	0.090	0.165	0.381	0.063	0.500
EWB00_005849	EWB00_007721	6182.A0A4Z2D0D0	6182.A0A4Z2DSU2	0	0	0	0	0	0.212	0.382	0.064	0.504
EWB00_005849	EWB00_004196	6182.A0A4Z2D0D0	6182.A0A4Z2DUY0	0	0	0	0	0	0.212	0.382	0.064	0.504
EWB00_005849	EWB00_004876	6182.A0A4Z2D0D0	6182.A0A4Z2DUG9	0	0	0	0	0	0.165	0.381	0.138	0.515
EWB00_005849	EWB00_004878	6182.A0A4Z2D0D0	6182.A0A4Z2DUX1	0	0	0	0	0	0.165	0.381	0.138	0.515
EWB00_005849	EWB00_002502	6182.A0A4Z2D0D0	6182.Q71TT8	0	0	0	0	0	0.165	0.381	0.138	0.515
EWB00_005849	EWB00_005166	6182.A0A4Z2D0D0	6182.A0A4Z2D2Y7	0	0	0	0	0	0.244	0.371	0.065	0.516
EWB00_005849	EWB00_004506	6182.A0A4Z2D0D0	6182.A0A4Z2D514	0	0	0	0	0	0.204	0.394	0.086	0.520
EWB00_005849	EWB00_004095	6182.A0A4Z2D0D0	6182.Q6PMM5	0	0	0	0	0	0.204	0.395	0.086	0.521
EWB00_005849	EWB00_002899	6182.A0A4Z2D0D0	6182.A0A4Z2DX55	0	0	0	0	0	0.256	0.382	0.063	0.531
EWB00_005849	EWB00_000516	6182.A0A4Z2D0D0	6182.A0A4Z2DIX5	0	0	0	0	0	0.262	0.391	0.055	0.538
EWB00_005849	EWB00_011039	6182.A0A4Z2D0D0	6182.A0A4Z2DN82	0	0	0	0	0	0.166	0.463	0.066	0.545
EWB00_005849	EWB00_002919	6182.A0A4Z2D0D0	6182.A0A4Z2DWJ9	0	0	0	0	0	0.166	0.463	0.066	0.545
EWB00_005849	EWB00_002858	6182.A0A4Z2D0D0	6182.A0A4Z2DAI3	0	0	0	0	0	0.266	0.394	0.062	0.546
EWB00_005849	EWB00_004243	6182.A0A4Z2D0D0	6182.A0A4Z2D5G0	0	0	0	0	0	0.229	0.391	0.115	0.548
EWB00_005849	EWB00_002741	6182.A0A4Z2D0D0	6182.A0A4Z2DB14	0	0	0	0	0	0.250	0.373	0.155	0.567
EWB00_005849	EWB00_010687	6182.A0A4Z2D0D0	6182.A0A4Z2DNJ5	0	0	0	0	0	0.212	0.478	0.058	0.578
EWB00_005849	EWB00_001471	6182.A0A4Z2D0D0	6182.A0A4Z2DFS2	0	0	0	0	0	0.327	0.394	0.071	0.588
EWB00_005849	PR2	6182.A0A4Z2D0D0	6182.C7TXQ4	0	0	0	0	0	0.327	0.394	0.071	0.588
EWB00_005849	EWB00_002531	6182.A0A4Z2D0D0	6182.A0A4Z2DBU6	0	0	0	0	0	0.292	0.395	0.124	0.592
EWB00_005849	EWB00_004032	6182.A0A4Z2D0D0	6182.A0A4Z2D6K4	0	0	0	0	0	0.269	0.478	0	0.602
EWB00_005849	EWB00_008748	6182.A0A4Z2D0D0	6182.A0A4Z2DTN7	0	0	0	0	0	0.268	0.478	0.063	0.610
EWB00_005849	EWB00_010643	6182.A0A4Z2D0D0	6182.A0A4Z2DN24	0	0	0	0	0.088	0.262	0.446	0.109	0.623
EWB00_005849	EWB00_003063	6182.A0A4Z2D0D0	6182.A0A4Z2D9R8	0	0	0	0	0	0.288	0.517	0.052	0.645
EWB00_005849	EWB00_002386	6182.A0A4Z2D0D0	6182.A0A4Z2DCG1	0	0	0	0	0	0.310	0.526	0.062	0.666
EWB00_005849	EWB00_011263	6182.A0A4Z2D0D0	6182.A0A4Z2DKT9	0	0	0	0	0	0.374	0.439	0.138	0.670
EWB00_005849	EWB00_009358	6182.A0A4Z2D0D0	6182.A0A4Z2DRM5	0	0	0	0	0	0.141	0.618	0.128	0.688
EWB00_005849	cdk5	6182.A0A4Z2D0D0	6182.C1L6Q8	0	0	0	0	0	0.207	0.618	0.060	0.690
EWB00_005849	EWB00_002869	6182.A0A4Z2D0D0	6182.A0A4Z2DAG8	0	0	0	0	0.052	0.187	0.479	0.349	0.703
EWB00_005849	EWB00_002182	6182.A0A4Z2D0D0	6182.A0A4Z2DD10	0	0	0	0	0	0.262	0.618	0.068	0.714
EWB00_005849	EWB00_003710	6182.A0A4Z2D0D0	6182.A0A4Z2D7R1	0	0	0	0	0	0.506	0.394	0.131	0.717
EWB00_005849	EWB00_003747	6182.A0A4Z2D0D0	6182.A0A4Z2DVH8	0	0	0	0	0.166	0.283	0.618	0	0.751
EWB00_005849	EWB00_005803	6182.A0A4Z2D0D0	6182.A0A4Z2D0N4	0	0	0	0	0	0.335	0.618	0.239	0.789
EWB00_005849	EWB00_007519	6182.A0A4Z2D0D0	6182.Q5D9F6	0	0	0	0	0	0.487	0.618	0.065	0.800
EWB00_005849	EWB00_003565	6182.A0A4Z2D0D0	6182.A0A4Z2D923	0	0	0	0	0	0.242	0.391	0.678	0.838
EWB00_005849	Grb2	6182.A0A4Z2D0D0	6182.Q86F73	0	0	0	0	0	0.614	0.618	0.108	0.856
EWB00_005849	EWB00_008934	6182.A0A4Z2D0D0	6182.A0A4Z2DSI5	0	0	0	0	0	0.609	0.618	0.130	0.858
EWB00_005849	EWB00_003146	6182.A0A4Z2D0D0	6182.A0A4Z2D9E0	0	0	0	0	0	0.129	0.560	0.671	0.862
EWB00_005849	EWB00_004406	6182.A0A4Z2D0D0	6182.A0A4Z2D5D6	0	0	0	0	0.059	0.796	0.542	0.104	0.910
EWB00_005849	fyn-prov	6182.A0A4Z2D0D0	6182.C1LGZ6	0	0	0	0	0.059	0.796	0.542	0.104	0.910
EWB00_005849	EWB00_003429	6182.A0A4Z2D0D0	6182.A0A4Z2DWH7	0	0	0	0	0.050	0.544	0.666	0.626	0.938
EWB00_005902	EWB00_009435	6182.A0A4Z2D084	6182.A0A4Z2CM43	0	0	0	0	0	0	0.666	0.108	0.689
EWB00_005902	EWB00_009267	6182.A0A4Z2D084	6182.A0A4Z2CML4	0	0	0	0	0	0.520	0	0.240	0.619
EWB00_005902	EWB00_009162	6182.A0A4Z2D084	6182.A0A4Z2CMV9	0	0	0	0	0	0.467	0	0.155	0.530
EWB00_005902	EWB00_005910	6182.A0A4Z2D084	6182.A0A4Z2D044	0	0	0	0	0	0	0.238	0.359	0.490
EWB00_005902	EWB00_001225	6182.A0A4Z2D084	6182.A0A4Z2DG63	0	0	0	0	0.229	0	0.238	0.062	0.400
EWB00_005902	EWB00_003565	6182.A0A4Z2D084	6182.A0A4Z2D923	0	0	0	0	0.130	0	0.363	0.121	0.470
EWB00_005902	EWB00_003359	6182.A0A4Z2D084	6182.C1LMR7	0	0	0	0	0	0.117	0	0.475	0.516
EWB00_005902	tsr	6182.A0A4Z2D084	6182.Q86ES4	0	0	0	0	0	0.117	0	0.475	0.516
EWB00_005902	EWB00_006002	6182.A0A4Z2D084	6182.A0A4Z2DTC9	0	0	0	0	0	0.467	0	0.155	0.530
EWB00_005902	EWB00_009161	6182.A0A4Z2D084	6182.C1L3T0	0	0	0	0	0	0.467	0	0.155	0.530
EWB00_005902	Grb2	6182.A0A4Z2D084	6182.Q86F73	0	0	0	0	0	0	0.363	0.359	0.574
EWB00_005902	EWB00_004876	6182.A0A4Z2D084	6182.A0A4Z2DUG9	0	0	0	0	0	0.520	0	0.240	0.619
EWB00_005902	EWB00_004878	6182.A0A4Z2D084	6182.A0A4Z2DUX1	0	0	0	0	0	0.520	0	0.240	0.619
EWB00_005902	EWB00_008857	6182.A0A4Z2D084	6182.A0A4Z2DY79	0	0	0	0	0	0.520	0	0.240	0.619
EWB00_005902	Act5C	6182.A0A4Z2D084	6182.Q5DF69	0	0	0	0	0	0.520	0	0.240	0.619
EWB00_005902	EWB00_002502	6182.A0A4Z2D084	6182.Q71TT8	0	0	0	0	0	0.520	0	0.240	0.619
EWB00_005902	EWB00_007426	6182.A0A4Z2D084	6182.C1LJL2	0	0	0	0	0	0.845	0	0.224	0.874
EWB00_005902	EWB00_001961	6182.A0A4Z2D084	6182.A0A4Z2DEA2	0	0	0	0	0.113	0.749	0.394	0.588	0.936
EWB00_005902	EWB00_010647	6182.A0A4Z2D084	6182.Q5DHL6	0	0	0	0	0	0.883	0	0.586	0.949
EWB00_005902	EWB00_007274	6182.A0A4Z2D084	6182.C1LH03	0	0	0	0	0	0.870	0	0.679	0.956
EWB00_005902	EWB00_003710	6182.A0A4Z2D084	6182.A0A4Z2D7R1	0	0	0	0	0.265	0.951	0.936	0.799	0.999
EWB00_005910	EWB00_010024	6182.A0A4Z2D044	6182.A0A4Z2CL49	0	0	0	0	0.098	0.653	0.618	0.226	0.895
EWB00_005910	EWB00_009457	6182.A0A4Z2D044	6182.A0A4Z2CLX5	0	0	0	0	0.098	0.653	0.618	0.226	0.895
EWB00_005910	EWB00_009435	6182.A0A4Z2D044	6182.A0A4Z2CM43	0	0	0	0	0	0	0.474	0	0.474
EWB00_005910	EWB00_009224	6182.A0A4Z2D044	6182.A0A4Z2CMJ2	0	0	0	0	0	0.249	0.379	0.043	0.514
EWB00_005910	EWB00_009267	6182.A0A4Z2D044	6182.A0A4Z2CML4	0	0	0	0	0	0.204	0.386	0.066	0.503
EWB00_005910	EWB00_009162	6182.A0A4Z2D044	6182.A0A4Z2CMV9	0	0	0	0	0	0.204	0.386	0.066	0.503
EWB00_005910	EWB00_009095	6182.A0A4Z2D044	6182.A0A4Z2CND2	0	0	0	0	0	0.402	0.425	0.066	0.650
EWB00_005910	EWB00_008528	6182.A0A4Z2D044	6182.A0A4Z2CPM6	0	0	0	0	0	0.310	0.379	0.061	0.562
EWB00_005910	EWB00_008411	6182.A0A4Z2D044	6182.A0A4Z2CQ40	0	0	0	0	0	0.105	0.395	0.043	0.436
EWB00_005910	EWB00_008162	6182.A0A4Z2D044	6182.A0A4Z2CR55	0	0	0	0	0.090	0.244	0.478	0.056	0.615
EWB00_005910	EWB00_008189	6182.A0A4Z2D044	6182.A0A4Z2CR88	0	0	0	0	0	0.402	0.425	0.066	0.650
EWB00_005910	EWB00_008231	6182.A0A4Z2D044	6182.A0A4Z2CRJ2	0	0	0	0	0	0.105	0.395	0.043	0.436
EWB00_005910	EWB00_007978	6182.A0A4Z2D044	6182.A0A4Z2CSH8	0	0	0	0	0	0.777	0.739	0.438	0.964
EWB00_005910	EWB00_007965	6182.A0A4Z2D044	6182.A0A4Z2CSU9	0	0	0	0	0.049	0.244	0.449	0.092	0.592
EWB00_005910	EWB00_007640	6182.A0A4Z2D044	6182.A0A4Z2CTJ3	0	0	0	0	0	0.244	0.391	0.137	0.567
EWB00_005910	EWB00_007520	6182.A0A4Z2D044	6182.A0A4Z2CUE7	0	0	0	0	0.050	0.402	0.425	0.066	0.654
EWB00_005910	EWB00_007322	6182.A0A4Z2D044	6182.A0A4Z2CUR2	0	0	0	0	0.119	0.571	0.739	0.094	0.898
EWB00_005910	EWB00_006505	6182.A0A4Z2D044	6182.A0A4Z2CYG9	0	0	0	0	0	0	0.395	0.050	0.400
EWB00_005910	EWB00_006209	6182.A0A4Z2D044	6182.A0A4Z2CZP0	0	0	0	0	0	0.106	0.390	0.063	0.444
EWB00_005910	EWB00_003146	6182.A0A4Z2D044	6182.A0A4Z2D9E0	0	0	0	0	0	0	0.395	0.050	0.400
EWB00_005910	EWB00_003876	6182.A0A4Z2D044	6182.A0A4Z2D736	0	0	0	0	0	0.099	0.380	0	0.417
EWB00_005910	EWB00_002869	6182.A0A4Z2D044	6182.A0A4Z2DAG8	0	0	0	0	0.046	0	0.392	0.087	0.424
EWB00_005910	EWB00_003639	6182.A0A4Z2D044	6182.A0A4Z2D7T8	0	0	0	0	0	0.106	0.390	0.063	0.444
EWB00_005910	EWB00_011039	6182.A0A4Z2D044	6182.A0A4Z2DN82	0	0	0	0	0	0.106	0.390	0.063	0.444
EWB00_005910	EWB00_009605	6182.A0A4Z2D044	6182.A0A4Z2DR61	0	0	0	0	0	0.140	0.380	0.042	0.444
EWB00_005910	EWB00_002919	6182.A0A4Z2D044	6182.A0A4Z2DWJ9	0	0	0	0	0	0.106	0.390	0.063	0.444
EWB00_005910	EWB00_003429	6182.A0A4Z2D044	6182.A0A4Z2DWH7	0	0	0	0	0	0.110	0.382	0.092	0.456
EWB00_005910	EWB00_001618	6182.A0A4Z2D044	6182.A0A4Z2DF74	0	0	0	0	0	0.146	0.377	0.065	0.459
EWB00_005910	EWB00_010398	6182.A0A4Z2D044	6182.A0A4Z2DXN3	0	0	0	0	0.044	0.140	0.320	0.181	0.480
EWB00_005910	EWB00_003710	6182.A0A4Z2D044	6182.A0A4Z2D7R1	0	0	0	0	0	0.103	0.375	0.149	0.481
EWB00_005910	EWB00_000516	6182.A0A4Z2D044	6182.A0A4Z2DIX5	0	0	0	0	0	0	0.475	0.056	0.483
EWB00_005910	EWB00_005902	6182.A0A4Z2D044	6182.A0A4Z2D084	0	0	0	0	0	0	0.238	0.359	0.490
EWB00_005910	EWB00_006002	6182.A0A4Z2D044	6182.A0A4Z2DTC9	0	0	0	0	0	0.204	0.386	0.066	0.503
EWB00_005910	EWB00_004876	6182.A0A4Z2D044	6182.A0A4Z2DUG9	0	0	0	0	0	0.204	0.386	0.066	0.503
EWB00_005910	EWB00_004878	6182.A0A4Z2D044	6182.A0A4Z2DUX1	0	0	0	0	0	0.204	0.386	0.066	0.503
EWB00_005910	EWB00_008857	6182.A0A4Z2D044	6182.A0A4Z2DY79	0	0	0	0	0	0.204	0.386	0.066	0.503
EWB00_005910	EWB00_009161	6182.A0A4Z2D044	6182.C1L3T0	0	0	0	0	0	0.204	0.386	0.066	0.503
EWB00_005910	Act5C	6182.A0A4Z2D044	6182.Q5DF69	0	0	0	0	0	0.204	0.386	0.066	0.503
EWB00_005910	EWB00_002502	6182.A0A4Z2D044	6182.Q71TT8	0	0	0	0	0	0.204	0.386	0.066	0.503
EWB00_005910	EWB00_001594	6182.A0A4Z2D044	6182.A0A4Z2DF50	0	0	0	0	0	0.244	0.370	0.056	0.511
EWB00_005910	EWB00_001228	6182.A0A4Z2D044	6182.A0A4Z2DGB2	0	0	0	0	0	0.244	0.370	0.056	0.511
EWB00_005910	EWB00_005467	6182.A0A4Z2D044	6182.A0A4Z2DU85	0	0	0	0	0	0.244	0.370	0.056	0.511
EWB00_005910	EWB00_004368	6182.A0A4Z2D044	6182.A0A4Z2D605	0	0	0	0	0	0.244	0.370	0.060	0.513
EWB00_005910	EWB00_002531	6182.A0A4Z2D044	6182.A0A4Z2DBU6	0	0	0	0	0	0.244	0.373	0.056	0.513
EWB00_005910	EWB00_010643	6182.A0A4Z2D044	6182.A0A4Z2DN24	0	0	0	0	0	0.123	0.467	0.065	0.524
EWB00_005910	EWB00_002182	6182.A0A4Z2D044	6182.A0A4Z2DD10	0	0	0	0	0	0.249	0.386	0.067	0.532
EWB00_005910	EWB00_007426	6182.A0A4Z2D044	6182.C1LJL2	0	0	0	0	0	0.146	0.488	0.050	0.548
EWB00_005910	EWB00_011263	6182.A0A4Z2D044	6182.A0A4Z2DKT9	0	0	0	0	0	0.244	0.370	0.139	0.554
EWB00_005910	EWB00_001471	6182.A0A4Z2D044	6182.A0A4Z2DFS2	0	0	0	0	0	0.244	0.391	0.137	0.567
EWB00_005910	PR2	6182.A0A4Z2D044	6182.C7TXQ4	0	0	0	0	0	0.244	0.391	0.137	0.567
EWB00_005910	EWB00_008934	6182.A0A4Z2D044	6182.A0A4Z2DSI5	0	0	0	0	0	0.244	0.370	0.195	0.583
EWB00_005910	EWB00_010647	6182.A0A4Z2D044	6182.Q5DHL6	0	0	0	0	0.089	0.146	0.503	0.066	0.590
EWB00_005910	EWB00_004406	6182.A0A4Z2D044	6182.A0A4Z2D5D6	0	0	0	0	0.050	0.402	0.425	0.066	0.654
EWB00_005910	fyn-prov	6182.A0A4Z2D044	6182.C1LGZ6	0	0	0	0	0.050	0.402	0.425	0.066	0.654
EWB00_005910	EWB00_005849	6182.A0A4Z2D044	6182.A0A4Z2D0D0	0	0	0	0	0.133	0.402	0.425	0.066	0.684
EWB00_005910	Grb2	6182.A0A4Z2D044	6182.Q86F73	0	0	0.090	0.694	0	0.624	0	0.178	0.694
EWB00_005910	EWB00_004243	6182.A0A4Z2D044	6182.A0A4Z2D5G0	0	0	0	0	0	0.396	0.518	0	0.696
EWB00_005910	EWB00_008748	6182.A0A4Z2D044	6182.A0A4Z2DTN7	0	0	0	0	0	0.479	0.425	0.091	0.703
EWB00_005910	EWB00_002899	6182.A0A4Z2D044	6182.A0A4Z2DX55	0	0	0	0	0	0.479	0.425	0.091	0.703
EWB00_005910	EWB00_005803	6182.A0A4Z2D044	6182.A0A4Z2D0N4	0	0	0	0	0	0.506	0.467	0.208	0.773
EWB00_005910	EWB00_010687	6182.A0A4Z2D044	6182.A0A4Z2DNJ5	0	0	0	0	0	0.470	0.618	0.056	0.792
EWB00_005910	EWB00_003747	6182.A0A4Z2D044	6182.A0A4Z2DVH8	0	0	0	0	0.130	0.244	0.739	0.121	0.828
EWB00_005910	EWB00_003063	6182.A0A4Z2D044	6182.A0A4Z2D9R8	0	0	0	0	0	0.803	0.739	0.225	0.956
EWB00_006002	EWB00_009560	6182.A0A4Z2DTC9	6182.A0A4Z2CLW6	0	0	0	0	0	0.118	0.337	0.069	0.408
EWB00_006002	EWB00_009267	6182.A0A4Z2DTC9	6182.A0A4Z2CML4	0	0	0	0	0	0.649	0.517	0.186	0.849
EWB00_006002	EWB00_009095	6182.A0A4Z2DTC9	6182.A0A4Z2CND2	0	0	0	0	0	0.165	0.381	0.063	0.473
EWB00_006002	EWB00_008372	6182.A0A4Z2DTC9	6182.A0A4Z2CQJ6	0	0	0	0	0	0.102	0.390	0.105	0.466
EWB00_006002	EWB00_008189	6182.A0A4Z2DTC9	6182.A0A4Z2CR88	0	0	0	0	0	0.165	0.381	0.063	0.473
EWB00_006002	EWB00_007739	6182.A0A4Z2DTC9	6182.A0A4Z2CT39	0	0	0	0	0.052	0.506	0.219	0.171	0.656
EWB00_006002	EWB00_007640	6182.A0A4Z2DTC9	6182.A0A4Z2CTJ3	0	0	0	0	0	0.165	0.282	0.086	0.404
EWB00_006002	EWB00_007520	6182.A0A4Z2DTC9	6182.A0A4Z2CUE7	0	0	0	0	0	0.165	0.381	0.063	0.473
EWB00_006002	EWB00_007322	6182.A0A4Z2DTC9	6182.A0A4Z2CUR2	0	0	0	0	0	0.264	0.396	0.104	0.566
EWB00_006002	EWB00_006505	6182.A0A4Z2DTC9	6182.A0A4Z2CYG9	0	0	0	0	0	0.175	0.388	0.115	0.514
EWB00_006002	EWB00_006234	6182.A0A4Z2DTC9	6182.A0A4Z2CZ44	0	0	0	0	0	0.147	0.359	0.083	0.454
EWB00_006002	EWB00_005910	6182.A0A4Z2DTC9	6182.A0A4Z2D044	0	0	0	0	0	0.204	0.386	0.066	0.503
EWB00_006002	EWB00_005902	6182.A0A4Z2DTC9	6182.A0A4Z2D084	0	0	0	0	0	0.467	0	0.155	0.530
EWB00_006002	EWB00_005849	6182.A0A4Z2DTC9	6182.A0A4Z2D0D0	0	0	0	0	0	0.165	0.381	0.063	0.473
EWB00_006002	EWB00_005803	6182.A0A4Z2DTC9	6182.A0A4Z2D0N4	0	0	0	0	0	0.290	0.396	0.076	0.569
EWB00_006002	EWB00_005116	6182.A0A4Z2DTC9	6182.A0A4Z2D2T5	0	0	0	0	0	0.102	0.390	0.105	0.466
EWB00_006002	EWB00_004965	6182.A0A4Z2DTC9	6182.A0A4Z2D4A5	0	0	0	0	0	0.118	0.337	0.069	0.408
EWB00_006002	EWB00_004406	6182.A0A4Z2DTC9	6182.A0A4Z2D5D6	0	0	0	0	0	0.165	0.381	0.063	0.473
EWB00_006002	EWB00_004368	6182.A0A4Z2DTC9	6182.A0A4Z2D605	0	0	0	0	0	0.165	0.282	0.114	0.422
EWB00_006002	EWB00_004032	6182.A0A4Z2DTC9	6182.A0A4Z2D6K4	0	0	0	0	0	0.280	0.385	0.104	0.568
EWB00_006002	EWB00_003876	6182.A0A4Z2DTC9	6182.A0A4Z2D736	0	0	0	0	0	0.249	0.216	0.064	0.400
EWB00_006002	EWB00_004137	6182.A0A4Z2DTC9	6182.A0A4Z2D773	0	0	0	0	0	0.262	0.353	0.054	0.508
EWB00_006002	EWB00_003710	6182.A0A4Z2DTC9	6182.A0A4Z2D7R1	0	0	0	0	0	0.310	0	0.239	0.452
EWB00_006002	EWB00_003565	6182.A0A4Z2DTC9	6182.A0A4Z2D923	0	0	0	0	0	0.283	0.372	0.104	0.561
EWB00_006002	EWB00_003234	6182.A0A4Z2DTC9	6182.A0A4Z2D940	0	0	0	0	0	0.093	0.375	0.042	0.409
EWB00_006002	EWB00_003146	6182.A0A4Z2DTC9	6182.A0A4Z2D9E0	0	0	0	0	0	0.175	0.388	0.115	0.514
EWB00_006002	EWB00_002775	6182.A0A4Z2DTC9	6182.A0A4Z2DBA8	0	0	0	0	0	0.147	0.359	0.083	0.454
EWB00_006002	EWB00_001618	6182.A0A4Z2DTC9	6182.A0A4Z2DF74	0	0	0	0	0.137	0.506	0.396	0.611	0.886
EWB00_006002	EWB00_001471	6182.A0A4Z2DTC9	6182.A0A4Z2DFS2	0	0	0	0	0	0.165	0.282	0.086	0.404
EWB00_006002	EWB00_001225	6182.A0A4Z2DTC9	6182.A0A4Z2DG63	0	0	0	0	0	0.283	0.372	0.104	0.561
EWB00_006002	EWB00_011156	6182.A0A4Z2DTC9	6182.A0A4Z2DLU7	0	0	0	0	0	0.172	0.372	0.095	0.488
EWB00_006002	EWB00_010643	6182.A0A4Z2DTC9	6182.A0A4Z2DN24	0	0	0	0	0	0.113	0.391	0.077	0.457
EWB00_006002	EWB00_010649	6182.A0A4Z2DTC9	6182.A0A4Z2DN32	0	0	0	0	0	0.294	0.373	0.085	0.559
EWB00_006002	EWB00_010727	6182.A0A4Z2DTC9	6182.A0A4Z2DNH6	0	0	0	0	0	0.262	0.511	0.054	0.628
EWB00_006002	EWB00_009305	6182.A0A4Z2DTC9	6182.A0A4Z2DS24	0	0	0	0	0	0.286	0.394	0.153	0.601
EWB00_006002	PR2	6182.A0A4Z2DTC9	6182.C7TXQ4	0	0	0	0	0	0.165	0.282	0.086	0.404
EWB00_006002	EWB00_008748	6182.A0A4Z2DTC9	6182.A0A4Z2DTN7	0	0	0	0	0	0.112	0.372	0.064	0.432
EWB00_006002	EWB00_002899	6182.A0A4Z2DTC9	6182.A0A4Z2DX55	0	0	0	0	0	0.112	0.372	0.064	0.432
EWB00_006002	fyn-prov	6182.A0A4Z2DTC9	6182.C1LGZ6	0	0	0	0	0	0.165	0.381	0.063	0.473
EWB00_006002	EWB00_004811	6182.A0A4Z2DTC9	6182.A0A4Z2DUN6	0	0	0	0	0	0.172	0.372	0.095	0.488
EWB00_006002	Grb2	6182.A0A4Z2DTC9	6182.Q86F73	0	0	0	0	0	0.204	0.386	0.066	0.503
EWB00_006002	EWB00_003429	6182.A0A4Z2DTC9	6182.A0A4Z2DWH7	0	0	0	0	0	0.276	0.313	0.087	0.506
EWB00_006002	EWB00_007274	6182.A0A4Z2DTC9	6182.C1LH03	0	0	0	0	0	0.506	0	0.142	0.558
EWB00_006002	EWB00_006050	6182.A0A4Z2DTC9	6182.A0A4Z2DTJ0	0	0	0	0	0	0.294	0.373	0.085	0.559
EWB00_006002	EWB00_003359	6182.A0A4Z2DTC9	6182.C1LMR7	0	0	0	0	0.108	0.378	0.315	0.133	0.626
EWB00_006002	tsr	6182.A0A4Z2DTC9	6182.Q86ES4	0	0	0	0	0.108	0.378	0.315	0.133	0.626
EWB00_006002	Act5C	6182.A0A4Z2DTC9	6182.Q5DF69	0	0	0	0	0	0.649	0.517	0.186	0.849
EWB00_006002	EWB00_004876	6182.A0A4Z2DTC9	6182.A0A4Z2DUG9	0	0	0	0	0	0.687	0.517	0.186	0.866
EWB00_006002	EWB00_004878	6182.A0A4Z2DTC9	6182.A0A4Z2DUX1	0	0	0	0	0	0.687	0.517	0.186	0.866
EWB00_006002	EWB00_002502	6182.A0A4Z2DTC9	6182.Q71TT8	0	0	0	0	0	0.687	0.517	0.186	0.866
EWB00_006002	EWB00_010647	6182.A0A4Z2DTC9	6182.Q5DHL6	0	0	0	0	0	0.506	0.683	0.370	0.892
EWB00_006002	EWB00_007426	6182.A0A4Z2DTC9	6182.C1LJL2	0	0	0	0	0.055	0.506	0.683	0.588	0.930
EWB00_006002	EWB00_008857	6182.A0A4Z2DTC9	6182.A0A4Z2DY79	0	0	0	0	0.135	0.930	0.876	0.251	0.993
EWB00_006050	EWB00_009560	6182.A0A4Z2DTJ0	6182.A0A4Z2CLW6	0	0	0	0	0.093	0.301	0.449	0.153	0.664
EWB00_006050	EWB00_009267	6182.A0A4Z2DTJ0	6182.A0A4Z2CML4	0	0	0	0	0.063	0.506	0.687	0.288	0.883
EWB00_006050	EWB00_009162	6182.A0A4Z2DTJ0	6182.A0A4Z2CMV9	0	0	0	0	0	0.294	0.373	0.085	0.559
EWB00_006050	EWB00_009122	6182.A0A4Z2DTJ0	6182.A0A4Z2CN26	0	0	0	0	0	0.309	0	0.173	0.404
EWB00_006050	EWB00_008683	6182.A0A4Z2DTJ0	6182.A0A4Z2CNZ1	0	0	0	0	0	0.382	0	0.143	0.447
EWB00_006050	EWB00_007739	6182.A0A4Z2DTJ0	6182.A0A4Z2CT39	0	0	0	0	0	0.082	0.372	0.175	0.482
EWB00_006050	EWB00_006747	6182.A0A4Z2DTJ0	6182.A0A4Z2CWY6	0	0	0	0	0	0.117	0.339	0.087	0.420
EWB00_006050	EWB00_006505	6182.A0A4Z2DTJ0	6182.A0A4Z2CYG9	0	0	0	0	0.095	0.130	0	0.322	0.419
EWB00_006050	EWB00_006209	6182.A0A4Z2DTJ0	6182.A0A4Z2CZP0	0	0	0	0	0	0	0.771	0.147	0.796
EWB00_006050	EWB00_004965	6182.A0A4Z2DTJ0	6182.A0A4Z2D4A5	0	0	0	0	0.093	0.301	0.449	0.153	0.664
EWB00_006050	EWB00_003876	6182.A0A4Z2DTJ0	6182.A0A4Z2D736	0	0	0	0	0.087	0.534	0.394	0.219	0.771
EWB00_006050	EWB00_003590	6182.A0A4Z2DTJ0	6182.A0A4Z2D831	0	0	0	0	0.042	0.090	0.355	0.372	0.599
EWB00_006050	EWB00_003565	6182.A0A4Z2DTJ0	6182.A0A4Z2D923	0	0	0	0	0.197	0.916	0.876	0.819	0.998
EWB00_006050	EWB00_003146	6182.A0A4Z2DTJ0	6182.A0A4Z2D9E0	0	0	0	0	0.112	0.178	0	0.771	0.818
EWB00_006050	EWB00_003065	6182.A0A4Z2DTJ0	6182.A0A4Z2D9U3	0	0	0	0	0.048	0.921	0.659	0.065	0.972
EWB00_006050	EWB00_002869	6182.A0A4Z2DTJ0	6182.A0A4Z2DAG8	0	0	0	0	0	0.264	0.771	0.240	0.860
EWB00_006050	EWB00_002103	6182.A0A4Z2DTJ0	6182.A0A4Z2DDE8	0	0	0	0	0	0.144	0.339	0.489	0.685
EWB00_006050	EWB00_001618	6182.A0A4Z2DTJ0	6182.A0A4Z2DF74	0	0	0	0	0	0.249	0.305	0.323	0.615
EWB00_006050	EWB00_001225	6182.A0A4Z2DTJ0	6182.A0A4Z2DG63	0	0	0	0	0.088	0.506	0.876	0.167	0.947
EWB00_006050	EWB00_011039	6182.A0A4Z2DTJ0	6182.A0A4Z2DN82	0	0	0	0	0	0	0.771	0.147	0.796
EWB00_006050	EWB00_009541	6182.A0A4Z2DTJ0	6182.A0A4Z2DR60	0	0	0	0	0	0.102	0	0.541	0.570
EWB00_006050	EWB00_006002	6182.A0A4Z2DTJ0	6182.A0A4Z2DTC9	0	0	0	0	0	0.294	0.373	0.085	0.559
EWB00_006050	EWB00_004095	6182.A0A4Z2DTJ0	6182.Q6PMM5	0	0	0	0	0	0.382	0	0.143	0.447
EWB00_006050	EWB00_008747	6182.A0A4Z2DTJ0	6182.C1LG63	0	0	0	0	0.097	0.437	0	0.094	0.499
EWB00_006050	EWB00_003359	6182.A0A4Z2DTJ0	6182.C1LMR7	0	0	0	0	0	0.113	0	0.476	0.515
EWB00_006050	tsr	6182.A0A4Z2DTJ0	6182.Q86ES4	0	0	0	0	0	0.113	0	0.476	0.515
EWB00_006050	EWB00_007426	6182.A0A4Z2DTJ0	6182.C1LJL2	0	0	0	0	0	0.249	0.305	0.162	0.524
EWB00_006050	EWB00_009161	6182.A0A4Z2DTJ0	6182.C1L3T0	0	0	0	0	0	0.294	0.373	0.085	0.559
EWB00_006050	EWB00_010647	6182.A0A4Z2DTJ0	6182.Q5DHL6	0	0	0	0	0	0.249	0.305	0.227	0.561
EWB00_006050	FHL-2	6182.A0A4Z2DTJ0	6182.C1LEH1	0	0	0	0	0.042	0.090	0.355	0.372	0.599
EWB00_006050	EWB00_010398	6182.A0A4Z2DTJ0	6182.A0A4Z2DXN3	0	0	0	0	0	0.124	0.114	0.699	0.745
EWB00_006050	EWB00_008857	6182.A0A4Z2DTJ0	6182.A0A4Z2DY79	0	0	0	0	0.047	0.506	0.425	0.189	0.751
EWB00_006050	EWB00_002919	6182.A0A4Z2DTJ0	6182.A0A4Z2DWJ9	0	0	0	0	0	0	0.771	0.147	0.796
EWB00_006050	EWB00_003429	6182.A0A4Z2DTJ0	6182.A0A4Z2DWH7	0	0	0	0	0.081	0.337	0	0.769	0.846
EWB00_006050	Act5C	6182.A0A4Z2DTJ0	6182.Q5DF69	0	0	0	0	0.063	0.506	0.687	0.288	0.883
EWB00_006050	EWB00_004876	6182.A0A4Z2DTJ0	6182.A0A4Z2DUG9	0	0	0	0	0.071	0.574	0.771	0.403	0.938
EWB00_006050	EWB00_004878	6182.A0A4Z2DTJ0	6182.A0A4Z2DUX1	0	0	0	0	0.071	0.574	0.771	0.403	0.938
EWB00_006050	EWB00_002502	6182.A0A4Z2DTJ0	6182.Q71TT8	0	0	0	0	0.071	0.574	0.771	0.403	0.938
EWB00_006126	EWB00_009287	6182.A0A4Z2CZR2	6182.A0A4Z2CN04	0	0	0	0	0	0.222	0.381	0.060	0.507
EWB00_006126	EWB00_009095	6182.A0A4Z2CZR2	6182.A0A4Z2CND2	0	0	0	0	0	0.146	0.367	0	0.436
EWB00_006126	EWB00_008372	6182.A0A4Z2CZR2	6182.A0A4Z2CQJ6	0	0	0	0	0	0.309	0.385	0.081	0.575
EWB00_006126	EWB00_008239	6182.A0A4Z2CZR2	6182.A0A4Z2CQY2	0	0	0	0	0.056	0.239	0.245	0.170	0.489
EWB00_006126	EWB00_008189	6182.A0A4Z2CZR2	6182.A0A4Z2CR88	0	0	0	0	0	0.146	0.367	0	0.436
EWB00_006126	EWB00_007520	6182.A0A4Z2CZR2	6182.A0A4Z2CUE7	0	0	0	0	0	0.146	0.367	0.064	0.449
EWB00_006126	EWB00_007322	6182.A0A4Z2CZR2	6182.A0A4Z2CUR2	0	0	0	0	0	0	0.876	0.104	0.884
EWB00_006126	EWB00_007395	6182.A0A4Z2CZR2	6182.A0A4Z2CUS5	0	0	0	0	0.056	0.239	0.245	0.170	0.489
EWB00_006126	EWB00_006200	6182.A0A4Z2CZR2	6182.A0A4Z2CZM0	0	0	0	0	0.056	0.239	0.245	0.170	0.489
EWB00_006126	EWB00_006209	6182.A0A4Z2CZR2	6182.A0A4Z2CZP0	0	0	0	0	0	0.170	0.771	0.343	0.864
EWB00_006126	EWB00_008857	6182.A0A4Z2CZR2	6182.A0A4Z2DY79	0	0	0	0	0	0.241	0.106	0.192	0.403
EWB00_006126	EWB00_005849	6182.A0A4Z2CZR2	6182.A0A4Z2D0D0	0	0	0	0	0	0.146	0.367	0.049	0.441
EWB00_006126	EWB00_004406	6182.A0A4Z2CZR2	6182.A0A4Z2D5D6	0	0	0	0	0	0.146	0.367	0.064	0.449
EWB00_006126	fyn-prov	6182.A0A4Z2CZR2	6182.C1LGZ6	0	0	0	0	0	0.146	0.367	0.064	0.449
EWB00_006126	EWB00_006201	6182.A0A4Z2CZR2	6182.A0A4Z2CZR4	0	0	0	0	0.056	0.239	0.245	0.170	0.489
EWB00_006126	EWB00_006199	6182.A0A4Z2CZR2	6182.A0A4Z2D0J4	0	0	0	0	0.056	0.239	0.245	0.170	0.489
EWB00_006126	EWB00_001311	6182.A0A4Z2CZR2	6182.A0A4Z2DG67	0	0	0	0	0.056	0.239	0.245	0.170	0.489
EWB00_006126	EWB00_001102	6182.A0A4Z2CZR2	6182.A0A4Z2DGT3	0	0	0	0	0.056	0.239	0.245	0.170	0.489
EWB00_006126	EWB00_000274	6182.A0A4Z2CZR2	6182.A0A4Z2DJH5	0	0	0	0	0.056	0.239	0.245	0.170	0.489
EWB00_006126	EWB00_010449	6182.A0A4Z2CZR2	6182.A0A4Z2DXL3	0	0	0	0	0.056	0.239	0.245	0.170	0.489
EWB00_006126	EWB00_010448	6182.A0A4Z2CZR2	6182.A0A4Z2DXQ5	0	0	0	0	0.056	0.239	0.245	0.170	0.489
EWB00_006126	EWB00_010450	6182.A0A4Z2CZR2	6182.A0A4Z2DXW2	0	0	0	0	0.056	0.239	0.245	0.170	0.489
EWB00_006126	EWB00_011156	6182.A0A4Z2CZR2	6182.A0A4Z2DLU7	0	0	0	0	0	0.293	0.308	0.069	0.504
EWB00_006126	EWB00_004811	6182.A0A4Z2CZR2	6182.A0A4Z2DUN6	0	0	0	0	0	0.293	0.308	0.069	0.504
EWB00_006126	EWB00_003272	6182.A0A4Z2CZR2	6182.Q5DB60	0	0	0	0	0	0.257	0.371	0.090	0.537
EWB00_006126	EWB00_005116	6182.A0A4Z2CZR2	6182.A0A4Z2D2T5	0	0	0	0	0	0.309	0.385	0.081	0.575
EWB00_006126	Grb2	6182.A0A4Z2CZR2	6182.Q86F73	0	0	0	0	0	0	0.351	0.466	0.638
EWB00_006126	EWB00_002919	6182.A0A4Z2CZR2	6182.A0A4Z2DWJ9	0	0	0	0	0	0.170	0.771	0.343	0.864
EWB00_006126	EWB00_002869	6182.A0A4Z2CZR2	6182.A0A4Z2DAG8	0	0	0	0	0	0.223	0.771	0.306	0.865
EWB00_006126	EWB00_011039	6182.A0A4Z2CZR2	6182.A0A4Z2DN82	0	0	0	0	0	0.170	0.799	0.343	0.880
EWB00_006126	EWB00_002741	6182.A0A4Z2CZR2	6182.A0A4Z2DB14	0	0	0	0	0.170	0.925	0.876	0.398	0.994
EWB00_006126	EWB00_001328	6182.A0A4Z2CZR2	6182.A0A4Z2DG14	0	0	0	0	0.477	0.875	0.876	0.499	0.995
EWB00_006165	EWB00_010219	6182.A0A4Z2CZH4	6182.A0A4Z2DPU8	0	0	0	0	0	0.560	0.516	0.218	0.818
EWB00_006165	EWB00_009480	6182.A0A4Z2CZH4	6182.C1L449	0	0	0	0	0	0.560	0.516	0.218	0.818
EWB00_006165	EWB00_003272	6182.A0A4Z2CZH4	6182.Q5DB60	0	0	0	0	0	0.506	0.723	0.098	0.865
EWB00_006175	EWB00_009095	6182.A0A4Z2CZK0	6182.A0A4Z2CND2	0	0	0.361	0	0	0.229	0.355	0.069	0.664
EWB00_006175	EWB00_008993	6182.A0A4Z2CZK0	6182.A0A4Z2CNG2	0	0	0.177	0.600	0.058	0.311	0.320	0	0.588
EWB00_006175	EWB00_008286	6182.A0A4Z2CZK0	6182.A0A4Z2CQZ5	0	0	0.182	0.562	0	0.320	0.406	0.070	0.651
EWB00_006175	EWB00_008162	6182.A0A4Z2CZK0	6182.A0A4Z2CR55	0	0	0.335	0	0	0.229	0.355	0.047	0.642
EWB00_006175	EWB00_008189	6182.A0A4Z2CZK0	6182.A0A4Z2CR88	0	0	0	0	0	0.229	0.355	0.069	0.496
EWB00_006175	EWB00_007965	6182.A0A4Z2CZK0	6182.A0A4Z2CSU9	0	0	0.304	0	0	0.229	0.355	0.055	0.629
EWB00_006175	EWB00_007640	6182.A0A4Z2CZK0	6182.A0A4Z2CTJ3	0	0	0.194	0.552	0	0.306	0.355	0.078	0.622
EWB00_006175	EWB00_007520	6182.A0A4Z2CZK0	6182.A0A4Z2CUE7	0	0	0.201	0	0	0.229	0.355	0.069	0.580
EWB00_006175	EWB00_007031	6182.A0A4Z2CZK0	6182.A0A4Z2CW39	0	0	0	0	0	0.320	0.406	0.070	0.591
EWB00_006175	EWB00_005116	6182.A0A4Z2CZK0	6182.A0A4Z2D2T5	0	0	0.158	0.560	0.110	0.257	0	0.066	0.410
EWB00_006175	EWB00_003710	6182.A0A4Z2CZK0	6182.A0A4Z2D7R1	0	0	0	0	0	0.276	0	0.235	0.422
EWB00_006175	EWB00_000516	6182.A0A4Z2CZK0	6182.A0A4Z2DIX5	0	0	0	0	0	0.140	0.395	0.051	0.463
EWB00_006175	EWB00_000085	6182.A0A4Z2CZK0	6182.A0A4Z2DKG0	0	0	0.185	0.616	0	0.260	0.188	0.065	0.480
EWB00_006175	EWB00_001594	6182.A0A4Z2CZK0	6182.A0A4Z2DF50	0	0	0	0	0	0.229	0.355	0.047	0.484
EWB00_006175	EWB00_010687	6182.A0A4Z2CZK0	6182.A0A4Z2DNJ5	0	0	0	0	0	0.229	0.355	0.047	0.484
EWB00_006175	EWB00_003747	6182.A0A4Z2CZK0	6182.A0A4Z2DVH8	0	0	0	0	0	0.229	0.355	0.047	0.484
EWB00_006175	EWB00_011320	6182.A0A4Z2CZK0	6182.Q5DBY2	0	0	0.199	0.602	0	0.260	0.188	0.065	0.489
EWB00_006175	EWB00_004405	6182.A0A4Z2CZK0	6182.A0A4Z2D5F1	0	0	0.200	0.608	0	0.260	0.188	0.065	0.490
EWB00_006175	EWB00_003063	6182.A0A4Z2CZK0	6182.A0A4Z2D9R8	0	0	0	0	0	0.229	0.355	0.064	0.493
EWB00_006175	EWB00_008934	6182.A0A4Z2CZK0	6182.A0A4Z2DSI5	0	0	0	0	0	0.229	0.355	0.064	0.493
EWB00_006175	EWB00_005849	6182.A0A4Z2CZK0	6182.A0A4Z2D0D0	0	0	0	0	0	0.229	0.355	0.069	0.496
EWB00_006175	EWB00_004406	6182.A0A4Z2CZK0	6182.A0A4Z2D5D6	0	0	0	0	0	0.229	0.355	0.069	0.496
EWB00_006175	EWB00_001471	6182.A0A4Z2CZK0	6182.A0A4Z2DFS2	0	0	0	0	0	0.229	0.355	0.078	0.501
EWB00_006175	EWB00_001228	6182.A0A4Z2CZK0	6182.A0A4Z2DGB2	0	0	0	0	0.089	0.229	0.355	0.063	0.518
EWB00_006175	EWB00_007721	6182.A0A4Z2CZK0	6182.A0A4Z2DSU2	0	0	0	0	0.058	0.311	0.320	0	0.520
EWB00_006175	EWB00_004196	6182.A0A4Z2CZK0	6182.A0A4Z2DUY0	0	0	0	0	0.058	0.311	0.320	0	0.520
EWB00_006175	EWB00_004368	6182.A0A4Z2CZK0	6182.A0A4Z2D605	0	0	0	0	0	0.348	0.355	0.104	0.590
EWB00_006175	EWB00_002797	6182.A0A4Z2CZK0	6182.A0A4Z2DBK5	0	0	0.204	0.583	0	0.266	0.352	0.058	0.595
EWB00_006175	EWB00_005467	6182.A0A4Z2CZK0	6182.A0A4Z2DU85	0	0	0	0	0	0.229	0.496	0.047	0.597
EWB00_006175	fyn-prov	6182.A0A4Z2CZK0	6182.C1LGZ6	0	0	0.248	0	0	0.229	0.355	0.069	0.605
EWB00_006175	EWB00_005166	6182.A0A4Z2CZK0	6182.A0A4Z2D2Y7	0	0	0.185	0.571	0	0.291	0.347	0.080	0.606
EWB00_006175	EWB00_002386	6182.A0A4Z2CZK0	6182.A0A4Z2DCG1	0	0	0.201	0.567	0	0.276	0.390	0.066	0.626
EWB00_006175	EWB00_002531	6182.A0A4Z2CZK0	6182.A0A4Z2DBU6	0	0	0.331	0	0	0.236	0.355	0.104	0.665
EWB00_006175	EWB00_001391	6182.A0A4Z2CZK0	6182.A0A4Z2DWQ9	0	0	0.201	0.560	0	0.314	0.406	0.095	0.665
EWB00_006175	EWB00_011263	6182.A0A4Z2CZK0	6182.A0A4Z2DKT9	0	0	0	0	0	0.396	0.496	0.066	0.690
EWB00_006175	PR2	6182.A0A4Z2CZK0	6182.C7TXQ4	0	0	0.365	0	0.090	0.229	0.355	0.137	0.706
EWB00_006175	EWB00_002858	6182.A0A4Z2CZK0	6182.A0A4Z2DAI3	0	0	0.403	0	0	0.276	0.390	0.066	0.720
EWB00_006199	EWB00_008372	6182.A0A4Z2D0J4	6182.A0A4Z2CQJ6	0	0	0	0	0	0.242	0.339	0.091	0.504
EWB00_006199	EWB00_007322	6182.A0A4Z2D0J4	6182.A0A4Z2CUR2	0	0	0	0	0	0	0.504	0.066	0.516
EWB00_006199	EWB00_006200	6182.A0A4Z2D0J4	6182.A0A4Z2CZM0	0	0	0	0	0	0	0.860	0	0.860
EWB00_006199	EWB00_006209	6182.A0A4Z2D0J4	6182.A0A4Z2CZP0	0	0	0	0	0	0.101	0.390	0.104	0.465
EWB00_006199	EWB00_006126	6182.A0A4Z2D0J4	6182.A0A4Z2CZR2	0	0	0	0	0.056	0.239	0.245	0.170	0.489
EWB00_006199	EWB00_006201	6182.A0A4Z2D0J4	6182.A0A4Z2CZR4	0	0	0	0	0	0	0.860	0	0.860
EWB00_006199	EWB00_002413	6182.A0A4Z2D0J4	6182.A0A4Z2DCK0	0	0	0	0	0	0.111	0.383	0	0.428
EWB00_006199	EWB00_003639	6182.A0A4Z2D0J4	6182.A0A4Z2D7T8	0	0	0	0	0	0.093	0.379	0.069	0.429
EWB00_006199	EWB00_011039	6182.A0A4Z2D0J4	6182.A0A4Z2DN82	0	0	0	0	0	0.101	0.390	0.104	0.465
EWB00_006199	EWB00_002919	6182.A0A4Z2D0J4	6182.A0A4Z2DWJ9	0	0	0	0	0	0.101	0.390	0.104	0.465
EWB00_006199	EWB00_005116	6182.A0A4Z2D0J4	6182.A0A4Z2D2T5	0	0	0	0	0	0.242	0.339	0.064	0.490
EWB00_006199	EWB00_003710	6182.A0A4Z2D0J4	6182.A0A4Z2D7R1	0	0	0	0	0	0.141	0.374	0.155	0.505
EWB00_006199	EWB00_002869	6182.A0A4Z2D0J4	6182.A0A4Z2DAG8	0	0	0	0	0	0.157	0.394	0.118	0.510
EWB00_006199	EWB00_001328	6182.A0A4Z2D0J4	6182.A0A4Z2DG14	0	0	0	0	0	0.197	0.377	0.201	0.565
EWB00_006199	EWB00_001102	6182.A0A4Z2D0J4	6182.A0A4Z2DGT3	0	0	0	0	0	0	0.946	0	0.946
EWB00_006200	EWB00_008372	6182.A0A4Z2CZM0	6182.A0A4Z2CQJ6	0	0	0	0	0	0.242	0.339	0.091	0.504
EWB00_006200	EWB00_007322	6182.A0A4Z2CZM0	6182.A0A4Z2CUR2	0	0	0	0	0	0	0.504	0.066	0.516
EWB00_006200	EWB00_002413	6182.A0A4Z2CZM0	6182.A0A4Z2DCK0	0	0	0	0	0	0.111	0.383	0	0.428
EWB00_006200	EWB00_003639	6182.A0A4Z2CZM0	6182.A0A4Z2D7T8	0	0	0	0	0	0.093	0.379	0.069	0.429
EWB00_006200	EWB00_006209	6182.A0A4Z2CZM0	6182.A0A4Z2CZP0	0	0	0	0	0	0.101	0.390	0.104	0.465
EWB00_006200	EWB00_011039	6182.A0A4Z2CZM0	6182.A0A4Z2DN82	0	0	0	0	0	0.101	0.390	0.104	0.465
EWB00_006200	EWB00_002919	6182.A0A4Z2CZM0	6182.A0A4Z2DWJ9	0	0	0	0	0	0.101	0.390	0.104	0.465
EWB00_006200	EWB00_006126	6182.A0A4Z2CZM0	6182.A0A4Z2CZR2	0	0	0	0	0.056	0.239	0.245	0.170	0.489
EWB00_006200	EWB00_005116	6182.A0A4Z2CZM0	6182.A0A4Z2D2T5	0	0	0	0	0	0.242	0.339	0.064	0.490
EWB00_006200	EWB00_003710	6182.A0A4Z2CZM0	6182.A0A4Z2D7R1	0	0	0	0	0	0.141	0.374	0.155	0.505
EWB00_006200	EWB00_002869	6182.A0A4Z2CZM0	6182.A0A4Z2DAG8	0	0	0	0	0	0.157	0.394	0.118	0.510
EWB00_006200	EWB00_001328	6182.A0A4Z2CZM0	6182.A0A4Z2DG14	0	0	0	0	0	0.197	0.377	0.201	0.565
EWB00_006200	EWB00_006199	6182.A0A4Z2CZM0	6182.A0A4Z2D0J4	0	0	0	0	0	0	0.860	0	0.860
EWB00_006200	EWB00_001102	6182.A0A4Z2CZM0	6182.A0A4Z2DGT3	0	0	0	0	0	0	0.860	0	0.860
EWB00_006201	EWB00_008372	6182.A0A4Z2CZR4	6182.A0A4Z2CQJ6	0	0	0	0	0	0.242	0.339	0.091	0.504
EWB00_006201	EWB00_007322	6182.A0A4Z2CZR4	6182.A0A4Z2CUR2	0	0	0	0	0	0	0.504	0.066	0.516
EWB00_006201	EWB00_006209	6182.A0A4Z2CZR4	6182.A0A4Z2CZP0	0	0	0	0	0	0.101	0.390	0.104	0.465
EWB00_006201	EWB00_006126	6182.A0A4Z2CZR4	6182.A0A4Z2CZR2	0	0	0	0	0.056	0.239	0.245	0.170	0.489
EWB00_006201	EWB00_002413	6182.A0A4Z2CZR4	6182.A0A4Z2DCK0	0	0	0	0	0	0.111	0.383	0	0.428
EWB00_006201	EWB00_003639	6182.A0A4Z2CZR4	6182.A0A4Z2D7T8	0	0	0	0	0	0.093	0.379	0.069	0.429
EWB00_006201	EWB00_011039	6182.A0A4Z2CZR4	6182.A0A4Z2DN82	0	0	0	0	0	0.101	0.390	0.104	0.465
EWB00_006201	EWB00_002919	6182.A0A4Z2CZR4	6182.A0A4Z2DWJ9	0	0	0	0	0	0.101	0.390	0.104	0.465
EWB00_006201	EWB00_005116	6182.A0A4Z2CZR4	6182.A0A4Z2D2T5	0	0	0	0	0	0.242	0.339	0.064	0.490
EWB00_006201	EWB00_003710	6182.A0A4Z2CZR4	6182.A0A4Z2D7R1	0	0	0	0	0	0.141	0.374	0.155	0.505
EWB00_006201	EWB00_002869	6182.A0A4Z2CZR4	6182.A0A4Z2DAG8	0	0	0	0	0	0.157	0.394	0.118	0.510
EWB00_006201	EWB00_001328	6182.A0A4Z2CZR4	6182.A0A4Z2DG14	0	0	0	0	0	0.197	0.377	0.201	0.565
EWB00_006201	EWB00_006199	6182.A0A4Z2CZR4	6182.A0A4Z2D0J4	0	0	0	0	0	0	0.860	0	0.860
EWB00_006201	EWB00_001102	6182.A0A4Z2CZR4	6182.A0A4Z2DGT3	0	0	0	0	0	0	0.860	0	0.860
EWB00_006209	EWB00_010024	6182.A0A4Z2CZP0	6182.A0A4Z2CL49	0	0	0	0	0	0.158	0.478	0.091	0.565
EWB00_006209	EWB00_009457	6182.A0A4Z2CZP0	6182.A0A4Z2CLX5	0	0	0	0	0	0.158	0.478	0.091	0.565
EWB00_006209	EWB00_009267	6182.A0A4Z2CZP0	6182.A0A4Z2CML4	0	0	0	0	0	0.065	0.474	0.093	0.514
EWB00_006209	EWB00_009122	6182.A0A4Z2CZP0	6182.A0A4Z2CN26	0	0	0	0	0	0.102	0.394	0	0.432
EWB00_006209	EWB00_009095	6182.A0A4Z2CZP0	6182.A0A4Z2CND2	0	0	0	0	0	0.141	0.385	0.063	0.461
EWB00_006209	EWB00_008993	6182.A0A4Z2CZP0	6182.A0A4Z2CNG2	0	0	0	0	0	0.105	0.387	0	0.427
EWB00_006209	EWB00_008683	6182.A0A4Z2CZP0	6182.A0A4Z2CNZ1	0	0	0	0	0	0.112	0.395	0	0.439
EWB00_006209	EWB00_008528	6182.A0A4Z2CZP0	6182.A0A4Z2CPM6	0	0	0	0	0	0.179	0.384	0.050	0.477
EWB00_006209	EWB00_008239	6182.A0A4Z2CZP0	6182.A0A4Z2CQY2	0	0	0	0	0	0.101	0.390	0.104	0.465
EWB00_006209	EWB00_008189	6182.A0A4Z2CZP0	6182.A0A4Z2CR88	0	0	0	0	0	0.141	0.385	0.063	0.461
EWB00_006209	EWB00_007978	6182.A0A4Z2CZP0	6182.A0A4Z2CSH8	0	0	0	0	0	0.118	0.448	0.238	0.596
EWB00_006209	EWB00_007965	6182.A0A4Z2CZP0	6182.A0A4Z2CSU9	0	0	0	0	0.048	0.123	0.320	0.075	0.404
EWB00_006209	EWB00_007640	6182.A0A4Z2CZP0	6182.A0A4Z2CTJ3	0	0	0	0	0	0.123	0.387	0.066	0.454
EWB00_006209	EWB00_007520	6182.A0A4Z2CZP0	6182.A0A4Z2CUE7	0	0	0	0	0	0.212	0.563	0.095	0.661
EWB00_006209	EWB00_007322	6182.A0A4Z2CZP0	6182.A0A4Z2CUR2	0	0	0	0	0	0.311	0.771	0.187	0.860
EWB00_006209	EWB00_007395	6182.A0A4Z2CZP0	6182.A0A4Z2CUS5	0	0	0	0	0	0.101	0.390	0.104	0.465
EWB00_006209	EWB00_006747	6182.A0A4Z2CZP0	6182.A0A4Z2CWY6	0	0	0	0	0.044	0.109	0.478	0.138	0.565
EWB00_006209	EWB00_006505	6182.A0A4Z2CZP0	6182.A0A4Z2CYG9	0	0	0	0	0	0.300	0.517	0.209	0.709
EWB00_006209	EWB00_006350	6182.A0A4Z2CZP0	6182.A0A4Z2CZ14	0	0	0	0	0	0.093	0.386	0	0.419
EWB00_006209	EWB00_006234	6182.A0A4Z2CZP0	6182.A0A4Z2CZ44	0	0	0	0	0.059	0.584	0.658	0.068	0.858
EWB00_006209	EWB00_006200	6182.A0A4Z2CZP0	6182.A0A4Z2CZM0	0	0	0	0	0	0.101	0.390	0.104	0.465
EWB00_006209	EWB00_008857	6182.A0A4Z2CZP0	6182.A0A4Z2DY79	0	0	0	0	0	0.065	0.370	0.069	0.403
EWB00_006209	EWB00_004506	6182.A0A4Z2CZP0	6182.A0A4Z2D514	0	0	0	0	0	0.093	0.386	0	0.419
EWB00_006209	EWB00_002899	6182.A0A4Z2CZP0	6182.A0A4Z2DX55	0	0	0	0	0	0.090	0.379	0.060	0.422
EWB00_006209	EWB00_001594	6182.A0A4Z2CZP0	6182.A0A4Z2DF50	0	0	0	0	0	0.188	0.320	0	0.424
EWB00_006209	EWB00_002858	6182.A0A4Z2CZP0	6182.A0A4Z2DAI3	0	0	0	0	0	0.098	0.390	0	0.426
EWB00_006209	EWB00_005528	6182.A0A4Z2CZP0	6182.A0A4Z2D2F1	0	0	0	0	0	0.093	0.379	0.069	0.429
EWB00_006209	EWB00_007721	6182.A0A4Z2CZP0	6182.A0A4Z2DSU2	0	0	0	0	0	0.112	0.387	0	0.432
EWB00_006209	EWB00_004196	6182.A0A4Z2CZP0	6182.A0A4Z2DUY0	0	0	0	0	0	0.112	0.387	0	0.432
EWB00_006209	EWB00_004095	6182.A0A4Z2CZP0	6182.Q6PMM5	0	0	0	0	0	0.112	0.395	0	0.439
EWB00_006209	EWB00_005910	6182.A0A4Z2CZP0	6182.A0A4Z2D044	0	0	0	0	0	0.106	0.390	0.063	0.444
EWB00_006209	EWB00_003063	6182.A0A4Z2CZP0	6182.A0A4Z2D9R8	0	0	0	0	0	0.123	0.377	0.065	0.444
EWB00_006209	EWB00_001471	6182.A0A4Z2CZP0	6182.A0A4Z2DFS2	0	0	0	0	0	0.123	0.387	0.066	0.454
EWB00_006209	EWB00_008748	6182.A0A4Z2CZP0	6182.A0A4Z2DTN7	0	0	0	0	0	0.105	0.379	0.098	0.454
EWB00_006209	PR2	6182.A0A4Z2CZP0	6182.C7TXQ4	0	0	0	0	0	0.123	0.387	0.066	0.454
EWB00_006209	EWB00_006201	6182.A0A4Z2CZP0	6182.A0A4Z2CZR4	0	0	0	0	0	0.101	0.390	0.104	0.465
EWB00_006209	EWB00_006199	6182.A0A4Z2CZP0	6182.A0A4Z2D0J4	0	0	0	0	0	0.101	0.390	0.104	0.465
EWB00_006209	EWB00_001311	6182.A0A4Z2CZP0	6182.A0A4Z2DG67	0	0	0	0	0	0.101	0.390	0.104	0.465
EWB00_006209	EWB00_001102	6182.A0A4Z2CZP0	6182.A0A4Z2DGT3	0	0	0	0	0	0.101	0.390	0.104	0.465
EWB00_006209	EWB00_000274	6182.A0A4Z2CZP0	6182.A0A4Z2DJH5	0	0	0	0	0	0.101	0.390	0.104	0.465
EWB00_006209	EWB00_010449	6182.A0A4Z2CZP0	6182.A0A4Z2DXL3	0	0	0	0	0	0.101	0.390	0.104	0.465
EWB00_006209	EWB00_010448	6182.A0A4Z2CZP0	6182.A0A4Z2DXQ5	0	0	0	0	0	0.101	0.390	0.104	0.465
EWB00_006209	EWB00_010450	6182.A0A4Z2CZP0	6182.A0A4Z2DXW2	0	0	0	0	0	0.101	0.390	0.104	0.465
EWB00_006209	EWB00_002386	6182.A0A4Z2CZP0	6182.A0A4Z2DCG1	0	0	0	0	0	0.111	0.419	0.062	0.473
EWB00_006209	EWB00_000516	6182.A0A4Z2CZP0	6182.A0A4Z2DIX5	0	0	0	0	0	0	0.513	0	0.513
EWB00_006209	Act5C	6182.A0A4Z2CZP0	6182.Q5DF69	0	0	0	0	0	0.065	0.474	0.093	0.514
EWB00_006209	EWB00_011263	6182.A0A4Z2CZP0	6182.A0A4Z2DKT9	0	0	0	0	0	0.123	0.464	0.064	0.521
EWB00_006209	EWB00_008934	6182.A0A4Z2CZP0	6182.A0A4Z2DSI5	0	0	0	0	0	0.123	0.477	0.064	0.533
EWB00_006209	EWB00_011039	6182.A0A4Z2CZP0	6182.A0A4Z2DN82	0	0	0	0.548	0	0	0.540	0	0.540
EWB00_006209	EWB00_002919	6182.A0A4Z2CZP0	6182.A0A4Z2DWJ9	0	0	0	0.552	0	0	0.540	0	0.540
EWB00_006209	EWB00_010649	6182.A0A4Z2CZP0	6182.A0A4Z2DN32	0	0	0	0	0	0	0.517	0.093	0.543
EWB00_006209	EWB00_005849	6182.A0A4Z2CZP0	6182.A0A4Z2D0D0	0	0	0	0	0	0.166	0.463	0.066	0.545
EWB00_006209	Grb2	6182.A0A4Z2CZP0	6182.Q86F73	0	0	0	0	0	0.123	0.464	0.139	0.559
EWB00_006209	EWB00_010687	6182.A0A4Z2CZP0	6182.A0A4Z2DNJ5	0	0	0	0	0.042	0.123	0.475	0.122	0.560
EWB00_006209	EWB00_002182	6182.A0A4Z2CZP0	6182.A0A4Z2DD10	0	0	0	0	0	0.158	0.375	0.235	0.562
EWB00_006209	EWB00_004876	6182.A0A4Z2CZP0	6182.A0A4Z2DUG9	0	0	0	0	0	0.065	0.563	0.093	0.597
EWB00_006209	EWB00_004878	6182.A0A4Z2CZP0	6182.A0A4Z2DUX1	0	0	0	0	0	0.065	0.563	0.093	0.597
EWB00_006209	EWB00_002502	6182.A0A4Z2CZP0	6182.Q71TT8	0	0	0	0	0	0.065	0.563	0.093	0.597
EWB00_006209	EWB00_001225	6182.A0A4Z2CZP0	6182.A0A4Z2DG63	0	0	0	0	0.048	0.094	0.395	0.340	0.609
EWB00_006209	EWB00_001036	6182.A0A4Z2CZP0	6182.A0A4Z2DH76	0	0	0	0	0	0	0.618	0	0.618
EWB00_006209	EWB00_002103	6182.A0A4Z2CZP0	6182.A0A4Z2DDE8	0	0	0	0	0.046	0.130	0.478	0.260	0.636
EWB00_006209	EWB00_004406	6182.A0A4Z2CZP0	6182.A0A4Z2D5D6	0	0	0	0	0	0.212	0.563	0.095	0.661
EWB00_006209	fyn-prov	6182.A0A4Z2CZP0	6182.C1LGZ6	0	0	0	0	0	0.212	0.563	0.095	0.661
EWB00_006209	EWB00_003565	6182.A0A4Z2CZP0	6182.A0A4Z2D923	0	0	0	0	0.085	0.123	0.512	0.292	0.685
EWB00_006209	EWB00_006050	6182.A0A4Z2CZP0	6182.A0A4Z2DTJ0	0	0	0	0	0	0	0.771	0.147	0.796
EWB00_006209	EWB00_005803	6182.A0A4Z2CZP0	6182.A0A4Z2D0N4	0	0	0	0	0	0	0.771	0.217	0.813
EWB00_006209	EWB00_002741	6182.A0A4Z2CZP0	6182.A0A4Z2DB14	0	0	0	0	0	0.194	0.771	0.070	0.813
EWB00_006209	EWB00_002775	6182.A0A4Z2CZP0	6182.A0A4Z2DBA8	0	0	0	0	0.059	0.584	0.658	0.068	0.858
EWB00_006209	EWB00_003429	6182.A0A4Z2CZP0	6182.A0A4Z2DWH7	0	0	0	0	0	0.310	0.771	0.190	0.860
EWB00_006209	EWB00_006126	6182.A0A4Z2CZP0	6182.A0A4Z2CZR2	0	0	0	0	0	0.170	0.771	0.343	0.864
EWB00_006209	EWB00_003639	6182.A0A4Z2CZP0	6182.A0A4Z2D7T8	0	0	0	0.588	0	0	0.866	0	0.866
EWB00_006209	EWB00_010398	6182.A0A4Z2CZP0	6182.A0A4Z2DXN3	0	0	0	0	0	0.126	0.771	0.458	0.882
EWB00_006209	EWB00_003146	6182.A0A4Z2CZP0	6182.A0A4Z2D9E0	0	0	0	0	0	0.355	0.771	0.428	0.908
EWB00_006209	EWB00_002869	6182.A0A4Z2CZP0	6182.A0A4Z2DAG8	0	0	0	0	0.059	0.650	0.790	0.323	0.946
EWB00_006209	EWB00_001328	6182.A0A4Z2CZP0	6182.A0A4Z2DG14	0	0	0	0	0	0.647	0.771	0.426	0.949
EWB00_006234	EWB00_009560	6182.A0A4Z2CZ44	6182.A0A4Z2CLW6	0	0	0	0	0.043	0.260	0.395	0.075	0.550
EWB00_006234	EWB00_009267	6182.A0A4Z2CZ44	6182.A0A4Z2CML4	0	0	0	0	0	0.280	0.392	0.224	0.630
EWB00_006234	EWB00_009162	6182.A0A4Z2CZ44	6182.A0A4Z2CMV9	0	0	0	0	0	0.147	0.359	0.355	0.616
EWB00_006234	EWB00_008411	6182.A0A4Z2CZ44	6182.A0A4Z2CQ40	0	0	0	0	0	0.254	0.449	0.059	0.579
EWB00_006234	EWB00_008231	6182.A0A4Z2CZ44	6182.A0A4Z2CRJ2	0	0	0	0	0	0.297	0.593	0.065	0.709
EWB00_006234	EWB00_006779	6182.A0A4Z2CZ44	6182.A0A4Z2CX29	0	0	0	0	0	0.170	0.373	0.108	0.495
EWB00_006234	EWB00_006607	6182.A0A4Z2CZ44	6182.A0A4Z2CXQ1	0	0	0	0	0	0.170	0.373	0.108	0.495
EWB00_006234	EWB00_006505	6182.A0A4Z2CZ44	6182.A0A4Z2CYG9	0	0	0	0	0.193	0	0.395	0.359	0.659
EWB00_006234	EWB00_003359	6182.A0A4Z2CZ44	6182.C1LMR7	0	0	0	0	0	0.267	0	0.240	0.419
EWB00_006234	tsr	6182.A0A4Z2CZ44	6182.Q86ES4	0	0	0	0	0	0.267	0	0.240	0.419
EWB00_006234	EWB00_001618	6182.A0A4Z2CZ44	6182.A0A4Z2DF74	0	0	0	0	0	0.129	0.283	0.182	0.444
EWB00_006234	EWB00_006002	6182.A0A4Z2CZ44	6182.A0A4Z2DTC9	0	0	0	0	0	0.147	0.359	0.083	0.454
EWB00_006234	EWB00_001225	6182.A0A4Z2CZ44	6182.A0A4Z2DG63	0	0	0	0	0.073	0	0.386	0.190	0.498
EWB00_006234	EWB00_002103	6182.A0A4Z2CZ44	6182.A0A4Z2DDE8	0	0	0	0	0	0.144	0	0.472	0.528
EWB00_006234	EWB00_003639	6182.A0A4Z2CZ44	6182.A0A4Z2D7T8	0	0	0	0	0	0.311	0.355	0	0.536
EWB00_006234	EWB00_004965	6182.A0A4Z2CZ44	6182.A0A4Z2D4A5	0	0	0	0	0.043	0.260	0.395	0.075	0.550
EWB00_006234	EWB00_008724	6182.A0A4Z2CZ44	6182.A0A4Z2DSJ8	0	0	0	0	0	0.124	0.478	0.104	0.554
EWB00_006234	EWB00_010398	6182.A0A4Z2CZ44	6182.A0A4Z2DXN3	0	0	0	0	0.086	0.127	0	0.495	0.561
EWB00_006234	EWB00_008857	6182.A0A4Z2CZ44	6182.A0A4Z2DY79	0	0	0	0	0	0.255	0.384	0.142	0.571
EWB00_006234	EWB00_009161	6182.A0A4Z2CZ44	6182.C1L3T0	0	0	0	0	0	0.147	0.359	0.355	0.616
EWB00_006234	Act5C	6182.A0A4Z2CZ44	6182.Q5DF69	0	0	0	0	0	0.280	0.392	0.224	0.630
EWB00_006234	EWB00_003429	6182.A0A4Z2CZ44	6182.A0A4Z2DWH7	0	0	0	0	0.089	0.132	0	0.583	0.641
EWB00_006234	EWB00_004876	6182.A0A4Z2CZ44	6182.A0A4Z2DUG9	0	0	0	0	0	0.308	0.394	0.319	0.689
EWB00_006234	EWB00_004878	6182.A0A4Z2CZ44	6182.A0A4Z2DUX1	0	0	0	0	0	0.308	0.394	0.319	0.689
EWB00_006234	EWB00_002502	6182.A0A4Z2CZ44	6182.Q71TT8	0	0	0	0	0	0.308	0.394	0.319	0.689
EWB00_006234	EWB00_003065	6182.A0A4Z2CZ44	6182.A0A4Z2D9U3	0	0	0	0	0	0	0.811	0	0.811
EWB00_006234	EWB00_003565	6182.A0A4Z2CZ44	6182.A0A4Z2D923	0	0	0	0	0.218	0	0.462	0.652	0.840
EWB00_006234	EWB00_001343	6182.A0A4Z2CZ44	6182.A0A4Z2DFX9	0	0	0	0	0	0.223	0.811	0.054	0.848
EWB00_006234	EWB00_003146	6182.A0A4Z2CZ44	6182.A0A4Z2D9E0	0	0	0	0	0.201	0	0.507	0.660	0.854
EWB00_006234	EWB00_006209	6182.A0A4Z2CZ44	6182.A0A4Z2CZP0	0	0	0	0	0.059	0.584	0.658	0.068	0.858
EWB00_006234	EWB00_011039	6182.A0A4Z2CZ44	6182.A0A4Z2DN82	0	0	0	0	0.059	0.584	0.658	0.068	0.858
EWB00_006234	EWB00_002919	6182.A0A4Z2CZ44	6182.A0A4Z2DWJ9	0	0	0	0	0.059	0.584	0.658	0.068	0.858
EWB00_006234	EWB00_002869	6182.A0A4Z2CZ44	6182.A0A4Z2DAG8	0	0	0	0	0	0.594	0.658	0.141	0.870
EWB00_006315	EWB00_007640	6182.A0A4Z2CYT8	6182.A0A4Z2CTJ3	0	0	0	0	0	0.133	0.386	0	0.444
EWB00_006315	EWB00_001471	6182.A0A4Z2CYT8	6182.A0A4Z2DFS2	0	0	0	0	0	0.133	0.386	0	0.444
EWB00_006315	PR2	6182.A0A4Z2CYT8	6182.C7TXQ4	0	0	0	0	0	0.133	0.386	0	0.444
EWB00_006350	EWB00_010024	6182.A0A4Z2CZ14	6182.A0A4Z2CL49	0	0	0	0	0	0.253	0.425	0.065	0.563
EWB00_006350	EWB00_009457	6182.A0A4Z2CZ14	6182.A0A4Z2CLX5	0	0	0	0	0	0.253	0.425	0.065	0.563
EWB00_006350	EWB00_009456	6182.A0A4Z2CZ14	6182.A0A4Z2CM06	0	0	0	0	0	0.506	0.425	0.067	0.711
EWB00_006350	EWB00_009435	6182.A0A4Z2CZ14	6182.A0A4Z2CM43	0	0	0	0	0	0.060	0.463	0	0.473
EWB00_006350	EWB00_009224	6182.A0A4Z2CZ14	6182.A0A4Z2CMJ2	0	0	0	0	0	0.253	0.373	0.055	0.518
EWB00_006350	EWB00_009287	6182.A0A4Z2CZ14	6182.A0A4Z2CN04	0	0	0	0	0	0.122	0.383	0.071	0.452
EWB00_006350	EWB00_009095	6182.A0A4Z2CZ14	6182.A0A4Z2CND2	0	0	0	0	0	0.204	0.392	0.069	0.510
EWB00_006350	EWB00_008993	6182.A0A4Z2CZ14	6182.A0A4Z2CNG2	0	0	0	0	0.045	0.311	0.330	0.079	0.539
EWB00_006350	EWB00_008528	6182.A0A4Z2CZ14	6182.A0A4Z2CPM6	0	0	0	0	0	0.318	0.379	0.098	0.584
EWB00_006350	EWB00_008411	6182.A0A4Z2CZ14	6182.A0A4Z2CQ40	0	0	0	0	0	0.309	0.394	0.068	0.575
EWB00_006350	EWB00_008162	6182.A0A4Z2CZ14	6182.A0A4Z2CR55	0	0	0	0	0	0.204	0.360	0.050	0.473
EWB00_006350	EWB00_008189	6182.A0A4Z2CZ14	6182.A0A4Z2CR88	0	0	0	0	0	0.204	0.392	0.069	0.510
EWB00_006350	EWB00_008231	6182.A0A4Z2CZ14	6182.A0A4Z2CRJ2	0	0	0	0	0	0.309	0.394	0.068	0.575
EWB00_006350	EWB00_007978	6182.A0A4Z2CZ14	6182.A0A4Z2CSH8	0	0	0	0	0	0.305	0.382	0.069	0.565
EWB00_006350	EWB00_007965	6182.A0A4Z2CZ14	6182.A0A4Z2CSU9	0	0	0	0	0	0.204	0.360	0.052	0.474
EWB00_006350	EWB00_007640	6182.A0A4Z2CZ14	6182.A0A4Z2CTJ3	0	0	0	0	0	0.204	0.378	0.123	0.527
EWB00_006350	EWB00_007520	6182.A0A4Z2CZ14	6182.A0A4Z2CUE7	0	0	0	0	0	0.204	0.394	0.086	0.520
EWB00_006350	EWB00_007322	6182.A0A4Z2CZ14	6182.A0A4Z2CUR2	0	0	0	0	0	0.090	0.517	0.061	0.551
EWB00_006350	EWB00_007161	6182.A0A4Z2CZ14	6182.A0A4Z2CVK4	0	0	0	0	0	0.650	0.517	0.071	0.829
EWB00_006350	EWB00_010643	6182.A0A4Z2CZ14	6182.A0A4Z2DN24	0	0	0	0	0	0	0.395	0.059	0.406
EWB00_006350	EWB00_003639	6182.A0A4Z2CZ14	6182.A0A4Z2D7T8	0	0	0	0	0	0.085	0.382	0	0.410
EWB00_006350	EWB00_006209	6182.A0A4Z2CZ14	6182.A0A4Z2CZP0	0	0	0	0	0	0.093	0.386	0	0.419
EWB00_006350	EWB00_011039	6182.A0A4Z2CZ14	6182.A0A4Z2DN82	0	0	0	0	0	0.093	0.386	0	0.419
EWB00_006350	EWB00_002919	6182.A0A4Z2CZ14	6182.A0A4Z2DWJ9	0	0	0	0	0	0.093	0.386	0	0.419
EWB00_006350	EWB00_002869	6182.A0A4Z2CZ14	6182.A0A4Z2DAG8	0	0	0	0	0	0.108	0.382	0	0.425
EWB00_006350	EWB00_002899	6182.A0A4Z2CZ14	6182.A0A4Z2DX55	0	0	0	0	0	0.110	0.383	0	0.427
EWB00_006350	EWB00_000516	6182.A0A4Z2CZ14	6182.A0A4Z2DIX5	0	0	0	0	0	0.093	0.387	0.068	0.436
EWB00_006350	Grb2	6182.A0A4Z2CZ14	6182.Q86F73	0	0	0	0	0	0	0.375	0.139	0.438
EWB00_006350	EWB00_008748	6182.A0A4Z2CZ14	6182.A0A4Z2DTN7	0	0	0	0	0	0.117	0.393	0	0.441
EWB00_006350	EWB00_003565	6182.A0A4Z2CZ14	6182.A0A4Z2D923	0	0	0	0	0	0.112	0.394	0.063	0.451
EWB00_006350	EWB00_001225	6182.A0A4Z2CZ14	6182.A0A4Z2DG63	0	0	0	0	0	0.098	0.419	0	0.453
EWB00_006350	EWB00_003747	6182.A0A4Z2CZ14	6182.A0A4Z2DVH8	0	0	0	0	0	0.204	0.360	0.050	0.473
EWB00_006350	EWB00_001228	6182.A0A4Z2CZ14	6182.A0A4Z2DGB2	0	0	0	0	0.042	0.204	0.360	0.050	0.474
EWB00_006350	EWB00_003063	6182.A0A4Z2CZ14	6182.A0A4Z2D9R8	0	0	0	0	0	0.204	0.360	0.064	0.481
EWB00_006350	EWB00_001594	6182.A0A4Z2CZ14	6182.A0A4Z2DF50	0	0	0	0	0	0.204	0.360	0.069	0.484
EWB00_006350	EWB00_010687	6182.A0A4Z2CZ14	6182.A0A4Z2DNJ5	0	0	0	0	0	0.204	0.394	0.050	0.501
EWB00_006350	EWB00_005849	6182.A0A4Z2CZ14	6182.A0A4Z2D0D0	0	0	0	0	0	0.204	0.394	0.086	0.520
EWB00_006350	EWB00_004406	6182.A0A4Z2CZ14	6182.A0A4Z2D5D6	0	0	0	0	0	0.204	0.394	0.086	0.520
EWB00_006350	fyn-prov	6182.A0A4Z2CZ14	6182.C1LGZ6	0	0	0	0	0	0.204	0.394	0.086	0.520
EWB00_006350	EWB00_001471	6182.A0A4Z2CZ14	6182.A0A4Z2DFS2	0	0	0	0	0	0.204	0.378	0.123	0.527
EWB00_006350	PR2	6182.A0A4Z2CZ14	6182.C7TXQ4	0	0	0	0	0	0.204	0.378	0.123	0.527
EWB00_006350	EWB00_004368	6182.A0A4Z2CZ14	6182.A0A4Z2D605	0	0	0	0	0	0.285	0.360	0.061	0.532
EWB00_006350	EWB00_007721	6182.A0A4Z2CZ14	6182.A0A4Z2DSU2	0	0	0	0	0.045	0.311	0.330	0.079	0.539
EWB00_006350	EWB00_004196	6182.A0A4Z2CZ14	6182.A0A4Z2DUY0	0	0	0	0	0.045	0.311	0.330	0.079	0.539
EWB00_006350	EWB00_004405	6182.A0A4Z2CZ14	6182.A0A4Z2D5F1	0	0	0	0	0	0.281	0.378	0.063	0.544
EWB00_006350	EWB00_011320	6182.A0A4Z2CZ14	6182.Q5DBY2	0	0	0	0	0	0.281	0.378	0.063	0.544
EWB00_006350	EWB00_007519	6182.A0A4Z2CZ14	6182.Q5D9F6	0	0	0	0	0.055	0.112	0.517	0	0.559
EWB00_006350	EWB00_003272	6182.A0A4Z2CZ14	6182.Q5DB60	0	0	0	0	0	0.311	0.387	0.064	0.570
EWB00_006350	EWB00_008724	6182.A0A4Z2CZ14	6182.A0A4Z2DSJ8	0	0	0	0	0	0.356	0.378	0.064	0.592
EWB00_006350	EWB00_002531	6182.A0A4Z2CZ14	6182.A0A4Z2DBU6	0	0	0	0	0.070	0.301	0.370	0.138	0.599
EWB00_006350	EWB00_003065	6182.A0A4Z2CZ14	6182.A0A4Z2D9U3	0	0	0	0	0	0.189	0.517	0.063	0.600
EWB00_006350	EWB00_005467	6182.A0A4Z2CZ14	6182.A0A4Z2DU85	0	0	0	0	0	0.204	0.517	0.050	0.602
EWB00_006350	EWB00_005166	6182.A0A4Z2CZ14	6182.A0A4Z2D2Y7	0	0	0	0	0	0.309	0.425	0.124	0.621
EWB00_006350	EWB00_002182	6182.A0A4Z2CZ14	6182.A0A4Z2DD10	0	0	0	0	0	0.253	0.512	0.064	0.628
EWB00_006350	EWB00_001343	6182.A0A4Z2CZ14	6182.A0A4Z2DFX9	0	0	0	0	0	0.251	0.517	0.075	0.636
EWB00_006350	EWB00_011263	6182.A0A4Z2CZ14	6182.A0A4Z2DKT9	0	0	0	0	0	0.300	0.517	0.065	0.656
EWB00_006350	EWB00_002194	6182.A0A4Z2CZ14	6182.A0A4Z2DDD6	0	0	0	0	0	0.310	0.517	0.058	0.658
EWB00_006350	EWB00_008934	6182.A0A4Z2CZ14	6182.A0A4Z2DSI5	0	0	0	0	0.045	0.304	0.517	0.062	0.658
EWB00_006350	EWB00_000085	6182.A0A4Z2CZ14	6182.A0A4Z2DKG0	0	0	0.156	0.602	0	0.281	0.517	0.063	0.688
EWB00_006350	EWB00_009358	6182.A0A4Z2CZ14	6182.A0A4Z2DRM5	0	0	0	0	0	0.242	0.517	0.228	0.692
EWB00_006350	EWB00_003710	6182.A0A4Z2CZ14	6182.A0A4Z2D7R1	0	0	0	0	0	0.506	0.377	0.148	0.714
EWB00_006350	EWB00_004032	6182.A0A4Z2CZ14	6182.A0A4Z2D6K4	0	0	0	0	0	0.506	0.425	0.122	0.728
EWB00_006350	EWB00_002858	6182.A0A4Z2CZ14	6182.A0A4Z2DAI3	0	0	0	0	0	0.506	0.434	0.189	0.753
EWB00_006350	EWB00_005112	6182.A0A4Z2CZ14	6182.C1LH53	0	0	0	0	0	0.638	0.517	0.093	0.827
EWB00_006350	EWB00_002386	6182.A0A4Z2CZ14	6182.A0A4Z2DCG1	0	0	0	0	0	0.650	0.517	0.238	0.859
EWB00_006505	EWB00_009267	6182.A0A4Z2CYG9	6182.A0A4Z2CML4	0	0	0	0	0	0.239	0.388	0.171	0.580
EWB00_006505	EWB00_009162	6182.A0A4Z2CYG9	6182.A0A4Z2CMV9	0	0	0	0	0	0.175	0.388	0.320	0.626
EWB00_006505	EWB00_009095	6182.A0A4Z2CYG9	6182.A0A4Z2CND2	0	0	0	0	0	0.121	0.394	0.104	0.481
EWB00_006505	EWB00_008528	6182.A0A4Z2CYG9	6182.A0A4Z2CPM6	0	0	0	0	0	0	0.394	0.055	0.402
EWB00_006505	EWB00_008189	6182.A0A4Z2CYG9	6182.A0A4Z2CR88	0	0	0	0	0	0.121	0.394	0.104	0.481
EWB00_006505	EWB00_007978	6182.A0A4Z2CYG9	6182.A0A4Z2CSH8	0	0	0	0	0	0	0.410	0.059	0.421
EWB00_006505	EWB00_007640	6182.A0A4Z2CYG9	6182.A0A4Z2CTJ3	0	0	0	0	0	0.097	0.387	0.043	0.423
EWB00_006505	EWB00_007520	6182.A0A4Z2CYG9	6182.A0A4Z2CUE7	0	0	0	0	0	0.129	0.394	0.143	0.508
EWB00_006505	EWB00_007322	6182.A0A4Z2CYG9	6182.A0A4Z2CUR2	0	0	0	0	0	0.506	0.422	0.469	0.835
EWB00_006505	EWB00_005910	6182.A0A4Z2CYG9	6182.A0A4Z2D044	0	0	0	0	0	0	0.395	0.050	0.400
EWB00_006505	EWB00_010687	6182.A0A4Z2CYG9	6182.A0A4Z2DNJ5	0	0	0	0	0	0.120	0.349	0	0.402
EWB00_006505	EWB00_002531	6182.A0A4Z2CYG9	6182.A0A4Z2DBU6	0	0	0	0	0	0.102	0.349	0.068	0.407
EWB00_006505	EWB00_010649	6182.A0A4Z2CYG9	6182.A0A4Z2DN32	0	0	0	0	0.095	0.130	0	0.322	0.419
EWB00_006505	EWB00_006050	6182.A0A4Z2CYG9	6182.A0A4Z2DTJ0	0	0	0	0	0.095	0.130	0	0.322	0.419
EWB00_006505	EWB00_001471	6182.A0A4Z2CYG9	6182.A0A4Z2DFS2	0	0	0	0	0	0.097	0.387	0.043	0.423
EWB00_006505	PR2	6182.A0A4Z2CYG9	6182.C7TXQ4	0	0	0	0	0	0.097	0.387	0.043	0.423
EWB00_006505	EWB00_011263	6182.A0A4Z2CYG9	6182.A0A4Z2DKT9	0	0	0	0	0	0.090	0.349	0.109	0.426
EWB00_006505	EWB00_003876	6182.A0A4Z2CYG9	6182.A0A4Z2D736	0	0	0	0	0	0.097	0.367	0.104	0.443
EWB00_006505	EWB00_005467	6182.A0A4Z2CYG9	6182.A0A4Z2DU85	0	0	0	0	0	0.090	0.349	0.138	0.444
EWB00_006505	EWB00_005803	6182.A0A4Z2CYG9	6182.A0A4Z2D0N4	0	0	0	0	0	0	0.394	0.137	0.454
EWB00_006505	EWB00_009541	6182.A0A4Z2CYG9	6182.A0A4Z2DR60	0	0	0	0	0	0	0	0.477	0.477
EWB00_006505	Grb2	6182.A0A4Z2CYG9	6182.Q86F73	0	0	0	0	0	0	0.472	0.066	0.485
EWB00_006505	EWB00_007426	6182.A0A4Z2CYG9	6182.C1LJL2	0	0	0	0	0.047	0.136	0.378	0.118	0.487
EWB00_006505	EWB00_002103	6182.A0A4Z2CYG9	6182.A0A4Z2DDE8	0	0	0	0	0	0	0	0.494	0.494
EWB00_006505	EWB00_008934	6182.A0A4Z2CYG9	6182.A0A4Z2DSI5	0	0	0	0	0	0.090	0.465	0.045	0.494
EWB00_006505	EWB00_010647	6182.A0A4Z2CYG9	6182.Q5DHL6	0	0	0	0	0.118	0.136	0.378	0.066	0.498
EWB00_006505	EWB00_002858	6182.A0A4Z2CYG9	6182.A0A4Z2DAI3	0	0	0	0	0	0	0.395	0.208	0.500
EWB00_006505	EWB00_005849	6182.A0A4Z2CYG9	6182.A0A4Z2D0D0	0	0	0	0	0	0.129	0.394	0.143	0.508
EWB00_006505	EWB00_004406	6182.A0A4Z2CYG9	6182.A0A4Z2D5D6	0	0	0	0	0	0.129	0.394	0.143	0.508
EWB00_006505	fyn-prov	6182.A0A4Z2CYG9	6182.C1LGZ6	0	0	0	0	0	0.129	0.394	0.143	0.508
EWB00_006505	EWB00_006002	6182.A0A4Z2CYG9	6182.A0A4Z2DTC9	0	0	0	0	0	0.175	0.388	0.115	0.514
EWB00_006505	EWB00_001618	6182.A0A4Z2CYG9	6182.A0A4Z2DF74	0	0	0	0	0	0.136	0.378	0.183	0.522
EWB00_006505	EWB00_004876	6182.A0A4Z2CYG9	6182.A0A4Z2DUG9	0	0	0	0	0	0.239	0.388	0.171	0.580
EWB00_006505	EWB00_004878	6182.A0A4Z2CYG9	6182.A0A4Z2DUX1	0	0	0	0	0	0.239	0.388	0.171	0.580
EWB00_006505	EWB00_008857	6182.A0A4Z2CYG9	6182.A0A4Z2DY79	0	0	0	0	0	0.239	0.388	0.171	0.580
EWB00_006505	Act5C	6182.A0A4Z2CYG9	6182.Q5DF69	0	0	0	0	0	0.239	0.388	0.171	0.580
EWB00_006505	EWB00_002502	6182.A0A4Z2CYG9	6182.Q71TT8	0	0	0	0	0	0.239	0.388	0.171	0.580
EWB00_006505	EWB00_002386	6182.A0A4Z2CYG9	6182.A0A4Z2DCG1	0	0	0	0	0	0	0.467	0.320	0.622
EWB00_006505	EWB00_009161	6182.A0A4Z2CYG9	6182.C1L3T0	0	0	0	0	0	0.175	0.388	0.320	0.626
EWB00_006505	EWB00_010398	6182.A0A4Z2CYG9	6182.A0A4Z2DXN3	0	0	0	0	0.110	0.147	0.087	0.552	0.647
EWB00_006505	EWB00_006234	6182.A0A4Z2CYG9	6182.A0A4Z2CZ44	0	0	0	0	0.193	0	0.395	0.359	0.659
EWB00_006505	EWB00_002775	6182.A0A4Z2CYG9	6182.A0A4Z2DBA8	0	0	0	0	0.193	0	0.395	0.359	0.659
EWB00_006505	EWB00_003639	6182.A0A4Z2CYG9	6182.A0A4Z2D7T8	0	0	0	0	0	0.259	0.478	0.209	0.667
EWB00_006505	EWB00_006209	6182.A0A4Z2CYG9	6182.A0A4Z2CZP0	0	0	0	0	0	0.300	0.517	0.209	0.709
EWB00_006505	EWB00_011039	6182.A0A4Z2CYG9	6182.A0A4Z2DN82	0	0	0	0	0	0.300	0.517	0.209	0.709
EWB00_006505	EWB00_002919	6182.A0A4Z2CYG9	6182.A0A4Z2DWJ9	0	0	0	0	0	0.300	0.517	0.209	0.709
EWB00_006505	EWB00_003429	6182.A0A4Z2CYG9	6182.A0A4Z2DWH7	0	0	0	0	0	0.323	0.493	0.475	0.804
EWB00_006505	EWB00_002869	6182.A0A4Z2CYG9	6182.A0A4Z2DAG8	0	0	0	0	0	0.622	0.517	0.248	0.850
EWB00_006505	EWB00_001225	6182.A0A4Z2CYG9	6182.A0A4Z2DG63	0	0	0	0	0.112	0.670	0.618	0.375	0.920
EWB00_006505	EWB00_003146	6182.A0A4Z2CYG9	6182.A0A4Z2D9E0	0	0	0.207	0.611	0	0	0.931	0	0.942
EWB00_006505	EWB00_003565	6182.A0A4Z2CYG9	6182.A0A4Z2D923	0	0	0	0	0.262	0.826	0.739	0.552	0.982
EWB00_006602	EWB00_010219	6182.A0A4Z2CXP2	6182.A0A4Z2DPU8	0	0	0	0	0	0.560	0.516	0.218	0.818
EWB00_006602	EWB00_009480	6182.A0A4Z2CXP2	6182.C1L449	0	0	0	0	0	0.560	0.516	0.218	0.818
EWB00_006602	EWB00_003272	6182.A0A4Z2CXP2	6182.Q5DB60	0	0	0	0	0	0.506	0.723	0.098	0.865
EWB00_006607	EWB00_007640	6182.A0A4Z2CXQ1	6182.A0A4Z2CTJ3	0	0	0	0	0	0.130	0.330	0.077	0.414
EWB00_006607	EWB00_001471	6182.A0A4Z2CXQ1	6182.A0A4Z2DFS2	0	0	0	0	0	0.130	0.330	0.077	0.414
EWB00_006607	PR2	6182.A0A4Z2CXQ1	6182.C7TXQ4	0	0	0	0	0	0.130	0.330	0.077	0.414
EWB00_006607	EWB00_010643	6182.A0A4Z2CXQ1	6182.A0A4Z2DN24	0	0	0	0	0	0.090	0.380	0.056	0.420
EWB00_006607	EWB00_003710	6182.A0A4Z2CXQ1	6182.A0A4Z2D7R1	0	0	0	0	0	0.133	0.394	0.043	0.453
EWB00_006607	EWB00_004032	6182.A0A4Z2CXQ1	6182.A0A4Z2D6K4	0	0	0	0	0	0.100	0.425	0.063	0.472
EWB00_006607	EWB00_006234	6182.A0A4Z2CXQ1	6182.A0A4Z2CZ44	0	0	0	0	0	0.170	0.373	0.108	0.495
EWB00_006607	EWB00_002775	6182.A0A4Z2CXQ1	6182.A0A4Z2DBA8	0	0	0	0	0	0.170	0.373	0.108	0.495
EWB00_006607	EWB00_002194	6182.A0A4Z2CXQ1	6182.A0A4Z2DDD6	0	0	0	0	0	0.080	0.723	0	0.734
EWB00_006747	EWB00_009560	6182.A0A4Z2CWY6	6182.A0A4Z2CLW6	0	0	0	0	0	0.293	0.495	0.217	0.696
EWB00_006747	EWB00_008162	6182.A0A4Z2CWY6	6182.A0A4Z2CR55	0	0	0	0	0	0.082	0.384	0.045	0.412
EWB00_006747	EWB00_004032	6182.A0A4Z2CWY6	6182.A0A4Z2D6K4	0	0	0	0	0	0	0.379	0.086	0.408
EWB00_006747	EWB00_010687	6182.A0A4Z2CWY6	6182.A0A4Z2DNJ5	0	0	0	0	0	0.082	0.392	0	0.417
EWB00_006747	EWB00_010649	6182.A0A4Z2CWY6	6182.A0A4Z2DN32	0	0	0	0	0	0.117	0.339	0.087	0.420
EWB00_006747	EWB00_006050	6182.A0A4Z2CWY6	6182.A0A4Z2DTJ0	0	0	0	0	0	0.117	0.339	0.087	0.420
EWB00_006747	EWB00_003565	6182.A0A4Z2CWY6	6182.A0A4Z2D923	0	0	0	0	0	0.273	0	0.237	0.421
EWB00_006747	EWB00_001225	6182.A0A4Z2CWY6	6182.A0A4Z2DG63	0	0	0	0	0	0.273	0	0.237	0.421
EWB00_006747	EWB00_006209	6182.A0A4Z2CWY6	6182.A0A4Z2CZP0	0	0	0	0	0.044	0.109	0.478	0.138	0.565
EWB00_006747	EWB00_003639	6182.A0A4Z2CWY6	6182.A0A4Z2D7T8	0	0	0	0	0.044	0.109	0.478	0.138	0.565
EWB00_006747	EWB00_011039	6182.A0A4Z2CWY6	6182.A0A4Z2DN82	0	0	0	0	0.044	0.109	0.478	0.138	0.565
EWB00_006747	EWB00_002919	6182.A0A4Z2CWY6	6182.A0A4Z2DWJ9	0	0	0	0	0.044	0.109	0.478	0.138	0.565
EWB00_006747	EWB00_002869	6182.A0A4Z2CWY6	6182.A0A4Z2DAG8	0	0	0	0	0	0.310	0.425	0.169	0.641
EWB00_006747	EWB00_004122	6182.A0A4Z2CWY6	6182.A0A4Z2D6I6	0	0	0	0	0.112	0.506	0	0.303	0.667
EWB00_006747	EWB00_009541	6182.A0A4Z2CWY6	6182.A0A4Z2DR60	0	0	0	0	0.112	0.506	0	0.303	0.667
EWB00_006747	EWB00_004965	6182.A0A4Z2CWY6	6182.A0A4Z2D4A5	0	0	0	0	0	0.293	0.495	0.217	0.696
EWB00_006747	EWB00_010398	6182.A0A4Z2CWY6	6182.A0A4Z2DXN3	0	0	0	0	0.088	0.825	0	0.503	0.913
EWB00_006779	EWB00_007640	6182.A0A4Z2CX29	6182.A0A4Z2CTJ3	0	0	0	0	0	0.130	0.330	0.077	0.414
EWB00_006779	EWB00_001471	6182.A0A4Z2CX29	6182.A0A4Z2DFS2	0	0	0	0	0	0.130	0.330	0.077	0.414
EWB00_006779	PR2	6182.A0A4Z2CX29	6182.C7TXQ4	0	0	0	0	0	0.130	0.330	0.077	0.414
EWB00_006779	EWB00_010643	6182.A0A4Z2CX29	6182.A0A4Z2DN24	0	0	0	0	0	0.090	0.380	0.056	0.420
EWB00_006779	EWB00_003710	6182.A0A4Z2CX29	6182.A0A4Z2D7R1	0	0	0	0	0	0.133	0.394	0.043	0.453
EWB00_006779	EWB00_004032	6182.A0A4Z2CX29	6182.A0A4Z2D6K4	0	0	0	0	0	0.100	0.425	0.063	0.472
EWB00_006779	EWB00_006234	6182.A0A4Z2CX29	6182.A0A4Z2CZ44	0	0	0	0	0	0.170	0.373	0.108	0.495
EWB00_006779	EWB00_002775	6182.A0A4Z2CX29	6182.A0A4Z2DBA8	0	0	0	0	0	0.170	0.373	0.108	0.495
EWB00_006779	EWB00_002194	6182.A0A4Z2CX29	6182.A0A4Z2DDD6	0	0	0	0	0	0.080	0.723	0	0.734
EWB00_007031	EWB00_009358	6182.A0A4Z2CW39	6182.A0A4Z2DRM5	0	0	0	0	0	0	0	0.429	0.429
EWB00_007031	EWB00_002531	6182.A0A4Z2CW39	6182.A0A4Z2DBU6	0	0	0	0	0	0.121	0.517	0.059	0.565
EWB00_007031	EWB00_006175	6182.A0A4Z2CW39	6182.A0A4Z2CZK0	0	0	0	0	0	0.320	0.406	0.070	0.591
EWB00_007031	EWB00_004650	6182.A0A4Z2CW39	6182.A0A4Z2D5A9	0	0	0	0	0	0.320	0.406	0.070	0.591
EWB00_007031	EWB00_003114	6182.A0A4Z2CW39	6182.A0A4Z2D9R6	0	0	0	0	0	0.320	0.406	0.070	0.591
EWB00_007161	EWB00_009456	6182.A0A4Z2CVK4	6182.A0A4Z2CM06	0	0	0.226	0.578	0	0.125	0.739	0.093	0.818
EWB00_007161	EWB00_009122	6182.A0A4Z2CVK4	6182.A0A4Z2CN26	0	0	0.183	0.619	0	0.932	0.876	0.303	0.994
EWB00_007161	EWB00_009095	6182.A0A4Z2CVK4	6182.A0A4Z2CND2	0	0	0.216	0.582	0	0.135	0.394	0.070	0.566
EWB00_007161	EWB00_008993	6182.A0A4Z2CVK4	6182.A0A4Z2CNG2	0	0	0.178	0.688	0	0.330	0.469	0	0.682
EWB00_007161	EWB00_008683	6182.A0A4Z2CVK4	6182.A0A4Z2CNZ1	0	0	0.164	0.619	0	0.834	0.771	0.138	0.968
EWB00_007161	EWB00_008411	6182.A0A4Z2CVK4	6182.A0A4Z2CQ40	0	0	0.196	0.639	0	0	0.394	0	0.491
EWB00_007161	EWB00_008286	6182.A0A4Z2CVK4	6182.A0A4Z2CQZ5	0	0	0.188	0.617	0	0	0.297	0.049	0.409
EWB00_007161	EWB00_008162	6182.A0A4Z2CVK4	6182.A0A4Z2CR55	0	0	0.208	0.581	0	0.135	0.370	0.064	0.541
EWB00_007161	EWB00_008189	6182.A0A4Z2CVK4	6182.A0A4Z2CR88	0	0	0	0	0	0.135	0.394	0.070	0.469
EWB00_007161	EWB00_008231	6182.A0A4Z2CVK4	6182.A0A4Z2CRJ2	0	0	0.185	0.659	0.045	0	0.483	0	0.562
EWB00_007161	EWB00_007965	6182.A0A4Z2CVK4	6182.A0A4Z2CSU9	0	0	0.195	0.581	0	0.135	0.370	0.064	0.534
EWB00_007161	EWB00_007640	6182.A0A4Z2CVK4	6182.A0A4Z2CTJ3	0	0	0.213	0.595	0	0.135	0.383	0.316	0.674
EWB00_007161	EWB00_007520	6182.A0A4Z2CVK4	6182.A0A4Z2CUE7	0	0	0	0	0	0.135	0.469	0.070	0.535
EWB00_007161	EWB00_004368	6182.A0A4Z2CVK4	6182.A0A4Z2D605	0	0	0	0	0	0.135	0.370	0.064	0.445
EWB00_007161	EWB00_003063	6182.A0A4Z2CVK4	6182.A0A4Z2D9R8	0	0	0	0	0	0.135	0.370	0.064	0.445
EWB00_007161	EWB00_001594	6182.A0A4Z2CVK4	6182.A0A4Z2DF50	0	0	0	0	0	0.135	0.370	0.064	0.445
EWB00_007161	EWB00_005467	6182.A0A4Z2CVK4	6182.A0A4Z2DU85	0	0	0	0	0	0.135	0.370	0.064	0.445
EWB00_007161	EWB00_010687	6182.A0A4Z2CVK4	6182.A0A4Z2DNJ5	0	0	0	0	0	0.135	0.370	0.068	0.447
EWB00_007161	EWB00_008724	6182.A0A4Z2CVK4	6182.A0A4Z2DSJ8	0	0	0	0	0	0.166	0.389	0	0.468
EWB00_007161	EWB00_001471	6182.A0A4Z2CVK4	6182.A0A4Z2DFS2	0	0	0	0	0	0.135	0.383	0.140	0.500
EWB00_007161	EWB00_008934	6182.A0A4Z2CVK4	6182.A0A4Z2DSI5	0	0	0.151	0.593	0	0.135	0.370	0.064	0.508
EWB00_007161	EWB00_002899	6182.A0A4Z2CVK4	6182.A0A4Z2DX55	0	0	0.172	0.573	0	0	0.393	0.104	0.510
EWB00_007161	EWB00_004405	6182.A0A4Z2CVK4	6182.A0A4Z2D5F1	0	0	0.151	0.747	0	0.166	0.389	0	0.529
EWB00_007161	EWB00_001228	6182.A0A4Z2CVK4	6182.A0A4Z2DGB2	0	0	0	0	0.069	0.135	0.370	0.182	0.529
EWB00_007161	EWB00_004406	6182.A0A4Z2CVK4	6182.A0A4Z2D5D6	0	0	0	0	0	0.135	0.469	0.070	0.535
EWB00_007161	EWB00_001343	6182.A0A4Z2CVK4	6182.A0A4Z2DFX9	0	0	0.197	0.584	0.063	0.125	0.363	0.072	0.539
EWB00_007161	EWB00_000085	6182.A0A4Z2CVK4	6182.A0A4Z2DKG0	0	0	0.170	0.711	0	0.166	0.389	0	0.540
EWB00_007161	EWB00_008748	6182.A0A4Z2CVK4	6182.A0A4Z2DTN7	0	0	0.231	0.574	0	0	0.393	0.104	0.545
EWB00_007161	EWB00_011320	6182.A0A4Z2CVK4	6182.Q5DBY2	0	0	0.186	0.677	0	0.166	0.389	0	0.548
EWB00_007161	fyn-prov	6182.A0A4Z2CVK4	6182.C1LGZ6	0	0	0.162	0.595	0	0.135	0.469	0.070	0.594
EWB00_007161	EWB00_010643	6182.A0A4Z2CVK4	6182.A0A4Z2DN24	0	0	0	0	0	0	0.602	0	0.602
EWB00_007161	EWB00_003747	6182.A0A4Z2CVK4	6182.A0A4Z2DVH8	0	0	0	0	0	0.135	0.370	0.335	0.605
EWB00_007161	EWB00_005849	6182.A0A4Z2CVK4	6182.A0A4Z2D0D0	0	0	0	0	0	0.135	0.394	0.335	0.620
EWB00_007161	EWB00_010398	6182.A0A4Z2CVK4	6182.A0A4Z2DXN3	0	0	0	0	0	0.056	0	0.647	0.652
EWB00_007161	PR2	6182.A0A4Z2CVK4	6182.C7TXQ4	0	0	0.448	0	0	0.135	0.383	0.140	0.712
EWB00_007161	EWB00_002531	6182.A0A4Z2CVK4	6182.A0A4Z2DBU6	0	0	0.156	0.570	0	0.144	0.622	0.079	0.714
EWB00_007161	EWB00_007721	6182.A0A4Z2CVK4	6182.A0A4Z2DSU2	0	0	0	0	0	0.506	0.469	0	0.726
EWB00_007161	EWB00_004196	6182.A0A4Z2CVK4	6182.A0A4Z2DUY0	0	0	0	0	0	0.506	0.469	0	0.726
EWB00_007161	EWB00_011263	6182.A0A4Z2CVK4	6182.A0A4Z2DKT9	0	0	0	0	0.042	0.657	0.370	0.083	0.784
EWB00_007161	EWB00_007519	6182.A0A4Z2CVK4	6182.Q5D9F6	0	0	0.173	0.595	0	0.310	0.671	0.063	0.800
EWB00_007161	EWB00_006350	6182.A0A4Z2CVK4	6182.A0A4Z2CZ14	0	0	0	0	0	0.650	0.517	0.071	0.829
EWB00_007161	EWB00_004506	6182.A0A4Z2CVK4	6182.A0A4Z2D514	0	0	0	0	0	0.650	0.517	0.071	0.829
EWB00_007161	EWB00_005112	6182.A0A4Z2CVK4	6182.C1LH53	0	0	0.227	0.592	0	0.144	0.876	0.190	0.924
EWB00_007161	EWB00_004095	6182.A0A4Z2CVK4	6182.Q6PMM5	0	0	0.155	0.606	0	0.834	0.771	0.138	0.968
EWB00_007221	EWB00_004368	6182.A0A4Z2CVB7	6182.A0A4Z2D605	0	0	0	0	0	0.162	0	0.403	0.478
EWB00_007274	EWB00_009267	6182.C1LH03	6182.A0A4Z2CML4	0	0	0	0	0	0.641	0	0.237	0.714
EWB00_007274	EWB00_009162	6182.C1LH03	6182.A0A4Z2CMV9	0	0	0	0	0	0.506	0	0.142	0.558
EWB00_007274	EWB00_007739	6182.C1LH03	6182.A0A4Z2CT39	0	0	0	0	0.118	0.305	0	0.668	0.778
EWB00_007274	EWB00_007322	6182.C1LH03	6182.A0A4Z2CUR2	0	0	0	0	0	0	0	0.629	0.629
EWB00_007274	EWB00_005902	6182.C1LH03	6182.A0A4Z2D084	0	0	0	0	0	0.870	0	0.679	0.956
EWB00_007274	EWB00_003710	6182.C1LH03	6182.A0A4Z2D7R1	0	0	0	0	0.099	0.821	0	0.227	0.864
EWB00_007274	EWB00_001961	6182.C1LH03	6182.A0A4Z2DEA2	0	0	0	0	0	0.797	0	0.338	0.859
EWB00_007274	EWB00_011263	6182.C1LH03	6182.A0A4Z2DKT9	0	0	0	0	0	0.138	0	0.590	0.631
EWB00_007274	EWB00_006002	6182.C1LH03	6182.A0A4Z2DTC9	0	0	0	0	0	0.506	0	0.142	0.558
EWB00_007274	EWB00_004876	6182.C1LH03	6182.A0A4Z2DUG9	0	0	0	0	0	0.652	0	0.237	0.723
EWB00_007274	EWB00_004878	6182.C1LH03	6182.A0A4Z2DUX1	0	0	0	0	0	0.652	0	0.237	0.723
EWB00_007274	EWB00_008857	6182.C1LH03	6182.A0A4Z2DY79	0	0	0	0	0.048	0.641	0	0.237	0.716
EWB00_007274	EWB00_009161	6182.C1LH03	6182.C1L3T0	0	0	0	0	0	0.506	0	0.142	0.558
EWB00_007274	EWB00_003359	6182.C1LH03	6182.C1LMR7	0	0	0	0	0.098	0.172	0	0.477	0.575
EWB00_007274	tsr	6182.C1LH03	6182.Q86ES4	0	0	0	0	0.098	0.172	0	0.477	0.575
EWB00_007274	Act5C	6182.C1LH03	6182.Q5DF69	0	0	0	0	0	0.641	0	0.237	0.714
EWB00_007274	EWB00_002502	6182.C1LH03	6182.Q71TT8	0	0	0	0	0	0.652	0	0.237	0.723
EWB00_007274	EWB00_007426	6182.C1LH03	6182.C1LJL2	0	0	0	0	0.196	0.730	0	0.475	0.876
EWB00_007274	EWB00_010647	6182.C1LH03	6182.Q5DHL6	0	0	0	0	0.144	0.878	0	0.391	0.930
EWB00_007322	EWB00_010024	6182.A0A4Z2CUR2	6182.A0A4Z2CL49	0	0	0	0	0.111	0.678	0.811	0.070	0.942
EWB00_007322	EWB00_009457	6182.A0A4Z2CUR2	6182.A0A4Z2CLX5	0	0	0	0	0.111	0.678	0.811	0.070	0.942
EWB00_007322	EWB00_009267	6182.A0A4Z2CUR2	6182.A0A4Z2CML4	0	0	0	0	0	0.264	0.396	0.112	0.570
EWB00_007322	EWB00_009162	6182.A0A4Z2CUR2	6182.A0A4Z2CMV9	0	0	0	0	0	0.264	0.396	0.104	0.566
EWB00_007322	EWB00_009122	6182.A0A4Z2CUR2	6182.A0A4Z2CN26	0	0	0.270	0	0	0.098	0.876	0.109	0.917
EWB00_007322	EWB00_009095	6182.A0A4Z2CUR2	6182.A0A4Z2CND2	0	0	0.197	0.600	0	0.506	0.517	0.067	0.797
EWB00_007322	EWB00_008993	6182.A0A4Z2CUR2	6182.A0A4Z2CNG2	0	0	0.170	0.607	0	0	0.618	0	0.669
EWB00_007322	EWB00_008683	6182.A0A4Z2CUR2	6182.A0A4Z2CNZ1	0	0	0	0	0	0.107	0.771	0.074	0.794
EWB00_007322	EWB00_008411	6182.A0A4Z2CUR2	6182.A0A4Z2CQ40	0	0	0.202	0.559	0	0	0.395	0.060	0.506
EWB00_007322	EWB00_008239	6182.A0A4Z2CUR2	6182.A0A4Z2CQY2	0	0	0	0	0	0	0.504	0.066	0.516
EWB00_007322	EWB00_008162	6182.A0A4Z2CUR2	6182.A0A4Z2CR55	0	0	0.161	0.724	0.109	0.248	0.390	0.043	0.612
EWB00_007322	EWB00_008189	6182.A0A4Z2CUR2	6182.A0A4Z2CR88	0	0	0	0	0	0.506	0.517	0.067	0.757
EWB00_007322	EWB00_008231	6182.A0A4Z2CUR2	6182.A0A4Z2CRJ2	0	0	0.172	0.580	0	0	0.395	0.047	0.480
EWB00_007322	EWB00_007978	6182.A0A4Z2CUR2	6182.A0A4Z2CSH8	0	0	0	0	0	0.302	0.876	0.369	0.940
EWB00_007322	EWB00_007965	6182.A0A4Z2CUR2	6182.A0A4Z2CSU9	0	0	0.178	0.586	0	0.248	0.811	0	0.872
EWB00_007322	EWB00_007640	6182.A0A4Z2CUR2	6182.A0A4Z2CTJ3	0	0	0.201	0.567	0	0.248	0.379	0	0.594
EWB00_007322	EWB00_007520	6182.A0A4Z2CUR2	6182.A0A4Z2CUE7	0	0	0	0	0.045	0.668	0.771	0.124	0.927
EWB00_007322	EWB00_004122	6182.A0A4Z2CUR2	6182.A0A4Z2D6I6	0	0	0	0	0	0.060	0	0.390	0.402
EWB00_007322	EWB00_003107	6182.A0A4Z2CUR2	6182.A0A4Z2D9H4	0	0	0	0	0	0	0.389	0.093	0.422
EWB00_007322	EWB00_002313	6182.A0A4Z2CUR2	6182.A0A4Z2DC78	0	0	0	0	0	0	0.389	0.093	0.422
EWB00_007322	EWB00_004405	6182.A0A4Z2CUR2	6182.A0A4Z2D5F1	0	0	0.174	0.588	0	0.102	0.290	0	0.427
EWB00_007322	EWB00_000085	6182.A0A4Z2CUR2	6182.A0A4Z2DKG0	0	0	0.178	0.597	0	0.102	0.290	0	0.430
EWB00_007322	EWB00_004872	6182.A0A4Z2CUR2	6182.A0A4Z2DUW3	0	0	0	0	0	0.247	0.292	0	0.444
EWB00_007322	EWB00_010727	6182.A0A4Z2CUR2	6182.A0A4Z2DNH6	0	0	0	0	0	0	0.448	0	0.448
EWB00_007322	EWB00_011320	6182.A0A4Z2CUR2	6182.Q5DBY2	0	0	0.204	0.592	0	0.102	0.290	0	0.448
EWB00_007322	EWB00_007519	6182.A0A4Z2CUR2	6182.Q5D9F6	0	0	0.300	0	0	0.144	0	0.182	0.467
EWB00_007322	EWB00_001225	6182.A0A4Z2CUR2	6182.A0A4Z2DG63	0	0	0	0	0.109	0.140	0	0.409	0.507
EWB00_007322	EWB00_007426	6182.A0A4Z2CUR2	6182.C1LJL2	0	0	0	0	0	0.228	0.373	0.065	0.507
EWB00_007322	EWB00_001594	6182.A0A4Z2CUR2	6182.A0A4Z2DF50	0	0	0	0	0	0.248	0.379	0	0.513
EWB00_007322	EWB00_001471	6182.A0A4Z2CUR2	6182.A0A4Z2DFS2	0	0	0	0	0	0.248	0.379	0	0.513
EWB00_007322	EWB00_010687	6182.A0A4Z2CUR2	6182.A0A4Z2DNJ5	0	0	0	0	0	0.248	0.379	0	0.513
EWB00_007322	EWB00_008934	6182.A0A4Z2CUR2	6182.A0A4Z2DSI5	0	0	0	0	0	0.248	0.379	0	0.513
EWB00_007322	EWB00_005467	6182.A0A4Z2CUR2	6182.A0A4Z2DU85	0	0	0	0	0	0.248	0.379	0	0.513
EWB00_007322	EWB00_007395	6182.A0A4Z2CUR2	6182.A0A4Z2CUS5	0	0	0	0	0	0	0.504	0.066	0.516
EWB00_007322	EWB00_006200	6182.A0A4Z2CUR2	6182.A0A4Z2CZM0	0	0	0	0	0	0	0.504	0.066	0.516
EWB00_007322	EWB00_006201	6182.A0A4Z2CUR2	6182.A0A4Z2CZR4	0	0	0	0	0	0	0.504	0.066	0.516
EWB00_007322	EWB00_006199	6182.A0A4Z2CUR2	6182.A0A4Z2D0J4	0	0	0	0	0	0	0.504	0.066	0.516
EWB00_007322	EWB00_001311	6182.A0A4Z2CUR2	6182.A0A4Z2DG67	0	0	0	0	0	0	0.504	0.066	0.516
EWB00_007322	EWB00_001102	6182.A0A4Z2CUR2	6182.A0A4Z2DGT3	0	0	0	0	0	0	0.504	0.066	0.516
EWB00_007322	EWB00_000274	6182.A0A4Z2CUR2	6182.A0A4Z2DJH5	0	0	0	0	0	0	0.504	0.066	0.516
EWB00_007322	EWB00_010449	6182.A0A4Z2CUR2	6182.A0A4Z2DXL3	0	0	0	0	0	0	0.504	0.066	0.516
EWB00_007322	EWB00_010448	6182.A0A4Z2CUR2	6182.A0A4Z2DXQ5	0	0	0	0	0	0	0.504	0.066	0.516
EWB00_007322	EWB00_010450	6182.A0A4Z2CUR2	6182.A0A4Z2DXW2	0	0	0	0	0	0	0.504	0.066	0.516
EWB00_007322	EWB00_004368	6182.A0A4Z2CUR2	6182.A0A4Z2D605	0	0	0	0	0	0.248	0.379	0.059	0.522
EWB00_007322	EWB00_001228	6182.A0A4Z2CUR2	6182.A0A4Z2DGB2	0	0	0	0	0	0.248	0.379	0.065	0.525
EWB00_007322	EWB00_002103	6182.A0A4Z2CUR2	6182.A0A4Z2DDE8	0	0	0	0	0	0	0	0.550	0.550
EWB00_007322	EWB00_006350	6182.A0A4Z2CUR2	6182.A0A4Z2CZ14	0	0	0	0	0	0.090	0.517	0.061	0.551
EWB00_007322	EWB00_004506	6182.A0A4Z2CUR2	6182.A0A4Z2D514	0	0	0	0	0	0.090	0.517	0.061	0.551
EWB00_007322	EWB00_010647	6182.A0A4Z2CUR2	6182.Q5DHL6	0	0	0	0	0	0.228	0.373	0.159	0.557
EWB00_007322	EWB00_006002	6182.A0A4Z2CUR2	6182.A0A4Z2DTC9	0	0	0	0	0	0.264	0.396	0.104	0.566
EWB00_007322	EWB00_008857	6182.A0A4Z2CUR2	6182.A0A4Z2DY79	0	0	0	0	0	0.264	0.396	0.104	0.566
EWB00_007322	EWB00_009161	6182.A0A4Z2CUR2	6182.C1L3T0	0	0	0	0	0	0.264	0.396	0.104	0.566
EWB00_007322	Act5C	6182.A0A4Z2CUR2	6182.Q5DF69	0	0	0	0	0	0.264	0.396	0.112	0.570
EWB00_007322	EWB00_001618	6182.A0A4Z2CUR2	6182.A0A4Z2DF74	0	0	0	0	0	0.228	0.373	0.201	0.579
EWB00_007322	EWB00_011263	6182.A0A4Z2CUR2	6182.A0A4Z2DKT9	0	0	0	0	0	0.248	0.379	0.172	0.579
EWB00_007322	EWB00_004876	6182.A0A4Z2CUR2	6182.A0A4Z2DUG9	0	0	0	0	0	0.264	0.396	0.139	0.583
EWB00_007322	EWB00_004878	6182.A0A4Z2CUR2	6182.A0A4Z2DUX1	0	0	0	0	0	0.264	0.396	0.139	0.583
EWB00_007322	EWB00_002502	6182.A0A4Z2CUR2	6182.Q71TT8	0	0	0	0	0	0.264	0.396	0.139	0.583
EWB00_007322	PR2	6182.A0A4Z2CUR2	6182.C7TXQ4	0	0	0.186	0.609	0	0.248	0.379	0	0.586
EWB00_007322	EWB00_010398	6182.A0A4Z2CUR2	6182.A0A4Z2DXN3	0	0	0	0	0	0.247	0.104	0.442	0.590
EWB00_007322	EWB00_007274	6182.A0A4Z2CUR2	6182.C1LH03	0	0	0	0	0	0	0	0.629	0.629
EWB00_007322	EWB00_002531	6182.A0A4Z2CUR2	6182.A0A4Z2DBU6	0	0	0.182	0.590	0.132	0.248	0.379	0.061	0.631
EWB00_007322	EWB00_004243	6182.A0A4Z2CUR2	6182.A0A4Z2D5G0	0	0	0	0	0	0.191	0	0.641	0.697
EWB00_007322	EWB00_002899	6182.A0A4Z2CUR2	6182.A0A4Z2DX55	0	0	0.174	0.592	0	0.311	0.517	0	0.701
EWB00_007322	EWB00_009541	6182.A0A4Z2CUR2	6182.A0A4Z2DR60	0	0	0	0	0	0.080	0	0.703	0.715
EWB00_007322	EWB00_003639	6182.A0A4Z2CUR2	6182.A0A4Z2D7T8	0	0	0	0	0	0.257	0.618	0.104	0.723
EWB00_007322	EWB00_003710	6182.A0A4Z2CUR2	6182.A0A4Z2D7R1	0	0	0	0	0.110	0.310	0.561	0.240	0.767
EWB00_007322	EWB00_007721	6182.A0A4Z2CUR2	6182.A0A4Z2DSU2	0	0	0	0	0	0	0.771	0.045	0.771
EWB00_007322	EWB00_004196	6182.A0A4Z2CUR2	6182.A0A4Z2DUY0	0	0	0	0	0	0	0.771	0.045	0.771
EWB00_007322	EWB00_004095	6182.A0A4Z2CUR2	6182.Q6PMM5	0	0	0	0	0	0.107	0.771	0.074	0.794
EWB00_007322	EWB00_006505	6182.A0A4Z2CUR2	6182.A0A4Z2CYG9	0	0	0	0	0	0.506	0.422	0.469	0.835
EWB00_007322	EWB00_008748	6182.A0A4Z2CUR2	6182.A0A4Z2DTN7	0	0	0.189	0.652	0	0.624	0.517	0.043	0.840
EWB00_007322	EWB00_002182	6182.A0A4Z2CUR2	6182.A0A4Z2DD10	0	0	0	0	0	0.167	0.821	0.047	0.845
EWB00_007322	EWB00_003565	6182.A0A4Z2CUR2	6182.A0A4Z2D923	0	0	0	0	0.044	0.244	0	0.810	0.850
EWB00_007322	EWB00_006209	6182.A0A4Z2CUR2	6182.A0A4Z2CZP0	0	0	0	0	0	0.311	0.771	0.187	0.860
EWB00_007322	EWB00_003063	6182.A0A4Z2CUR2	6182.A0A4Z2D9R8	0	0	0	0	0	0.248	0.821	0.050	0.860
EWB00_007322	EWB00_011039	6182.A0A4Z2CUR2	6182.A0A4Z2DN82	0	0	0	0	0	0.311	0.771	0.187	0.860
EWB00_007322	EWB00_002919	6182.A0A4Z2CUR2	6182.A0A4Z2DWJ9	0	0	0	0	0	0.311	0.771	0.187	0.860
EWB00_007322	EWB00_005849	6182.A0A4Z2CUR2	6182.A0A4Z2D0D0	0	0	0	0	0.156	0.564	0.618	0.184	0.869
EWB00_007322	EWB00_003747	6182.A0A4Z2CUR2	6182.A0A4Z2DVH8	0	0	0	0	0.129	0.248	0.821	0	0.872
EWB00_007322	EWB00_002741	6182.A0A4Z2CUR2	6182.A0A4Z2DB14	0	0	0	0	0	0	0.876	0.047	0.876
EWB00_007322	EWB00_009358	6182.A0A4Z2CUR2	6182.A0A4Z2DRM5	0	0	0	0	0.042	0	0.876	0	0.876
EWB00_007322	EWB00_006126	6182.A0A4Z2CUR2	6182.A0A4Z2CZR2	0	0	0	0	0	0	0.876	0.104	0.884
EWB00_007322	EWB00_005910	6182.A0A4Z2CUR2	6182.A0A4Z2D044	0	0	0	0	0.119	0.571	0.739	0.094	0.898
EWB00_007322	EWB00_001328	6182.A0A4Z2CUR2	6182.A0A4Z2DG14	0	0	0	0	0.046	0	0.876	0.225	0.900
EWB00_007322	EWB00_004406	6182.A0A4Z2CUR2	6182.A0A4Z2D5D6	0	0	0	0	0.045	0.668	0.771	0.124	0.927
EWB00_007322	fyn-prov	6182.A0A4Z2CUR2	6182.C1LGZ6	0	0	0	0	0.045	0.668	0.771	0.124	0.927
EWB00_007322	EWB00_010643	6182.A0A4Z2CUR2	6182.A0A4Z2DN24	0	0	0	0	0	0.470	0.876	0.233	0.945
EWB00_007322	EWB00_002869	6182.A0A4Z2CUR2	6182.A0A4Z2DAG8	0	0	0	0	0.045	0.656	0.771	0.367	0.946
EWB00_007322	EWB00_003146	6182.A0A4Z2CUR2	6182.A0A4Z2D9E0	0	0	0	0	0	0.669	0.529	0.766	0.960
EWB00_007322	EWB00_005803	6182.A0A4Z2CUR2	6182.A0A4Z2D0N4	0	0	0	0	0	0.798	0.876	0.424	0.984
EWB00_007322	Grb2	6182.A0A4Z2CUR2	6182.Q86F73	0	0	0	0	0.050	0.887	0.909	0.238	0.991
EWB00_007322	EWB00_003429	6182.A0A4Z2CUR2	6182.A0A4Z2DWH7	0	0	0	0	0	0.928	0.876	0.769	0.997
EWB00_007395	EWB00_008372	6182.A0A4Z2CUS5	6182.A0A4Z2CQJ6	0	0	0	0	0	0.242	0.339	0.091	0.504
EWB00_007395	EWB00_007322	6182.A0A4Z2CUS5	6182.A0A4Z2CUR2	0	0	0	0	0	0	0.504	0.066	0.516
EWB00_007395	EWB00_002413	6182.A0A4Z2CUS5	6182.A0A4Z2DCK0	0	0	0	0	0	0.111	0.383	0	0.428
EWB00_007395	EWB00_003639	6182.A0A4Z2CUS5	6182.A0A4Z2D7T8	0	0	0	0	0	0.093	0.379	0.069	0.429
EWB00_007395	EWB00_006209	6182.A0A4Z2CUS5	6182.A0A4Z2CZP0	0	0	0	0	0	0.101	0.390	0.104	0.465
EWB00_007395	EWB00_011039	6182.A0A4Z2CUS5	6182.A0A4Z2DN82	0	0	0	0	0	0.101	0.390	0.104	0.465
EWB00_007395	EWB00_002919	6182.A0A4Z2CUS5	6182.A0A4Z2DWJ9	0	0	0	0	0	0.101	0.390	0.104	0.465
EWB00_007395	EWB00_006126	6182.A0A4Z2CUS5	6182.A0A4Z2CZR2	0	0	0	0	0.056	0.239	0.245	0.170	0.489
EWB00_007395	EWB00_005116	6182.A0A4Z2CUS5	6182.A0A4Z2D2T5	0	0	0	0	0	0.242	0.339	0.064	0.490
EWB00_007395	EWB00_003710	6182.A0A4Z2CUS5	6182.A0A4Z2D7R1	0	0	0	0	0	0.141	0.374	0.155	0.505
EWB00_007395	EWB00_002869	6182.A0A4Z2CUS5	6182.A0A4Z2DAG8	0	0	0	0	0	0.157	0.394	0.118	0.510
EWB00_007395	EWB00_001328	6182.A0A4Z2CUS5	6182.A0A4Z2DG14	0	0	0	0	0	0.197	0.377	0.201	0.565
EWB00_007426	EWB00_009267	6182.C1LJL2	6182.A0A4Z2CML4	0	0	0	0	0.135	0.743	0.687	0.117	0.930
EWB00_007426	EWB00_009162	6182.C1LJL2	6182.A0A4Z2CMV9	0	0	0	0	0.055	0.506	0.396	0.117	0.717
EWB00_007426	EWB00_008372	6182.C1LJL2	6182.A0A4Z2CQJ6	0	0	0	0	0	0.119	0.379	0.067	0.444
EWB00_007426	EWB00_007739	6182.C1LJL2	6182.A0A4Z2CT39	0	0	0	0	0.208	0.310	0.104	0.400	0.666
EWB00_007426	EWB00_007640	6182.C1LJL2	6182.A0A4Z2CTJ3	0	0	0	0	0	0.165	0.282	0.135	0.436
EWB00_007426	EWB00_007322	6182.C1LJL2	6182.A0A4Z2CUR2	0	0	0	0	0	0.228	0.373	0.065	0.507
EWB00_007426	EWB00_006505	6182.C1LJL2	6182.A0A4Z2CYG9	0	0	0	0	0.047	0.136	0.378	0.118	0.487
EWB00_007426	EWB00_005910	6182.C1LJL2	6182.A0A4Z2D044	0	0	0	0	0	0.146	0.488	0.050	0.548
EWB00_007426	EWB00_005902	6182.C1LJL2	6182.A0A4Z2D084	0	0	0	0	0	0.845	0	0.224	0.874
EWB00_007426	EWB00_005803	6182.C1LJL2	6182.A0A4Z2D0N4	0	0	0	0	0	0.247	0.378	0.063	0.522
EWB00_007426	EWB00_005116	6182.C1LJL2	6182.A0A4Z2D2T5	0	0	0	0	0	0.151	0.379	0.067	0.465
EWB00_007426	EWB00_004368	6182.C1LJL2	6182.A0A4Z2D605	0	0	0	0	0	0.165	0.282	0.238	0.503
EWB00_007426	EWB00_004032	6182.C1LJL2	6182.A0A4Z2D6K4	0	0	0	0	0	0.237	0.374	0.066	0.514
EWB00_007426	EWB00_003876	6182.C1LJL2	6182.A0A4Z2D736	0	0	0	0	0	0.208	0.342	0.063	0.469
EWB00_007426	EWB00_004137	6182.C1LJL2	6182.A0A4Z2D773	0	0	0	0	0	0.230	0.272	0	0.415
EWB00_007426	EWB00_003710	6182.C1LJL2	6182.A0A4Z2D7R1	0	0	0	0	0.088	0.309	0	0.182	0.439
EWB00_007426	EWB00_003565	6182.C1LJL2	6182.A0A4Z2D923	0	0	0	0	0.104	0.257	0.298	0.185	0.568
EWB00_007426	EWB00_003146	6182.C1LJL2	6182.A0A4Z2D9E0	0	0	0	0	0.052	0.136	0.378	0.179	0.525
EWB00_007426	EWB00_002531	6182.C1LJL2	6182.A0A4Z2DBU6	0	0	0	0	0	0.197	0.282	0.048	0.403
EWB00_007426	EWB00_001471	6182.C1LJL2	6182.A0A4Z2DFS2	0	0	0	0	0	0.165	0.282	0.135	0.436
EWB00_007426	EWB00_001225	6182.C1LJL2	6182.A0A4Z2DG63	0	0	0	0	0.052	0.257	0.298	0.137	0.516
EWB00_007426	EWB00_011156	6182.C1LJL2	6182.A0A4Z2DLU7	0	0	0	0	0.043	0.172	0.292	0.065	0.405
EWB00_007426	EWB00_010643	6182.C1LJL2	6182.A0A4Z2DN24	0	0	0	0	0	0.104	0.599	0.085	0.642
EWB00_007426	EWB00_010649	6182.C1LJL2	6182.A0A4Z2DN32	0	0	0	0	0	0.249	0.305	0.162	0.524
EWB00_007426	EWB00_010727	6182.C1LJL2	6182.A0A4Z2DNH6	0	0	0	0	0	0.230	0.272	0	0.415
EWB00_007426	EWB00_009605	6182.C1LJL2	6182.A0A4Z2DR61	0	0	0	0	0	0.239	0.286	0	0.433
EWB00_007426	EWB00_009305	6182.C1LJL2	6182.A0A4Z2DS24	0	0	0	0	0	0.286	0.384	0.222	0.627
EWB00_007426	EWB00_006002	6182.C1LJL2	6182.A0A4Z2DTC9	0	0	0	0	0.055	0.506	0.683	0.588	0.930
EWB00_007426	EWB00_006050	6182.C1LJL2	6182.A0A4Z2DTJ0	0	0	0	0	0	0.249	0.305	0.162	0.524
EWB00_007426	EWB00_005467	6182.C1LJL2	6182.A0A4Z2DU85	0	0	0	0	0	0.165	0.282	0.105	0.416
EWB00_007426	EWB00_004876	6182.C1LJL2	6182.A0A4Z2DUG9	0	0	0	0	0.135	0.822	0.771	0.117	0.964
EWB00_007426	EWB00_004811	6182.C1LJL2	6182.A0A4Z2DUN6	0	0	0	0	0.048	0.172	0.292	0.065	0.408
EWB00_007426	EWB00_004878	6182.C1LJL2	6182.A0A4Z2DUX1	0	0	0	0	0.135	0.822	0.771	0.117	0.964
EWB00_007426	EWB00_003747	6182.C1LJL2	6182.A0A4Z2DVH8	0	0	0	0	0	0.165	0.282	0.082	0.401
EWB00_007426	EWB00_001408	6182.C1LJL2	6182.A0A4Z2DX44	0	0	0	0	0.068	0.278	0.724	0.328	0.858
EWB00_007426	EWB00_008857	6182.C1LJL2	6182.A0A4Z2DY79	0	0	0	0	0.191	0.650	0.517	0.117	0.863
EWB00_007426	EWB00_009161	6182.C1LJL2	6182.C1L3T0	0	0	0	0	0.055	0.506	0.396	0.117	0.717
EWB00_007426	EWB00_007274	6182.C1LJL2	6182.C1LH03	0	0	0	0	0.196	0.730	0	0.475	0.876
EWB00_007426	PR2	6182.C1LJL2	6182.C7TXQ4	0	0	0	0	0	0.165	0.282	0.135	0.436
EWB00_007426	EWB00_003359	6182.C1LJL2	6182.C1LMR7	0	0	0	0	0.175	0.309	0.115	0.477	0.700
EWB00_007426	tsr	6182.C1LJL2	6182.Q86ES4	0	0	0	0	0.175	0.309	0.115	0.477	0.700
EWB00_007426	Grb2	6182.C1LJL2	6182.Q86F73	0	0	0	0	0	0.146	0.661	0.050	0.700
EWB00_007426	Act5C	6182.C1LJL2	6182.Q5DF69	0	0	0	0	0.135	0.743	0.687	0.117	0.930
EWB00_007426	EWB00_002502	6182.C1LJL2	6182.Q71TT8	0	0	0	0	0.135	0.822	0.885	0.117	0.982
EWB00_007426	EWB00_010647	6182.C1LJL2	6182.Q5DHL6	0	0	0	0	0.823	0.931	0.938	0.691	0.999
EWB00_007519	EWB00_009456	6182.Q5D9F6	6182.A0A4Z2CM06	0	0	0.199	0.577	0	0.251	0.739	0.114	0.842
EWB00_007519	EWB00_009122	6182.Q5D9F6	6182.A0A4Z2CN26	0	0	0	0	0.083	0.134	0.876	0	0.892
EWB00_007519	EWB00_009095	6182.Q5D9F6	6182.A0A4Z2CND2	0	0	0.167	0.601	0	0.257	0.517	0.065	0.683
EWB00_007519	EWB00_008683	6182.Q5D9F6	6182.A0A4Z2CNZ1	0	0	0	0	0.060	0.120	0.771	0	0.794
EWB00_007519	EWB00_008528	6182.Q5D9F6	6182.A0A4Z2CPM6	0	0	0	0	0	0	0.496	0.064	0.508
EWB00_007519	EWB00_008189	6182.Q5D9F6	6182.A0A4Z2CR88	0	0	0	0	0	0.257	0.517	0.065	0.635
EWB00_007519	EWB00_007959	6182.Q5D9F6	6182.A0A4Z2CS38	0	0	0	0	0	0.487	0	0	0.487
EWB00_007519	EWB00_007978	6182.Q5D9F6	6182.A0A4Z2CSH8	0	0	0	0	0	0	0	0.475	0.475
EWB00_007519	EWB00_007965	6182.Q5D9F6	6182.A0A4Z2CSU9	0	0	0.162	0.569	0	0.190	0.058	0.567	0.686
EWB00_007519	EWB00_007640	6182.Q5D9F6	6182.A0A4Z2CTJ3	0	0	0.177	0.577	0	0.506	0.618	0.187	0.856
EWB00_007519	EWB00_007520	6182.Q5D9F6	6182.A0A4Z2CUE7	0	0	0	0	0	0.289	0.771	0.070	0.835
EWB00_007519	EWB00_007322	6182.Q5D9F6	6182.A0A4Z2CUR2	0	0	0.300	0	0	0.144	0	0.182	0.467
EWB00_007519	EWB00_007161	6182.Q5D9F6	6182.A0A4Z2CVK4	0	0	0.173	0.595	0	0.310	0.671	0.063	0.800
EWB00_007519	EWB00_006350	6182.Q5D9F6	6182.A0A4Z2CZ14	0	0	0	0	0.055	0.112	0.517	0	0.559
EWB00_007519	EWB00_005849	6182.Q5D9F6	6182.A0A4Z2D0D0	0	0	0	0	0	0.487	0.618	0.065	0.800
EWB00_007519	EWB00_005803	6182.Q5D9F6	6182.A0A4Z2D0N4	0	0	0	0	0	0.766	0.876	0.104	0.971
EWB00_007519	EWB00_004506	6182.Q5D9F6	6182.A0A4Z2D514	0	0	0	0	0.055	0.112	0.517	0	0.559
EWB00_007519	EWB00_004406	6182.Q5D9F6	6182.A0A4Z2D5D6	0	0	0	0	0	0.289	0.771	0.070	0.835
EWB00_007519	EWB00_004405	6182.Q5D9F6	6182.A0A4Z2D5F1	0	0	0.184	0.594	0	0.110	0.341	0	0.479
EWB00_007519	EWB00_004032	6182.Q5D9F6	6182.A0A4Z2D6K4	0	0	0	0	0	0.432	0.876	0.078	0.929
EWB00_007519	EWB00_003710	6182.Q5D9F6	6182.A0A4Z2D7R1	0	0	0	0	0	0.308	0.294	0.186	0.567
EWB00_007519	EWB00_002858	6182.Q5D9F6	6182.A0A4Z2DAI3	0	0	0	0	0.048	0	0.739	0	0.740
EWB00_007519	EWB00_002386	6182.Q5D9F6	6182.A0A4Z2DCG1	0	0	0	0	0.053	0	0.876	0.055	0.879
EWB00_007519	EWB00_001618	6182.Q5D9F6	6182.A0A4Z2DF74	0	0	0	0	0	0.087	0	0.479	0.503
EWB00_007519	EWB00_001471	6182.Q5D9F6	6182.A0A4Z2DFS2	0	0	0	0	0	0.506	0.618	0.065	0.808
EWB00_007519	EWB00_001343	6182.Q5D9F6	6182.A0A4Z2DFX9	0	0	0.158	0.582	0.152	0.926	0.931	0.365	0.997
EWB00_007519	EWB00_000085	6182.Q5D9F6	6182.A0A4Z2DKG0	0	0	0.173	0.617	0	0.110	0.341	0	0.472
EWB00_007519	EWB00_009605	6182.Q5D9F6	6182.A0A4Z2DR61	0	0	0	0	0	0.197	0.380	0.064	0.493
EWB00_007519	EWB00_003429	6182.Q5D9F6	6182.A0A4Z2DWH7	0	0	0	0	0	0.523	0	0.065	0.534
EWB00_007519	EWB00_002899	6182.Q5D9F6	6182.A0A4Z2DX55	0	0	0.331	0	0	0.200	0	0.084	0.466
EWB00_007519	fyn-prov	6182.Q5D9F6	6182.C1LGZ6	0	0	0	0	0	0.289	0.771	0.070	0.835
EWB00_007519	EWB00_005112	6182.Q5D9F6	6182.C1LH53	0	0	0.196	0.604	0	0.291	0.876	0.207	0.936
EWB00_007519	PR2	6182.Q5D9F6	6182.C7TXQ4	0	0	0.334	0	0.090	0.886	0.876	0.104	0.990
EWB00_007519	EWB00_011320	6182.Q5D9F6	6182.Q5DBY2	0	0	0.184	0.583	0	0.110	0.341	0	0.479
EWB00_007519	Grb2	6182.Q5D9F6	6182.Q86F73	0	0	0	0	0	0.506	0	0.092	0.532
EWB00_007519	EWB00_004095	6182.Q5D9F6	6182.Q6PMM5	0	0	0	0	0.060	0.120	0.771	0	0.794
EWB00_007520	EWB00_010024	6182.A0A4Z2CUE7	6182.A0A4Z2CL49	0	0	0	0	0	0.506	0.658	0.082	0.831
EWB00_007520	EWB00_009457	6182.A0A4Z2CUE7	6182.A0A4Z2CLX5	0	0	0	0	0	0.506	0.658	0.082	0.831
EWB00_007520	EWB00_009435	6182.A0A4Z2CUE7	6182.A0A4Z2CM43	0	0	0	0	0	0.170	0.340	0.047	0.432
EWB00_007520	EWB00_009267	6182.A0A4Z2CUE7	6182.A0A4Z2CML4	0	0	0	0	0	0.165	0.381	0.073	0.479
EWB00_007520	EWB00_009162	6182.A0A4Z2CUE7	6182.A0A4Z2CMV9	0	0	0	0	0	0.165	0.381	0.063	0.473
EWB00_007520	EWB00_009122	6182.A0A4Z2CUE7	6182.A0A4Z2CN26	0	0	0	0	0	0.204	0.546	0.180	0.677
EWB00_007520	EWB00_008993	6182.A0A4Z2CUE7	6182.A0A4Z2CNG2	0	0	0	0	0	0.212	0.382	0.050	0.496
EWB00_007520	EWB00_008683	6182.A0A4Z2CUE7	6182.A0A4Z2CNZ1	0	0	0	0	0	0.219	0.473	0.180	0.633
EWB00_007520	EWB00_008528	6182.A0A4Z2CUE7	6182.A0A4Z2CPM6	0	0	0	0	0.045	0.351	0.532	0.098	0.703
EWB00_007520	EWB00_008411	6182.A0A4Z2CUE7	6182.A0A4Z2CQ40	0	0	0.156	0.554	0.055	0.145	0.395	0.046	0.534
EWB00_007520	EWB00_008162	6182.A0A4Z2CUE7	6182.A0A4Z2CR55	0	0	0	0	0	0.146	0.393	0	0.459
EWB00_007520	EWB00_008231	6182.A0A4Z2CUE7	6182.A0A4Z2CRJ2	0	0	0.157	0.576	0.055	0.145	0.394	0.046	0.534
EWB00_007520	EWB00_007959	6182.A0A4Z2CUE7	6182.A0A4Z2CS38	0	0	0	0	0	0.201	0.372	0	0.476
EWB00_007520	EWB00_007978	6182.A0A4Z2CUE7	6182.A0A4Z2CSH8	0	0	0	0	0	0.384	0.771	0.197	0.876
EWB00_007520	EWB00_007965	6182.A0A4Z2CUE7	6182.A0A4Z2CSU9	0	0	0.169	0.592	0	0.289	0.658	0	0.780
EWB00_007520	EWB00_007640	6182.A0A4Z2CUE7	6182.A0A4Z2CTJ3	0	0	0	0	0	0.327	0.394	0.071	0.588
EWB00_007520	EWB00_007650	6182.A0A4Z2CUE7	6182.A0A4Z2CTZ5	0	0	0	0	0	0.138	0.335	0.054	0.410
EWB00_007520	EWB00_004137	6182.A0A4Z2CUE7	6182.A0A4Z2D773	0	0	0	0	0	0.082	0.379	0	0.405
EWB00_007520	EWB00_003065	6182.A0A4Z2CUE7	6182.A0A4Z2D9U3	0	0	0	0	0.047	0.092	0.372	0.052	0.415
EWB00_007520	EWB00_001618	6182.A0A4Z2CUE7	6182.A0A4Z2DF74	0	0	0	0	0	0.165	0.282	0.104	0.415
EWB00_007520	CKI-alpha	6182.A0A4Z2CUE7	6182.C1L4B0	0	0	0	0	0	0.107	0.373	0.047	0.419
EWB00_007520	EWB00_000422	6182.A0A4Z2CUE7	6182.A0A4Z2DIX7	0	0	0	0	0	0.107	0.373	0.063	0.429
EWB00_007520	EWB00_010727	6182.A0A4Z2CUE7	6182.A0A4Z2DNH6	0	0	0	0	0	0.082	0.413	0	0.438
EWB00_007520	EWB00_002781	6182.A0A4Z2CUE7	6182.A0A4Z2DBA4	0	0	0	0	0	0.107	0.373	0.087	0.444
EWB00_007520	EWB00_006126	6182.A0A4Z2CUE7	6182.A0A4Z2CZR2	0	0	0	0	0	0.146	0.367	0.064	0.449
EWB00_007520	EWB00_004368	6182.A0A4Z2CUE7	6182.A0A4Z2D605	0	0	0	0	0	0.119	0.394	0.072	0.461
EWB00_007520	EWB00_003639	6182.A0A4Z2CUE7	6182.A0A4Z2D7T8	0	0	0	0	0	0.141	0.385	0.063	0.461
EWB00_007520	EWB00_005112	6182.A0A4Z2CUE7	6182.C1LH53	0	0	0.155	0.604	0	0.123	0.340	0	0.468
EWB00_007520	EWB00_006002	6182.A0A4Z2CUE7	6182.A0A4Z2DTC9	0	0	0	0	0	0.165	0.381	0.063	0.473
EWB00_007520	EWB00_008857	6182.A0A4Z2CUE7	6182.A0A4Z2DY79	0	0	0	0	0	0.165	0.381	0.063	0.473
EWB00_007520	EWB00_009161	6182.A0A4Z2CUE7	6182.C1L3T0	0	0	0	0	0	0.165	0.381	0.063	0.473
EWB00_007520	EWB00_000751	6182.A0A4Z2CUE7	6182.A0A4Z2DI18	0	0	0	0	0	0.201	0.372	0	0.476
EWB00_007520	Act5C	6182.A0A4Z2CUE7	6182.Q5DF69	0	0	0	0	0	0.165	0.381	0.073	0.479
EWB00_007520	EWB00_004876	6182.A0A4Z2CUE7	6182.A0A4Z2DUG9	0	0	0	0	0	0.165	0.381	0.095	0.491
EWB00_007520	EWB00_004878	6182.A0A4Z2CUE7	6182.A0A4Z2DUX1	0	0	0	0	0	0.165	0.381	0.095	0.491
EWB00_007520	EWB00_002502	6182.A0A4Z2CUE7	6182.Q71TT8	0	0	0	0	0	0.165	0.381	0.095	0.491
EWB00_007520	EWB00_004650	6182.A0A4Z2CUE7	6182.A0A4Z2D5A9	0	0	0	0	0	0.229	0.355	0.069	0.496
EWB00_007520	EWB00_003114	6182.A0A4Z2CUE7	6182.A0A4Z2D9R6	0	0	0	0	0	0.229	0.355	0.069	0.496
EWB00_007520	EWB00_001225	6182.A0A4Z2CUE7	6182.A0A4Z2DG63	0	0	0	0	0	0.129	0.385	0.136	0.496
EWB00_007520	EWB00_006505	6182.A0A4Z2CUE7	6182.A0A4Z2CYG9	0	0	0	0	0	0.129	0.394	0.143	0.508
EWB00_007520	EWB00_006350	6182.A0A4Z2CUE7	6182.A0A4Z2CZ14	0	0	0	0	0	0.204	0.394	0.086	0.520
EWB00_007520	EWB00_004506	6182.A0A4Z2CUE7	6182.A0A4Z2D514	0	0	0	0	0	0.204	0.394	0.086	0.520
EWB00_007520	EWB00_002797	6182.A0A4Z2CUE7	6182.A0A4Z2DBK5	0	0	0.168	0.572	0	0.143	0.385	0	0.523
EWB00_007520	EWB00_003146	6182.A0A4Z2CUE7	6182.A0A4Z2D9E0	0	0	0	0	0	0.162	0.395	0.143	0.527
EWB00_007520	EWB00_007721	6182.A0A4Z2CUE7	6182.A0A4Z2DSU2	0	0	0	0	0	0.245	0.391	0.065	0.532
EWB00_007520	EWB00_004196	6182.A0A4Z2CUE7	6182.A0A4Z2DUY0	0	0	0	0	0	0.245	0.391	0.065	0.532
EWB00_007520	EWB00_007161	6182.A0A4Z2CUE7	6182.A0A4Z2CVK4	0	0	0	0	0	0.135	0.469	0.070	0.535
EWB00_007520	EWB00_003272	6182.A0A4Z2CUE7	6182.Q5DB60	0	0	0	0	0	0.262	0.394	0.048	0.537
EWB00_007520	EWB00_000516	6182.A0A4Z2CUE7	6182.A0A4Z2DIX5	0	0	0	0	0	0.262	0.394	0.055	0.540
EWB00_007520	EWB00_001328	6182.A0A4Z2CUE7	6182.A0A4Z2DG14	0	0	0	0	0	0.146	0.367	0.225	0.544
EWB00_007520	EWB00_002858	6182.A0A4Z2CUE7	6182.A0A4Z2DAI3	0	0	0	0	0	0.266	0.394	0.062	0.546
EWB00_007520	EWB00_004243	6182.A0A4Z2CUE7	6182.A0A4Z2D5G0	0	0	0	0	0	0.255	0.394	0.085	0.550
EWB00_007520	EWB00_005166	6182.A0A4Z2CUE7	6182.A0A4Z2D2Y7	0	0	0.155	0.559	0	0.244	0.371	0.047	0.565
EWB00_007520	EWB00_006175	6182.A0A4Z2CUE7	6182.A0A4Z2CZK0	0	0	0.201	0	0	0.229	0.355	0.069	0.580
EWB00_007520	EWB00_002899	6182.A0A4Z2CUE7	6182.A0A4Z2DX55	0	0	0.152	0.583	0	0.256	0.382	0.063	0.585
EWB00_007520	PR2	6182.A0A4Z2CUE7	6182.C7TXQ4	0	0	0	0	0	0.327	0.394	0.071	0.588
EWB00_007520	EWB00_002741	6182.A0A4Z2CUE7	6182.A0A4Z2DB14	0	0	0	0	0	0.250	0.373	0.240	0.611
EWB00_007520	EWB00_003565	6182.A0A4Z2CUE7	6182.A0A4Z2D923	0	0	0	0	0	0.267	0.394	0.217	0.621
EWB00_007520	EWB00_004095	6182.A0A4Z2CUE7	6182.Q6PMM5	0	0	0	0	0	0.219	0.473	0.180	0.633
EWB00_007520	EWB00_010643	6182.A0A4Z2CUE7	6182.A0A4Z2DN24	0	0	0	0	0	0.283	0.507	0.065	0.640
EWB00_007520	EWB00_003063	6182.A0A4Z2CUE7	6182.A0A4Z2D9R8	0	0	0	0	0	0.288	0.517	0	0.641
EWB00_007520	EWB00_002531	6182.A0A4Z2CUE7	6182.A0A4Z2DBU6	0	0	0	0	0	0.292	0.474	0.124	0.645
EWB00_007520	EWB00_005910	6182.A0A4Z2CUE7	6182.A0A4Z2D044	0	0	0	0	0.050	0.402	0.425	0.066	0.654
EWB00_007520	EWB00_006209	6182.A0A4Z2CUE7	6182.A0A4Z2CZP0	0	0	0	0	0	0.212	0.563	0.095	0.661
EWB00_007520	EWB00_011039	6182.A0A4Z2CUE7	6182.A0A4Z2DN82	0	0	0	0	0	0.212	0.563	0.095	0.661
EWB00_007520	EWB00_002919	6182.A0A4Z2CUE7	6182.A0A4Z2DWJ9	0	0	0	0	0	0.212	0.563	0.095	0.661
EWB00_007520	EWB00_011263	6182.A0A4Z2CUE7	6182.A0A4Z2DKT9	0	0	0.158	0.579	0	0.310	0.506	0.069	0.697
EWB00_007520	EWB00_002869	6182.A0A4Z2CUE7	6182.A0A4Z2DAG8	0	0	0	0	0	0.233	0.563	0.183	0.702
EWB00_007520	EWB00_002182	6182.A0A4Z2CUE7	6182.A0A4Z2DD10	0	0	0	0	0	0.262	0.618	0.068	0.714
EWB00_007520	EWB00_003710	6182.A0A4Z2CUE7	6182.A0A4Z2D7R1	0	0	0	0	0	0.506	0.394	0.131	0.717
EWB00_007520	EWB00_002386	6182.A0A4Z2CUE7	6182.A0A4Z2DCG1	0	0	0	0	0	0.506	0.526	0.062	0.761
EWB00_007520	EWB00_010687	6182.A0A4Z2CUE7	6182.A0A4Z2DNJ5	0	0	0.166	0.721	0	0.246	0.658	0	0.766
EWB00_007520	EWB00_008748	6182.A0A4Z2CUE7	6182.A0A4Z2DTN7	0	0	0.160	0.663	0	0.309	0.658	0.063	0.789
EWB00_007520	EWB00_009358	6182.A0A4Z2CUE7	6182.A0A4Z2DRM5	0	0	0	0	0	0.146	0.771	0.128	0.814
EWB00_007520	EWB00_001471	6182.A0A4Z2CUE7	6182.A0A4Z2DFS2	0	0	0.162	0.664	0	0.657	0.394	0.071	0.816
EWB00_007520	cdk5	6182.A0A4Z2CUE7	6182.C1L6Q8	0	0	0	0	0	0.243	0.771	0.047	0.820
EWB00_007520	EWB00_007519	6182.A0A4Z2CUE7	6182.Q5D9F6	0	0	0	0	0	0.289	0.771	0.070	0.835
EWB00_007520	EWB00_003747	6182.A0A4Z2CUE7	6182.A0A4Z2DVH8	0	0	0.185	0.617	0.059	0.248	0.771	0	0.850
EWB00_007520	EWB00_004032	6182.A0A4Z2CUE7	6182.A0A4Z2D6K4	0	0	0	0	0	0.373	0.771	0.063	0.853
EWB00_007520	EWB00_003429	6182.A0A4Z2CUE7	6182.A0A4Z2DWH7	0	0	0	0	0	0.357	0.771	0.252	0.880
EWB00_007520	EWB00_005803	6182.A0A4Z2CUE7	6182.A0A4Z2D0N4	0	0	0	0	0	0.506	0.771	0.239	0.906
EWB00_007520	EWB00_005849	6182.A0A4Z2CUE7	6182.A0A4Z2D0D0	0	0	0	0	0.059	0.796	0.542	0.104	0.910
EWB00_007520	EWB00_007322	6182.A0A4Z2CUE7	6182.A0A4Z2CUR2	0	0	0	0	0.045	0.668	0.771	0.124	0.927
EWB00_007520	Grb2	6182.A0A4Z2CUE7	6182.Q86F73	0	0	0	0	0	0.753	0.771	0.171	0.949
EWB00_007520	EWB00_008934	6182.A0A4Z2CUE7	6182.A0A4Z2DSI5	0	0	0.200	0.570	0	0.797	0.771	0.189	0.965
EWB00_007640	EWB00_010024	6182.A0A4Z2CTJ3	6182.A0A4Z2CL49	0	0	0	0	0.045	0.274	0.478	0.063	0.615
EWB00_007640	EWB00_009560	6182.A0A4Z2CTJ3	6182.A0A4Z2CLW6	0	0	0	0	0	0.116	0.449	0.043	0.493
EWB00_007640	EWB00_009457	6182.A0A4Z2CTJ3	6182.A0A4Z2CLX5	0	0	0	0	0.045	0.274	0.478	0.063	0.615
EWB00_007640	EWB00_009456	6182.A0A4Z2CTJ3	6182.A0A4Z2CM06	0	0	0.508	0	0	0.257	0.449	0.067	0.786
EWB00_007640	EWB00_009435	6182.A0A4Z2CTJ3	6182.A0A4Z2CM43	0	0	0	0	0	0.237	0.340	0.074	0.492
EWB00_007640	EWB00_009267	6182.A0A4Z2CTJ3	6182.A0A4Z2CML4	0	0	0	0	0	0.165	0.282	0.086	0.404
EWB00_007640	EWB00_009162	6182.A0A4Z2CTJ3	6182.A0A4Z2CMV9	0	0	0	0	0	0.165	0.282	0.086	0.404
EWB00_007640	EWB00_009122	6182.A0A4Z2CTJ3	6182.A0A4Z2CN26	0	0	0.427	0	0	0.204	0.378	0.357	0.793
EWB00_007640	EWB00_009095	6182.A0A4Z2CTJ3	6182.A0A4Z2CND2	0	0	0.224	0.568	0	0.295	0.394	0.071	0.650
EWB00_007640	EWB00_008993	6182.A0A4Z2CTJ3	6182.A0A4Z2CNG2	0	0	0.191	0.616	0	0.212	0.298	0.048	0.516
EWB00_007640	EWB00_008683	6182.A0A4Z2CTJ3	6182.A0A4Z2CNZ1	0	0	0.153	0.580	0	0.204	0.378	0.139	0.590
EWB00_007640	EWB00_008411	6182.A0A4Z2CTJ3	6182.A0A4Z2CQ40	0	0	0.237	0.557	0	0.145	0.461	0.064	0.626
EWB00_007640	EWB00_008162	6182.A0A4Z2CTJ3	6182.A0A4Z2CR55	0	0	0.228	0.574	0	0.125	0.354	0.063	0.536
EWB00_007640	EWB00_008189	6182.A0A4Z2CTJ3	6182.A0A4Z2CR88	0	0	0	0	0	0.295	0.394	0.071	0.568
EWB00_007640	EWB00_008231	6182.A0A4Z2CTJ3	6182.A0A4Z2CRJ2	0	0	0.206	0.588	0	0.187	0.394	0.064	0.584
EWB00_007640	EWB00_007959	6182.A0A4Z2CTJ3	6182.A0A4Z2CS38	0	0	0.226	0.563	0	0.589	0.618	0.064	0.871
EWB00_007640	EWB00_007978	6182.A0A4Z2CTJ3	6182.A0A4Z2CSH8	0	0	0	0	0	0.311	0.618	0.240	0.782
EWB00_007640	EWB00_003565	6182.A0A4Z2CTJ3	6182.A0A4Z2D923	0	0	0	0	0	0.104	0.356	0.049	0.403
EWB00_007640	EWB00_006002	6182.A0A4Z2CTJ3	6182.A0A4Z2DTC9	0	0	0	0	0	0.165	0.282	0.086	0.404
EWB00_007640	EWB00_004876	6182.A0A4Z2CTJ3	6182.A0A4Z2DUG9	0	0	0	0	0	0.165	0.282	0.086	0.404
EWB00_007640	EWB00_004878	6182.A0A4Z2CTJ3	6182.A0A4Z2DUX1	0	0	0	0	0	0.165	0.282	0.086	0.404
EWB00_007640	EWB00_008857	6182.A0A4Z2CTJ3	6182.A0A4Z2DY79	0	0	0	0	0	0.165	0.282	0.086	0.404
EWB00_007640	EWB00_009161	6182.A0A4Z2CTJ3	6182.C1L3T0	0	0	0	0	0	0.165	0.282	0.086	0.404
EWB00_007640	Act5C	6182.A0A4Z2CTJ3	6182.Q5DF69	0	0	0	0	0	0.165	0.282	0.086	0.404
EWB00_007640	EWB00_002502	6182.A0A4Z2CTJ3	6182.Q71TT8	0	0	0	0	0	0.165	0.282	0.086	0.404
EWB00_007640	EWB00_001225	6182.A0A4Z2CTJ3	6182.A0A4Z2DG63	0	0	0	0	0	0.104	0.356	0.054	0.406
EWB00_007640	EWB00_008934	6182.A0A4Z2CTJ3	6182.A0A4Z2DSI5	0	0	0	0	0	0.053	0.403	0	0.410
EWB00_007640	EWB00_005116	6182.A0A4Z2CTJ3	6182.A0A4Z2D2T5	0	0	0.215	0.561	0	0.128	0	0.209	0.411
EWB00_007640	EWB00_006779	6182.A0A4Z2CTJ3	6182.A0A4Z2CX29	0	0	0	0	0	0.130	0.330	0.077	0.414
EWB00_007640	EWB00_006607	6182.A0A4Z2CTJ3	6182.A0A4Z2CXQ1	0	0	0	0	0	0.130	0.330	0.077	0.414
EWB00_007640	EWB00_002182	6182.A0A4Z2CTJ3	6182.A0A4Z2DD10	0	0	0	0	0	0.179	0.281	0.088	0.414
EWB00_007640	EWB00_006505	6182.A0A4Z2CTJ3	6182.A0A4Z2CYG9	0	0	0	0	0	0.097	0.387	0.043	0.423
EWB00_007640	EWB00_003146	6182.A0A4Z2CTJ3	6182.A0A4Z2D9E0	0	0	0	0	0	0.097	0.387	0.043	0.423
EWB00_007640	EWB00_007721	6182.A0A4Z2CTJ3	6182.A0A4Z2DSU2	0	0	0	0	0	0.212	0.298	0.048	0.427
EWB00_007640	EWB00_003639	6182.A0A4Z2CTJ3	6182.A0A4Z2D7T8	0	0	0	0	0	0.123	0.380	0	0.433
EWB00_007640	EWB00_004872	6182.A0A4Z2CTJ3	6182.A0A4Z2DUW3	0	0	0	0	0	0.134	0.361	0.063	0.436
EWB00_007640	EWB00_003429	6182.A0A4Z2CTJ3	6182.A0A4Z2DWH7	0	0	0	0	0.044	0.127	0.335	0.104	0.436
EWB00_007640	EWB00_007426	6182.A0A4Z2CTJ3	6182.C1LJL2	0	0	0	0	0	0.165	0.282	0.135	0.436
EWB00_007640	EWB00_010727	6182.A0A4Z2CTJ3	6182.A0A4Z2DNH6	0	0	0	0	0	0.087	0.394	0.066	0.438
EWB00_007640	EWB00_000085	6182.A0A4Z2CTJ3	6182.A0A4Z2DKG0	0	0	0.216	0.594	0	0.161	0.196	0.065	0.439
EWB00_007640	EWB00_011320	6182.A0A4Z2CTJ3	6182.Q5DBY2	0	0	0.220	0.603	0	0.161	0.196	0.065	0.442
EWB00_007640	EWB00_006315	6182.A0A4Z2CTJ3	6182.A0A4Z2CYT8	0	0	0	0	0	0.133	0.386	0	0.444
EWB00_007640	EWB00_004405	6182.A0A4Z2CTJ3	6182.A0A4Z2D5F1	0	0	0.224	0.590	0	0.161	0.196	0.065	0.445
EWB00_007640	EWB00_009605	6182.A0A4Z2CTJ3	6182.A0A4Z2DR61	0	0	0	0	0	0.134	0.373	0.065	0.447
EWB00_007640	EWB00_010647	6182.A0A4Z2CTJ3	6182.Q5DHL6	0	0	0	0	0	0.165	0.282	0.157	0.450
EWB00_007640	EWB00_006209	6182.A0A4Z2CTJ3	6182.A0A4Z2CZP0	0	0	0	0	0	0.123	0.387	0.066	0.454
EWB00_007640	EWB00_011039	6182.A0A4Z2CTJ3	6182.A0A4Z2DN82	0	0	0	0	0	0.123	0.387	0.066	0.454
EWB00_007640	EWB00_002919	6182.A0A4Z2CTJ3	6182.A0A4Z2DWJ9	0	0	0	0	0	0.123	0.387	0.066	0.454
EWB00_007640	CDKL1	6182.A0A4Z2CTJ3	6182.C1L3S7	0	0	0.435	0	0.079	0	0	0	0.457
EWB00_007640	PR2	6182.A0A4Z2CTJ3	6182.C7TXQ4	0	0	0.207	0.632	0	0.312	0	0.098	0.464
EWB00_007640	EWB00_009358	6182.A0A4Z2CTJ3	6182.A0A4Z2DRM5	0	0	0	0	0	0.202	0.371	0.055	0.484
EWB00_007640	EWB00_004965	6182.A0A4Z2CTJ3	6182.A0A4Z2D4A5	0	0	0	0	0	0.116	0.449	0.043	0.493
EWB00_007640	EWB00_004196	6182.A0A4Z2CTJ3	6182.A0A4Z2DUY0	0	0	0.165	0.611	0	0.212	0.298	0.048	0.501
EWB00_007640	EWB00_004243	6182.A0A4Z2CTJ3	6182.A0A4Z2D5G0	0	0	0	0	0.144	0.124	0.379	0.064	0.505
EWB00_007640	EWB00_002869	6182.A0A4Z2CTJ3	6182.A0A4Z2DAG8	0	0	0	0	0	0.133	0.425	0.105	0.514
EWB00_007640	EWB00_006350	6182.A0A4Z2CTJ3	6182.A0A4Z2CZ14	0	0	0	0	0	0.204	0.378	0.123	0.527
EWB00_007640	EWB00_004506	6182.A0A4Z2CTJ3	6182.A0A4Z2D514	0	0	0	0	0	0.204	0.378	0.123	0.527
EWB00_007640	cdk5	6182.A0A4Z2CTJ3	6182.C1L6Q8	0	0	0.209	0.582	0	0.124	0.374	0	0.528
EWB00_007640	EWB00_004095	6182.A0A4Z2CTJ3	6182.Q6PMM5	0	0	0	0	0	0.204	0.378	0.139	0.536
EWB00_007640	EWB00_005803	6182.A0A4Z2CTJ3	6182.A0A4Z2D0N4	0	0	0	0	0	0.245	0.391	0.086	0.543
EWB00_007640	EWB00_002899	6182.A0A4Z2CTJ3	6182.A0A4Z2DX55	0	0	0.227	0.559	0	0.188	0.314	0.070	0.545
EWB00_007640	EWB00_007650	6182.A0A4Z2CTJ3	6182.A0A4Z2CTZ5	0	0	0.206	0.574	0	0.196	0.335	0.064	0.549
EWB00_007640	EWB00_002781	6182.A0A4Z2CTJ3	6182.A0A4Z2DBA4	0	0	0.241	0	0	0.107	0.373	0.069	0.551
EWB00_007640	EWB00_003272	6182.A0A4Z2CTJ3	6182.Q5DB60	0	0	0.216	0.568	0.049	0.190	0.329	0.066	0.552
EWB00_007640	EWB00_008748	6182.A0A4Z2CTJ3	6182.A0A4Z2DTN7	0	0	0.245	0.574	0	0.188	0.314	0.070	0.556
EWB00_007640	EWB00_008724	6182.A0A4Z2CTJ3	6182.A0A4Z2DSJ8	0	0	0.196	0.592	0	0.161	0.387	0.065	0.561
EWB00_007640	EWB00_005910	6182.A0A4Z2CTJ3	6182.A0A4Z2D044	0	0	0	0	0	0.244	0.391	0.137	0.567
EWB00_007640	EWB00_002797	6182.A0A4Z2CTJ3	6182.A0A4Z2DBK5	0	0	0.247	0.558	0	0.143	0.377	0.066	0.574
EWB00_007640	EWB00_001391	6182.A0A4Z2CTJ3	6182.A0A4Z2DWQ9	0	0	0.215	0.566	0	0.138	0.381	0.105	0.574
EWB00_007640	EWB00_010643	6182.A0A4Z2CTJ3	6182.A0A4Z2DN24	0	0	0	0	0	0.262	0.454	0.044	0.581
EWB00_007640	EWB00_007520	6182.A0A4Z2CTJ3	6182.A0A4Z2CUE7	0	0	0	0	0	0.327	0.394	0.071	0.588
EWB00_007640	EWB00_004406	6182.A0A4Z2CTJ3	6182.A0A4Z2D5D6	0	0	0	0	0	0.327	0.394	0.071	0.588
EWB00_007640	EWB00_000516	6182.A0A4Z2CTJ3	6182.A0A4Z2DIX5	0	0	0.152	0.564	0	0.262	0.394	0.055	0.593
EWB00_007640	EWB00_007322	6182.A0A4Z2CTJ3	6182.A0A4Z2CUR2	0	0	0.201	0.567	0	0.248	0.379	0	0.594
EWB00_007640	EWB00_003114	6182.A0A4Z2CTJ3	6182.A0A4Z2D9R6	0	0	0.233	0.571	0	0.229	0.355	0.078	0.601
EWB00_007640	CKI-alpha	6182.A0A4Z2CTJ3	6182.C1L4B0	0	0	0.345	0	0	0.107	0.373	0.043	0.602
EWB00_007640	EWB00_005849	6182.A0A4Z2CTJ3	6182.A0A4Z2D0D0	0	0	0	0	0.088	0.327	0.394	0.071	0.608
EWB00_007640	EWB00_005166	6182.A0A4Z2CTJ3	6182.A0A4Z2D2Y7	0	0	0.238	0.561	0	0.244	0.371	0.048	0.608
EWB00_007640	EWB00_000422	6182.A0A4Z2CTJ3	6182.A0A4Z2DIX7	0	0	0.362	0	0	0.107	0.373	0.044	0.612
EWB00_007640	EWB00_002741	6182.A0A4Z2CTJ3	6182.A0A4Z2DB14	0	0	0	0	0	0.250	0.449	0.140	0.613
EWB00_007640	EWB00_004032	6182.A0A4Z2CTJ3	6182.A0A4Z2D6K4	0	0	0	0	0	0.277	0.478	0.064	0.615
EWB00_007640	Grb2	6182.A0A4Z2CTJ3	6182.Q86F73	0	0	0	0	0	0.295	0.394	0.184	0.620
EWB00_007640	EWB00_006175	6182.A0A4Z2CTJ3	6182.A0A4Z2CZK0	0	0	0.194	0.552	0	0.306	0.355	0.078	0.622
EWB00_007640	EWB00_002531	6182.A0A4Z2CTJ3	6182.A0A4Z2DBU6	0	0	0.190	0.568	0.110	0.189	0.396	0.141	0.641
EWB00_007640	EWB00_004650	6182.A0A4Z2CTJ3	6182.A0A4Z2D5A9	0	0	0.152	0.561	0	0.230	0.478	0.078	0.643
EWB00_007640	fyn-prov	6182.A0A4Z2CTJ3	6182.C1LGZ6	0	0	0.173	0.577	0	0.327	0.394	0.071	0.644
EWB00_007640	EWB00_003065	6182.A0A4Z2CTJ3	6182.A0A4Z2D9U3	0	0	0	0	0	0.092	0.618	0.066	0.647
EWB00_007640	EWB00_002858	6182.A0A4Z2CTJ3	6182.A0A4Z2DAI3	0	0	0.212	0.569	0	0.266	0.449	0.062	0.661
EWB00_007640	EWB00_007161	6182.A0A4Z2CTJ3	6182.A0A4Z2CVK4	0	0	0.213	0.595	0	0.135	0.383	0.316	0.674
EWB00_007640	EWB00_003063	6182.A0A4Z2CTJ3	6182.A0A4Z2D9R8	0	0	0	0	0	0.309	0.559	0.042	0.682
EWB00_007640	EWB00_002386	6182.A0A4Z2CTJ3	6182.A0A4Z2DCG1	0	0	0.203	0.573	0	0.266	0.618	0.062	0.762
EWB00_007640	EWB00_000751	6182.A0A4Z2CTJ3	6182.A0A4Z2DI18	0	0	0.244	0.557	0	0.409	0.574	0.048	0.794
EWB00_007640	EWB00_003710	6182.A0A4Z2CTJ3	6182.A0A4Z2D7R1	0	0	0	0	0.056	0.506	0.300	0.567	0.839
EWB00_007640	EWB00_001343	6182.A0A4Z2CTJ3	6182.A0A4Z2DFX9	0	0	0.193	0.572	0	0.506	0.618	0.141	0.851
EWB00_007640	EWB00_007519	6182.A0A4Z2CTJ3	6182.Q5D9F6	0	0	0.177	0.577	0	0.506	0.618	0.187	0.856
EWB00_007640	EWB00_005112	6182.A0A4Z2CTJ3	6182.C1LH53	0	0	0.234	0.583	0	0.309	0.876	0.310	0.948
EWB00_007650	EWB00_009117	6182.A0A4Z2CTZ5	6182.A0A4Z2CN06	0	0	0	0	0	0.119	0.367	0.055	0.426
EWB00_007650	EWB00_009095	6182.A0A4Z2CTZ5	6182.A0A4Z2CND2	0	0	0.198	0.574	0	0.138	0.335	0.054	0.506
EWB00_007650	EWB00_008411	6182.A0A4Z2CTZ5	6182.A0A4Z2CQ40	0	0	0.193	0.657	0	0.111	0.376	0.066	0.525
EWB00_007650	EWB00_008162	6182.A0A4Z2CTZ5	6182.A0A4Z2CR55	0	0	0.194	0.592	0	0.138	0.335	0.054	0.504
EWB00_007650	EWB00_008189	6182.A0A4Z2CTZ5	6182.A0A4Z2CR88	0	0	0	0	0	0.138	0.335	0.054	0.410
EWB00_007650	EWB00_008231	6182.A0A4Z2CTZ5	6182.A0A4Z2CRJ2	0	0	0	0	0	0.118	0.376	0.066	0.441
EWB00_007650	EWB00_007965	6182.A0A4Z2CTZ5	6182.A0A4Z2CSU9	0	0	0.169	0.566	0	0.138	0.335	0.054	0.489
EWB00_007650	EWB00_007640	6182.A0A4Z2CTZ5	6182.A0A4Z2CTJ3	0	0	0.206	0.574	0	0.196	0.335	0.064	0.549
EWB00_007650	EWB00_007520	6182.A0A4Z2CTZ5	6182.A0A4Z2CUE7	0	0	0	0	0	0.138	0.335	0.054	0.410
EWB00_007650	EWB00_004406	6182.A0A4Z2CTZ5	6182.A0A4Z2D5D6	0	0	0	0	0	0.138	0.335	0.054	0.410
EWB00_007650	EWB00_004368	6182.A0A4Z2CTZ5	6182.A0A4Z2D605	0	0	0	0	0	0.138	0.335	0.054	0.410
EWB00_007650	EWB00_003063	6182.A0A4Z2CTZ5	6182.A0A4Z2D9R8	0	0	0	0	0	0.138	0.335	0.054	0.410
EWB00_007650	EWB00_001594	6182.A0A4Z2CTZ5	6182.A0A4Z2DF50	0	0	0	0	0	0.138	0.335	0.054	0.410
EWB00_007650	EWB00_001228	6182.A0A4Z2CTZ5	6182.A0A4Z2DGB2	0	0	0	0	0	0.138	0.335	0.054	0.410
EWB00_007650	EWB00_010687	6182.A0A4Z2CTZ5	6182.A0A4Z2DNJ5	0	0	0	0	0	0.138	0.335	0.054	0.410
EWB00_007650	EWB00_005467	6182.A0A4Z2CTZ5	6182.A0A4Z2DU85	0	0	0	0	0	0.138	0.335	0.054	0.410
EWB00_007650	fyn-prov	6182.A0A4Z2CTZ5	6182.C1LGZ6	0	0	0	0	0	0.138	0.335	0.054	0.410
EWB00_007650	EWB00_005849	6182.A0A4Z2CTZ5	6182.A0A4Z2D0D0	0	0	0	0	0.055	0.138	0.335	0.054	0.418
EWB00_007650	EWB00_010398	6182.A0A4Z2CTZ5	6182.A0A4Z2DXN3	0	0	0	0	0	0.119	0.367	0.055	0.426
EWB00_007650	EWB00_009605	6182.A0A4Z2CTZ5	6182.A0A4Z2DR61	0	0	0	0	0	0.119	0.367	0.069	0.435
EWB00_007650	EWB00_001471	6182.A0A4Z2CTZ5	6182.A0A4Z2DFS2	0	0	0	0	0	0.196	0.335	0.064	0.455
EWB00_007650	EWB00_004872	6182.A0A4Z2CTZ5	6182.A0A4Z2DUW3	0	0	0	0	0	0.147	0.386	0.055	0.461
EWB00_007650	EWB00_003747	6182.A0A4Z2CTZ5	6182.A0A4Z2DVH8	0	0	0.157	0.584	0	0.138	0.335	0.054	0.481
EWB00_007650	EWB00_002531	6182.A0A4Z2CTZ5	6182.A0A4Z2DBU6	0	0	0	0	0	0.138	0.335	0.187	0.493
EWB00_007650	EWB00_008934	6182.A0A4Z2CTZ5	6182.A0A4Z2DSI5	0	0	0	0	0	0.302	0.335	0.061	0.526
EWB00_007650	PR2	6182.A0A4Z2CTZ5	6182.C7TXQ4	0	0	0.198	0.594	0	0.196	0.335	0.064	0.544
EWB00_007650	EWB00_002741	6182.A0A4Z2CTZ5	6182.A0A4Z2DB14	0	0	0	0	0	0	0.704	0.065	0.711
EWB00_007650	EWB00_001343	6182.A0A4Z2CTZ5	6182.A0A4Z2DFX9	0	0	0	0	0	0.234	0.821	0	0.857
EWB00_007650	EWB00_002386	6182.A0A4Z2CTZ5	6182.A0A4Z2DCG1	0	0	0.168	0.664	0.045	0.311	0.739	0.186	0.862
EWB00_007650	EWB00_002858	6182.A0A4Z2CTZ5	6182.A0A4Z2DAI3	0	0	0.185	0.619	0	0.311	0.739	0.186	0.864
EWB00_007650	EWB00_011263	6182.A0A4Z2CTZ5	6182.A0A4Z2DKT9	0	0	0	0	0.167	0.179	0.821	0.054	0.868
EWB00_007650	EWB00_005385	6182.A0A4Z2CTZ5	6182.A0A4Z2D1Q0	0	0	0	0	0	0.884	0	0.389	0.926
EWB00_007721	EWB00_009287	6182.A0A4Z2DSU2	6182.A0A4Z2CN04	0	0	0	0	0	0	0.771	0.153	0.797
EWB00_007721	EWB00_009122	6182.A0A4Z2DSU2	6182.A0A4Z2CN26	0	0	0	0	0.052	0.311	0.563	0.079	0.701
EWB00_007721	EWB00_009095	6182.A0A4Z2DSU2	6182.A0A4Z2CND2	0	0	0	0	0	0.212	0.378	0.043	0.489
EWB00_007721	EWB00_008993	6182.A0A4Z2DSU2	6182.A0A4Z2CNG2	0	0	0.067	0.946	0	0	0.919	0	0.921
EWB00_007721	EWB00_008683	6182.A0A4Z2DSU2	6182.A0A4Z2CNZ1	0	0	0	0	0.046	0.311	0.658	0.079	0.765
EWB00_007721	EWB00_008372	6182.A0A4Z2DSU2	6182.A0A4Z2CQJ6	0	0	0	0	0	0.113	0.534	0.042	0.569
EWB00_007721	EWB00_008162	6182.A0A4Z2DSU2	6182.A0A4Z2CR55	0	0	0	0	0	0.212	0.298	0.043	0.424
EWB00_007721	EWB00_008189	6182.A0A4Z2DSU2	6182.A0A4Z2CR88	0	0	0	0	0	0.212	0.378	0.049	0.493
EWB00_007721	EWB00_007965	6182.A0A4Z2DSU2	6182.A0A4Z2CSU9	0	0	0	0	0	0.212	0.658	0.120	0.742
EWB00_007721	EWB00_007640	6182.A0A4Z2DSU2	6182.A0A4Z2CTJ3	0	0	0	0	0	0.212	0.298	0.048	0.427
EWB00_007721	EWB00_007520	6182.A0A4Z2DSU2	6182.A0A4Z2CUE7	0	0	0	0	0	0.245	0.391	0.065	0.532
EWB00_007721	EWB00_007322	6182.A0A4Z2DSU2	6182.A0A4Z2CUR2	0	0	0	0	0	0	0.771	0.045	0.771
EWB00_007721	EWB00_007161	6182.A0A4Z2DSU2	6182.A0A4Z2CVK4	0	0	0	0	0	0.506	0.469	0	0.726
EWB00_007721	EWB00_006350	6182.A0A4Z2DSU2	6182.A0A4Z2CZ14	0	0	0	0	0.045	0.311	0.330	0.079	0.539
EWB00_007721	EWB00_006175	6182.A0A4Z2DSU2	6182.A0A4Z2CZK0	0	0	0	0	0.058	0.311	0.320	0	0.520
EWB00_007721	EWB00_006209	6182.A0A4Z2DSU2	6182.A0A4Z2CZP0	0	0	0	0	0	0.112	0.387	0	0.432
EWB00_007721	EWB00_005849	6182.A0A4Z2DSU2	6182.A0A4Z2D0D0	0	0	0	0	0	0.212	0.382	0.064	0.504
EWB00_007721	EWB00_005385	6182.A0A4Z2DSU2	6182.A0A4Z2D1Q0	0	0	0	0	0	0.384	0.618	0.066	0.761
EWB00_007721	EWB00_005116	6182.A0A4Z2DSU2	6182.A0A4Z2D2T5	0	0	0	0	0	0.109	0.395	0	0.437
EWB00_007721	EWB00_005166	6182.A0A4Z2DSU2	6182.A0A4Z2D2Y7	0	0	0	0	0	0.506	0.771	0	0.882
EWB00_007721	EWB00_004506	6182.A0A4Z2DSU2	6182.A0A4Z2D514	0	0	0	0	0.045	0.311	0.330	0.079	0.539
EWB00_007721	EWB00_004650	6182.A0A4Z2DSU2	6182.A0A4Z2D5A9	0	0	0	0	0.131	0.485	0.844	0	0.924
EWB00_007721	EWB00_004406	6182.A0A4Z2DSU2	6182.A0A4Z2D5D6	0	0	0	0	0	0.245	0.391	0.065	0.532
EWB00_007721	EWB00_004405	6182.A0A4Z2DSU2	6182.A0A4Z2D5F1	0	0	0	0	0.143	0.233	0.345	0.055	0.538
EWB00_007721	EWB00_004368	6182.A0A4Z2DSU2	6182.A0A4Z2D605	0	0	0	0	0.096	0.358	0.844	0.123	0.909
EWB00_007721	EWB00_003876	6182.A0A4Z2DSU2	6182.A0A4Z2D736	0	0	0	0	0	0.123	0.430	0.043	0.479
EWB00_007721	EWB00_003710	6182.A0A4Z2DSU2	6182.A0A4Z2D7R1	0	0	0	0	0	0.149	0	0.475	0.534
EWB00_007721	EWB00_003639	6182.A0A4Z2DSU2	6182.A0A4Z2D7T8	0	0	0	0	0	0.093	0.387	0	0.420
EWB00_007721	EWB00_003114	6182.A0A4Z2DSU2	6182.A0A4Z2D9R6	0	0	0	0	0.058	0.311	0.320	0	0.520
EWB00_007721	EWB00_003063	6182.A0A4Z2DSU2	6182.A0A4Z2D9R8	0	0	0	0	0	0.212	0.298	0.043	0.424
EWB00_007721	EWB00_002869	6182.A0A4Z2DSU2	6182.A0A4Z2DAG8	0	0	0	0	0	0.080	0.563	0.063	0.590
EWB00_007721	EWB00_002858	6182.A0A4Z2DSU2	6182.A0A4Z2DAI3	0	0	0	0	0	0.129	0.478	0.065	0.537
EWB00_007721	EWB00_002781	6182.A0A4Z2DSU2	6182.A0A4Z2DBA4	0	0	0	0	0	0.102	0.771	0.190	0.818
EWB00_007721	EWB00_002531	6182.A0A4Z2DSU2	6182.A0A4Z2DBU6	0	0	0	0	0	0.234	0.397	0.066	0.530
EWB00_007721	EWB00_002386	6182.A0A4Z2DSU2	6182.A0A4Z2DCG1	0	0	0	0	0	0.139	0.771	0.073	0.801
EWB00_007721	EWB00_002194	6182.A0A4Z2DSU2	6182.A0A4Z2DDD6	0	0	0	0	0	0	0.444	0	0.444
EWB00_007721	EWB00_001594	6182.A0A4Z2DSU2	6182.A0A4Z2DF50	0	0	0	0	0	0.212	0.298	0.043	0.424
EWB00_007721	EWB00_001471	6182.A0A4Z2DSU2	6182.A0A4Z2DFS2	0	0	0	0	0	0.212	0.298	0.048	0.427
EWB00_007721	EWB00_001228	6182.A0A4Z2DSU2	6182.A0A4Z2DGB2	0	0	0	0	0	0.212	0.298	0.071	0.441
EWB00_007721	EWB00_001091	6182.A0A4Z2DSU2	6182.A0A4Z2DGZ7	0	0	0	0	0	0	0.771	0	0.771
EWB00_007721	EWB00_000516	6182.A0A4Z2DSU2	6182.A0A4Z2DIX5	0	0	0	0	0	0.363	0	0.102	0.403
EWB00_007721	EWB00_000422	6182.A0A4Z2DSU2	6182.A0A4Z2DIX7	0	0	0	0	0	0.092	0.478	0.095	0.533
EWB00_007721	EWB00_000085	6182.A0A4Z2DSU2	6182.A0A4Z2DKG0	0	0	0.079	0.904	0.143	0.233	0.816	0.055	0.875
EWB00_007721	EWB00_011263	6182.A0A4Z2DSU2	6182.A0A4Z2DKT9	0	0	0	0	0	0.212	0.298	0.043	0.424
EWB00_007721	EWB00_011156	6182.A0A4Z2DSU2	6182.A0A4Z2DLU7	0	0	0	0	0	0.119	0.382	0	0.432
EWB00_007721	EWB00_010643	6182.A0A4Z2DSU2	6182.A0A4Z2DN24	0	0	0	0	0	0	0.434	0	0.434
EWB00_007721	EWB00_011039	6182.A0A4Z2DSU2	6182.A0A4Z2DN82	0	0	0	0	0	0.112	0.387	0	0.432
EWB00_007721	EWB00_010687	6182.A0A4Z2DSU2	6182.A0A4Z2DNJ5	0	0	0	0	0	0.212	0.298	0.043	0.424
EWB00_007721	EWB00_008934	6182.A0A4Z2DSU2	6182.A0A4Z2DSI5	0	0	0	0	0	0.212	0.771	0.043	0.812
EWB00_007721	EWB00_008724	6182.A0A4Z2DSU2	6182.A0A4Z2DSJ8	0	0	0	0	0.143	0.352	0.345	0.055	0.610
EWB00_007721	EWB00_008748	6182.A0A4Z2DSU2	6182.A0A4Z2DTN7	0	0	0	0	0	0.091	0.378	0.051	0.416
EWB00_007721	EWB00_005467	6182.A0A4Z2DSU2	6182.A0A4Z2DU85	0	0	0	0	0	0.212	0.298	0.043	0.424
EWB00_007721	PR2	6182.A0A4Z2DSU2	6182.C7TXQ4	0	0	0	0	0	0.212	0.298	0.048	0.427
EWB00_007721	EWB00_002919	6182.A0A4Z2DSU2	6182.A0A4Z2DWJ9	0	0	0	0	0	0.112	0.387	0	0.432
EWB00_007721	EWB00_004811	6182.A0A4Z2DSU2	6182.A0A4Z2DUN6	0	0	0	0	0	0.129	0.393	0	0.448
EWB00_007721	CKI-alpha	6182.A0A4Z2DSU2	6182.C1L4B0	0	0	0	0	0	0.088	0.425	0.080	0.475
EWB00_007721	EWB00_001391	6182.A0A4Z2DSU2	6182.A0A4Z2DWQ9	0	0	0	0	0	0.109	0.478	0.056	0.522
EWB00_007721	fyn-prov	6182.A0A4Z2DSU2	6182.C1LGZ6	0	0	0	0	0	0.245	0.391	0.065	0.532
EWB00_007721	EWB00_011320	6182.A0A4Z2DSU2	6182.Q5DBY2	0	0	0	0	0.143	0.233	0.345	0.055	0.538
EWB00_007721	EWB00_004196	6182.A0A4Z2DSU2	6182.A0A4Z2DUY0	0	0	0.055	0.971	0	0	0.540	0	0.546
EWB00_007721	EWB00_003747	6182.A0A4Z2DSU2	6182.A0A4Z2DVH8	0	0	0	0	0	0.212	0.577	0.062	0.660
EWB00_007721	EWB00_000320	6182.A0A4Z2DSU2	6182.A0A4Z2DXA7	0	0	0	0	0.152	0.295	0.493	0.066	0.679
EWB00_007721	EWB00_004095	6182.A0A4Z2DSU2	6182.Q6PMM5	0	0	0	0	0.046	0.311	0.658	0.079	0.765
EWB00_007739	EWB00_009267	6182.A0A4Z2CT39	6182.A0A4Z2CML4	0	0	0	0	0.052	0.642	0.219	0.245	0.773
EWB00_007739	EWB00_009162	6182.A0A4Z2CT39	6182.A0A4Z2CMV9	0	0	0	0	0.052	0.506	0.219	0.171	0.656
EWB00_007739	EWB00_003876	6182.A0A4Z2CT39	6182.A0A4Z2D736	0	0	0	0	0	0.095	0.381	0.047	0.419
EWB00_007739	EWB00_010727	6182.A0A4Z2CT39	6182.A0A4Z2DNH6	0	0	0	0	0	0.124	0.371	0.066	0.440
EWB00_007739	EWB00_010649	6182.A0A4Z2CT39	6182.A0A4Z2DN32	0	0	0	0	0	0.069	0.372	0.139	0.452
EWB00_007739	EWB00_001618	6182.A0A4Z2CT39	6182.A0A4Z2DF74	0	0	0	0	0.052	0.310	0.104	0.203	0.470
EWB00_007739	EWB00_006050	6182.A0A4Z2CT39	6182.A0A4Z2DTJ0	0	0	0	0	0	0.082	0.372	0.175	0.482
EWB00_007739	EWB00_006002	6182.A0A4Z2CT39	6182.A0A4Z2DTC9	0	0	0	0	0.052	0.506	0.219	0.171	0.656
EWB00_007739	EWB00_009161	6182.A0A4Z2CT39	6182.C1L3T0	0	0	0	0	0.052	0.506	0.219	0.171	0.656
EWB00_007739	EWB00_007426	6182.A0A4Z2CT39	6182.C1LJL2	0	0	0	0	0.208	0.310	0.104	0.400	0.666
EWB00_007739	EWB00_010647	6182.A0A4Z2CT39	6182.Q5DHL6	0	0	0	0	0.182	0.310	0.104	0.474	0.698
EWB00_007739	Act5C	6182.A0A4Z2CT39	6182.Q5DF69	0	0	0	0	0.052	0.642	0.219	0.245	0.773
EWB00_007739	EWB00_007274	6182.A0A4Z2CT39	6182.C1LH03	0	0	0	0	0.118	0.305	0	0.668	0.778
EWB00_007739	EWB00_008857	6182.A0A4Z2CT39	6182.A0A4Z2DY79	0	0	0	0	0.132	0.642	0.219	0.245	0.792
EWB00_007739	EWB00_004876	6182.A0A4Z2CT39	6182.A0A4Z2DUG9	0	0	0	0	0.052	0.658	0.219	0.287	0.795
EWB00_007739	EWB00_004878	6182.A0A4Z2CT39	6182.A0A4Z2DUX1	0	0	0	0	0.052	0.658	0.219	0.287	0.795
EWB00_007739	EWB00_002502	6182.A0A4Z2CT39	6182.Q71TT8	0	0	0	0	0.052	0.658	0.219	0.287	0.795
EWB00_007739	EWB00_003359	6182.A0A4Z2CT39	6182.C1LMR7	0	0	0	0	0	0.617	0	0.642	0.857
EWB00_007739	tsr	6182.A0A4Z2CT39	6182.Q86ES4	0	0	0	0	0	0.617	0	0.642	0.857
EWB00_007959	EWB00_009095	6182.A0A4Z2CS38	6182.A0A4Z2CND2	0	0	0.173	0.578	0	0.201	0.372	0	0.548
EWB00_007959	EWB00_008162	6182.A0A4Z2CS38	6182.A0A4Z2CR55	0	0	0.179	0.566	0.082	0.201	0.372	0	0.571
EWB00_007959	EWB00_008189	6182.A0A4Z2CS38	6182.A0A4Z2CR88	0	0	0	0	0	0.201	0.372	0	0.476
EWB00_007959	EWB00_007520	6182.A0A4Z2CS38	6182.A0A4Z2CUE7	0	0	0	0	0	0.201	0.372	0	0.476
EWB00_007959	EWB00_005849	6182.A0A4Z2CS38	6182.A0A4Z2D0D0	0	0	0	0	0	0.201	0.372	0	0.476
EWB00_007959	EWB00_004406	6182.A0A4Z2CS38	6182.A0A4Z2D5D6	0	0	0	0	0	0.201	0.372	0	0.476
EWB00_007959	EWB00_004368	6182.A0A4Z2CS38	6182.A0A4Z2D605	0	0	0	0	0	0.201	0.372	0	0.476
EWB00_007959	EWB00_003063	6182.A0A4Z2CS38	6182.A0A4Z2D9R8	0	0	0	0	0	0.201	0.372	0	0.476
EWB00_007959	EWB00_002531	6182.A0A4Z2CS38	6182.A0A4Z2DBU6	0	0	0	0	0	0.201	0.372	0	0.476
EWB00_007959	EWB00_010687	6182.A0A4Z2CS38	6182.A0A4Z2DNJ5	0	0	0	0	0	0.201	0.372	0	0.476
EWB00_007959	EWB00_008934	6182.A0A4Z2CS38	6182.A0A4Z2DSI5	0	0	0	0	0	0.201	0.372	0	0.476
EWB00_007959	EWB00_005467	6182.A0A4Z2CS38	6182.A0A4Z2DU85	0	0	0	0	0	0.201	0.372	0	0.476
EWB00_007959	fyn-prov	6182.A0A4Z2CS38	6182.C1LGZ6	0	0	0	0	0	0.201	0.372	0	0.476
EWB00_007959	EWB00_001228	6182.A0A4Z2CS38	6182.A0A4Z2DGB2	0	0	0	0	0	0.201	0.372	0.046	0.479
EWB00_007959	EWB00_011263	6182.A0A4Z2CS38	6182.A0A4Z2DKT9	0	0	0	0	0	0.201	0.372	0.046	0.479
EWB00_007959	EWB00_007519	6182.A0A4Z2CS38	6182.Q5D9F6	0	0	0	0	0	0.487	0	0	0.487
EWB00_007959	EWB00_001594	6182.A0A4Z2CS38	6182.A0A4Z2DF50	0	0	0	0	0	0.294	0.372	0	0.537
EWB00_007959	EWB00_007965	6182.A0A4Z2CS38	6182.A0A4Z2CSU9	0	0	0.179	0.556	0	0.201	0.372	0	0.552
EWB00_007959	EWB00_003747	6182.A0A4Z2CS38	6182.A0A4Z2DVH8	0	0	0.275	0	0	0.201	0.372	0	0.604
EWB00_007959	EWB00_000751	6182.A0A4Z2CS38	6182.A0A4Z2DI18	0	0	0	0	0	0	0.819	0	0.819
EWB00_007959	EWB00_001471	6182.A0A4Z2CS38	6182.A0A4Z2DFS2	0	0	0	0	0	0.589	0.618	0.064	0.840
EWB00_007959	EWB00_007640	6182.A0A4Z2CS38	6182.A0A4Z2CTJ3	0	0	0.226	0.563	0	0.589	0.618	0.064	0.871
EWB00_007959	PR2	6182.A0A4Z2CS38	6182.C7TXQ4	0	0	0.177	0.585	0	0.912	0.879	0.178	0.991
EWB00_007965	EWB00_010024	6182.A0A4Z2CSU9	6182.A0A4Z2CL49	0	0	0	0	0	0.512	0.723	0.070	0.863
EWB00_007965	EWB00_009457	6182.A0A4Z2CSU9	6182.A0A4Z2CLX5	0	0	0	0	0	0.512	0.723	0.070	0.863
EWB00_007965	EWB00_009456	6182.A0A4Z2CSU9	6182.A0A4Z2CM06	0	0	0.231	0.581	0	0.123	0.340	0.043	0.517
EWB00_007965	EWB00_009435	6182.A0A4Z2CSU9	6182.A0A4Z2CM43	0	0	0	0	0	0.143	0.811	0	0.831
EWB00_007965	EWB00_009267	6182.A0A4Z2CSU9	6182.A0A4Z2CML4	0	0	0	0	0	0.179	0.282	0.117	0.434
EWB00_007965	EWB00_009122	6182.A0A4Z2CSU9	6182.A0A4Z2CN26	0	0	0.422	0	0	0.204	0.360	0.111	0.703
EWB00_007965	EWB00_009095	6182.A0A4Z2CSU9	6182.A0A4Z2CND2	0	0	0.208	0.586	0	0.209	0.323	0	0.538
EWB00_007965	EWB00_008993	6182.A0A4Z2CSU9	6182.A0A4Z2CNG2	0	0	0.172	0.602	0	0.212	0.478	0.083	0.645
EWB00_007965	EWB00_008683	6182.A0A4Z2CSU9	6182.A0A4Z2CNZ1	0	0	0	0	0	0.204	0.360	0.065	0.482
EWB00_007965	EWB00_008528	6182.A0A4Z2CSU9	6182.A0A4Z2CPM6	0	0	0	0	0	0.837	0.811	0.249	0.974
EWB00_007965	EWB00_008411	6182.A0A4Z2CSU9	6182.A0A4Z2CQ40	0	0	0.221	0.552	0	0.145	0.363	0.046	0.541
EWB00_007965	EWB00_008189	6182.A0A4Z2CSU9	6182.A0A4Z2CR88	0	0	0	0	0	0.209	0.323	0	0.441
EWB00_007965	EWB00_008231	6182.A0A4Z2CSU9	6182.A0A4Z2CRJ2	0	0	0.186	0.580	0	0.145	0.363	0.046	0.520
EWB00_007965	EWB00_007959	6182.A0A4Z2CSU9	6182.A0A4Z2CS38	0	0	0.179	0.556	0	0.201	0.372	0	0.552
EWB00_007965	EWB00_007978	6182.A0A4Z2CSU9	6182.A0A4Z2CSH8	0	0	0	0	0	0.814	0.811	0.285	0.972
EWB00_007965	EWB00_003639	6182.A0A4Z2CSU9	6182.A0A4Z2D7T8	0	0	0	0	0	0.123	0.320	0.075	0.400
EWB00_007965	EWB00_003565	6182.A0A4Z2CSU9	6182.A0A4Z2D923	0	0	0	0	0	0.104	0.356	0.049	0.403
EWB00_007965	EWB00_001225	6182.A0A4Z2CSU9	6182.A0A4Z2DG63	0	0	0	0	0	0.104	0.356	0.049	0.403
EWB00_007965	EWB00_011320	6182.A0A4Z2CSU9	6182.Q5DBY2	0	0	0.187	0.577	0	0.161	0.196	0	0.403
EWB00_007965	EWB00_006209	6182.A0A4Z2CSU9	6182.A0A4Z2CZP0	0	0	0	0	0.048	0.123	0.320	0.075	0.404
EWB00_007965	EWB00_011039	6182.A0A4Z2CSU9	6182.A0A4Z2DN82	0	0	0	0	0.048	0.123	0.320	0.075	0.404
EWB00_007965	EWB00_002919	6182.A0A4Z2CSU9	6182.A0A4Z2DWJ9	0	0	0	0	0.048	0.123	0.320	0.075	0.404
EWB00_007965	EWB00_000085	6182.A0A4Z2CSU9	6182.A0A4Z2DKG0	0	0	0.196	0.578	0	0.161	0.196	0	0.410
EWB00_007965	EWB00_004811	6182.A0A4Z2CSU9	6182.A0A4Z2DUN6	0	0	0.364	0	0	0.138	0	0	0.428
EWB00_007965	cdk5	6182.A0A4Z2CSU9	6182.C1L6Q8	0	0	0	0	0	0.124	0.374	0	0.428
EWB00_007965	Act5C	6182.A0A4Z2CSU9	6182.Q5DF69	0	0	0	0	0	0.179	0.282	0.117	0.434
EWB00_007965	EWB00_003065	6182.A0A4Z2CSU9	6182.A0A4Z2D9U3	0	0	0.232	0	0	0.104	0.274	0.053	0.463
EWB00_007965	EWB00_005385	6182.A0A4Z2CSU9	6182.A0A4Z2D1Q0	0	0	0.301	0	0	0.253	0.057	0.046	0.467
EWB00_007965	EWB00_004876	6182.A0A4Z2CSU9	6182.A0A4Z2DUG9	0	0	0	0	0	0.210	0.282	0.140	0.469
EWB00_007965	EWB00_004878	6182.A0A4Z2CSU9	6182.A0A4Z2DUX1	0	0	0	0	0	0.210	0.282	0.140	0.469
EWB00_007965	EWB00_002502	6182.A0A4Z2CSU9	6182.Q71TT8	0	0	0	0	0	0.210	0.282	0.140	0.469
EWB00_007965	EWB00_006350	6182.A0A4Z2CSU9	6182.A0A4Z2CZ14	0	0	0	0	0	0.204	0.360	0.052	0.474
EWB00_007965	EWB00_004506	6182.A0A4Z2CSU9	6182.A0A4Z2D514	0	0	0	0	0	0.204	0.360	0.052	0.474
EWB00_007965	EWB00_001343	6182.A0A4Z2CSU9	6182.A0A4Z2DFX9	0	0	0.176	0.571	0	0.197	0.272	0	0.476
EWB00_007965	EWB00_001228	6182.A0A4Z2CSU9	6182.A0A4Z2DGB2	0	0	0	0	0	0	0	0.476	0.476
EWB00_007965	EWB00_004095	6182.A0A4Z2CSU9	6182.Q6PMM5	0	0	0	0	0	0.204	0.360	0.065	0.482
EWB00_007965	EWB00_007650	6182.A0A4Z2CSU9	6182.A0A4Z2CTZ5	0	0	0.169	0.566	0	0.138	0.335	0.054	0.489
EWB00_007965	EWB00_002741	6182.A0A4Z2CSU9	6182.A0A4Z2DB14	0	0	0	0	0	0.250	0.373	0.050	0.514
EWB00_007965	EWB00_002899	6182.A0A4Z2CSU9	6182.A0A4Z2DX55	0	0	0.233	0.580	0	0.146	0.315	0.055	0.519
EWB00_007965	EWB00_005112	6182.A0A4Z2CSU9	6182.C1LH53	0	0	0.221	0.581	0	0.123	0.340	0.065	0.521
EWB00_007965	EWB00_003272	6182.A0A4Z2CSU9	6182.Q5DB60	0	0	0.191	0.571	0	0.190	0.329	0.052	0.527
EWB00_007965	EWB00_007161	6182.A0A4Z2CSU9	6182.A0A4Z2CVK4	0	0	0.195	0.581	0	0.135	0.370	0.064	0.534
EWB00_007965	EWB00_002797	6182.A0A4Z2CSU9	6182.A0A4Z2DBK5	0	0	0.235	0.555	0	0.143	0.349	0	0.535
EWB00_007965	EWB00_002781	6182.A0A4Z2CSU9	6182.A0A4Z2DBA4	0	0	0.242	0	0	0.107	0.373	0.043	0.539
EWB00_007965	EWB00_004650	6182.A0A4Z2CSU9	6182.A0A4Z2D5A9	0	0	0	0	0	0.237	0.355	0.151	0.545
EWB00_007965	EWB00_000751	6182.A0A4Z2CSU9	6182.A0A4Z2DI18	0	0	0.206	0.559	0	0.201	0.372	0	0.566
EWB00_007965	EWB00_004405	6182.A0A4Z2CSU9	6182.A0A4Z2D5F1	0	0	0.422	0	0	0.161	0.196	0	0.576
EWB00_007965	EWB00_003114	6182.A0A4Z2CSU9	6182.A0A4Z2D9R6	0	0	0.206	0.566	0	0.229	0.355	0.055	0.576
EWB00_007965	EWB00_008724	6182.A0A4Z2CSU9	6182.A0A4Z2DSJ8	0	0	0.430	0	0.060	0.161	0.196	0	0.590
EWB00_007965	EWB00_005910	6182.A0A4Z2CSU9	6182.A0A4Z2D044	0	0	0	0	0.049	0.244	0.449	0.092	0.592
EWB00_007965	CKI-alpha	6182.A0A4Z2CSU9	6182.C1L4B0	0	0	0.332	0	0	0.107	0.373	0.043	0.594
EWB00_007965	EWB00_005849	6182.A0A4Z2CSU9	6182.A0A4Z2D0D0	0	0	0	0	0.045	0.256	0.478	0.047	0.599
EWB00_007965	EWB00_002858	6182.A0A4Z2CSU9	6182.A0A4Z2DAI3	0	0	0.192	0.566	0	0.266	0.372	0.062	0.603
EWB00_007965	EWB00_002386	6182.A0A4Z2CSU9	6182.A0A4Z2DCG1	0	0	0.171	0.565	0	0.266	0.372	0.086	0.603
EWB00_007965	EWB00_000422	6182.A0A4Z2CSU9	6182.A0A4Z2DIX7	0	0	0.348	0	0	0.107	0.373	0.043	0.603
EWB00_007965	EWB00_003063	6182.A0A4Z2CSU9	6182.A0A4Z2D9R8	0	0	0.171	0.578	0	0.106	0.501	0.093	0.619
EWB00_007965	EWB00_006175	6182.A0A4Z2CSU9	6182.A0A4Z2CZK0	0	0	0.304	0	0	0.229	0.355	0.055	0.629
EWB00_007965	EWB00_003747	6182.A0A4Z2CSU9	6182.A0A4Z2DVH8	0	0	0.191	0.597	0.069	0	0.561	0	0.640
EWB00_007965	EWB00_007519	6182.A0A4Z2CSU9	6182.Q5D9F6	0	0	0.162	0.569	0	0.190	0.058	0.567	0.686
EWB00_007965	EWB00_011263	6182.A0A4Z2CSU9	6182.A0A4Z2DKT9	0	0	0	0	0	0.264	0.363	0.401	0.694
EWB00_007965	EWB00_003710	6182.A0A4Z2CSU9	6182.A0A4Z2D7R1	0	0	0	0	0	0.506	0.300	0.236	0.712
EWB00_007965	EWB00_007721	6182.A0A4Z2CSU9	6182.A0A4Z2DSU2	0	0	0	0	0	0.212	0.658	0.120	0.742
EWB00_007965	EWB00_004196	6182.A0A4Z2CSU9	6182.A0A4Z2DUY0	0	0	0	0	0	0.212	0.658	0.120	0.742
EWB00_007965	EWB00_004406	6182.A0A4Z2CSU9	6182.A0A4Z2D5D6	0	0	0	0	0	0.289	0.658	0	0.746
EWB00_007965	EWB00_010643	6182.A0A4Z2CSU9	6182.A0A4Z2DN24	0	0	0	0	0	0.632	0.375	0.068	0.766
EWB00_007965	fyn-prov	6182.A0A4Z2CSU9	6182.C1LGZ6	0	0	0.165	0.636	0	0.289	0.658	0	0.779
EWB00_007965	EWB00_007520	6182.A0A4Z2CSU9	6182.A0A4Z2CUE7	0	0	0.169	0.592	0	0.289	0.658	0	0.780
EWB00_007965	EWB00_005166	6182.A0A4Z2CSU9	6182.A0A4Z2D2Y7	0	0	0.228	0.556	0	0.244	0.371	0.475	0.781
EWB00_007965	EWB00_008748	6182.A0A4Z2CSU9	6182.A0A4Z2DTN7	0	0	0.199	0.663	0	0.146	0.723	0.065	0.799
EWB00_007965	EWB00_000516	6182.A0A4Z2CSU9	6182.A0A4Z2DIX5	0	0	0.158	0.558	0	0.262	0.381	0.584	0.818
EWB00_007965	EWB00_004243	6182.A0A4Z2CSU9	6182.A0A4Z2D5G0	0	0	0	0	0	0.124	0.811	0	0.827
EWB00_007965	EWB00_009358	6182.A0A4Z2CSU9	6182.A0A4Z2DRM5	0	0	0	0	0	0.141	0.811	0.098	0.840
EWB00_007965	EWB00_005803	6182.A0A4Z2CSU9	6182.A0A4Z2D0N4	0	0	0	0	0	0.310	0.811	0.069	0.867
EWB00_007965	EWB00_007322	6182.A0A4Z2CSU9	6182.A0A4Z2CUR2	0	0	0.178	0.586	0	0.248	0.811	0	0.872
EWB00_007965	EWB00_004032	6182.A0A4Z2CSU9	6182.A0A4Z2D6K4	0	0	0.203	0	0	0.292	0.811	0.066	0.887
EWB00_007965	Grb2	6182.A0A4Z2CSU9	6182.Q86F73	0	0	0	0	0	0.244	0.811	0.359	0.900
EWB00_007978	EWB00_010024	6182.A0A4Z2CSH8	6182.A0A4Z2CL49	0	0	0	0	0	0.297	0.538	0.113	0.686
EWB00_007978	EWB00_009457	6182.A0A4Z2CSH8	6182.A0A4Z2CLX5	0	0	0.230	0	0	0.297	0.538	0.113	0.748
EWB00_007978	EWB00_009224	6182.A0A4Z2CSH8	6182.A0A4Z2CMJ2	0	0	0	0	0	0.172	0.379	0.043	0.464
EWB00_007978	EWB00_009122	6182.A0A4Z2CSH8	6182.A0A4Z2CN26	0	0	0	0	0	0.381	0.391	0.138	0.646
EWB00_007978	EWB00_009095	6182.A0A4Z2CSH8	6182.A0A4Z2CND2	0	0	0	0	0	0.256	0.517	0.137	0.662
EWB00_007978	EWB00_008683	6182.A0A4Z2CSH8	6182.A0A4Z2CNZ1	0	0	0	0	0	0.506	0.391	0.097	0.704
EWB00_007978	EWB00_008528	6182.A0A4Z2CSH8	6182.A0A4Z2CPM6	0	0	0	0	0.049	0.297	0.394	0.138	0.604
EWB00_007978	EWB00_008411	6182.A0A4Z2CSH8	6182.A0A4Z2CQ40	0	0	0	0	0	0.165	0.394	0.047	0.475
EWB00_007978	EWB00_008162	6182.A0A4Z2CSH8	6182.A0A4Z2CR55	0	0	0	0	0	0.253	0.618	0.054	0.706
EWB00_007978	EWB00_008189	6182.A0A4Z2CSH8	6182.A0A4Z2CR88	0	0	0	0	0	0.256	0.517	0.137	0.662
EWB00_007978	EWB00_008231	6182.A0A4Z2CSH8	6182.A0A4Z2CRJ2	0	0	0	0	0	0.232	0.444	0.048	0.557
EWB00_007978	EWB00_003710	6182.A0A4Z2CSH8	6182.A0A4Z2D7R1	0	0	0	0	0	0.154	0	0.321	0.401
EWB00_007978	EWB00_006505	6182.A0A4Z2CSH8	6182.A0A4Z2CYG9	0	0	0	0	0	0	0.410	0.059	0.421
EWB00_007978	EWB00_009358	6182.A0A4Z2CSH8	6182.A0A4Z2DRM5	0	0	0	0	0	0.115	0.390	0.091	0.466
EWB00_007978	EWB00_003639	6182.A0A4Z2CSH8	6182.A0A4Z2D7T8	0	0	0	0	0	0.100	0.393	0.104	0.467
EWB00_007978	EWB00_010643	6182.A0A4Z2CSH8	6182.A0A4Z2DN24	0	0	0	0	0	0	0	0.471	0.471
EWB00_007978	EWB00_007519	6182.A0A4Z2CSH8	6182.Q5D9F6	0	0	0	0	0	0	0	0.475	0.475
EWB00_007978	EWB00_002182	6182.A0A4Z2CSH8	6182.A0A4Z2DD10	0	0	0	0	0	0.172	0.379	0.064	0.476
EWB00_007978	EWB00_001228	6182.A0A4Z2CSH8	6182.A0A4Z2DGB2	0	0	0	0	0	0.214	0.372	0.054	0.492
EWB00_007978	EWB00_005467	6182.A0A4Z2CSH8	6182.A0A4Z2DU85	0	0	0	0	0	0.214	0.372	0.059	0.494
EWB00_007978	EWB00_004368	6182.A0A4Z2CSH8	6182.A0A4Z2D605	0	0	0	0	0	0.214	0.372	0.076	0.504
EWB00_007978	EWB00_003146	6182.A0A4Z2CSH8	6182.A0A4Z2D9E0	0	0	0	0	0	0	0.526	0.066	0.538
EWB00_007978	EWB00_008934	6182.A0A4Z2CSH8	6182.A0A4Z2DSI5	0	0	0	0	0	0.214	0.372	0.140	0.538
EWB00_007978	EWB00_001594	6182.A0A4Z2CSH8	6182.A0A4Z2DF50	0	0	0	0	0	0.310	0.372	0.066	0.559
EWB00_007978	EWB00_006350	6182.A0A4Z2CSH8	6182.A0A4Z2CZ14	0	0	0	0	0	0.305	0.382	0.069	0.565
EWB00_007978	EWB00_004506	6182.A0A4Z2CSH8	6182.A0A4Z2D514	0	0	0	0	0	0.305	0.382	0.069	0.565
EWB00_007978	EWB00_002869	6182.A0A4Z2CSH8	6182.A0A4Z2DAG8	0	0	0	0	0.049	0.310	0.395	0.052	0.573
EWB00_007978	EWB00_006209	6182.A0A4Z2CSH8	6182.A0A4Z2CZP0	0	0	0	0	0	0.118	0.448	0.238	0.596
EWB00_007978	EWB00_011039	6182.A0A4Z2CSH8	6182.A0A4Z2DN82	0	0	0	0	0	0.118	0.448	0.238	0.596
EWB00_007978	EWB00_002919	6182.A0A4Z2CSH8	6182.A0A4Z2DWJ9	0	0	0	0	0	0.118	0.448	0.238	0.596
EWB00_007978	EWB00_000516	6182.A0A4Z2CSH8	6182.A0A4Z2DIX5	0	0	0	0	0	0	0.498	0.255	0.610
EWB00_007978	EWB00_002531	6182.A0A4Z2CSH8	6182.A0A4Z2DBU6	0	0	0	0	0	0.214	0.537	0.058	0.627
EWB00_007978	EWB00_004095	6182.A0A4Z2CSH8	6182.Q6PMM5	0	0	0	0	0	0.506	0.391	0.097	0.704
EWB00_007978	EWB00_004032	6182.A0A4Z2CSH8	6182.A0A4Z2D6K4	0	0	0	0	0.160	0.364	0.515	0.060	0.723
EWB00_007978	EWB00_002899	6182.A0A4Z2CSH8	6182.A0A4Z2DX55	0	0	0	0	0	0.506	0.517	0.097	0.765
EWB00_007978	EWB00_001471	6182.A0A4Z2CSH8	6182.A0A4Z2DFS2	0	0	0	0	0	0.311	0.618	0.186	0.767
EWB00_007978	PR2	6182.A0A4Z2CSH8	6182.C7TXQ4	0	0	0	0	0	0.311	0.618	0.186	0.767
EWB00_007978	EWB00_007640	6182.A0A4Z2CSH8	6182.A0A4Z2CTJ3	0	0	0	0	0	0.311	0.618	0.240	0.782
EWB00_007978	EWB00_003747	6182.A0A4Z2CSH8	6182.A0A4Z2DVH8	0	0	0	0	0	0.214	0.787	0.054	0.827
EWB00_007978	EWB00_011263	6182.A0A4Z2CSH8	6182.A0A4Z2DKT9	0	0	0	0	0	0.214	0.372	0.740	0.860
EWB00_007978	EWB00_007520	6182.A0A4Z2CSH8	6182.A0A4Z2CUE7	0	0	0	0	0	0.384	0.771	0.197	0.876
EWB00_007978	EWB00_004406	6182.A0A4Z2CSH8	6182.A0A4Z2D5D6	0	0	0	0	0	0.384	0.771	0.197	0.876
EWB00_007978	fyn-prov	6182.A0A4Z2CSH8	6182.C1LGZ6	0	0	0	0	0	0.384	0.771	0.197	0.876
EWB00_007978	EWB00_010687	6182.A0A4Z2CSH8	6182.A0A4Z2DNJ5	0	0	0	0	0	0.654	0.811	0.068	0.933
EWB00_007978	EWB00_003063	6182.A0A4Z2CSH8	6182.A0A4Z2D9R8	0	0	0	0	0	0.506	0.821	0.339	0.936
EWB00_007978	EWB00_007322	6182.A0A4Z2CSH8	6182.A0A4Z2CUR2	0	0	0	0	0	0.302	0.876	0.369	0.940
EWB00_007978	EWB00_005803	6182.A0A4Z2CSH8	6182.A0A4Z2D0N4	0	0	0	0	0	0.798	0.394	0.645	0.952
EWB00_007978	EWB00_005849	6182.A0A4Z2CSH8	6182.A0A4Z2D0D0	0	0	0	0	0	0.699	0.618	0.706	0.963
EWB00_007978	EWB00_005910	6182.A0A4Z2CSH8	6182.A0A4Z2D044	0	0	0	0	0	0.777	0.739	0.438	0.964
EWB00_007978	EWB00_008748	6182.A0A4Z2CSH8	6182.A0A4Z2DTN7	0	0	0	0	0	0.798	0.811	0.320	0.971
EWB00_007978	EWB00_007965	6182.A0A4Z2CSH8	6182.A0A4Z2CSU9	0	0	0	0	0	0.814	0.811	0.285	0.972
EWB00_007978	Grb2	6182.A0A4Z2CSH8	6182.Q86F73	0	0	0	0	0	0.904	0.876	0.799	0.997
EWB00_008035	EWB00_008648	6182.A0A4Z2CRV6	6182.A0A4Z2CP90	0	0	0	0	0	0.290	0.394	0.066	0.563
EWB00_008035	EWB00_004325	6182.A0A4Z2CRV6	6182.A0A4Z2D5X8	0	0	0	0	0	0.290	0.394	0.075	0.567
EWB00_008035	EWB00_008932	6182.A0A4Z2CRV6	6182.A0A4Z2DSG0	0	0	0.154	0.711	0	0.290	0.394	0.066	0.614
EWB00_008035	EWB00_005166	6182.A0A4Z2CRV6	6182.A0A4Z2D2Y7	0	0	0.168	0.614	0	0.681	0	0.051	0.726
EWB00_008162	EWB00_010024	6182.A0A4Z2CR55	6182.A0A4Z2CL49	0	0	0	0	0.057	0.244	0.281	0.073	0.461
EWB00_008162	EWB00_009457	6182.A0A4Z2CR55	6182.A0A4Z2CLX5	0	0	0	0	0.057	0.244	0.281	0.073	0.461
EWB00_008162	EWB00_009456	6182.A0A4Z2CR55	6182.A0A4Z2CM06	0	0	0.496	0	0	0.140	0.340	0	0.688
EWB00_008162	EWB00_009435	6182.A0A4Z2CR55	6182.A0A4Z2CM43	0	0	0	0	0	0.143	0.340	0	0.410
EWB00_008162	EWB00_009122	6182.A0A4Z2CR55	6182.A0A4Z2CN26	0	0	0.188	0.602	0	0.204	0.360	0.050	0.554
EWB00_008162	EWB00_009095	6182.A0A4Z2CR55	6182.A0A4Z2CND2	0	0	0.191	0.686	0	0.140	0.393	0	0.540
EWB00_008162	EWB00_008993	6182.A0A4Z2CR55	6182.A0A4Z2CNG2	0	0	0.191	0.612	0	0.212	0.298	0.043	0.514
EWB00_008162	EWB00_008683	6182.A0A4Z2CR55	6182.A0A4Z2CNZ1	0	0	0	0	0	0.204	0.360	0.050	0.473
EWB00_008162	EWB00_008411	6182.A0A4Z2CR55	6182.A0A4Z2CQ40	0	0	0.230	0.578	0	0.145	0.391	0.046	0.566
EWB00_008162	EWB00_004137	6182.A0A4Z2CR55	6182.A0A4Z2D773	0	0	0	0	0	0.082	0.375	0	0.401
EWB00_008162	EWB00_003429	6182.A0A4Z2CR55	6182.A0A4Z2DWH7	0	0	0	0	0	0.127	0.335	0.065	0.409
EWB00_008162	EWB00_000085	6182.A0A4Z2CR55	6182.A0A4Z2DKG0	0	0	0.196	0.627	0	0.161	0.196	0	0.410
EWB00_008162	EWB00_006747	6182.A0A4Z2CR55	6182.A0A4Z2CWY6	0	0	0	0	0	0.082	0.384	0.045	0.412
EWB00_008162	EWB00_010727	6182.A0A4Z2CR55	6182.A0A4Z2DNH6	0	0	0	0	0	0.082	0.388	0	0.414
EWB00_008162	EWB00_008724	6182.A0A4Z2CR55	6182.A0A4Z2DSJ8	0	0	0.199	0.570	0.053	0.161	0.196	0	0.419
EWB00_008162	EWB00_002103	6182.A0A4Z2CR55	6182.A0A4Z2DDE8	0	0	0	0	0	0.082	0.390	0.054	0.423
EWB00_008162	EWB00_001471	6182.A0A4Z2CR55	6182.A0A4Z2DFS2	0	0	0	0	0	0.125	0.354	0.063	0.424
EWB00_008162	EWB00_007721	6182.A0A4Z2CR55	6182.A0A4Z2DSU2	0	0	0	0	0	0.212	0.298	0.043	0.424
EWB00_008162	EWB00_011320	6182.A0A4Z2CR55	6182.Q5DBY2	0	0	0.220	0.592	0	0.161	0.196	0	0.427
EWB00_008162	EWB00_004405	6182.A0A4Z2CR55	6182.A0A4Z2D5F1	0	0	0.226	0.587	0	0.161	0.196	0	0.432
EWB00_008162	EWB00_008747	6182.A0A4Z2CR55	6182.C1LG63	0	0	0	0	0	0.135	0.360	0.057	0.432
EWB00_008162	EWB00_009358	6182.A0A4Z2CR55	6182.A0A4Z2DRM5	0	0	0	0	0	0.141	0.371	0.055	0.444
EWB00_008162	EWB00_002869	6182.A0A4Z2CR55	6182.A0A4Z2DAG8	0	0	0	0	0	0.123	0.385	0.066	0.452
EWB00_008162	EWB00_008189	6182.A0A4Z2CR55	6182.A0A4Z2CR88	0	0	0	0	0	0.140	0.393	0	0.455
EWB00_008162	EWB00_007520	6182.A0A4Z2CR55	6182.A0A4Z2CUE7	0	0	0	0	0	0.146	0.393	0	0.459
EWB00_008162	EWB00_005849	6182.A0A4Z2CR55	6182.A0A4Z2D0D0	0	0	0	0	0	0.146	0.393	0	0.459
EWB00_008162	EWB00_003565	6182.A0A4Z2CR55	6182.A0A4Z2D923	0	0	0	0	0.112	0.104	0.356	0.075	0.462
EWB00_008162	EWB00_002899	6182.A0A4Z2CR55	6182.A0A4Z2DX55	0	0	0.192	0.647	0	0.146	0.282	0.048	0.465
EWB00_008162	EWB00_006350	6182.A0A4Z2CR55	6182.A0A4Z2CZ14	0	0	0	0	0	0.204	0.360	0.050	0.473
EWB00_008162	EWB00_004506	6182.A0A4Z2CR55	6182.A0A4Z2D514	0	0	0	0	0	0.204	0.360	0.050	0.473
EWB00_008162	EWB00_004095	6182.A0A4Z2CR55	6182.Q6PMM5	0	0	0	0	0	0.204	0.360	0.050	0.473
EWB00_008162	EWB00_004032	6182.A0A4Z2CR55	6182.A0A4Z2D6K4	0	0	0	0	0	0.209	0.374	0	0.483
EWB00_008162	EWB00_001343	6182.A0A4Z2CR55	6182.A0A4Z2DFX9	0	0	0.198	0.579	0	0.197	0.272	0	0.490
EWB00_008162	EWB00_008748	6182.A0A4Z2CR55	6182.A0A4Z2DTN7	0	0	0.194	0.677	0	0.180	0.282	0.054	0.491
EWB00_008162	cdk5	6182.A0A4Z2CR55	6182.C1L6Q8	0	0	0.159	0.607	0	0.124	0.374	0	0.498
EWB00_008162	EWB00_004196	6182.A0A4Z2CR55	6182.A0A4Z2DUY0	0	0	0.166	0.627	0	0.212	0.298	0.043	0.499
EWB00_008162	EWB00_007650	6182.A0A4Z2CR55	6182.A0A4Z2CTZ5	0	0	0.194	0.592	0	0.138	0.335	0.054	0.504
EWB00_008162	EWB00_002741	6182.A0A4Z2CR55	6182.A0A4Z2DB14	0	0	0	0	0	0.250	0.373	0.050	0.514
EWB00_008162	EWB00_010687	6182.A0A4Z2CR55	6182.A0A4Z2DNJ5	0	0	0	0	0	0.123	0.478	0	0.522
EWB00_008162	EWB00_004406	6182.A0A4Z2CR55	6182.A0A4Z2D5D6	0	0	0.158	0.705	0	0.146	0.393	0	0.525
EWB00_008162	EWB00_002781	6182.A0A4Z2CR55	6182.A0A4Z2DBA4	0	0	0.219	0	0	0.107	0.373	0.043	0.525
EWB00_008162	EWB00_003272	6182.A0A4Z2CR55	6182.Q5DB60	0	0	0.192	0.580	0	0.190	0.329	0.048	0.525
EWB00_008162	fyn-prov	6182.A0A4Z2CR55	6182.C1LGZ6	0	0	0.165	0.706	0	0.146	0.393	0	0.529
EWB00_008162	PR2	6182.A0A4Z2CR55	6182.C7TXQ4	0	0	0.216	0.585	0	0.125	0.354	0.063	0.529
EWB00_008162	EWB00_001225	6182.A0A4Z2CR55	6182.A0A4Z2DG63	0	0	0	0	0.196	0.104	0.356	0.107	0.530
EWB00_008162	EWB00_000516	6182.A0A4Z2CR55	6182.A0A4Z2DIX5	0	0	0	0	0	0.262	0.381	0.055	0.530
EWB00_008162	EWB00_005112	6182.A0A4Z2CR55	6182.C1LH53	0	0	0.221	0.611	0	0.164	0.340	0	0.532
EWB00_008162	EWB00_002797	6182.A0A4Z2CR55	6182.A0A4Z2DBK5	0	0	0.233	0.575	0	0.143	0.349	0	0.534
EWB00_008162	EWB00_007640	6182.A0A4Z2CR55	6182.A0A4Z2CTJ3	0	0	0.228	0.574	0	0.125	0.354	0.063	0.536
EWB00_008162	EWB00_007161	6182.A0A4Z2CR55	6182.A0A4Z2CVK4	0	0	0.208	0.581	0	0.135	0.370	0.064	0.541
EWB00_008162	EWB00_004650	6182.A0A4Z2CR55	6182.A0A4Z2D5A9	0	0	0.161	0.570	0	0.229	0.355	0.047	0.549
EWB00_008162	EWB00_008231	6182.A0A4Z2CR55	6182.A0A4Z2CRJ2	0	0	0.211	0.582	0	0.145	0.391	0.046	0.555
EWB00_008162	CKI-alpha	6182.A0A4Z2CR55	6182.C1L4B0	0	0	0.285	0	0	0.107	0.373	0.043	0.565
EWB00_008162	EWB00_007959	6182.A0A4Z2CR55	6182.A0A4Z2CS38	0	0	0.179	0.566	0.082	0.201	0.372	0	0.571
EWB00_008162	EWB00_000422	6182.A0A4Z2CR55	6182.A0A4Z2DIX7	0	0	0.305	0	0	0.107	0.373	0.043	0.577
EWB00_008162	EWB00_000751	6182.A0A4Z2CR55	6182.A0A4Z2DI18	0	0	0.216	0.563	0.065	0.201	0.372	0	0.582
EWB00_008162	EWB00_003114	6182.A0A4Z2CR55	6182.A0A4Z2D9R6	0	0	0.230	0.564	0	0.229	0.355	0.047	0.586
EWB00_008162	EWB00_005166	6182.A0A4Z2CR55	6182.A0A4Z2D2Y7	0	0	0.222	0.572	0	0.244	0.371	0.047	0.600
EWB00_008162	EWB00_002386	6182.A0A4Z2CR55	6182.A0A4Z2DCG1	0	0	0.194	0.568	0	0.266	0.372	0.062	0.604
EWB00_008162	EWB00_002858	6182.A0A4Z2CR55	6182.A0A4Z2DAI3	0	0	0.208	0.575	0	0.266	0.372	0.062	0.611
EWB00_008162	EWB00_007322	6182.A0A4Z2CR55	6182.A0A4Z2CUR2	0	0	0.161	0.724	0.109	0.248	0.390	0.043	0.612
EWB00_008162	EWB00_005910	6182.A0A4Z2CR55	6182.A0A4Z2D044	0	0	0	0	0.090	0.244	0.478	0.056	0.615
EWB00_008162	EWB00_010643	6182.A0A4Z2CR55	6182.A0A4Z2DN24	0	0	0	0	0	0.262	0.447	0.135	0.616
EWB00_008162	EWB00_006175	6182.A0A4Z2CR55	6182.A0A4Z2CZK0	0	0	0.335	0	0	0.229	0.355	0.047	0.642
EWB00_008162	EWB00_007978	6182.A0A4Z2CR55	6182.A0A4Z2CSH8	0	0	0	0	0	0.253	0.618	0.054	0.706
EWB00_008162	EWB00_003710	6182.A0A4Z2CR55	6182.A0A4Z2D7R1	0	0	0	0	0.049	0.506	0.300	0.232	0.713
EWB00_008162	Grb2	6182.A0A4Z2CR55	6182.Q86F73	0	0	0	0	0.090	0.244	0.618	0.056	0.718
EWB00_008162	EWB00_005803	6182.A0A4Z2CR55	6182.A0A4Z2D0N4	0	0	0	0	0.104	0.247	0.618	0.065	0.726
EWB00_008189	EWB00_010024	6182.A0A4Z2CR88	6182.A0A4Z2CL49	0	0	0	0	0	0.312	0.425	0.059	0.595
EWB00_008189	EWB00_009457	6182.A0A4Z2CR88	6182.A0A4Z2CLX5	0	0	0	0	0	0.312	0.425	0.059	0.595
EWB00_008189	EWB00_009435	6182.A0A4Z2CR88	6182.A0A4Z2CM43	0	0	0	0	0	0.143	0.340	0	0.410
EWB00_008189	EWB00_009267	6182.A0A4Z2CR88	6182.A0A4Z2CML4	0	0	0	0	0	0.165	0.381	0.066	0.475
EWB00_008189	EWB00_009162	6182.A0A4Z2CR88	6182.A0A4Z2CMV9	0	0	0	0	0	0.165	0.381	0.063	0.473
EWB00_008189	EWB00_009122	6182.A0A4Z2CR88	6182.A0A4Z2CN26	0	0	0	0	0	0.204	0.392	0.105	0.529
EWB00_008189	EWB00_008993	6182.A0A4Z2CR88	6182.A0A4Z2CNG2	0	0	0	0	0	0.212	0.378	0.043	0.489
EWB00_008189	EWB00_008683	6182.A0A4Z2CR88	6182.A0A4Z2CNZ1	0	0	0	0	0	0.204	0.392	0.069	0.510
EWB00_008189	EWB00_008528	6182.A0A4Z2CR88	6182.A0A4Z2CPM6	0	0	0	0	0	0.240	0.390	0.053	0.522
EWB00_008189	EWB00_008411	6182.A0A4Z2CR88	6182.A0A4Z2CQ40	0	0	0	0	0.055	0.145	0.388	0.046	0.465
EWB00_008189	EWB00_008162	6182.A0A4Z2CR88	6182.A0A4Z2CR55	0	0	0	0	0	0.140	0.393	0	0.455
EWB00_008189	EWB00_004137	6182.A0A4Z2CR88	6182.A0A4Z2D773	0	0	0	0	0	0.082	0.379	0	0.405
EWB00_008189	EWB00_010727	6182.A0A4Z2CR88	6182.A0A4Z2DNH6	0	0	0	0	0	0.082	0.379	0	0.405
EWB00_008189	EWB00_007650	6182.A0A4Z2CR88	6182.A0A4Z2CTZ5	0	0	0	0	0	0.138	0.335	0.054	0.410
EWB00_008189	EWB00_001618	6182.A0A4Z2CR88	6182.A0A4Z2DF74	0	0	0	0	0	0.165	0.282	0.104	0.415
EWB00_008189	EWB00_002781	6182.A0A4Z2CR88	6182.A0A4Z2DBA4	0	0	0	0	0	0.107	0.373	0.047	0.419
EWB00_008189	EWB00_000422	6182.A0A4Z2CR88	6182.A0A4Z2DIX7	0	0	0	0	0	0.107	0.373	0.047	0.419
EWB00_008189	CKI-alpha	6182.A0A4Z2CR88	6182.C1L4B0	0	0	0	0	0	0.107	0.373	0.047	0.419
EWB00_008189	EWB00_006126	6182.A0A4Z2CR88	6182.A0A4Z2CZR2	0	0	0	0	0	0.146	0.367	0	0.436
EWB00_008189	EWB00_001328	6182.A0A4Z2CR88	6182.A0A4Z2DG14	0	0	0	0	0	0.146	0.367	0	0.436
EWB00_008189	EWB00_003065	6182.A0A4Z2CR88	6182.A0A4Z2D9U3	0	0	0	0	0	0.092	0.372	0.096	0.439
EWB00_008189	EWB00_007965	6182.A0A4Z2CR88	6182.A0A4Z2CSU9	0	0	0	0	0	0.209	0.323	0	0.441
EWB00_008189	EWB00_004368	6182.A0A4Z2CR88	6182.A0A4Z2D605	0	0	0	0	0	0.114	0.390	0.062	0.448
EWB00_008189	EWB00_002797	6182.A0A4Z2CR88	6182.A0A4Z2DBK5	0	0	0	0	0	0.143	0.385	0	0.450
EWB00_008189	EWB00_006209	6182.A0A4Z2CR88	6182.A0A4Z2CZP0	0	0	0	0	0	0.141	0.385	0.063	0.461
EWB00_008189	EWB00_003639	6182.A0A4Z2CR88	6182.A0A4Z2D7T8	0	0	0	0	0	0.141	0.385	0.063	0.461
EWB00_008189	EWB00_011039	6182.A0A4Z2CR88	6182.A0A4Z2DN82	0	0	0	0	0	0.141	0.385	0.063	0.461
EWB00_008189	EWB00_002919	6182.A0A4Z2CR88	6182.A0A4Z2DWJ9	0	0	0	0	0	0.141	0.385	0.063	0.461
EWB00_008189	EWB00_008231	6182.A0A4Z2CR88	6182.A0A4Z2CRJ2	0	0	0	0	0.055	0.145	0.388	0.046	0.465
EWB00_008189	EWB00_007161	6182.A0A4Z2CR88	6182.A0A4Z2CVK4	0	0	0	0	0	0.135	0.394	0.070	0.469
EWB00_008189	EWB00_006002	6182.A0A4Z2CR88	6182.A0A4Z2DTC9	0	0	0	0	0	0.165	0.381	0.063	0.473
EWB00_008189	EWB00_008857	6182.A0A4Z2CR88	6182.A0A4Z2DY79	0	0	0	0	0	0.165	0.381	0.063	0.473
EWB00_008189	EWB00_009161	6182.A0A4Z2CR88	6182.C1L3T0	0	0	0	0	0	0.165	0.381	0.063	0.473
EWB00_008189	Act5C	6182.A0A4Z2CR88	6182.Q5DF69	0	0	0	0	0	0.165	0.381	0.066	0.475
EWB00_008189	EWB00_007959	6182.A0A4Z2CR88	6182.A0A4Z2CS38	0	0	0	0	0	0.201	0.372	0	0.476
EWB00_008189	EWB00_000751	6182.A0A4Z2CR88	6182.A0A4Z2DI18	0	0	0	0	0	0.201	0.372	0	0.476
EWB00_008189	EWB00_004876	6182.A0A4Z2CR88	6182.A0A4Z2DUG9	0	0	0	0	0	0.165	0.381	0.074	0.479
EWB00_008189	EWB00_004878	6182.A0A4Z2CR88	6182.A0A4Z2DUX1	0	0	0	0	0	0.165	0.381	0.074	0.479
EWB00_008189	EWB00_002502	6182.A0A4Z2CR88	6182.Q71TT8	0	0	0	0	0	0.165	0.381	0.074	0.479
EWB00_008189	EWB00_006505	6182.A0A4Z2CR88	6182.A0A4Z2CYG9	0	0	0	0	0	0.121	0.394	0.104	0.481
EWB00_008189	EWB00_003146	6182.A0A4Z2CR88	6182.A0A4Z2D9E0	0	0	0	0	0	0.121	0.394	0.104	0.481
EWB00_008189	EWB00_003272	6182.A0A4Z2CR88	6182.Q5DB60	0	0	0	0	0	0.190	0.386	0.048	0.485
EWB00_008189	EWB00_004243	6182.A0A4Z2CR88	6182.A0A4Z2D5G0	0	0	0	0	0	0.175	0.387	0.070	0.488
EWB00_008189	EWB00_003429	6182.A0A4Z2CR88	6182.A0A4Z2DWH7	0	0	0	0	0	0.170	0.393	0.070	0.490
EWB00_008189	EWB00_003565	6182.A0A4Z2CR88	6182.A0A4Z2D923	0	0	0	0	0	0.129	0.381	0.136	0.493
EWB00_008189	EWB00_001225	6182.A0A4Z2CR88	6182.A0A4Z2DG63	0	0	0	0	0	0.129	0.381	0.136	0.493
EWB00_008189	EWB00_007721	6182.A0A4Z2CR88	6182.A0A4Z2DSU2	0	0	0	0	0	0.212	0.378	0.049	0.493
EWB00_008189	EWB00_004196	6182.A0A4Z2CR88	6182.A0A4Z2DUY0	0	0	0	0	0	0.212	0.378	0.049	0.493
EWB00_008189	EWB00_006175	6182.A0A4Z2CR88	6182.A0A4Z2CZK0	0	0	0	0	0	0.229	0.355	0.069	0.496
EWB00_008189	EWB00_004650	6182.A0A4Z2CR88	6182.A0A4Z2D5A9	0	0	0	0	0	0.229	0.355	0.069	0.496
EWB00_008189	EWB00_003114	6182.A0A4Z2CR88	6182.A0A4Z2D9R6	0	0	0	0	0	0.229	0.355	0.069	0.496
EWB00_008189	EWB00_005166	6182.A0A4Z2CR88	6182.A0A4Z2D2Y7	0	0	0	0	0	0.244	0.371	0.047	0.507
EWB00_008189	EWB00_006350	6182.A0A4Z2CR88	6182.A0A4Z2CZ14	0	0	0	0	0	0.204	0.392	0.069	0.510
EWB00_008189	EWB00_004506	6182.A0A4Z2CR88	6182.A0A4Z2D514	0	0	0	0	0	0.204	0.392	0.069	0.510
EWB00_008189	EWB00_004095	6182.A0A4Z2CR88	6182.Q6PMM5	0	0	0	0	0	0.204	0.392	0.069	0.510
EWB00_008189	EWB00_010687	6182.A0A4Z2CR88	6182.A0A4Z2DNJ5	0	0	0	0	0	0.210	0.425	0	0.526
EWB00_008189	EWB00_008748	6182.A0A4Z2CR88	6182.A0A4Z2DTN7	0	0	0	0	0	0.256	0.382	0.063	0.531
EWB00_008189	EWB00_002899	6182.A0A4Z2CR88	6182.A0A4Z2DX55	0	0	0	0	0	0.256	0.382	0.063	0.531
EWB00_008189	EWB00_000516	6182.A0A4Z2CR88	6182.A0A4Z2DIX5	0	0	0	0	0	0.262	0.386	0.055	0.534
EWB00_008189	EWB00_002741	6182.A0A4Z2CR88	6182.A0A4Z2DB14	0	0	0	0	0	0.250	0.373	0.096	0.537
EWB00_008189	EWB00_011263	6182.A0A4Z2CR88	6182.A0A4Z2DKT9	0	0	0	0	0	0.252	0.394	0.063	0.538
EWB00_008189	EWB00_010643	6182.A0A4Z2CR88	6182.A0A4Z2DN24	0	0	0	0	0	0.262	0.395	0.055	0.541
EWB00_008189	EWB00_004032	6182.A0A4Z2CR88	6182.A0A4Z2D6K4	0	0	0	0	0	0.238	0.425	0	0.543
EWB00_008189	EWB00_002858	6182.A0A4Z2CR88	6182.A0A4Z2DAI3	0	0	0	0	0	0.266	0.394	0.062	0.546
EWB00_008189	EWB00_002386	6182.A0A4Z2CR88	6182.A0A4Z2DCG1	0	0	0	0	0	0.266	0.394	0.062	0.546
EWB00_008189	EWB00_002869	6182.A0A4Z2CR88	6182.A0A4Z2DAG8	0	0	0	0	0	0.134	0.383	0.235	0.555
EWB00_008189	EWB00_007640	6182.A0A4Z2CR88	6182.A0A4Z2CTJ3	0	0	0	0	0	0.295	0.394	0.071	0.568
EWB00_008189	EWB00_001471	6182.A0A4Z2CR88	6182.A0A4Z2DFS2	0	0	0	0	0	0.295	0.394	0.071	0.568
EWB00_008189	PR2	6182.A0A4Z2CR88	6182.C7TXQ4	0	0	0	0	0	0.295	0.394	0.071	0.568
EWB00_008189	EWB00_008934	6182.A0A4Z2CR88	6182.A0A4Z2DSI5	0	0	0	0	0	0.310	0.394	0.066	0.575
EWB00_008189	cdk5	6182.A0A4Z2CR88	6182.C1L6Q8	0	0	0	0	0	0.158	0.517	0	0.575
EWB00_008189	EWB00_002531	6182.A0A4Z2CR88	6182.A0A4Z2DBU6	0	0	0	0	0	0.292	0.391	0.124	0.589
EWB00_008189	EWB00_003747	6182.A0A4Z2CR88	6182.A0A4Z2DVH8	0	0	0	0	0	0.213	0.517	0	0.603
EWB00_008189	EWB00_009358	6182.A0A4Z2CR88	6182.A0A4Z2DRM5	0	0	0	0	0	0.141	0.517	0.128	0.606
EWB00_008189	EWB00_002182	6182.A0A4Z2CR88	6182.A0A4Z2DD10	0	0	0	0	0	0.237	0.517	0.068	0.626
EWB00_008189	EWB00_007519	6182.A0A4Z2CR88	6182.Q5D9F6	0	0	0	0	0	0.257	0.517	0.065	0.635
EWB00_008189	EWB00_003063	6182.A0A4Z2CR88	6182.A0A4Z2D9R8	0	0	0	0	0	0.288	0.517	0	0.641
EWB00_008189	EWB00_005910	6182.A0A4Z2CR88	6182.A0A4Z2D044	0	0	0	0	0	0.402	0.425	0.066	0.650
EWB00_008189	EWB00_007978	6182.A0A4Z2CR88	6182.A0A4Z2CSH8	0	0	0	0	0	0.256	0.517	0.137	0.662
EWB00_008189	EWB00_005803	6182.A0A4Z2CR88	6182.A0A4Z2D0N4	0	0	0	0	0	0.309	0.517	0.139	0.687
EWB00_008189	Grb2	6182.A0A4Z2CR88	6182.Q86F73	0	0	0	0	0	0.402	0.425	0.185	0.695
EWB00_008189	EWB00_003710	6182.A0A4Z2CR88	6182.A0A4Z2D7R1	0	0	0	0	0	0.506	0.394	0.131	0.717
EWB00_008189	EWB00_007322	6182.A0A4Z2CR88	6182.A0A4Z2CUR2	0	0	0	0	0	0.506	0.517	0.067	0.757
EWB00_008231	EWB00_009122	6182.A0A4Z2CRJ2	6182.A0A4Z2CN26	0	0	0.171	0.632	0	0.309	0.498	0.068	0.696
EWB00_008231	EWB00_009095	6182.A0A4Z2CRJ2	6182.A0A4Z2CND2	0	0	0.212	0.607	0.055	0.145	0.388	0.046	0.560
EWB00_008231	EWB00_008683	6182.A0A4Z2CRJ2	6182.A0A4Z2CNZ1	0	0	0.158	0.616	0	0.309	0.395	0.068	0.628
EWB00_008231	EWB00_008411	6182.A0A4Z2CRJ2	6182.A0A4Z2CQ40	0	0	0	0	0	0.309	0.722	0	0.799
EWB00_008231	EWB00_008162	6182.A0A4Z2CRJ2	6182.A0A4Z2CR55	0	0	0.211	0.582	0	0.145	0.391	0.046	0.555
EWB00_008231	EWB00_008189	6182.A0A4Z2CRJ2	6182.A0A4Z2CR88	0	0	0	0	0.055	0.145	0.388	0.046	0.465
EWB00_008231	EWB00_002103	6182.A0A4Z2CRJ2	6182.A0A4Z2DDE8	0	0	0	0	0	0	0.395	0.063	0.408
EWB00_008231	EWB00_004137	6182.A0A4Z2CRJ2	6182.A0A4Z2D773	0	0	0	0	0	0.088	0.380	0	0.410
EWB00_008231	EWB00_003272	6182.A0A4Z2CRJ2	6182.Q5DB60	0	0	0.192	0.618	0	0.296	0	0.050	0.412
EWB00_008231	EWB00_005385	6182.A0A4Z2CRJ2	6182.A0A4Z2D1Q0	0	0	0.152	0.610	0	0.322	0	0.066	0.416
EWB00_008231	EWB00_005116	6182.A0A4Z2CRJ2	6182.A0A4Z2D2T5	0	0	0.195	0.599	0	0.309	0	0.055	0.428
EWB00_008231	EWB00_004368	6182.A0A4Z2CRJ2	6182.A0A4Z2D605	0	0	0	0	0	0.145	0.363	0.046	0.435
EWB00_008231	EWB00_003063	6182.A0A4Z2CRJ2	6182.A0A4Z2D9R8	0	0	0	0	0	0.145	0.363	0.046	0.435
EWB00_008231	EWB00_005910	6182.A0A4Z2CRJ2	6182.A0A4Z2D044	0	0	0	0	0	0.105	0.395	0.043	0.436
EWB00_008231	EWB00_010727	6182.A0A4Z2CRJ2	6182.A0A4Z2DNH6	0	0	0	0	0	0.107	0.395	0	0.436
EWB00_008231	EWB00_007650	6182.A0A4Z2CRJ2	6182.A0A4Z2CTZ5	0	0	0	0	0	0.118	0.376	0.066	0.441
EWB00_008231	EWB00_003429	6182.A0A4Z2CRJ2	6182.A0A4Z2DWH7	0	0	0	0	0.051	0.293	0	0.236	0.442
EWB00_008231	EWB00_001228	6182.A0A4Z2CRJ2	6182.A0A4Z2DGB2	0	0	0	0	0.060	0.145	0.363	0.046	0.446
EWB00_008231	EWB00_001594	6182.A0A4Z2CRJ2	6182.A0A4Z2DF50	0	0	0	0	0.067	0.145	0.363	0.046	0.450
EWB00_008231	EWB00_004032	6182.A0A4Z2CRJ2	6182.A0A4Z2D6K4	0	0	0	0	0	0.149	0.381	0.052	0.457
EWB00_008231	EWB00_001343	6182.A0A4Z2CRJ2	6182.A0A4Z2DFX9	0	0	0.202	0.611	0	0.127	0.273	0.055	0.457
EWB00_008231	EWB00_008724	6182.A0A4Z2CRJ2	6182.A0A4Z2DSJ8	0	0	0.170	0.664	0	0.104	0.327	0.063	0.468
EWB00_008231	EWB00_001471	6182.A0A4Z2CRJ2	6182.A0A4Z2DFS2	0	0	0	0	0	0.145	0.390	0.064	0.469
EWB00_008231	EWB00_011320	6182.A0A4Z2CRJ2	6182.Q5DBY2	0	0	0.195	0.669	0	0.088	0.327	0.056	0.471
EWB00_008231	EWB00_000085	6182.A0A4Z2CRJ2	6182.A0A4Z2DKG0	0	0	0.200	0.654	0	0.088	0.327	0.056	0.474
EWB00_008231	EWB00_007322	6182.A0A4Z2CRJ2	6182.A0A4Z2CUR2	0	0	0.172	0.580	0	0	0.395	0.047	0.480
EWB00_008231	EWB00_004405	6182.A0A4Z2CRJ2	6182.A0A4Z2D5F1	0	0	0.210	0.613	0	0.088	0.327	0.056	0.481
EWB00_008231	EWB00_003590	6182.A0A4Z2CRJ2	6182.A0A4Z2D831	0	0	0	0	0	0.298	0.254	0.090	0.481
EWB00_008231	FHL-2	6182.A0A4Z2CRJ2	6182.C1LEH1	0	0	0	0	0	0.298	0.254	0.090	0.481
EWB00_008231	EWB00_002899	6182.A0A4Z2CRJ2	6182.A0A4Z2DX55	0	0	0.179	0.569	0	0.063	0.386	0	0.486
EWB00_008231	EWB00_003565	6182.A0A4Z2CRJ2	6182.A0A4Z2D923	0	0	0	0	0	0.119	0.394	0.150	0.506
EWB00_008231	EWB00_005467	6182.A0A4Z2CRJ2	6182.A0A4Z2DU85	0	0	0.152	0.622	0	0.145	0.363	0.063	0.509
EWB00_008231	EWB00_007965	6182.A0A4Z2CRJ2	6182.A0A4Z2CSU9	0	0	0.186	0.580	0	0.145	0.363	0.046	0.520
EWB00_008231	EWB00_008748	6182.A0A4Z2CRJ2	6182.A0A4Z2DTN7	0	0	0.226	0.597	0	0.084	0.386	0	0.526
EWB00_008231	EWB00_005849	6182.A0A4Z2CRJ2	6182.A0A4Z2D0D0	0	0	0	0	0.055	0.145	0.464	0.046	0.531
EWB00_008231	EWB00_004406	6182.A0A4Z2CRJ2	6182.A0A4Z2D5D6	0	0	0.153	0.587	0.055	0.145	0.394	0.046	0.532
EWB00_008231	EWB00_010687	6182.A0A4Z2CRJ2	6182.A0A4Z2DNJ5	0	0	0	0	0	0.257	0.394	0.046	0.532
EWB00_008231	EWB00_007520	6182.A0A4Z2CRJ2	6182.A0A4Z2CUE7	0	0	0.157	0.576	0.055	0.145	0.394	0.046	0.534
EWB00_008231	EWB00_003876	6182.A0A4Z2CRJ2	6182.A0A4Z2D736	0	0	0.203	0.641	0	0.114	0.394	0.062	0.544
EWB00_008231	Grb2	6182.A0A4Z2CRJ2	6182.Q86F73	0	0	0	0	0	0.129	0.492	0.053	0.544
EWB00_008231	EWB00_001225	6182.A0A4Z2CRJ2	6182.A0A4Z2DG63	0	0	0	0	0	0.104	0.501	0.065	0.545
EWB00_008231	fyn-prov	6182.A0A4Z2CRJ2	6182.C1LGZ6	0	0	0.183	0.580	0.055	0.145	0.394	0.046	0.548
EWB00_008231	EWB00_007978	6182.A0A4Z2CRJ2	6182.A0A4Z2CSH8	0	0	0	0	0	0.232	0.444	0.048	0.557
EWB00_008231	PR2	6182.A0A4Z2CRJ2	6182.C7TXQ4	0	0	0.194	0.593	0.054	0.145	0.390	0.064	0.559
EWB00_008231	EWB00_007161	6182.A0A4Z2CRJ2	6182.A0A4Z2CVK4	0	0	0.185	0.659	0.045	0	0.483	0	0.562
EWB00_008231	EWB00_006350	6182.A0A4Z2CRJ2	6182.A0A4Z2CZ14	0	0	0	0	0	0.309	0.394	0.068	0.575
EWB00_008231	EWB00_004506	6182.A0A4Z2CRJ2	6182.A0A4Z2D514	0	0	0	0	0	0.309	0.394	0.068	0.575
EWB00_008231	EWB00_004095	6182.A0A4Z2CRJ2	6182.Q6PMM5	0	0	0	0	0	0.309	0.395	0.068	0.576
EWB00_008231	EWB00_007640	6182.A0A4Z2CRJ2	6182.A0A4Z2CTJ3	0	0	0.206	0.588	0	0.187	0.394	0.064	0.584
EWB00_008231	EWB00_002869	6182.A0A4Z2CRJ2	6182.A0A4Z2DAG8	0	0	0	0	0.051	0.332	0.391	0.070	0.592
EWB00_008231	EWB00_003747	6182.A0A4Z2CRJ2	6182.A0A4Z2DVH8	0	0	0.164	0.584	0	0.145	0.473	0.046	0.592
EWB00_008231	EWB00_011263	6182.A0A4Z2CRJ2	6182.A0A4Z2DKT9	0	0	0	0	0.058	0.383	0.363	0.066	0.607
EWB00_008231	EWB00_002858	6182.A0A4Z2CRJ2	6182.A0A4Z2DAI3	0	0	0.222	0.584	0	0.310	0.449	0.104	0.699
EWB00_008231	EWB00_006234	6182.A0A4Z2CRJ2	6182.A0A4Z2CZ44	0	0	0	0	0	0.297	0.593	0.065	0.709
EWB00_008231	EWB00_002775	6182.A0A4Z2CRJ2	6182.A0A4Z2DBA8	0	0	0	0	0	0.297	0.593	0.065	0.709
EWB00_008231	EWB00_008934	6182.A0A4Z2CRJ2	6182.A0A4Z2DSI5	0	0	0	0	0	0.309	0.723	0.046	0.801
EWB00_008231	EWB00_002531	6182.A0A4Z2CRJ2	6182.A0A4Z2DBU6	0	0	0.151	0.597	0	0.291	0.723	0.119	0.833
EWB00_008231	EWB00_002386	6182.A0A4Z2CRJ2	6182.A0A4Z2DCG1	0	0	0.217	0.612	0	0.497	0.723	0.139	0.893
EWB00_008231	EWB00_010643	6182.A0A4Z2CRJ2	6182.A0A4Z2DN24	0	0	0	0	0	0.797	0.723	0.167	0.949
EWB00_008239	EWB00_008372	6182.A0A4Z2CQY2	6182.A0A4Z2CQJ6	0	0	0	0	0	0.242	0.339	0.091	0.504
EWB00_008239	EWB00_002413	6182.A0A4Z2CQY2	6182.A0A4Z2DCK0	0	0	0	0	0	0.111	0.383	0	0.428
EWB00_008239	EWB00_003639	6182.A0A4Z2CQY2	6182.A0A4Z2D7T8	0	0	0	0	0	0.093	0.379	0.069	0.429
EWB00_008239	EWB00_006209	6182.A0A4Z2CQY2	6182.A0A4Z2CZP0	0	0	0	0	0	0.101	0.390	0.104	0.465
EWB00_008239	EWB00_011039	6182.A0A4Z2CQY2	6182.A0A4Z2DN82	0	0	0	0	0	0.101	0.390	0.104	0.465
EWB00_008239	EWB00_002919	6182.A0A4Z2CQY2	6182.A0A4Z2DWJ9	0	0	0	0	0	0.101	0.390	0.104	0.465
EWB00_008239	EWB00_006126	6182.A0A4Z2CQY2	6182.A0A4Z2CZR2	0	0	0	0	0.056	0.239	0.245	0.170	0.489
EWB00_008239	EWB00_005116	6182.A0A4Z2CQY2	6182.A0A4Z2D2T5	0	0	0	0	0	0.242	0.339	0.064	0.490
EWB00_008239	EWB00_003710	6182.A0A4Z2CQY2	6182.A0A4Z2D7R1	0	0	0	0	0	0.141	0.374	0.155	0.505
EWB00_008239	EWB00_002869	6182.A0A4Z2CQY2	6182.A0A4Z2DAG8	0	0	0	0	0	0.157	0.394	0.118	0.510
EWB00_008239	EWB00_007322	6182.A0A4Z2CQY2	6182.A0A4Z2CUR2	0	0	0	0	0	0	0.504	0.066	0.516
EWB00_008239	EWB00_001328	6182.A0A4Z2CQY2	6182.A0A4Z2DG14	0	0	0	0	0	0.197	0.377	0.201	0.565
EWB00_008286	EWB00_009122	6182.A0A4Z2CQZ5	6182.A0A4Z2CN26	0	0	0.179	0.610	0	0.463	0.107	0	0.571
EWB00_008286	EWB00_002182	6182.A0A4Z2CQZ5	6182.A0A4Z2DD10	0	0	0	0	0	0	0	0.403	0.403
EWB00_008286	EWB00_008932	6182.A0A4Z2CQZ5	6182.A0A4Z2DSG0	0	0	0.189	0.592	0	0	0.300	0	0.408
EWB00_008286	EWB00_007161	6182.A0A4Z2CQZ5	6182.A0A4Z2CVK4	0	0	0.188	0.617	0	0	0.297	0.049	0.409
EWB00_008286	EWB00_009358	6182.A0A4Z2CQZ5	6182.A0A4Z2DRM5	0	0	0	0	0	0	0	0.429	0.429
EWB00_008286	PR2	6182.A0A4Z2CQZ5	6182.C7TXQ4	0	0	0.419	0	0.161	0.095	0	0.043	0.521
EWB00_008286	EWB00_002531	6182.A0A4Z2CQZ5	6182.A0A4Z2DBU6	0	0	0	0	0	0.121	0.517	0.084	0.577
EWB00_008286	EWB00_004650	6182.A0A4Z2CQZ5	6182.A0A4Z2D5A9	0	0	0.159	0.577	0	0.320	0.406	0.070	0.641
EWB00_008286	EWB00_006175	6182.A0A4Z2CQZ5	6182.A0A4Z2CZK0	0	0	0.182	0.562	0	0.320	0.406	0.070	0.651
EWB00_008286	EWB00_003114	6182.A0A4Z2CQZ5	6182.A0A4Z2D9R6	0	0	0.217	0.577	0	0.320	0.406	0.070	0.666
EWB00_008372	EWB00_009267	6182.A0A4Z2CQJ6	6182.A0A4Z2CML4	0	0	0	0	0	0.102	0.453	0.202	0.573
EWB00_008372	EWB00_009162	6182.A0A4Z2CQJ6	6182.A0A4Z2CMV9	0	0	0	0	0	0.102	0.390	0.105	0.466
EWB00_008372	EWB00_009287	6182.A0A4Z2CQJ6	6182.A0A4Z2CN04	0	0	0	0	0	0.135	0.739	0.360	0.842
EWB00_008372	EWB00_009117	6182.A0A4Z2CQJ6	6182.A0A4Z2CN06	0	0	0	0	0.050	0.178	0.372	0	0.466
EWB00_008372	EWB00_008993	6182.A0A4Z2CQJ6	6182.A0A4Z2CNG2	0	0	0	0	0	0.113	0.473	0	0.512
EWB00_008372	EWB00_008648	6182.A0A4Z2CQJ6	6182.A0A4Z2CP90	0	0	0	0	0.148	0.131	0.394	0.054	0.518
EWB00_008372	EWB00_000320	6182.A0A4Z2CQJ6	6182.A0A4Z2DXA7	0	0	0	0	0	0.087	0.383	0	0.412
EWB00_008372	EWB00_007426	6182.A0A4Z2CQJ6	6182.C1LJL2	0	0	0	0	0	0.119	0.379	0.067	0.444
EWB00_008372	EWB00_010647	6182.A0A4Z2CQJ6	6182.Q5DHL6	0	0	0	0	0	0.127	0.379	0.067	0.450
EWB00_008372	EWB00_010398	6182.A0A4Z2CQJ6	6182.A0A4Z2DXN3	0	0	0	0	0	0.178	0.372	0	0.461
EWB00_008372	EWB00_006002	6182.A0A4Z2CQJ6	6182.A0A4Z2DTC9	0	0	0	0	0	0.102	0.390	0.105	0.466
EWB00_008372	EWB00_009161	6182.A0A4Z2CQJ6	6182.C1L3T0	0	0	0	0	0	0.102	0.390	0.105	0.466
EWB00_008372	EWB00_002413	6182.A0A4Z2CQJ6	6182.A0A4Z2DCK0	0	0	0	0	0	0.467	0	0	0.467
EWB00_008372	EWB00_004325	6182.A0A4Z2CQJ6	6182.A0A4Z2D5X8	0	0	0	0	0.059	0.131	0.394	0.054	0.468
EWB00_008372	EWB00_002741	6182.A0A4Z2CQJ6	6182.A0A4Z2DB14	0	0	0	0	0	0	0.470	0.043	0.471
EWB00_008372	EWB00_004872	6182.A0A4Z2CQJ6	6182.A0A4Z2DUW3	0	0	0	0	0	0.178	0.372	0.064	0.474
EWB00_008372	EWB00_005528	6182.A0A4Z2CQJ6	6182.A0A4Z2D2F1	0	0	0	0	0	0.242	0.339	0.064	0.490
EWB00_008372	EWB00_008239	6182.A0A4Z2CQJ6	6182.A0A4Z2CQY2	0	0	0	0	0	0.242	0.339	0.091	0.504
EWB00_008372	EWB00_007395	6182.A0A4Z2CQJ6	6182.A0A4Z2CUS5	0	0	0	0	0	0.242	0.339	0.091	0.504
EWB00_008372	EWB00_006200	6182.A0A4Z2CQJ6	6182.A0A4Z2CZM0	0	0	0	0	0	0.242	0.339	0.091	0.504
EWB00_008372	EWB00_006201	6182.A0A4Z2CQJ6	6182.A0A4Z2CZR4	0	0	0	0	0	0.242	0.339	0.091	0.504
EWB00_008372	EWB00_006199	6182.A0A4Z2CQJ6	6182.A0A4Z2D0J4	0	0	0	0	0	0.242	0.339	0.091	0.504
EWB00_008372	EWB00_001311	6182.A0A4Z2CQJ6	6182.A0A4Z2DG67	0	0	0	0	0	0.242	0.339	0.091	0.504
EWB00_008372	EWB00_001102	6182.A0A4Z2CQJ6	6182.A0A4Z2DGT3	0	0	0	0	0	0.242	0.339	0.091	0.504
EWB00_008372	EWB00_000274	6182.A0A4Z2CQJ6	6182.A0A4Z2DJH5	0	0	0	0	0	0.242	0.339	0.091	0.504
EWB00_008372	EWB00_010449	6182.A0A4Z2CQJ6	6182.A0A4Z2DXL3	0	0	0	0	0	0.242	0.339	0.091	0.504
EWB00_008372	EWB00_010448	6182.A0A4Z2CQJ6	6182.A0A4Z2DXQ5	0	0	0	0	0	0.242	0.339	0.091	0.504
EWB00_008372	EWB00_010450	6182.A0A4Z2CQJ6	6182.A0A4Z2DXW2	0	0	0	0	0	0.242	0.339	0.091	0.504
EWB00_008372	EWB00_001618	6182.A0A4Z2CQJ6	6182.A0A4Z2DF74	0	0	0	0	0	0.093	0.379	0.200	0.510
EWB00_008372	EWB00_003234	6182.A0A4Z2CQJ6	6182.A0A4Z2D940	0	0	0	0	0	0.064	0.501	0.052	0.518
EWB00_008372	EWB00_008932	6182.A0A4Z2CQJ6	6182.A0A4Z2DSG0	0	0	0	0	0.148	0.131	0.394	0.054	0.518
EWB00_008372	EWB00_009605	6182.A0A4Z2CQJ6	6182.A0A4Z2DR61	0	0	0	0	0	0.237	0.383	0.062	0.519
EWB00_008372	EWB00_007721	6182.A0A4Z2CQJ6	6182.A0A4Z2DSU2	0	0	0	0	0	0.113	0.534	0.042	0.569
EWB00_008372	EWB00_004196	6182.A0A4Z2CQJ6	6182.A0A4Z2DUY0	0	0	0	0	0	0.113	0.534	0.042	0.569
EWB00_008372	EWB00_003876	6182.A0A4Z2CQJ6	6182.A0A4Z2D736	0	0	0	0	0	0.296	0.385	0.088	0.570
EWB00_008372	EWB00_004876	6182.A0A4Z2CQJ6	6182.A0A4Z2DUG9	0	0	0	0	0	0.102	0.453	0.202	0.573
EWB00_008372	EWB00_004878	6182.A0A4Z2CQJ6	6182.A0A4Z2DUX1	0	0	0	0	0	0.102	0.453	0.202	0.573
EWB00_008372	Act5C	6182.A0A4Z2CQJ6	6182.Q5DF69	0	0	0	0	0	0.102	0.453	0.202	0.573
EWB00_008372	EWB00_002502	6182.A0A4Z2CQJ6	6182.Q71TT8	0	0	0	0	0	0.102	0.453	0.202	0.573
EWB00_008372	EWB00_006126	6182.A0A4Z2CQJ6	6182.A0A4Z2CZR2	0	0	0	0	0	0.309	0.385	0.081	0.575
EWB00_008372	EWB00_001328	6182.A0A4Z2CQJ6	6182.A0A4Z2DG14	0	0	0	0	0	0.309	0.385	0.081	0.575
EWB00_008372	EWB00_009479	6182.A0A4Z2CQJ6	6182.A0A4Z2DRN3	0	0	0	0	0	0.652	0	0.061	0.659
EWB00_008372	EWB00_002194	6182.A0A4Z2CQJ6	6182.A0A4Z2DDD6	0	0	0	0	0	0	0.683	0	0.683
EWB00_008372	EWB00_005385	6182.A0A4Z2CQJ6	6182.A0A4Z2D1Q0	0	0	0	0	0.045	0.731	0	0.133	0.757
EWB00_008372	EWB00_008857	6182.A0A4Z2CQJ6	6182.A0A4Z2DY79	0	0	0	0	0.130	0.102	0.721	0.202	0.802
EWB00_008372	EWB00_008934	6182.A0A4Z2CQJ6	6182.A0A4Z2DSI5	0	0	0	0	0	0.115	0.876	0	0.885
EWB00_008372	EWB00_011156	6182.A0A4Z2CQJ6	6182.A0A4Z2DLU7	0	0	0	0	0.331	0.811	0.494	0.234	0.944
EWB00_008372	EWB00_003272	6182.A0A4Z2CQJ6	6182.Q5DB60	0	0	0	0	0.485	0.627	0.811	0.227	0.968
EWB00_008372	EWB00_003470	6182.A0A4Z2CQJ6	6182.A0A4Z2D886	0	0	0	0	0.148	0.816	0.821	0.238	0.975
EWB00_008372	EWB00_005116	6182.A0A4Z2CQJ6	6182.A0A4Z2D2T5	0	0	0	0	0.160	0.212	0.946	0.562	0.982
EWB00_008372	EWB00_004811	6182.A0A4Z2CQJ6	6182.A0A4Z2DUN6	0	0	0	0	0.434	0.893	0.661	0.234	0.982
EWB00_008411	EWB00_009122	6182.A0A4Z2CQ40	6182.A0A4Z2CN26	0	0	0.190	0.615	0	0.309	0.394	0.068	0.641
EWB00_008411	EWB00_009095	6182.A0A4Z2CQ40	6182.A0A4Z2CND2	0	0	0.231	0.562	0.055	0.145	0.388	0.046	0.571
EWB00_008411	EWB00_008683	6182.A0A4Z2CQ40	6182.A0A4Z2CNZ1	0	0	0.150	0.613	0	0.309	0.394	0.068	0.623
EWB00_008411	EWB00_004137	6182.A0A4Z2CQ40	6182.A0A4Z2D773	0	0	0	0	0	0.088	0.380	0	0.410
EWB00_008411	EWB00_003272	6182.A0A4Z2CQ40	6182.Q5DB60	0	0	0.204	0.611	0	0.296	0	0.050	0.421
EWB00_008411	EWB00_005116	6182.A0A4Z2CQ40	6182.A0A4Z2D2T5	0	0	0.202	0.577	0	0.309	0	0.055	0.433
EWB00_008411	EWB00_004368	6182.A0A4Z2CQ40	6182.A0A4Z2D605	0	0	0	0	0	0.145	0.363	0.046	0.435
EWB00_008411	EWB00_003063	6182.A0A4Z2CQ40	6182.A0A4Z2D9R8	0	0	0	0	0	0.145	0.363	0.046	0.435
EWB00_008411	EWB00_001594	6182.A0A4Z2CQ40	6182.A0A4Z2DF50	0	0	0	0	0.042	0.145	0.363	0.046	0.435
EWB00_008411	EWB00_005910	6182.A0A4Z2CQ40	6182.A0A4Z2D044	0	0	0	0	0	0.105	0.395	0.043	0.436
EWB00_008411	EWB00_001228	6182.A0A4Z2CQ40	6182.A0A4Z2DGB2	0	0	0	0	0.047	0.145	0.363	0.046	0.438
EWB00_008411	EWB00_001225	6182.A0A4Z2CQ40	6182.A0A4Z2DG63	0	0	0	0	0	0.104	0.403	0.065	0.456
EWB00_008411	EWB00_004032	6182.A0A4Z2CQ40	6182.A0A4Z2D6K4	0	0	0	0	0	0.149	0.381	0.052	0.457
EWB00_008411	EWB00_005385	6182.A0A4Z2CQ40	6182.A0A4Z2D1Q0	0	0	0.160	0.604	0.109	0.322	0	0.066	0.462
EWB00_008411	EWB00_008189	6182.A0A4Z2CQ40	6182.A0A4Z2CR88	0	0	0	0	0.055	0.145	0.388	0.046	0.465
EWB00_008411	EWB00_001471	6182.A0A4Z2CQ40	6182.A0A4Z2DFS2	0	0	0	0	0	0.145	0.390	0.064	0.469
EWB00_008411	EWB00_007978	6182.A0A4Z2CQ40	6182.A0A4Z2CSH8	0	0	0	0	0	0.165	0.394	0.047	0.475
EWB00_008411	EWB00_000085	6182.A0A4Z2CQ40	6182.A0A4Z2DKG0	0	0	0.202	0.646	0	0.088	0.327	0.056	0.475
EWB00_008411	EWB00_008724	6182.A0A4Z2CQ40	6182.A0A4Z2DSJ8	0	0	0.183	0.641	0	0.104	0.327	0.063	0.476
EWB00_008411	EWB00_011320	6182.A0A4Z2CQ40	6182.Q5DBY2	0	0	0.204	0.649	0	0.088	0.327	0.056	0.477
EWB00_008411	EWB00_003590	6182.A0A4Z2CQ40	6182.A0A4Z2D831	0	0	0	0	0	0.298	0.254	0.090	0.481
EWB00_008411	FHL-2	6182.A0A4Z2CQ40	6182.C1LEH1	0	0	0	0	0	0.298	0.254	0.090	0.481
EWB00_008411	EWB00_004405	6182.A0A4Z2CQ40	6182.A0A4Z2D5F1	0	0	0.214	0.610	0	0.088	0.327	0.056	0.483
EWB00_008411	EWB00_007161	6182.A0A4Z2CQ40	6182.A0A4Z2CVK4	0	0	0.196	0.639	0	0	0.394	0	0.491
EWB00_008411	EWB00_003565	6182.A0A4Z2CQ40	6182.A0A4Z2D923	0	0	0	0	0	0.151	0.394	0.098	0.495
EWB00_008411	EWB00_010727	6182.A0A4Z2CQ40	6182.A0A4Z2DNH6	0	0	0	0	0	0.099	0.466	0	0.498
EWB00_008411	EWB00_005467	6182.A0A4Z2CQ40	6182.A0A4Z2DU85	0	0	0.152	0.580	0	0.145	0.363	0.049	0.502
EWB00_008411	EWB00_007322	6182.A0A4Z2CQ40	6182.A0A4Z2CUR2	0	0	0.202	0.559	0	0	0.395	0.060	0.506
EWB00_008411	EWB00_002899	6182.A0A4Z2CQ40	6182.A0A4Z2DX55	0	0	0.226	0.551	0	0.063	0.386	0	0.515
EWB00_008411	EWB00_002103	6182.A0A4Z2CQ40	6182.A0A4Z2DDE8	0	0	0	0	0	0	0.493	0.090	0.518
EWB00_008411	EWB00_007650	6182.A0A4Z2CQ40	6182.A0A4Z2CTZ5	0	0	0.193	0.657	0	0.111	0.376	0.066	0.525
EWB00_008411	EWB00_004406	6182.A0A4Z2CQ40	6182.A0A4Z2D5D6	0	0	0.151	0.562	0.055	0.145	0.395	0.046	0.531
EWB00_008411	EWB00_007520	6182.A0A4Z2CQ40	6182.A0A4Z2CUE7	0	0	0.156	0.554	0.055	0.145	0.395	0.046	0.534
EWB00_008411	EWB00_007965	6182.A0A4Z2CQ40	6182.A0A4Z2CSU9	0	0	0.221	0.552	0	0.145	0.363	0.046	0.541
EWB00_008411	EWB00_003747	6182.A0A4Z2CQ40	6182.A0A4Z2DVH8	0	0	0.180	0.558	0	0.145	0.395	0.046	0.541
EWB00_008411	EWB00_011263	6182.A0A4Z2CQ40	6182.A0A4Z2DKT9	0	0	0	0	0.042	0.304	0.363	0.053	0.543
EWB00_008411	fyn-prov	6182.A0A4Z2CQ40	6182.C1LGZ6	0	0	0.177	0.567	0.055	0.145	0.395	0.046	0.546
EWB00_008411	EWB00_008748	6182.A0A4Z2CQ40	6182.A0A4Z2DTN7	0	0	0.250	0.561	0	0.098	0.386	0	0.548
EWB00_008411	EWB00_008162	6182.A0A4Z2CQ40	6182.A0A4Z2CR55	0	0	0.230	0.578	0	0.145	0.391	0.046	0.566
EWB00_008411	Grb2	6182.A0A4Z2CQ40	6182.Q86F73	0	0	0	0	0	0.119	0.502	0.104	0.572
EWB00_008411	EWB00_006350	6182.A0A4Z2CQ40	6182.A0A4Z2CZ14	0	0	0	0	0	0.309	0.394	0.068	0.575
EWB00_008411	EWB00_004506	6182.A0A4Z2CQ40	6182.A0A4Z2D514	0	0	0	0	0	0.309	0.394	0.068	0.575
EWB00_008411	EWB00_004095	6182.A0A4Z2CQ40	6182.Q6PMM5	0	0	0	0	0	0.309	0.394	0.068	0.575
EWB00_008411	EWB00_006234	6182.A0A4Z2CQ40	6182.A0A4Z2CZ44	0	0	0	0	0	0.254	0.449	0.059	0.579
EWB00_008411	EWB00_002775	6182.A0A4Z2CQ40	6182.A0A4Z2DBA8	0	0	0	0	0	0.254	0.449	0.059	0.579
EWB00_008411	EWB00_005849	6182.A0A4Z2CQ40	6182.A0A4Z2D0D0	0	0	0	0	0.055	0.145	0.538	0.046	0.596
EWB00_008411	EWB00_007640	6182.A0A4Z2CQ40	6182.A0A4Z2CTJ3	0	0	0.237	0.557	0	0.145	0.461	0.064	0.626
EWB00_008411	EWB00_010687	6182.A0A4Z2CQ40	6182.A0A4Z2DNJ5	0	0	0	0	0	0.484	0.395	0.046	0.676
EWB00_008411	PR2	6182.A0A4Z2CQ40	6182.C7TXQ4	0	0	0.441	0	0	0.145	0.390	0.064	0.690
EWB00_008411	EWB00_002858	6182.A0A4Z2CQ40	6182.A0A4Z2DAI3	0	0	0.222	0.570	0	0.310	0.449	0.104	0.699
EWB00_008411	EWB00_003876	6182.A0A4Z2CQ40	6182.A0A4Z2D736	0	0	0.234	0.583	0	0.117	0.627	0.062	0.731
EWB00_008411	EWB00_002869	6182.A0A4Z2CQ40	6182.A0A4Z2DAG8	0	0	0	0	0	0.655	0.394	0.063	0.786
EWB00_008411	EWB00_008231	6182.A0A4Z2CQ40	6182.A0A4Z2CRJ2	0	0	0	0	0	0.309	0.722	0	0.799
EWB00_008411	EWB00_008934	6182.A0A4Z2CQ40	6182.A0A4Z2DSI5	0	0	0	0	0	0.264	0.876	0.046	0.905
EWB00_008411	EWB00_002531	6182.A0A4Z2CQ40	6182.A0A4Z2DBU6	0	0	0.156	0.624	0	0.303	0.876	0.119	0.927
EWB00_008411	EWB00_002386	6182.A0A4Z2CQ40	6182.A0A4Z2DCG1	0	0	0.209	0.597	0	0.375	0.876	0.139	0.940
EWB00_008411	EWB00_010643	6182.A0A4Z2CQ40	6182.A0A4Z2DN24	0	0	0	0	0	0.646	0.876	0.297	0.966
EWB00_008528	EWB00_010024	6182.A0A4Z2CPM6	6182.A0A4Z2CL49	0	0	0	0	0	0.600	0.811	0.087	0.924
EWB00_008528	EWB00_009457	6182.A0A4Z2CPM6	6182.A0A4Z2CLX5	0	0	0	0	0	0.600	0.811	0.087	0.924
EWB00_008528	EWB00_009122	6182.A0A4Z2CPM6	6182.A0A4Z2CN26	0	0	0	0	0	0.318	0.379	0.169	0.617
EWB00_008528	EWB00_009095	6182.A0A4Z2CPM6	6182.A0A4Z2CND2	0	0	0	0	0	0.240	0.390	0.053	0.522
EWB00_008528	EWB00_008683	6182.A0A4Z2CPM6	6182.A0A4Z2CNZ1	0	0	0	0	0	0.318	0.379	0.098	0.584
EWB00_008528	EWB00_006505	6182.A0A4Z2CPM6	6182.A0A4Z2CYG9	0	0	0	0	0	0	0.394	0.055	0.402
EWB00_008528	EWB00_002899	6182.A0A4Z2CPM6	6182.A0A4Z2DX55	0	0	0	0	0	0.132	0.381	0.043	0.440
EWB00_008528	EWB00_004243	6182.A0A4Z2CPM6	6182.A0A4Z2D5G0	0	0	0	0	0.147	0.055	0.364	0	0.442
EWB00_008528	EWB00_002531	6182.A0A4Z2CPM6	6182.A0A4Z2DBU6	0	0	0	0	0.052	0.210	0.348	0.043	0.470
EWB00_008528	EWB00_003146	6182.A0A4Z2CPM6	6182.A0A4Z2D9E0	0	0	0	0	0	0	0.469	0.055	0.476
EWB00_008528	EWB00_006209	6182.A0A4Z2CPM6	6182.A0A4Z2CZP0	0	0	0	0	0	0.179	0.384	0.050	0.477
EWB00_008528	EWB00_011039	6182.A0A4Z2CPM6	6182.A0A4Z2DN82	0	0	0	0	0	0.179	0.384	0.050	0.477
EWB00_008528	EWB00_002919	6182.A0A4Z2CPM6	6182.A0A4Z2DWJ9	0	0	0	0	0	0.179	0.384	0.050	0.477
EWB00_008528	EWB00_007519	6182.A0A4Z2CPM6	6182.Q5D9F6	0	0	0	0	0	0	0.496	0.064	0.508
EWB00_008528	EWB00_002869	6182.A0A4Z2CPM6	6182.A0A4Z2DAG8	0	0	0	0	0	0.244	0.391	0	0.519
EWB00_008528	EWB00_008189	6182.A0A4Z2CPM6	6182.A0A4Z2CR88	0	0	0	0	0	0.240	0.390	0.053	0.522
EWB00_008528	EWB00_002858	6182.A0A4Z2CPM6	6182.A0A4Z2DAI3	0	0	0	0	0	0.304	0.288	0.140	0.536
EWB00_008528	EWB00_002386	6182.A0A4Z2CPM6	6182.A0A4Z2DCG1	0	0	0	0	0	0.304	0.288	0.140	0.536
EWB00_008528	EWB00_008748	6182.A0A4Z2CPM6	6182.A0A4Z2DTN7	0	0	0	0	0	0.288	0.381	0.043	0.541
EWB00_008528	EWB00_005910	6182.A0A4Z2CPM6	6182.A0A4Z2D044	0	0	0	0	0	0.310	0.379	0.061	0.562
EWB00_008528	EWB00_006350	6182.A0A4Z2CPM6	6182.A0A4Z2CZ14	0	0	0	0	0	0.318	0.379	0.098	0.584
EWB00_008528	EWB00_004506	6182.A0A4Z2CPM6	6182.A0A4Z2D514	0	0	0	0	0	0.318	0.379	0.098	0.584
EWB00_008528	EWB00_004095	6182.A0A4Z2CPM6	6182.Q6PMM5	0	0	0	0	0	0.318	0.379	0.098	0.584
EWB00_008528	EWB00_007978	6182.A0A4Z2CPM6	6182.A0A4Z2CSH8	0	0	0	0	0.049	0.297	0.394	0.138	0.604
EWB00_008528	EWB00_003063	6182.A0A4Z2CPM6	6182.A0A4Z2D9R8	0	0	0	0	0	0.235	0.496	0.068	0.609
EWB00_008528	EWB00_005849	6182.A0A4Z2CPM6	6182.A0A4Z2D0D0	0	0	0	0	0.046	0.309	0.470	0.239	0.698
EWB00_008528	EWB00_007520	6182.A0A4Z2CPM6	6182.A0A4Z2CUE7	0	0	0	0	0.045	0.351	0.532	0.098	0.703
EWB00_008528	EWB00_004406	6182.A0A4Z2CPM6	6182.A0A4Z2D5D6	0	0	0	0	0.045	0.351	0.532	0.098	0.703
EWB00_008528	fyn-prov	6182.A0A4Z2CPM6	6182.C1LGZ6	0	0	0	0	0.045	0.351	0.532	0.098	0.703
EWB00_008528	EWB00_011263	6182.A0A4Z2CPM6	6182.A0A4Z2DKT9	0	0	0	0	0	0.506	0.281	0.235	0.704
EWB00_008528	Grb2	6182.A0A4Z2CPM6	6182.Q86F73	0	0	0	0	0.048	0.677	0.379	0.167	0.819
EWB00_008528	EWB00_010687	6182.A0A4Z2CPM6	6182.A0A4Z2DNJ5	0	0	0	0	0	0.799	0.281	0.136	0.864
EWB00_008528	EWB00_010643	6182.A0A4Z2CPM6	6182.A0A4Z2DN24	0	0	0	0	0	0.932	0	0.079	0.934
EWB00_008528	EWB00_007965	6182.A0A4Z2CPM6	6182.A0A4Z2CSU9	0	0	0	0	0	0.837	0.811	0.249	0.974
EWB00_008648	EWB00_004368	6182.A0A4Z2CP90	6182.A0A4Z2D605	0	0	0	0	0	0.131	0.376	0	0.434
EWB00_008648	EWB00_002531	6182.A0A4Z2CP90	6182.A0A4Z2DBU6	0	0	0	0	0	0.131	0.375	0.043	0.434
EWB00_008648	EWB00_005116	6182.A0A4Z2CP90	6182.A0A4Z2D2T5	0	0	0	0	0.090	0.131	0.394	0.054	0.485
EWB00_008648	EWB00_008372	6182.A0A4Z2CP90	6182.A0A4Z2CQJ6	0	0	0	0	0.148	0.131	0.394	0.054	0.518
EWB00_008648	EWB00_003272	6182.A0A4Z2CP90	6182.Q5DB60	0	0	0.166	0.625	0.111	0.110	0.380	0	0.536
EWB00_008648	EWB00_008035	6182.A0A4Z2CP90	6182.A0A4Z2CRV6	0	0	0	0	0	0.290	0.394	0.066	0.563
EWB00_008683	EWB00_010024	6182.A0A4Z2CNZ1	6182.A0A4Z2CL49	0	0	0	0	0	0.302	0.723	0.153	0.821
EWB00_008683	EWB00_009457	6182.A0A4Z2CNZ1	6182.A0A4Z2CLX5	0	0	0	0	0	0.302	0.723	0.153	0.821
EWB00_008683	EWB00_009456	6182.A0A4Z2CNZ1	6182.A0A4Z2CM06	0	0	0.162	0.576	0	0.506	0.425	0.067	0.748
EWB00_008683	EWB00_009435	6182.A0A4Z2CNZ1	6182.A0A4Z2CM43	0	0	0	0	0.049	0.084	0.594	0	0.615
EWB00_008683	EWB00_009224	6182.A0A4Z2CNZ1	6182.A0A4Z2CMJ2	0	0	0	0	0	0.253	0.373	0.055	0.518
EWB00_008683	EWB00_009287	6182.A0A4Z2CNZ1	6182.A0A4Z2CN04	0	0	0	0	0	0.122	0.383	0.071	0.452
EWB00_008683	EWB00_009122	6182.A0A4Z2CNZ1	6182.A0A4Z2CN26	0	0	0	0	0	0.506	0.811	0	0.902
EWB00_008683	EWB00_009095	6182.A0A4Z2CNZ1	6182.A0A4Z2CND2	0	0	0.156	0.611	0	0.204	0.392	0.069	0.568
EWB00_008683	EWB00_008993	6182.A0A4Z2CNZ1	6182.A0A4Z2CNG2	0	0	0	0	0.045	0.311	0.330	0.079	0.539
EWB00_008683	EWB00_003639	6182.A0A4Z2CNZ1	6182.A0A4Z2D7T8	0	0	0	0	0	0.085	0.382	0	0.410
EWB00_008683	EWB00_002899	6182.A0A4Z2CNZ1	6182.A0A4Z2DX55	0	0	0	0	0	0.110	0.383	0	0.427
EWB00_008683	EWB00_006209	6182.A0A4Z2CNZ1	6182.A0A4Z2CZP0	0	0	0	0	0	0.112	0.395	0	0.439
EWB00_008683	EWB00_011039	6182.A0A4Z2CNZ1	6182.A0A4Z2DN82	0	0	0	0	0	0.112	0.395	0	0.439
EWB00_008683	EWB00_002919	6182.A0A4Z2CNZ1	6182.A0A4Z2DWJ9	0	0	0	0	0	0.112	0.395	0	0.439
EWB00_008683	EWB00_000516	6182.A0A4Z2CNZ1	6182.A0A4Z2DIX5	0	0	0	0	0	0.093	0.395	0.068	0.443
EWB00_008683	EWB00_006050	6182.A0A4Z2CNZ1	6182.A0A4Z2DTJ0	0	0	0	0	0	0.382	0	0.143	0.447
EWB00_008683	EWB00_002869	6182.A0A4Z2CNZ1	6182.A0A4Z2DAG8	0	0	0	0	0	0.124	0.394	0.060	0.457
EWB00_008683	EWB00_002797	6182.A0A4Z2CNZ1	6182.A0A4Z2DBK5	0	0	0.170	0.585	0	0.055	0.377	0	0.468
EWB00_008683	EWB00_003146	6182.A0A4Z2CNZ1	6182.A0A4Z2D9E0	0	0	0	0	0	0	0.469	0.045	0.471
EWB00_008683	EWB00_008162	6182.A0A4Z2CNZ1	6182.A0A4Z2CR55	0	0	0	0	0	0.204	0.360	0.050	0.473
EWB00_008683	EWB00_001228	6182.A0A4Z2CNZ1	6182.A0A4Z2DGB2	0	0	0	0	0.043	0.204	0.360	0.050	0.474
EWB00_008683	EWB00_010398	6182.A0A4Z2CNZ1	6182.A0A4Z2DXN3	0	0	0	0	0	0.438	0	0.104	0.474
EWB00_008683	EWB00_003063	6182.A0A4Z2CNZ1	6182.A0A4Z2D9R8	0	0	0	0	0	0.204	0.360	0.064	0.481
EWB00_008683	EWB00_007965	6182.A0A4Z2CNZ1	6182.A0A4Z2CSU9	0	0	0	0	0	0.204	0.360	0.065	0.482
EWB00_008683	EWB00_003470	6182.A0A4Z2CNZ1	6182.A0A4Z2D886	0	0	0	0	0	0.506	0	0	0.506
EWB00_008683	EWB00_008189	6182.A0A4Z2CNZ1	6182.A0A4Z2CR88	0	0	0	0	0	0.204	0.392	0.069	0.510
EWB00_008683	EWB00_005849	6182.A0A4Z2CNZ1	6182.A0A4Z2D0D0	0	0	0	0	0	0.204	0.395	0.086	0.521
EWB00_008683	EWB00_001594	6182.A0A4Z2CNZ1	6182.A0A4Z2DF50	0	0	0	0	0.056	0.204	0.360	0.127	0.523
EWB00_008683	EWB00_001471	6182.A0A4Z2CNZ1	6182.A0A4Z2DFS2	0	0	0	0	0	0.204	0.378	0.123	0.527
EWB00_008683	EWB00_010643	6182.A0A4Z2CNZ1	6182.A0A4Z2DN24	0	0	0	0	0	0	0.510	0.090	0.535
EWB00_008683	EWB00_003429	6182.A0A4Z2CNZ1	6182.A0A4Z2DWH7	0	0	0	0	0	0.506	0	0.098	0.535
EWB00_008683	EWB00_004405	6182.A0A4Z2CNZ1	6182.A0A4Z2D5F1	0	0	0	0	0	0.281	0.378	0.063	0.544
EWB00_008683	EWB00_003565	6182.A0A4Z2CNZ1	6182.A0A4Z2D923	0	0	0	0	0	0.129	0.464	0.107	0.546
EWB00_008683	EWB00_001225	6182.A0A4Z2CNZ1	6182.A0A4Z2DG63	0	0	0	0	0	0.098	0.528	0	0.556
EWB00_008683	EWB00_004368	6182.A0A4Z2CNZ1	6182.A0A4Z2D605	0	0	0	0	0.047	0.302	0.360	0.088	0.559
EWB00_008683	EWB00_003272	6182.A0A4Z2CNZ1	6182.Q5DB60	0	0	0	0	0	0.311	0.387	0.064	0.570
EWB00_008683	EWB00_010687	6182.A0A4Z2CNZ1	6182.A0A4Z2DNJ5	0	0	0	0	0	0.204	0.474	0.059	0.571
EWB00_008683	EWB00_003747	6182.A0A4Z2CNZ1	6182.A0A4Z2DVH8	0	0	0.220	0	0	0.204	0.360	0.050	0.571
EWB00_008683	EWB00_008528	6182.A0A4Z2CNZ1	6182.A0A4Z2CPM6	0	0	0	0	0	0.318	0.379	0.098	0.584
EWB00_008683	EWB00_007640	6182.A0A4Z2CNZ1	6182.A0A4Z2CTJ3	0	0	0.153	0.580	0	0.204	0.378	0.139	0.590
EWB00_008683	EWB00_008724	6182.A0A4Z2CNZ1	6182.A0A4Z2DSJ8	0	0	0	0	0	0.356	0.378	0.064	0.592
EWB00_008683	EWB00_002531	6182.A0A4Z2CNZ1	6182.A0A4Z2DBU6	0	0	0	0	0.070	0.301	0.370	0.138	0.599
EWB00_008683	EWB00_000320	6182.A0A4Z2CNZ1	6182.A0A4Z2DXA7	0	0	0	0	0.044	0.103	0.563	0.063	0.601
EWB00_008683	EWB00_011320	6182.A0A4Z2CNZ1	6182.Q5DBY2	0	0	0.164	0.602	0	0.281	0.378	0.063	0.602
EWB00_008683	EWB00_008748	6182.A0A4Z2CNZ1	6182.A0A4Z2DTN7	0	0	0.179	0.590	0	0.141	0.483	0.050	0.607
EWB00_008683	EWB00_008411	6182.A0A4Z2CNZ1	6182.A0A4Z2CQ40	0	0	0.150	0.613	0	0.309	0.394	0.068	0.623
EWB00_008683	EWB00_008231	6182.A0A4Z2CNZ1	6182.A0A4Z2CRJ2	0	0	0.158	0.616	0	0.309	0.395	0.068	0.628
EWB00_008683	EWB00_002182	6182.A0A4Z2CNZ1	6182.A0A4Z2DD10	0	0	0	0	0	0.253	0.512	0.064	0.628
EWB00_008683	EWB00_007520	6182.A0A4Z2CNZ1	6182.A0A4Z2CUE7	0	0	0	0	0	0.219	0.473	0.180	0.633
EWB00_008683	EWB00_004406	6182.A0A4Z2CNZ1	6182.A0A4Z2D5D6	0	0	0	0	0	0.219	0.473	0.180	0.633
EWB00_008683	fyn-prov	6182.A0A4Z2CNZ1	6182.C1LGZ6	0	0	0	0	0	0.219	0.473	0.180	0.633
EWB00_008683	Grb2	6182.A0A4Z2CNZ1	6182.Q86F73	0	0	0	0	0	0	0.391	0.475	0.666
EWB00_008683	EWB00_000085	6182.A0A4Z2CNZ1	6182.A0A4Z2DKG0	0	0	0.151	0.608	0	0.281	0.517	0.063	0.686
EWB00_008683	EWB00_007978	6182.A0A4Z2CNZ1	6182.A0A4Z2CSH8	0	0	0	0	0	0.506	0.391	0.097	0.704
EWB00_008683	EWB00_003710	6182.A0A4Z2CNZ1	6182.A0A4Z2D7R1	0	0	0	0	0	0.506	0.377	0.148	0.714
EWB00_008683	EWB00_007721	6182.A0A4Z2CNZ1	6182.A0A4Z2DSU2	0	0	0	0	0.046	0.311	0.658	0.079	0.765
EWB00_008683	EWB00_004196	6182.A0A4Z2CNZ1	6182.A0A4Z2DUY0	0	0	0	0	0.046	0.311	0.658	0.079	0.765
EWB00_008683	EWB00_007322	6182.A0A4Z2CNZ1	6182.A0A4Z2CUR2	0	0	0	0	0	0.107	0.771	0.074	0.794
EWB00_008683	EWB00_007519	6182.A0A4Z2CNZ1	6182.Q5D9F6	0	0	0	0	0.060	0.120	0.771	0	0.794
EWB00_008683	EWB00_003065	6182.A0A4Z2CNZ1	6182.A0A4Z2D9U3	0	0	0	0	0	0.289	0.771	0.071	0.835
EWB00_008683	EWB00_005467	6182.A0A4Z2CNZ1	6182.A0A4Z2DU85	0	0	0	0	0	0.224	0.811	0.050	0.848
EWB00_008683	EWB00_001343	6182.A0A4Z2CNZ1	6182.A0A4Z2DFX9	0	0	0	0	0.091	0.298	0.771	0.138	0.857
EWB00_008683	EWB00_011263	6182.A0A4Z2CNZ1	6182.A0A4Z2DKT9	0	0	0	0	0	0.367	0.811	0.104	0.883
EWB00_008683	EWB00_004095	6182.A0A4Z2CNZ1	6182.Q6PMM5	0	0	0	0	0	0	0.884	0	0.884
EWB00_008683	EWB00_005166	6182.A0A4Z2CNZ1	6182.A0A4Z2D2Y7	0	0	0.154	0.589	0	0.309	0.811	0.135	0.891
EWB00_008683	PR2	6182.A0A4Z2CNZ1	6182.C7TXQ4	0	0	0.244	0	0	0.275	0.811	0.123	0.896
EWB00_008683	EWB00_004032	6182.A0A4Z2CNZ1	6182.A0A4Z2D6K4	0	0	0	0	0	0.506	0.811	0.122	0.910
EWB00_008683	EWB00_009358	6182.A0A4Z2CNZ1	6182.A0A4Z2DRM5	0	0	0	0	0	0.310	0.811	0.477	0.925
EWB00_008683	EWB00_008934	6182.A0A4Z2CNZ1	6182.A0A4Z2DSI5	0	0	0	0	0.091	0.576	0.811	0.135	0.928
EWB00_008683	EWB00_002858	6182.A0A4Z2CNZ1	6182.A0A4Z2DAI3	0	0	0	0	0	0.506	0.860	0.189	0.939
EWB00_008683	EWB00_007161	6182.A0A4Z2CNZ1	6182.A0A4Z2CVK4	0	0	0.164	0.619	0	0.834	0.771	0.138	0.968
EWB00_008683	EWB00_005112	6182.A0A4Z2CNZ1	6182.C1LH53	0	0	0.153	0.632	0	0.826	0.811	0.183	0.974
EWB00_008683	EWB00_002194	6182.A0A4Z2CNZ1	6182.A0A4Z2DDD6	0	0	0	0	0	0.653	0.931	0.075	0.975
EWB00_008683	EWB00_002386	6182.A0A4Z2CNZ1	6182.A0A4Z2DCG1	0	0	0	0	0.112	0.846	0.931	0.238	0.991
EWB00_008724	EWB00_009122	6182.A0A4Z2DSJ8	6182.A0A4Z2CN26	0	0	0.162	0.629	0	0.356	0.378	0.064	0.643
EWB00_008724	EWB00_009095	6182.A0A4Z2DSJ8	6182.A0A4Z2CND2	0	0	0.194	0.588	0	0.161	0.240	0.043	0.442
EWB00_008724	EWB00_008993	6182.A0A4Z2DSJ8	6182.A0A4Z2CNG2	0	0	0	0	0.143	0.274	0.345	0.055	0.563
EWB00_008724	EWB00_008683	6182.A0A4Z2DSJ8	6182.A0A4Z2CNZ1	0	0	0	0	0	0.356	0.378	0.064	0.592
EWB00_008724	EWB00_008411	6182.A0A4Z2DSJ8	6182.A0A4Z2CQ40	0	0	0.183	0.641	0	0.104	0.327	0.063	0.476
EWB00_008724	EWB00_008162	6182.A0A4Z2DSJ8	6182.A0A4Z2CR55	0	0	0.199	0.570	0.053	0.161	0.196	0	0.419
EWB00_008724	EWB00_008231	6182.A0A4Z2DSJ8	6182.A0A4Z2CRJ2	0	0	0.170	0.664	0	0.104	0.327	0.063	0.468
EWB00_008724	EWB00_007965	6182.A0A4Z2DSJ8	6182.A0A4Z2CSU9	0	0	0.430	0	0.060	0.161	0.196	0	0.590
EWB00_008724	EWB00_007640	6182.A0A4Z2DSJ8	6182.A0A4Z2CTJ3	0	0	0.196	0.592	0	0.161	0.387	0.065	0.561
EWB00_008724	EWB00_007161	6182.A0A4Z2DSJ8	6182.A0A4Z2CVK4	0	0	0	0	0	0.166	0.389	0	0.468
EWB00_008724	EWB00_006350	6182.A0A4Z2DSJ8	6182.A0A4Z2CZ14	0	0	0	0	0	0.356	0.378	0.064	0.592
EWB00_008724	EWB00_006234	6182.A0A4Z2DSJ8	6182.A0A4Z2CZ44	0	0	0	0	0	0.124	0.478	0.104	0.554
EWB00_008724	EWB00_004506	6182.A0A4Z2DSJ8	6182.A0A4Z2D514	0	0	0	0	0	0.356	0.378	0.064	0.592
EWB00_008724	EWB00_004650	6182.A0A4Z2DSJ8	6182.A0A4Z2D5A9	0	0	0	0	0	0.310	0.188	0.065	0.430
EWB00_008724	EWB00_003710	6182.A0A4Z2DSJ8	6182.A0A4Z2D7R1	0	0	0	0	0	0.244	0	0.240	0.400
EWB00_008724	EWB00_003470	6182.A0A4Z2DSJ8	6182.A0A4Z2D886	0	0	0	0	0	0.136	0.432	0.058	0.497
EWB00_008724	EWB00_003114	6182.A0A4Z2DSJ8	6182.A0A4Z2D9R6	0	0	0.165	0.680	0	0.260	0.188	0.065	0.468
EWB00_008724	EWB00_003065	6182.A0A4Z2DSJ8	6182.A0A4Z2D9U3	0	0	0	0	0.056	0.293	0.811	0	0.862
EWB00_008724	EWB00_002858	6182.A0A4Z2DSJ8	6182.A0A4Z2DAI3	0	0	0.344	0	0	0.185	0.255	0.083	0.585
EWB00_008724	EWB00_002775	6182.A0A4Z2DSJ8	6182.A0A4Z2DBA8	0	0	0	0	0	0.124	0.478	0.104	0.554
EWB00_008724	EWB00_002797	6182.A0A4Z2DSJ8	6182.A0A4Z2DBK5	0	0	0.164	0.722	0	0.120	0.288	0	0.430
EWB00_008724	EWB00_002386	6182.A0A4Z2DSJ8	6182.A0A4Z2DCG1	0	0	0.178	0.568	0	0.302	0.330	0.095	0.605
EWB00_008724	EWB00_001471	6182.A0A4Z2DSJ8	6182.A0A4Z2DFS2	0	0	0	0	0	0.161	0.387	0.065	0.477
EWB00_008724	EWB00_000516	6182.A0A4Z2DSJ8	6182.A0A4Z2DIX5	0	0	0	0	0	0.085	0.386	0	0.414
EWB00_008724	EWB00_011263	6182.A0A4Z2DSJ8	6182.A0A4Z2DKT9	0	0	0	0	0.042	0.161	0.324	0.042	0.409
EWB00_008724	EWB00_008932	6182.A0A4Z2DSJ8	6182.A0A4Z2DSG0	0	0	0.166	0.631	0	0.310	0	0.043	0.401
EWB00_008724	EWB00_008934	6182.A0A4Z2DSJ8	6182.A0A4Z2DSI5	0	0	0	0	0	0.169	0.299	0.063	0.406
EWB00_008724	fyn-prov	6182.A0A4Z2DSJ8	6182.C1LGZ6	0	0	0.163	0.580	0	0.161	0.240	0.052	0.426
EWB00_008724	PR2	6182.A0A4Z2DSJ8	6182.C7TXQ4	0	0	0.194	0.609	0	0.161	0.387	0.065	0.560
EWB00_008724	EWB00_004095	6182.A0A4Z2DSJ8	6182.Q6PMM5	0	0	0	0	0	0.356	0.378	0.064	0.592
EWB00_008724	EWB00_007721	6182.A0A4Z2DSJ8	6182.A0A4Z2DSU2	0	0	0	0	0.143	0.352	0.345	0.055	0.610
EWB00_008724	EWB00_004196	6182.A0A4Z2DSJ8	6182.A0A4Z2DUY0	0	0	0	0	0.143	0.352	0.345	0.055	0.610
EWB00_008747	EWB00_008162	6182.C1LG63	6182.A0A4Z2CR55	0	0	0	0	0	0.135	0.360	0.057	0.432
EWB00_008747	EWB00_003065	6182.C1LG63	6182.A0A4Z2D9U3	0	0	0	0	0	0.172	0.374	0	0.459
EWB00_008747	EWB00_001594	6182.C1LG63	6182.A0A4Z2DF50	0	0	0	0	0	0.135	0.373	0	0.434
EWB00_008747	EWB00_001228	6182.C1LG63	6182.A0A4Z2DGB2	0	0	0	0	0	0.135	0.354	0	0.417
EWB00_008747	EWB00_009605	6182.C1LG63	6182.A0A4Z2DR61	0	0	0	0	0	0.137	0.362	0	0.425
EWB00_008747	EWB00_009358	6182.C1LG63	6182.A0A4Z2DRM5	0	0	0	0	0	0.263	0.372	0.046	0.519
EWB00_008747	EWB00_006050	6182.C1LG63	6182.A0A4Z2DTJ0	0	0	0	0	0.097	0.437	0	0.094	0.499
EWB00_008747	EWB00_005467	6182.C1LG63	6182.A0A4Z2DU85	0	0	0	0	0	0.370	0.392	0.096	0.623
EWB00_008747	EWB00_003429	6182.C1LG63	6182.A0A4Z2DWH7	0	0	0.116	0.633	0	0.174	0.569	0.042	0.658
EWB00_008748	EWB00_010024	6182.A0A4Z2DTN7	6182.A0A4Z2CL49	0	0	0	0	0.047	0.310	0.723	0.206	0.836
EWB00_008748	EWB00_009457	6182.A0A4Z2DTN7	6182.A0A4Z2CLX5	0	0	0	0	0.047	0.310	0.723	0.206	0.836
EWB00_008748	EWB00_009435	6182.A0A4Z2DTN7	6182.A0A4Z2CM43	0	0	0	0	0	0	0.811	0	0.811
EWB00_008748	EWB00_009224	6182.A0A4Z2DTN7	6182.A0A4Z2CMJ2	0	0	0	0	0	0.132	0.374	0	0.433
EWB00_008748	EWB00_009267	6182.A0A4Z2DTN7	6182.A0A4Z2CML4	0	0	0	0	0	0.112	0.372	0.064	0.432
EWB00_008748	EWB00_009162	6182.A0A4Z2DTN7	6182.A0A4Z2CMV9	0	0	0	0	0.043	0.112	0.372	0.064	0.433
EWB00_008748	EWB00_009122	6182.A0A4Z2DTN7	6182.A0A4Z2CN26	0	0	0.212	0.588	0	0.126	0.395	0.056	0.554
EWB00_008748	EWB00_009095	6182.A0A4Z2DTN7	6182.A0A4Z2CND2	0	0	0.227	0.611	0	0.256	0.382	0.063	0.622
EWB00_008748	EWB00_008993	6182.A0A4Z2DTN7	6182.A0A4Z2CNG2	0	0	0.202	0.609	0	0.087	0.377	0.042	0.506
EWB00_008748	EWB00_008683	6182.A0A4Z2DTN7	6182.A0A4Z2CNZ1	0	0	0.179	0.590	0	0.141	0.483	0.050	0.607
EWB00_008748	EWB00_008528	6182.A0A4Z2DTN7	6182.A0A4Z2CPM6	0	0	0	0	0	0.288	0.381	0.043	0.541
EWB00_008748	EWB00_008411	6182.A0A4Z2DTN7	6182.A0A4Z2CQ40	0	0	0.250	0.561	0	0.098	0.386	0	0.548
EWB00_008748	EWB00_008162	6182.A0A4Z2DTN7	6182.A0A4Z2CR55	0	0	0.194	0.677	0	0.180	0.282	0.054	0.491
EWB00_008748	EWB00_008189	6182.A0A4Z2DTN7	6182.A0A4Z2CR88	0	0	0	0	0	0.256	0.382	0.063	0.531
EWB00_008748	EWB00_008231	6182.A0A4Z2DTN7	6182.A0A4Z2CRJ2	0	0	0.226	0.597	0	0.084	0.386	0	0.526
EWB00_008748	EWB00_007978	6182.A0A4Z2DTN7	6182.A0A4Z2CSH8	0	0	0	0	0	0.798	0.811	0.320	0.971
EWB00_008748	EWB00_007965	6182.A0A4Z2DTN7	6182.A0A4Z2CSU9	0	0	0.199	0.663	0	0.146	0.723	0.065	0.799
EWB00_008748	EWB00_007640	6182.A0A4Z2DTN7	6182.A0A4Z2CTJ3	0	0	0.245	0.574	0	0.188	0.314	0.070	0.556
EWB00_008748	EWB00_007520	6182.A0A4Z2DTN7	6182.A0A4Z2CUE7	0	0	0.160	0.663	0	0.309	0.658	0.063	0.789
EWB00_008748	EWB00_007322	6182.A0A4Z2DTN7	6182.A0A4Z2CUR2	0	0	0.189	0.652	0	0.624	0.517	0.043	0.840
EWB00_008748	EWB00_007161	6182.A0A4Z2DTN7	6182.A0A4Z2CVK4	0	0	0.231	0.574	0	0	0.393	0.104	0.545
EWB00_008748	EWB00_006350	6182.A0A4Z2DTN7	6182.A0A4Z2CZ14	0	0	0	0	0	0.117	0.393	0	0.441
EWB00_008748	EWB00_006209	6182.A0A4Z2DTN7	6182.A0A4Z2CZP0	0	0	0	0	0	0.105	0.379	0.098	0.454
EWB00_008748	EWB00_005910	6182.A0A4Z2DTN7	6182.A0A4Z2D044	0	0	0	0	0	0.479	0.425	0.091	0.703
EWB00_008748	EWB00_005849	6182.A0A4Z2DTN7	6182.A0A4Z2D0D0	0	0	0	0	0	0.268	0.478	0.063	0.610
EWB00_008748	EWB00_005803	6182.A0A4Z2DTN7	6182.A0A4Z2D0N4	0	0	0	0	0	0.622	0.811	0.093	0.929
EWB00_008748	EWB00_005116	6182.A0A4Z2DTN7	6182.A0A4Z2D2T5	0	0	0.218	0.561	0.101	0.506	0	0.287	0.719
EWB00_008748	EWB00_004506	6182.A0A4Z2DTN7	6182.A0A4Z2D514	0	0	0	0	0	0.117	0.393	0	0.441
EWB00_008748	EWB00_004406	6182.A0A4Z2DTN7	6182.A0A4Z2D5D6	0	0	0	0	0	0.309	0.658	0.063	0.759
EWB00_008748	EWB00_004405	6182.A0A4Z2DTN7	6182.A0A4Z2D5F1	0	0	0.506	0	0	0	0	0	0.506
EWB00_008748	EWB00_004243	6182.A0A4Z2DTN7	6182.A0A4Z2D5G0	0	0	0	0	0	0.134	0.811	0	0.829
EWB00_008748	EWB00_003639	6182.A0A4Z2DTN7	6182.A0A4Z2D7T8	0	0	0	0	0	0.090	0.379	0.060	0.422
EWB00_008748	EWB00_003063	6182.A0A4Z2DTN7	6182.A0A4Z2D9R8	0	0	0	0	0	0.194	0.509	0.075	0.601
EWB00_008748	EWB00_002869	6182.A0A4Z2DTN7	6182.A0A4Z2DAG8	0	0	0	0	0	0.200	0.384	0.197	0.569
EWB00_008748	EWB00_002531	6182.A0A4Z2DTN7	6182.A0A4Z2DBU6	0	0	0.187	0.604	0	0.170	0.379	0.047	0.547
EWB00_008748	EWB00_002386	6182.A0A4Z2DTN7	6182.A0A4Z2DCG1	0	0	0.209	0.582	0	0.309	0	0.096	0.462
EWB00_008748	EWB00_002182	6182.A0A4Z2DTN7	6182.A0A4Z2DD10	0	0	0	0	0	0.147	0.395	0.056	0.470
EWB00_008748	EWB00_001594	6182.A0A4Z2DTN7	6182.A0A4Z2DF50	0	0	0	0	0	0.203	0.282	0.140	0.464
EWB00_008748	EWB00_001471	6182.A0A4Z2DTN7	6182.A0A4Z2DFS2	0	0	0	0	0	0.188	0.314	0.070	0.436
EWB00_008748	EWB00_001228	6182.A0A4Z2DTN7	6182.A0A4Z2DGB2	0	0	0	0	0	0.146	0.282	0.309	0.539
EWB00_008748	EWB00_011263	6182.A0A4Z2DTN7	6182.A0A4Z2DKT9	0	0	0	0	0	0.232	0.282	0.196	0.517
EWB00_008748	EWB00_010643	6182.A0A4Z2DTN7	6182.A0A4Z2DN24	0	0	0	0	0	0.302	0.454	0.048	0.605
EWB00_008748	EWB00_011039	6182.A0A4Z2DTN7	6182.A0A4Z2DN82	0	0	0	0	0	0.105	0.379	0.098	0.454
EWB00_008748	EWB00_010687	6182.A0A4Z2DTN7	6182.A0A4Z2DNJ5	0	0	0	0	0	0.236	0.311	0.066	0.465
EWB00_008748	EWB00_009358	6182.A0A4Z2DTN7	6182.A0A4Z2DRM5	0	0	0	0	0	0.113	0.429	0	0.471
EWB00_008748	EWB00_008934	6182.A0A4Z2DTN7	6182.A0A4Z2DSI5	0	0	0	0	0	0.310	0.282	0.127	0.529
EWB00_008748	EWB00_007721	6182.A0A4Z2DTN7	6182.A0A4Z2DSU2	0	0	0	0	0	0.091	0.378	0.051	0.416
EWB00_008748	EWB00_006002	6182.A0A4Z2DTN7	6182.A0A4Z2DTC9	0	0	0	0	0	0.112	0.372	0.064	0.432
EWB00_008748	EWB00_005112	6182.A0A4Z2DTN7	6182.C1LH53	0	0	0.242	0.582	0	0.249	0	0	0.406
EWB00_008748	EWB00_004179	6182.A0A4Z2DTN7	6182.C1LFA8	0	0	0.403	0	0	0	0	0.054	0.411
EWB00_008748	EWB00_004876	6182.A0A4Z2DTN7	6182.A0A4Z2DUG9	0	0	0	0	0	0.112	0.372	0.064	0.432
EWB00_008748	EWB00_004878	6182.A0A4Z2DTN7	6182.A0A4Z2DUX1	0	0	0	0	0	0.112	0.372	0.064	0.432
EWB00_008748	Act5C	6182.A0A4Z2DTN7	6182.Q5DF69	0	0	0	0	0	0.112	0.372	0.064	0.432
EWB00_008748	EWB00_002502	6182.A0A4Z2DTN7	6182.Q71TT8	0	0	0	0	0	0.112	0.372	0.064	0.432
EWB00_008748	EWB00_009161	6182.A0A4Z2DTN7	6182.C1L3T0	0	0	0	0	0.043	0.112	0.372	0.064	0.433
EWB00_008748	EWB00_002919	6182.A0A4Z2DTN7	6182.A0A4Z2DWJ9	0	0	0	0	0	0.105	0.379	0.098	0.454
EWB00_008748	EWB00_005467	6182.A0A4Z2DTN7	6182.A0A4Z2DU85	0	0	0.172	0.552	0	0.146	0.282	0.063	0.460
EWB00_008748	EWB00_004196	6182.A0A4Z2DTN7	6182.A0A4Z2DUY0	0	0	0.172	0.598	0	0.091	0.378	0.051	0.496
EWB00_008748	EWB00_003429	6182.A0A4Z2DTN7	6182.A0A4Z2DWH7	0	0	0	0	0	0.121	0.380	0.153	0.498
EWB00_008748	PR2	6182.A0A4Z2DTN7	6182.C7TXQ4	0	0	0.227	0.588	0	0.188	0.314	0.070	0.545
EWB00_008748	EWB00_008857	6182.A0A4Z2DTN7	6182.A0A4Z2DY79	0	0	0	0	0	0.112	0.372	0.290	0.569
EWB00_008748	EWB00_004095	6182.A0A4Z2DTN7	6182.Q6PMM5	0	0	0.166	0.589	0	0.141	0.483	0.050	0.601
EWB00_008748	EWB00_003747	6182.A0A4Z2DTN7	6182.A0A4Z2DVH8	0	0	0.174	0.656	0	0.188	0.504	0.047	0.640
EWB00_008748	fyn-prov	6182.A0A4Z2DTN7	6182.C1LGZ6	0	0	0.179	0.661	0	0.309	0.658	0.063	0.793
EWB00_008748	Grb2	6182.A0A4Z2DTN7	6182.Q86F73	0	0	0	0	0	0.838	0.811	0.476	0.982
EWB00_008857	EWB00_009560	6182.A0A4Z2DY79	6182.A0A4Z2CLW6	0	0	0	0	0	0.118	0.337	0.069	0.408
EWB00_008857	EWB00_009267	6182.A0A4Z2DY79	6182.A0A4Z2CML4	0	0	0	0	0	0.506	0	0	0.506
EWB00_008857	EWB00_009095	6182.A0A4Z2DY79	6182.A0A4Z2CND2	0	0	0	0	0	0.165	0.381	0.063	0.473
EWB00_008857	EWB00_008372	6182.A0A4Z2DY79	6182.A0A4Z2CQJ6	0	0	0	0	0.130	0.102	0.721	0.202	0.802
EWB00_008857	EWB00_008189	6182.A0A4Z2DY79	6182.A0A4Z2CR88	0	0	0	0	0	0.165	0.381	0.063	0.473
EWB00_008857	EWB00_007739	6182.A0A4Z2DY79	6182.A0A4Z2CT39	0	0	0	0	0.132	0.642	0.219	0.245	0.792
EWB00_008857	EWB00_007640	6182.A0A4Z2DY79	6182.A0A4Z2CTJ3	0	0	0	0	0	0.165	0.282	0.086	0.404
EWB00_008857	EWB00_007520	6182.A0A4Z2DY79	6182.A0A4Z2CUE7	0	0	0	0	0	0.165	0.381	0.063	0.473
EWB00_008857	EWB00_007322	6182.A0A4Z2DY79	6182.A0A4Z2CUR2	0	0	0	0	0	0.264	0.396	0.104	0.566
EWB00_008857	EWB00_006505	6182.A0A4Z2DY79	6182.A0A4Z2CYG9	0	0	0	0	0	0.239	0.388	0.171	0.580
EWB00_008857	EWB00_006234	6182.A0A4Z2DY79	6182.A0A4Z2CZ44	0	0	0	0	0	0.255	0.384	0.142	0.571
EWB00_008857	EWB00_006209	6182.A0A4Z2DY79	6182.A0A4Z2CZP0	0	0	0	0	0	0.065	0.370	0.069	0.403
EWB00_008857	EWB00_006126	6182.A0A4Z2DY79	6182.A0A4Z2CZR2	0	0	0	0	0	0.241	0.106	0.192	0.403
EWB00_008857	EWB00_005910	6182.A0A4Z2DY79	6182.A0A4Z2D044	0	0	0	0	0	0.204	0.386	0.066	0.503
EWB00_008857	EWB00_005902	6182.A0A4Z2DY79	6182.A0A4Z2D084	0	0	0	0	0	0.520	0	0.240	0.619
EWB00_008857	EWB00_005849	6182.A0A4Z2DY79	6182.A0A4Z2D0D0	0	0	0	0	0.090	0.165	0.381	0.063	0.500
EWB00_008857	EWB00_005803	6182.A0A4Z2DY79	6182.A0A4Z2D0N4	0	0	0	0	0	0.290	0.396	0.076	0.569
EWB00_008857	EWB00_005116	6182.A0A4Z2DY79	6182.A0A4Z2D2T5	0	0	0	0	0	0.112	0.390	0.105	0.472
EWB00_008857	EWB00_004965	6182.A0A4Z2DY79	6182.A0A4Z2D4A5	0	0	0	0	0	0.118	0.337	0.069	0.408
EWB00_008857	EWB00_004406	6182.A0A4Z2DY79	6182.A0A4Z2D5D6	0	0	0	0	0	0.165	0.381	0.063	0.473
EWB00_008857	EWB00_004368	6182.A0A4Z2DY79	6182.A0A4Z2D605	0	0	0	0	0	0.165	0.282	0.155	0.449
EWB00_008857	EWB00_004032	6182.A0A4Z2DY79	6182.A0A4Z2D6K4	0	0	0	0	0	0.280	0.394	0.155	0.599
EWB00_008857	EWB00_003876	6182.A0A4Z2DY79	6182.A0A4Z2D736	0	0	0	0	0	0.258	0.216	0.105	0.433
EWB00_008857	EWB00_004137	6182.A0A4Z2DY79	6182.A0A4Z2D773	0	0	0	0	0	0.262	0.353	0.054	0.508
EWB00_008857	EWB00_003710	6182.A0A4Z2DY79	6182.A0A4Z2D7R1	0	0	0	0	0	0.310	0	0.239	0.452
EWB00_008857	EWB00_003565	6182.A0A4Z2DY79	6182.A0A4Z2D923	0	0	0	0	0	0.283	0.517	0.240	0.713
EWB00_008857	EWB00_003234	6182.A0A4Z2DY79	6182.A0A4Z2D940	0	0	0	0	0	0.108	0.468	0.042	0.505
EWB00_008857	EWB00_003146	6182.A0A4Z2DY79	6182.A0A4Z2D9E0	0	0	0	0	0	0.239	0.388	0.171	0.580
EWB00_008857	EWB00_002869	6182.A0A4Z2DY79	6182.A0A4Z2DAG8	0	0	0	0	0	0.119	0.370	0.088	0.449
EWB00_008857	EWB00_002775	6182.A0A4Z2DY79	6182.A0A4Z2DBA8	0	0	0	0	0	0.255	0.384	0.142	0.571
EWB00_008857	EWB00_001618	6182.A0A4Z2DY79	6182.A0A4Z2DF74	0	0	0	0	0.042	0.650	0.517	0.144	0.842
EWB00_008857	EWB00_001471	6182.A0A4Z2DY79	6182.A0A4Z2DFS2	0	0	0	0	0	0.165	0.282	0.086	0.404
EWB00_008857	EWB00_001225	6182.A0A4Z2DY79	6182.A0A4Z2DG63	0	0	0	0	0.049	0.345	0.517	0.104	0.694
EWB00_008857	EWB00_011263	6182.A0A4Z2DY79	6182.A0A4Z2DKT9	0	0	0	0	0	0.176	0.282	0.069	0.401
EWB00_008857	EWB00_011156	6182.A0A4Z2DY79	6182.A0A4Z2DLU7	0	0	0	0	0	0.172	0.382	0.095	0.496
EWB00_008857	EWB00_010643	6182.A0A4Z2DY79	6182.A0A4Z2DN24	0	0	0	0	0	0.113	0.394	0.135	0.494
EWB00_008857	EWB00_010649	6182.A0A4Z2DY79	6182.A0A4Z2DN32	0	0	0	0	0.047	0.506	0.425	0.189	0.751
EWB00_008857	EWB00_011039	6182.A0A4Z2DY79	6182.A0A4Z2DN82	0	0	0	0	0	0.065	0.370	0.069	0.403
EWB00_008857	EWB00_010727	6182.A0A4Z2DY79	6182.A0A4Z2DNH6	0	0	0	0	0	0.506	0.395	0.064	0.695
EWB00_008857	EWB00_009305	6182.A0A4Z2DY79	6182.A0A4Z2DS24	0	0	0	0	0	0.475	0.395	0.113	0.693
EWB00_008857	EWB00_008934	6182.A0A4Z2DY79	6182.A0A4Z2DSI5	0	0	0	0	0	0.165	0.282	0.176	0.462
EWB00_008857	EWB00_006002	6182.A0A4Z2DY79	6182.A0A4Z2DTC9	0	0	0	0	0.135	0.930	0.876	0.251	0.993
EWB00_008857	EWB00_006050	6182.A0A4Z2DY79	6182.A0A4Z2DTJ0	0	0	0	0	0.047	0.506	0.425	0.189	0.751
EWB00_008857	EWB00_008748	6182.A0A4Z2DY79	6182.A0A4Z2DTN7	0	0	0	0	0	0.112	0.372	0.290	0.569
EWB00_008857	EWB00_005467	6182.A0A4Z2DY79	6182.A0A4Z2DU85	0	0	0	0	0	0.165	0.282	0.137	0.437
EWB00_008857	EWB00_004876	6182.A0A4Z2DY79	6182.A0A4Z2DUG9	0	0	0	0	0	0.634	0	0	0.634
EWB00_008857	EWB00_004811	6182.A0A4Z2DY79	6182.A0A4Z2DUN6	0	0	0	0	0	0.172	0.470	0.095	0.568
EWB00_008857	EWB00_004878	6182.A0A4Z2DY79	6182.A0A4Z2DUX1	0	0	0	0	0	0.634	0	0	0.634
EWB00_008857	EWB00_003429	6182.A0A4Z2DY79	6182.A0A4Z2DWH7	0	0	0	0	0	0.276	0.425	0.186	0.631
EWB00_008857	EWB00_002919	6182.A0A4Z2DY79	6182.A0A4Z2DWJ9	0	0	0	0	0	0.065	0.370	0.069	0.403
EWB00_008857	EWB00_001408	6182.A0A4Z2DY79	6182.A0A4Z2DX44	0	0	0	0	0.090	0.596	0	0.067	0.627
EWB00_008857	EWB00_002899	6182.A0A4Z2DY79	6182.A0A4Z2DX55	0	0	0	0	0	0.112	0.372	0.064	0.432
EWB00_008857	PR2	6182.A0A4Z2DY79	6182.C7TXQ4	0	0	0	0	0	0.165	0.282	0.086	0.404
EWB00_008857	EWB00_003272	6182.A0A4Z2DY79	6182.Q5DB60	0	0	0	0	0.079	0.120	0.288	0.127	0.428
EWB00_008857	fyn-prov	6182.A0A4Z2DY79	6182.C1LGZ6	0	0	0	0	0	0.165	0.381	0.063	0.473
EWB00_008857	Act5C	6182.A0A4Z2DY79	6182.Q5DF69	0	0	0	0	0	0.506	0	0	0.506
EWB00_008857	Grb2	6182.A0A4Z2DY79	6182.Q86F73	0	0	0	0	0	0.204	0.394	0.066	0.510
EWB00_008857	EWB00_002502	6182.A0A4Z2DY79	6182.Q71TT8	0	0	0	0	0	0.634	0	0	0.634
EWB00_008857	EWB00_007274	6182.A0A4Z2DY79	6182.C1LH03	0	0	0	0	0.048	0.641	0	0.237	0.716
EWB00_008857	EWB00_003359	6182.A0A4Z2DY79	6182.C1LMR7	0	0	0	0	0.134	0.506	0.425	0.191	0.774
EWB00_008857	tsr	6182.A0A4Z2DY79	6182.Q86ES4	0	0	0	0	0.134	0.506	0.425	0.191	0.774
EWB00_008857	EWB00_010647	6182.A0A4Z2DY79	6182.Q5DHL6	0	0	0	0	0.132	0.648	0.517	0.105	0.850
EWB00_008857	EWB00_007426	6182.A0A4Z2DY79	6182.C1LJL2	0	0	0	0	0.191	0.650	0.517	0.117	0.863
EWB00_008932	EWB00_008372	6182.A0A4Z2DSG0	6182.A0A4Z2CQJ6	0	0	0	0	0.148	0.131	0.394	0.054	0.518
EWB00_008932	EWB00_008286	6182.A0A4Z2DSG0	6182.A0A4Z2CQZ5	0	0	0.189	0.592	0	0	0.300	0	0.408
EWB00_008932	EWB00_008035	6182.A0A4Z2DSG0	6182.A0A4Z2CRV6	0	0	0.154	0.711	0	0.290	0.394	0.066	0.614
EWB00_008932	EWB00_005116	6182.A0A4Z2DSG0	6182.A0A4Z2D2T5	0	0	0.160	0.583	0.090	0.131	0.394	0.054	0.549
EWB00_008932	EWB00_004368	6182.A0A4Z2DSG0	6182.A0A4Z2D605	0	0	0	0	0	0.131	0.376	0	0.434
EWB00_008932	EWB00_002531	6182.A0A4Z2DSG0	6182.A0A4Z2DBU6	0	0	0	0	0	0.131	0.375	0.043	0.434
EWB00_008932	EWB00_008724	6182.A0A4Z2DSG0	6182.A0A4Z2DSJ8	0	0	0.166	0.631	0	0.310	0	0.043	0.401
EWB00_008932	EWB00_003272	6182.A0A4Z2DSG0	6182.Q5DB60	0	0	0.168	0.647	0.111	0.110	0.380	0	0.537
EWB00_008934	EWB00_010024	6182.A0A4Z2DSI5	6182.A0A4Z2CL49	0	0	0	0	0	0.274	0.281	0.474	0.701
EWB00_008934	EWB00_009457	6182.A0A4Z2DSI5	6182.A0A4Z2CLX5	0	0	0	0	0	0.274	0.281	0.474	0.701
EWB00_008934	EWB00_009456	6182.A0A4Z2DSI5	6182.A0A4Z2CM06	0	0	0.268	0	0	0.124	0.340	0	0.539
EWB00_008934	EWB00_009435	6182.A0A4Z2DSI5	6182.A0A4Z2CM43	0	0	0	0	0	0.143	0.340	0	0.410
EWB00_008934	EWB00_009267	6182.A0A4Z2DSI5	6182.A0A4Z2CML4	0	0	0	0	0	0.165	0.282	0.237	0.502
EWB00_008934	EWB00_009122	6182.A0A4Z2DSI5	6182.A0A4Z2CN26	0	0	0.160	0.576	0.069	0.379	0.771	0.070	0.877
EWB00_008934	EWB00_009095	6182.A0A4Z2DSI5	6182.A0A4Z2CND2	0	0	0.190	0.567	0	0.310	0.394	0.066	0.641
EWB00_008934	EWB00_008993	6182.A0A4Z2DSI5	6182.A0A4Z2CNG2	0	0	0	0	0	0.212	0.618	0.043	0.686
EWB00_008934	EWB00_008683	6182.A0A4Z2DSI5	6182.A0A4Z2CNZ1	0	0	0	0	0.091	0.576	0.811	0.135	0.928
EWB00_008934	EWB00_008411	6182.A0A4Z2DSI5	6182.A0A4Z2CQ40	0	0	0	0	0	0.264	0.876	0.046	0.905
EWB00_008934	EWB00_008372	6182.A0A4Z2DSI5	6182.A0A4Z2CQJ6	0	0	0	0	0	0.115	0.876	0	0.885
EWB00_008934	EWB00_008189	6182.A0A4Z2DSI5	6182.A0A4Z2CR88	0	0	0	0	0	0.310	0.394	0.066	0.575
EWB00_008934	EWB00_008231	6182.A0A4Z2DSI5	6182.A0A4Z2CRJ2	0	0	0	0	0	0.309	0.723	0.046	0.801
EWB00_008934	EWB00_007959	6182.A0A4Z2DSI5	6182.A0A4Z2CS38	0	0	0	0	0	0.201	0.372	0	0.476
EWB00_008934	EWB00_007978	6182.A0A4Z2DSI5	6182.A0A4Z2CSH8	0	0	0	0	0	0.214	0.372	0.140	0.538
EWB00_008934	EWB00_007640	6182.A0A4Z2DSI5	6182.A0A4Z2CTJ3	0	0	0	0	0	0.053	0.403	0	0.410
EWB00_008934	EWB00_007650	6182.A0A4Z2DSI5	6182.A0A4Z2CTZ5	0	0	0	0	0	0.302	0.335	0.061	0.526
EWB00_008934	EWB00_007520	6182.A0A4Z2DSI5	6182.A0A4Z2CUE7	0	0	0.200	0.570	0	0.797	0.771	0.189	0.965
EWB00_008934	EWB00_007322	6182.A0A4Z2DSI5	6182.A0A4Z2CUR2	0	0	0	0	0	0.248	0.379	0	0.513
EWB00_008934	EWB00_007161	6182.A0A4Z2DSI5	6182.A0A4Z2CVK4	0	0	0.151	0.593	0	0.135	0.370	0.064	0.508
EWB00_008934	EWB00_006505	6182.A0A4Z2DSI5	6182.A0A4Z2CYG9	0	0	0	0	0	0.090	0.465	0.045	0.494
EWB00_008934	EWB00_006350	6182.A0A4Z2DSI5	6182.A0A4Z2CZ14	0	0	0	0	0.045	0.304	0.517	0.062	0.658
EWB00_008934	EWB00_006175	6182.A0A4Z2DSI5	6182.A0A4Z2CZK0	0	0	0	0	0	0.229	0.355	0.064	0.493
EWB00_008934	EWB00_006209	6182.A0A4Z2DSI5	6182.A0A4Z2CZP0	0	0	0	0	0	0.123	0.477	0.064	0.533
EWB00_008934	EWB00_005910	6182.A0A4Z2DSI5	6182.A0A4Z2D044	0	0	0	0	0	0.244	0.370	0.195	0.583
EWB00_008934	EWB00_005849	6182.A0A4Z2DSI5	6182.A0A4Z2D0D0	0	0	0	0	0	0.609	0.618	0.130	0.858
EWB00_008934	EWB00_005803	6182.A0A4Z2DSI5	6182.A0A4Z2D0N4	0	0	0	0	0	0.211	0.373	0.066	0.497
EWB00_008934	EWB00_005116	6182.A0A4Z2DSI5	6182.A0A4Z2D2T5	0	0	0	0	0	0.115	0.517	0	0.554
EWB00_008934	EWB00_005166	6182.A0A4Z2DSI5	6182.A0A4Z2D2Y7	0	0	0	0	0	0.334	0.489	0.065	0.654
EWB00_008934	EWB00_004506	6182.A0A4Z2DSI5	6182.A0A4Z2D514	0	0	0	0	0.045	0.304	0.517	0.062	0.658
EWB00_008934	EWB00_004650	6182.A0A4Z2DSI5	6182.A0A4Z2D5A9	0	0	0	0	0.045	0.229	0.355	0.064	0.495
EWB00_008934	EWB00_004406	6182.A0A4Z2DSI5	6182.A0A4Z2D5D6	0	0	0.170	0.628	0	0.797	0.771	0.189	0.964
EWB00_008934	EWB00_004405	6182.A0A4Z2DSI5	6182.A0A4Z2D5F1	0	0	0.257	0	0	0.161	0.196	0	0.455
EWB00_008934	EWB00_004368	6182.A0A4Z2DSI5	6182.A0A4Z2D605	0	0	0	0	0	0.102	0.876	0.060	0.886
EWB00_008934	EWB00_004032	6182.A0A4Z2DSI5	6182.A0A4Z2D6K4	0	0	0	0	0	0.310	0.876	0.045	0.911
EWB00_008934	EWB00_003710	6182.A0A4Z2DSI5	6182.A0A4Z2D7R1	0	0	0	0	0	0.506	0.300	0.097	0.660
EWB00_008934	EWB00_003639	6182.A0A4Z2DSI5	6182.A0A4Z2D7T8	0	0	0	0	0	0.123	0.389	0	0.441
EWB00_008934	EWB00_003565	6182.A0A4Z2DSI5	6182.A0A4Z2D923	0	0	0	0	0	0.104	0.557	0.104	0.613
EWB00_008934	EWB00_003146	6182.A0A4Z2DSI5	6182.A0A4Z2D9E0	0	0	0	0	0	0.090	0.543	0.063	0.576
EWB00_008934	EWB00_003114	6182.A0A4Z2DSI5	6182.A0A4Z2D9R6	0	0	0	0	0	0.229	0.355	0.064	0.493
EWB00_008934	EWB00_003065	6182.A0A4Z2DSI5	6182.A0A4Z2D9U3	0	0	0	0	0	0.092	0.394	0.043	0.427
EWB00_008934	EWB00_002869	6182.A0A4Z2DSI5	6182.A0A4Z2DAG8	0	0	0	0	0	0.117	0.469	0	0.511
EWB00_008934	EWB00_002858	6182.A0A4Z2DSI5	6182.A0A4Z2DAI3	0	0	0	0	0	0.650	0.517	0.182	0.849
EWB00_008934	EWB00_002741	6182.A0A4Z2DSI5	6182.A0A4Z2DB14	0	0	0	0	0	0.250	0.373	0.050	0.514
EWB00_008934	EWB00_002781	6182.A0A4Z2DSI5	6182.A0A4Z2DBA4	0	0	0	0	0	0.107	0.373	0.043	0.417
EWB00_008934	EWB00_002797	6182.A0A4Z2DSI5	6182.A0A4Z2DBK5	0	0	0.151	0.560	0	0.209	0.394	0	0.557
EWB00_008934	EWB00_002531	6182.A0A4Z2DSI5	6182.A0A4Z2DBU6	0	0	0	0	0	0.311	0.463	0.046	0.616
EWB00_008934	EWB00_002386	6182.A0A4Z2DSI5	6182.A0A4Z2DCG1	0	0	0	0	0.090	0.932	0.884	0.481	0.995
EWB00_008934	EWB00_002413	6182.A0A4Z2DSI5	6182.A0A4Z2DCK0	0	0	0	0	0	0.780	0.058	0.199	0.819
EWB00_008934	EWB00_001471	6182.A0A4Z2DSI5	6182.A0A4Z2DFS2	0	0	0	0	0	0.053	0.396	0	0.403
EWB00_008934	EWB00_001225	6182.A0A4Z2DSI5	6182.A0A4Z2DG63	0	0	0	0	0	0.104	0.394	0.049	0.438
EWB00_008934	EWB00_000751	6182.A0A4Z2DSI5	6182.A0A4Z2DI18	0	0	0	0	0	0.201	0.372	0	0.476
EWB00_008934	EWB00_000516	6182.A0A4Z2DSI5	6182.A0A4Z2DIX5	0	0	0	0	0.089	0.262	0.381	0.063	0.557
EWB00_008934	EWB00_000422	6182.A0A4Z2DSI5	6182.A0A4Z2DIX7	0	0	0	0	0	0.107	0.373	0.043	0.417
EWB00_008934	EWB00_011263	6182.A0A4Z2DSI5	6182.A0A4Z2DKT9	0	0	0	0	0	0.672	0.876	0.116	0.960
EWB00_008934	EWB00_010643	6182.A0A4Z2DSI5	6182.A0A4Z2DN24	0	0	0	0	0	0.262	0.375	0.043	0.520
EWB00_008934	EWB00_011039	6182.A0A4Z2DSI5	6182.A0A4Z2DN82	0	0	0	0	0	0.123	0.477	0.064	0.533
EWB00_008934	EWB00_009358	6182.A0A4Z2DSI5	6182.A0A4Z2DRM5	0	0	0	0	0	0.215	0.876	0.055	0.899
EWB00_008934	PR2	6182.A0A4Z2DSI5	6182.C7TXQ4	0	0	0	0	0	0.053	0.396	0	0.403
EWB00_008934	EWB00_008724	6182.A0A4Z2DSI5	6182.A0A4Z2DSJ8	0	0	0	0	0	0.169	0.299	0.063	0.406
EWB00_008934	CKI-alpha	6182.A0A4Z2DSI5	6182.C1L4B0	0	0	0	0	0	0.107	0.373	0.043	0.417
EWB00_008934	EWB00_003429	6182.A0A4Z2DSI5	6182.A0A4Z2DWH7	0	0	0	0	0	0.132	0.335	0.079	0.421
EWB00_008934	cdk5	6182.A0A4Z2DSI5	6182.C1L6Q8	0	0	0	0	0	0.124	0.374	0	0.428
EWB00_008934	EWB00_005112	6182.A0A4Z2DSI5	6182.C1LH53	0	0	0	0	0	0.186	0.340	0.064	0.453
EWB00_008934	EWB00_008857	6182.A0A4Z2DSI5	6182.A0A4Z2DY79	0	0	0	0	0	0.165	0.282	0.176	0.462
EWB00_008934	EWB00_002899	6182.A0A4Z2DSI5	6182.A0A4Z2DX55	0	0	0	0	0	0.271	0.282	0.104	0.490
EWB00_008934	Act5C	6182.A0A4Z2DSI5	6182.Q5DF69	0	0	0	0	0	0.165	0.282	0.237	0.502
EWB00_008934	EWB00_003272	6182.A0A4Z2DSI5	6182.Q5DB60	0	0	0	0	0	0.235	0.329	0.110	0.503
EWB00_008934	EWB00_008748	6182.A0A4Z2DSI5	6182.A0A4Z2DTN7	0	0	0	0	0	0.310	0.282	0.127	0.529
EWB00_008934	EWB00_002919	6182.A0A4Z2DSI5	6182.A0A4Z2DWJ9	0	0	0	0	0	0.123	0.477	0.064	0.533
EWB00_008934	EWB00_010398	6182.A0A4Z2DSI5	6182.A0A4Z2DXN3	0	0	0	0	0	0.506	0.124	0	0.548
EWB00_008934	EWB00_004876	6182.A0A4Z2DSI5	6182.A0A4Z2DUG9	0	0	0	0	0	0.165	0.282	0.350	0.576
EWB00_008934	EWB00_004878	6182.A0A4Z2DSI5	6182.A0A4Z2DUX1	0	0	0	0	0	0.165	0.282	0.350	0.576
EWB00_008934	EWB00_002502	6182.A0A4Z2DSI5	6182.Q71TT8	0	0	0	0	0	0.165	0.282	0.350	0.576
EWB00_008934	EWB00_000320	6182.A0A4Z2DSI5	6182.A0A4Z2DXA7	0	0	0	0	0.050	0.126	0.771	0	0.793
EWB00_008934	EWB00_007721	6182.A0A4Z2DSI5	6182.A0A4Z2DSU2	0	0	0	0	0	0.212	0.771	0.043	0.812
EWB00_008934	EWB00_004196	6182.A0A4Z2DSI5	6182.A0A4Z2DUY0	0	0	0	0	0	0.212	0.771	0.043	0.812
EWB00_008934	Grb2	6182.A0A4Z2DSI5	6182.Q86F73	0	0	0	0	0	0.244	0.370	0.785	0.888
EWB00_008934	EWB00_004095	6182.A0A4Z2DSI5	6182.Q6PMM5	0	0	0	0	0.091	0.576	0.811	0.135	0.928
EWB00_008934	fyn-prov	6182.A0A4Z2DSI5	6182.C1LGZ6	0	0	0.178	0.618	0	0.797	0.771	0.189	0.964
EWB00_008993	EWB00_009287	6182.A0A4Z2CNG2	6182.A0A4Z2CN04	0	0	0	0	0	0	0.618	0.128	0.652
EWB00_008993	EWB00_009122	6182.A0A4Z2CNG2	6182.A0A4Z2CN26	0	0	0.164	0.615	0.045	0.311	0.330	0.079	0.598
EWB00_008993	EWB00_009095	6182.A0A4Z2CNG2	6182.A0A4Z2CND2	0	0	0.198	0.613	0	0.212	0.378	0.043	0.573
EWB00_008993	EWB00_000516	6182.A0A4Z2CNG2	6182.A0A4Z2DIX5	0	0	0	0	0	0.363	0	0.102	0.403
EWB00_008993	EWB00_003639	6182.A0A4Z2CNG2	6182.A0A4Z2D7T8	0	0	0	0	0	0.093	0.387	0	0.420
EWB00_008993	EWB00_003063	6182.A0A4Z2CNG2	6182.A0A4Z2D9R8	0	0	0	0	0	0.212	0.298	0.043	0.424
EWB00_008993	EWB00_001594	6182.A0A4Z2CNG2	6182.A0A4Z2DF50	0	0	0	0	0	0.212	0.298	0.043	0.424
EWB00_008993	EWB00_011263	6182.A0A4Z2CNG2	6182.A0A4Z2DKT9	0	0	0	0	0	0.212	0.298	0.043	0.424
EWB00_008993	EWB00_010687	6182.A0A4Z2CNG2	6182.A0A4Z2DNJ5	0	0	0	0	0	0.212	0.298	0.043	0.424
EWB00_008993	EWB00_005467	6182.A0A4Z2CNG2	6182.A0A4Z2DU85	0	0	0	0	0	0.212	0.298	0.043	0.424
EWB00_008993	EWB00_006209	6182.A0A4Z2CNG2	6182.A0A4Z2CZP0	0	0	0	0	0	0.105	0.387	0	0.427
EWB00_008993	EWB00_001471	6182.A0A4Z2CNG2	6182.A0A4Z2DFS2	0	0	0	0	0	0.212	0.298	0.048	0.427
EWB00_008993	EWB00_011039	6182.A0A4Z2CNG2	6182.A0A4Z2DN82	0	0	0	0	0	0.105	0.387	0	0.427
EWB00_008993	EWB00_002919	6182.A0A4Z2CNG2	6182.A0A4Z2DWJ9	0	0	0	0	0	0.105	0.387	0	0.427
EWB00_008993	EWB00_011156	6182.A0A4Z2CNG2	6182.A0A4Z2DLU7	0	0	0	0	0	0.119	0.382	0	0.432
EWB00_008993	EWB00_004811	6182.A0A4Z2CNG2	6182.A0A4Z2DUN6	0	0	0	0	0	0.119	0.382	0	0.432
EWB00_008993	EWB00_001228	6182.A0A4Z2CNG2	6182.A0A4Z2DGB2	0	0	0	0	0	0.212	0.298	0.071	0.441
EWB00_008993	EWB00_002194	6182.A0A4Z2CNG2	6182.A0A4Z2DDD6	0	0	0	0	0	0	0.444	0	0.444
EWB00_008993	EWB00_002869	6182.A0A4Z2CNG2	6182.A0A4Z2DAG8	0	0	0	0	0	0.068	0.425	0.052	0.447
EWB00_008993	EWB00_003876	6182.A0A4Z2CNG2	6182.A0A4Z2D736	0	0	0.171	0.666	0	0.123	0.320	0.043	0.463
EWB00_008993	EWB00_002899	6182.A0A4Z2CNG2	6182.A0A4Z2DX55	0	0	0.151	0.592	0	0.069	0.377	0	0.464
EWB00_008993	EWB00_002797	6182.A0A4Z2CNG2	6182.A0A4Z2DBK5	0	0	0.192	0.670	0	0.113	0.320	0	0.470
EWB00_008993	EWB00_008189	6182.A0A4Z2CNG2	6182.A0A4Z2CR88	0	0	0	0	0	0.212	0.378	0.043	0.489
EWB00_008993	EWB00_007520	6182.A0A4Z2CNG2	6182.A0A4Z2CUE7	0	0	0	0	0	0.212	0.382	0.050	0.496
EWB00_008993	EWB00_005849	6182.A0A4Z2CNG2	6182.A0A4Z2D0D0	0	0	0	0	0	0.212	0.382	0.050	0.496
EWB00_008993	EWB00_004406	6182.A0A4Z2CNG2	6182.A0A4Z2D5D6	0	0	0	0	0	0.212	0.382	0.050	0.496
EWB00_008993	EWB00_005116	6182.A0A4Z2CNG2	6182.A0A4Z2D2T5	0	0	0.150	0.703	0	0.109	0.395	0	0.501
EWB00_008993	EWB00_008748	6182.A0A4Z2CNG2	6182.A0A4Z2DTN7	0	0	0.202	0.609	0	0.087	0.377	0.042	0.506
EWB00_008993	EWB00_008372	6182.A0A4Z2CNG2	6182.A0A4Z2CQJ6	0	0	0	0	0	0.113	0.473	0	0.512
EWB00_008993	EWB00_008162	6182.A0A4Z2CNG2	6182.A0A4Z2CR55	0	0	0.191	0.612	0	0.212	0.298	0.043	0.514
EWB00_008993	EWB00_007640	6182.A0A4Z2CNG2	6182.A0A4Z2CTJ3	0	0	0.191	0.616	0	0.212	0.298	0.048	0.516
EWB00_008993	EWB00_003710	6182.A0A4Z2CNG2	6182.A0A4Z2D7R1	0	0	0	0	0	0.149	0	0.475	0.534
EWB00_008993	EWB00_003747	6182.A0A4Z2CNG2	6182.A0A4Z2DVH8	0	0	0	0	0	0.212	0.432	0.048	0.536
EWB00_008993	EWB00_008683	6182.A0A4Z2CNG2	6182.A0A4Z2CNZ1	0	0	0	0	0.045	0.311	0.330	0.079	0.539
EWB00_008993	EWB00_006350	6182.A0A4Z2CNG2	6182.A0A4Z2CZ14	0	0	0	0	0.045	0.311	0.330	0.079	0.539
EWB00_008993	EWB00_004506	6182.A0A4Z2CNG2	6182.A0A4Z2D514	0	0	0	0	0.045	0.311	0.330	0.079	0.539
EWB00_008993	EWB00_004095	6182.A0A4Z2CNG2	6182.Q6PMM5	0	0	0	0	0.045	0.311	0.330	0.079	0.539
EWB00_008993	fyn-prov	6182.A0A4Z2CNG2	6182.C1LGZ6	0	0	0.163	0.610	0	0.212	0.382	0.050	0.560
EWB00_008993	EWB00_008724	6182.A0A4Z2CNG2	6182.A0A4Z2DSJ8	0	0	0	0	0.143	0.274	0.345	0.055	0.563
EWB00_008993	EWB00_003114	6182.A0A4Z2CNG2	6182.A0A4Z2D9R6	0	0	0.151	0.746	0.058	0.311	0.320	0	0.575
EWB00_008993	EWB00_001391	6182.A0A4Z2CNG2	6182.A0A4Z2DWQ9	0	0	0.156	0.702	0	0.109	0.478	0.056	0.579
EWB00_008993	EWB00_006175	6182.A0A4Z2CNG2	6182.A0A4Z2CZK0	0	0	0.177	0.600	0.058	0.311	0.320	0	0.588
EWB00_008993	EWB00_002531	6182.A0A4Z2CNG2	6182.A0A4Z2DBU6	0	0	0.162	0.589	0	0.234	0.397	0.066	0.590
EWB00_008993	CKI-alpha	6182.A0A4Z2CNG2	6182.C1L4B0	0	0	0.271	0	0	0.088	0.425	0.080	0.601
EWB00_008993	EWB00_002858	6182.A0A4Z2CNG2	6182.A0A4Z2DAI3	0	0	0.178	0.626	0	0.129	0.478	0.065	0.603
EWB00_008993	EWB00_004405	6182.A0A4Z2CNG2	6182.A0A4Z2D5F1	0	0	0.186	0.645	0.143	0.233	0.345	0.055	0.608
EWB00_008993	EWB00_000320	6182.A0A4Z2CNG2	6182.A0A4Z2DXA7	0	0	0	0	0.152	0.295	0.385	0.066	0.610
EWB00_008993	EWB00_011320	6182.A0A4Z2CNG2	6182.Q5DBY2	0	0	0.195	0.657	0.143	0.233	0.345	0.055	0.612
EWB00_008993	EWB00_002781	6182.A0A4Z2CNG2	6182.A0A4Z2DBA4	0	0	0.212	0	0	0.092	0.478	0.095	0.616
EWB00_008993	PR2	6182.A0A4Z2CNG2	6182.C7TXQ4	0	0	0.399	0	0	0.212	0.298	0.048	0.641
EWB00_008993	EWB00_007965	6182.A0A4Z2CNG2	6182.A0A4Z2CSU9	0	0	0.172	0.602	0	0.212	0.478	0.083	0.645
EWB00_008993	EWB00_000422	6182.A0A4Z2CNG2	6182.A0A4Z2DIX7	0	0	0.279	0	0	0.092	0.478	0.095	0.649
EWB00_008993	EWB00_007322	6182.A0A4Z2CNG2	6182.A0A4Z2CUR2	0	0	0.170	0.607	0	0	0.618	0	0.669
EWB00_008993	EWB00_001091	6182.A0A4Z2CNG2	6182.A0A4Z2DGZ7	0	0	0.177	0.695	0	0	0.618	0	0.672
EWB00_008993	EWB00_007161	6182.A0A4Z2CNG2	6182.A0A4Z2CVK4	0	0	0.178	0.688	0	0.330	0.469	0	0.682
EWB00_008993	EWB00_008934	6182.A0A4Z2CNG2	6182.A0A4Z2DSI5	0	0	0	0	0	0.212	0.618	0.043	0.686
EWB00_008993	EWB00_002386	6182.A0A4Z2CNG2	6182.A0A4Z2DCG1	0	0	0.168	0.686	0	0.139	0.618	0.073	0.712
EWB00_008993	EWB00_005166	6182.A0A4Z2CNG2	6182.A0A4Z2D2Y7	0	0	0	0	0	0.506	0.478	0	0.731
EWB00_008993	EWB00_005385	6182.A0A4Z2CNG2	6182.A0A4Z2D1Q0	0	0	0	0	0	0.384	0.618	0.066	0.761
EWB00_008993	EWB00_004196	6182.A0A4Z2CNG2	6182.A0A4Z2DUY0	0	0	0.071	0.938	0	0	0.875	0	0.878
EWB00_008993	EWB00_000085	6182.A0A4Z2CNG2	6182.A0A4Z2DKG0	0	0	0.107	0.864	0.143	0.233	0.816	0.055	0.879
EWB00_008993	EWB00_007721	6182.A0A4Z2CNG2	6182.A0A4Z2DSU2	0	0	0.067	0.946	0	0	0.919	0	0.921
EWB00_008993	EWB00_004368	6182.A0A4Z2CNG2	6182.A0A4Z2D605	0	0	0	0	0.096	0.311	0.946	0.118	0.966
EWB00_008993	EWB00_004650	6182.A0A4Z2CNG2	6182.A0A4Z2D5A9	0	0	0	0	0.131	0.485	0.946	0	0.973
EWB00_009095	EWB00_010024	6182.A0A4Z2CND2	6182.A0A4Z2CL49	0	0	0	0	0	0.312	0.425	0.059	0.595
EWB00_009095	EWB00_009457	6182.A0A4Z2CND2	6182.A0A4Z2CLX5	0	0	0	0	0	0.312	0.425	0.059	0.595
EWB00_009095	EWB00_009456	6182.A0A4Z2CND2	6182.A0A4Z2CM06	0	0	0.215	0.598	0	0.123	0.340	0	0.505
EWB00_009095	EWB00_009435	6182.A0A4Z2CND2	6182.A0A4Z2CM43	0	0	0	0	0	0.143	0.340	0	0.410
EWB00_009095	EWB00_009267	6182.A0A4Z2CND2	6182.A0A4Z2CML4	0	0	0	0	0	0.165	0.381	0.063	0.473
EWB00_009095	EWB00_009162	6182.A0A4Z2CND2	6182.A0A4Z2CMV9	0	0	0	0	0	0.165	0.381	0.063	0.473
EWB00_009095	EWB00_009122	6182.A0A4Z2CND2	6182.A0A4Z2CN26	0	0	0.181	0.589	0	0.204	0.392	0.069	0.581
EWB00_009095	EWB00_010727	6182.A0A4Z2CND2	6182.A0A4Z2DNH6	0	0	0	0	0	0.082	0.379	0	0.405
EWB00_009095	EWB00_004137	6182.A0A4Z2CND2	6182.A0A4Z2D773	0	0	0	0	0	0.082	0.379	0	0.405
EWB00_009095	EWB00_003065	6182.A0A4Z2CND2	6182.A0A4Z2D9U3	0	0	0	0	0	0.092	0.372	0.046	0.408
EWB00_009095	EWB00_001618	6182.A0A4Z2CND2	6182.A0A4Z2DF74	0	0	0	0	0	0.165	0.282	0.104	0.415
EWB00_009095	EWB00_002781	6182.A0A4Z2CND2	6182.A0A4Z2DBA4	0	0	0	0	0	0.107	0.373	0.047	0.419
EWB00_009095	EWB00_001328	6182.A0A4Z2CND2	6182.A0A4Z2DG14	0	0	0	0	0	0.146	0.367	0	0.436
EWB00_009095	EWB00_006126	6182.A0A4Z2CND2	6182.A0A4Z2CZR2	0	0	0	0	0	0.146	0.367	0	0.436
EWB00_009095	EWB00_008724	6182.A0A4Z2CND2	6182.A0A4Z2DSJ8	0	0	0.194	0.588	0	0.161	0.240	0.043	0.442
EWB00_009095	EWB00_004368	6182.A0A4Z2CND2	6182.A0A4Z2D605	0	0	0	0	0	0.114	0.390	0.062	0.448
EWB00_009095	EWB00_000085	6182.A0A4Z2CND2	6182.A0A4Z2DKG0	0	0	0.207	0.601	0	0.161	0.240	0.043	0.451
EWB00_009095	EWB00_002869	6182.A0A4Z2CND2	6182.A0A4Z2DAG8	0	0	0	0	0	0.134	0.383	0.070	0.459
EWB00_009095	EWB00_004405	6182.A0A4Z2CND2	6182.A0A4Z2D5F1	0	0	0.220	0.592	0	0.161	0.240	0.043	0.460
EWB00_009095	EWB00_002919	6182.A0A4Z2CND2	6182.A0A4Z2DWJ9	0	0	0	0	0	0.141	0.385	0.063	0.461
EWB00_009095	EWB00_011039	6182.A0A4Z2CND2	6182.A0A4Z2DN82	0	0	0	0	0	0.141	0.385	0.063	0.461
EWB00_009095	EWB00_003639	6182.A0A4Z2CND2	6182.A0A4Z2D7T8	0	0	0	0	0	0.141	0.385	0.063	0.461
EWB00_009095	EWB00_006209	6182.A0A4Z2CND2	6182.A0A4Z2CZP0	0	0	0	0	0	0.141	0.385	0.063	0.461
EWB00_009095	EWB00_011320	6182.A0A4Z2CND2	6182.Q5DBY2	0	0	0.229	0.585	0	0.161	0.240	0.043	0.466
EWB00_009095	EWB00_002502	6182.A0A4Z2CND2	6182.Q71TT8	0	0	0	0	0	0.165	0.381	0.063	0.473
EWB00_009095	Act5C	6182.A0A4Z2CND2	6182.Q5DF69	0	0	0	0	0	0.165	0.381	0.063	0.473
EWB00_009095	EWB00_009161	6182.A0A4Z2CND2	6182.C1L3T0	0	0	0	0	0	0.165	0.381	0.063	0.473
EWB00_009095	EWB00_008857	6182.A0A4Z2CND2	6182.A0A4Z2DY79	0	0	0	0	0	0.165	0.381	0.063	0.473
EWB00_009095	EWB00_004878	6182.A0A4Z2CND2	6182.A0A4Z2DUX1	0	0	0	0	0	0.165	0.381	0.063	0.473
EWB00_009095	EWB00_004876	6182.A0A4Z2CND2	6182.A0A4Z2DUG9	0	0	0	0	0	0.165	0.381	0.063	0.473
EWB00_009095	EWB00_006002	6182.A0A4Z2CND2	6182.A0A4Z2DTC9	0	0	0	0	0	0.165	0.381	0.063	0.473
EWB00_009095	EWB00_001343	6182.A0A4Z2CND2	6182.A0A4Z2DFX9	0	0	0.181	0.574	0	0.197	0.272	0	0.479
EWB00_009095	EWB00_003146	6182.A0A4Z2CND2	6182.A0A4Z2D9E0	0	0	0	0	0	0.121	0.394	0.104	0.481
EWB00_009095	EWB00_006505	6182.A0A4Z2CND2	6182.A0A4Z2CYG9	0	0	0	0	0	0.121	0.394	0.104	0.481
EWB00_009095	EWB00_004243	6182.A0A4Z2CND2	6182.A0A4Z2D5G0	0	0	0	0	0	0.175	0.387	0.070	0.488
EWB00_009095	EWB00_007721	6182.A0A4Z2CND2	6182.A0A4Z2DSU2	0	0	0	0	0	0.212	0.378	0.043	0.489
EWB00_009095	EWB00_003429	6182.A0A4Z2CND2	6182.A0A4Z2DWH7	0	0	0	0	0	0.170	0.393	0.070	0.490
EWB00_009095	EWB00_003876	6182.A0A4Z2CND2	6182.A0A4Z2D736	0	0	0.223	0.559	0	0.148	0.292	0	0.490
EWB00_009095	EWB00_001225	6182.A0A4Z2CND2	6182.A0A4Z2DG63	0	0	0	0	0	0.129	0.381	0.136	0.493
EWB00_009095	EWB00_003565	6182.A0A4Z2CND2	6182.A0A4Z2D923	0	0	0	0	0	0.129	0.381	0.136	0.493
EWB00_009095	EWB00_007650	6182.A0A4Z2CND2	6182.A0A4Z2CTZ5	0	0	0.198	0.574	0	0.138	0.335	0.054	0.506
EWB00_009095	EWB00_005112	6182.A0A4Z2CND2	6182.C1LH53	0	0	0.220	0.603	0	0.123	0.340	0	0.509
EWB00_009095	EWB00_004095	6182.A0A4Z2CND2	6182.Q6PMM5	0	0	0	0	0	0.204	0.392	0.069	0.510
EWB00_009095	EWB00_004506	6182.A0A4Z2CND2	6182.A0A4Z2D514	0	0	0	0	0	0.204	0.392	0.069	0.510
EWB00_009095	EWB00_006350	6182.A0A4Z2CND2	6182.A0A4Z2CZ14	0	0	0	0	0	0.204	0.392	0.069	0.510
EWB00_009095	EWB00_008528	6182.A0A4Z2CND2	6182.A0A4Z2CPM6	0	0	0	0	0	0.240	0.390	0.053	0.522
EWB00_009095	EWB00_002741	6182.A0A4Z2CND2	6182.A0A4Z2DB14	0	0	0	0	0	0.250	0.373	0.096	0.537
EWB00_009095	EWB00_007965	6182.A0A4Z2CND2	6182.A0A4Z2CSU9	0	0	0.208	0.586	0	0.209	0.323	0	0.538
EWB00_009095	EWB00_008162	6182.A0A4Z2CND2	6182.A0A4Z2CR55	0	0	0.191	0.686	0	0.140	0.393	0	0.540
EWB00_009095	EWB00_010643	6182.A0A4Z2CND2	6182.A0A4Z2DN24	0	0	0	0	0	0.262	0.395	0.055	0.541
EWB00_009095	EWB00_004032	6182.A0A4Z2CND2	6182.A0A4Z2D6K4	0	0	0	0	0	0.238	0.425	0	0.543
EWB00_009095	EWB00_007959	6182.A0A4Z2CND2	6182.A0A4Z2CS38	0	0	0.173	0.578	0	0.201	0.372	0	0.548
EWB00_009095	EWB00_004650	6182.A0A4Z2CND2	6182.A0A4Z2D5A9	0	0	0.153	0.558	0	0.229	0.355	0.069	0.555
EWB00_009095	CKI-alpha	6182.A0A4Z2CND2	6182.C1L4B0	0	0	0.274	0	0	0.107	0.373	0.047	0.560
EWB00_009095	EWB00_008231	6182.A0A4Z2CND2	6182.A0A4Z2CRJ2	0	0	0.212	0.607	0.055	0.145	0.388	0.046	0.560
EWB00_009095	EWB00_004196	6182.A0A4Z2CND2	6182.A0A4Z2DUY0	0	0	0.177	0.619	0	0.212	0.378	0.043	0.562
EWB00_009095	EWB00_003272	6182.A0A4Z2CND2	6182.Q5DB60	0	0	0.186	0.588	0	0.190	0.386	0.048	0.563
EWB00_009095	EWB00_000422	6182.A0A4Z2CND2	6182.A0A4Z2DIX7	0	0	0.281	0	0	0.107	0.373	0.047	0.565
EWB00_009095	EWB00_007161	6182.A0A4Z2CND2	6182.A0A4Z2CVK4	0	0	0.216	0.582	0	0.135	0.394	0.070	0.566
EWB00_009095	EWB00_000751	6182.A0A4Z2CND2	6182.A0A4Z2DI18	0	0	0.207	0.573	0	0.201	0.372	0	0.567
EWB00_009095	EWB00_002797	6182.A0A4Z2CND2	6182.A0A4Z2DBK5	0	0	0.245	0.562	0	0.143	0.385	0	0.567
EWB00_009095	EWB00_008683	6182.A0A4Z2CND2	6182.A0A4Z2CNZ1	0	0	0.156	0.611	0	0.204	0.392	0.069	0.568
EWB00_009095	EWB00_008411	6182.A0A4Z2CND2	6182.A0A4Z2CQ40	0	0	0.231	0.562	0.055	0.145	0.388	0.046	0.571
EWB00_009095	EWB00_008993	6182.A0A4Z2CND2	6182.A0A4Z2CNG2	0	0	0.198	0.613	0	0.212	0.378	0.043	0.573
EWB00_009095	EWB00_011263	6182.A0A4Z2CND2	6182.A0A4Z2DKT9	0	0	0.154	0.573	0	0.252	0.394	0.063	0.592
EWB00_009095	EWB00_010687	6182.A0A4Z2CND2	6182.A0A4Z2DNJ5	0	0	0.176	0.664	0	0.210	0.425	0	0.593
EWB00_009095	EWB00_003114	6182.A0A4Z2CND2	6182.A0A4Z2D9R6	0	0	0.227	0.568	0	0.229	0.355	0.069	0.594
EWB00_009095	EWB00_000516	6182.A0A4Z2CND2	6182.A0A4Z2DIX5	0	0	0.166	0.576	0	0.262	0.386	0.055	0.595
EWB00_009095	EWB00_005166	6182.A0A4Z2CND2	6182.A0A4Z2D2Y7	0	0	0.227	0.560	0	0.244	0.371	0.047	0.602
EWB00_009095	EWB00_009358	6182.A0A4Z2CND2	6182.A0A4Z2DRM5	0	0	0	0	0	0.141	0.517	0.128	0.606
EWB00_009095	EWB00_002899	6182.A0A4Z2CND2	6182.A0A4Z2DX55	0	0	0.206	0.573	0	0.256	0.382	0.063	0.612
EWB00_009095	EWB00_002386	6182.A0A4Z2CND2	6182.A0A4Z2DCG1	0	0	0.189	0.576	0	0.266	0.394	0.062	0.616
EWB00_009095	EWB00_002858	6182.A0A4Z2CND2	6182.A0A4Z2DAI3	0	0	0.196	0.576	0	0.266	0.394	0.062	0.619
EWB00_009095	EWB00_008748	6182.A0A4Z2CND2	6182.A0A4Z2DTN7	0	0	0.227	0.611	0	0.256	0.382	0.063	0.622
EWB00_009095	EWB00_001471	6182.A0A4Z2CND2	6182.A0A4Z2DFS2	0	0	0.167	0.610	0	0.295	0.394	0.071	0.625
EWB00_009095	cdk5	6182.A0A4Z2CND2	6182.C1L6Q8	0	0	0.156	0.614	0	0.158	0.517	0	0.626
EWB00_009095	EWB00_002182	6182.A0A4Z2CND2	6182.A0A4Z2DD10	0	0	0	0	0	0.237	0.517	0.068	0.626
EWB00_009095	PR2	6182.A0A4Z2CND2	6182.C7TXQ4	0	0	0.196	0.611	0	0.295	0.394	0.071	0.638
EWB00_009095	EWB00_008934	6182.A0A4Z2CND2	6182.A0A4Z2DSI5	0	0	0.190	0.567	0	0.310	0.394	0.066	0.641
EWB00_009095	EWB00_003063	6182.A0A4Z2CND2	6182.A0A4Z2D9R8	0	0	0	0	0	0.288	0.517	0	0.641
EWB00_009095	Grb2	6182.A0A4Z2CND2	6182.Q86F73	0	0	0	0	0	0.402	0.425	0.066	0.650
EWB00_009095	EWB00_002531	6182.A0A4Z2CND2	6182.A0A4Z2DBU6	0	0	0.185	0.580	0	0.292	0.391	0.124	0.650
EWB00_009095	EWB00_005910	6182.A0A4Z2CND2	6182.A0A4Z2D044	0	0	0	0	0	0.402	0.425	0.066	0.650
EWB00_009095	EWB00_007640	6182.A0A4Z2CND2	6182.A0A4Z2CTJ3	0	0	0.224	0.568	0	0.295	0.394	0.071	0.650
EWB00_009095	EWB00_007978	6182.A0A4Z2CND2	6182.A0A4Z2CSH8	0	0	0	0	0	0.256	0.517	0.137	0.662
EWB00_009095	EWB00_006175	6182.A0A4Z2CND2	6182.A0A4Z2CZK0	0	0	0.361	0	0	0.229	0.355	0.069	0.664
EWB00_009095	EWB00_003747	6182.A0A4Z2CND2	6182.A0A4Z2DVH8	0	0	0.202	0.603	0	0.213	0.517	0	0.670
EWB00_009095	EWB00_007519	6182.A0A4Z2CND2	6182.Q5D9F6	0	0	0.167	0.601	0	0.257	0.517	0.065	0.683
EWB00_009095	EWB00_005803	6182.A0A4Z2CND2	6182.A0A4Z2D0N4	0	0	0	0	0	0.309	0.517	0.139	0.687
EWB00_009095	EWB00_003710	6182.A0A4Z2CND2	6182.A0A4Z2D7R1	0	0	0	0	0	0.506	0.394	0.131	0.717
EWB00_009095	EWB00_007322	6182.A0A4Z2CND2	6182.A0A4Z2CUR2	0	0	0.197	0.600	0	0.506	0.517	0.067	0.797
EWB00_009117	EWB00_010643	6182.A0A4Z2CN06	6182.A0A4Z2DN24	0	0	0	0	0.052	0.120	0.359	0	0.418
EWB00_009117	EWB00_005803	6182.A0A4Z2CN06	6182.A0A4Z2D0N4	0	0	0	0	0	0.086	0.375	0.065	0.419
EWB00_009117	EWB00_007650	6182.A0A4Z2CN06	6182.A0A4Z2CTZ5	0	0	0	0	0	0.119	0.367	0.055	0.426
EWB00_009117	EWB00_004122	6182.A0A4Z2CN06	6182.A0A4Z2D6I6	0	0	0	0	0	0.227	0.293	0	0.430
EWB00_009117	EWB00_009541	6182.A0A4Z2CN06	6182.A0A4Z2DR60	0	0	0	0	0	0.227	0.293	0	0.430
EWB00_009117	EWB00_005116	6182.A0A4Z2CN06	6182.A0A4Z2D2T5	0	0	0	0	0	0.178	0.372	0	0.461
EWB00_009117	EWB00_008372	6182.A0A4Z2CN06	6182.A0A4Z2CQJ6	0	0	0	0	0.050	0.178	0.372	0	0.466
EWB00_009117	EWB00_003710	6182.A0A4Z2CN06	6182.A0A4Z2D7R1	0	0	0	0	0	0.167	0.387	0.067	0.481
EWB00_009117	EWB00_009605	6182.A0A4Z2CN06	6182.A0A4Z2DR61	0	0	0.532	0	0	0	0	0	0.532
EWB00_009122	EWB00_010024	6182.A0A4Z2CN26	6182.A0A4Z2CL49	0	0	0	0	0	0.255	0.658	0.096	0.749
EWB00_009122	EWB00_009457	6182.A0A4Z2CN26	6182.A0A4Z2CLX5	0	0	0	0	0	0.255	0.658	0.096	0.749
EWB00_009122	EWB00_009456	6182.A0A4Z2CN26	6182.A0A4Z2CM06	0	0	0.216	0.581	0	0.506	0.425	0.067	0.764
EWB00_009122	EWB00_009435	6182.A0A4Z2CN26	6182.A0A4Z2CM43	0	0	0	0	0	0.080	0.539	0	0.557
EWB00_009122	EWB00_009224	6182.A0A4Z2CN26	6182.A0A4Z2CMJ2	0	0	0	0	0	0.253	0.373	0.055	0.518
EWB00_009122	EWB00_009287	6182.A0A4Z2CN26	6182.A0A4Z2CN04	0	0	0	0	0	0.122	0.383	0.071	0.452
EWB00_009122	EWB00_006050	6182.A0A4Z2CN26	6182.A0A4Z2DTJ0	0	0	0	0	0	0.309	0	0.173	0.404
EWB00_009122	EWB00_003639	6182.A0A4Z2CN26	6182.A0A4Z2D7T8	0	0	0	0	0	0.085	0.382	0	0.410
EWB00_009122	EWB00_003429	6182.A0A4Z2CN26	6182.A0A4Z2DWH7	0	0	0	0	0	0.361	0	0.115	0.410
EWB00_009122	EWB00_010398	6182.A0A4Z2CN26	6182.A0A4Z2DXN3	0	0	0	0	0	0.309	0	0.188	0.414
EWB00_009122	EWB00_003876	6182.A0A4Z2CN26	6182.A0A4Z2D736	0	0	0.187	0.617	0	0.253	0.099	0.067	0.421
EWB00_009122	EWB00_006209	6182.A0A4Z2CN26	6182.A0A4Z2CZP0	0	0	0	0	0	0.102	0.394	0	0.432
EWB00_009122	EWB00_011039	6182.A0A4Z2CN26	6182.A0A4Z2DN82	0	0	0	0	0	0.102	0.394	0	0.432
EWB00_009122	EWB00_002919	6182.A0A4Z2CN26	6182.A0A4Z2DWJ9	0	0	0	0	0	0.102	0.394	0	0.432
EWB00_009122	EWB00_002869	6182.A0A4Z2CN26	6182.A0A4Z2DAG8	0	0	0	0	0	0.116	0.392	0.064	0.452
EWB00_009122	EWB00_003565	6182.A0A4Z2CN26	6182.A0A4Z2D923	0	0	0	0	0	0.120	0.394	0.084	0.468
EWB00_009122	EWB00_003747	6182.A0A4Z2CN26	6182.A0A4Z2DVH8	0	0	0	0	0	0.204	0.360	0.050	0.473
EWB00_009122	EWB00_001228	6182.A0A4Z2CN26	6182.A0A4Z2DGB2	0	0	0	0	0.048	0.204	0.360	0.050	0.477
EWB00_009122	EWB00_003063	6182.A0A4Z2CN26	6182.A0A4Z2D9R8	0	0	0	0	0.051	0.204	0.360	0.064	0.486
EWB00_009122	EWB00_002797	6182.A0A4Z2CN26	6182.A0A4Z2DBK5	0	0	0.205	0.608	0	0.055	0.377	0	0.491
EWB00_009122	EWB00_002899	6182.A0A4Z2CN26	6182.A0A4Z2DX55	0	0	0.187	0.574	0	0.110	0.383	0	0.514
EWB00_009122	EWB00_005849	6182.A0A4Z2CN26	6182.A0A4Z2D0D0	0	0	0	0	0	0.204	0.394	0.086	0.520
EWB00_009122	EWB00_000516	6182.A0A4Z2CN26	6182.A0A4Z2DIX5	0	0	0.176	0.598	0	0.093	0.394	0.068	0.521
EWB00_009122	Grb2	6182.A0A4Z2CN26	6182.Q86F73	0	0	0	0	0	0	0.384	0.263	0.526
EWB00_009122	EWB00_001471	6182.A0A4Z2CN26	6182.A0A4Z2DFS2	0	0	0	0	0	0.204	0.378	0.123	0.527
EWB00_009122	EWB00_008189	6182.A0A4Z2CN26	6182.A0A4Z2CR88	0	0	0	0	0	0.204	0.392	0.105	0.529
EWB00_009122	EWB00_008162	6182.A0A4Z2CN26	6182.A0A4Z2CR55	0	0	0.188	0.602	0	0.204	0.360	0.050	0.554
EWB00_009122	EWB00_008748	6182.A0A4Z2CN26	6182.A0A4Z2DTN7	0	0	0.212	0.588	0	0.126	0.395	0.056	0.554
EWB00_009122	EWB00_003272	6182.A0A4Z2CN26	6182.Q5DB60	0	0	0	0	0	0.311	0.387	0.064	0.570
EWB00_009122	EWB00_008286	6182.A0A4Z2CN26	6182.A0A4Z2CQZ5	0	0	0.179	0.610	0	0.463	0.107	0	0.571
EWB00_009122	EWB00_001594	6182.A0A4Z2CN26	6182.A0A4Z2DF50	0	0	0	0	0	0.204	0.360	0.237	0.577
EWB00_009122	EWB00_009095	6182.A0A4Z2CN26	6182.A0A4Z2CND2	0	0	0.181	0.589	0	0.204	0.392	0.069	0.581
EWB00_009122	EWB00_004368	6182.A0A4Z2CN26	6182.A0A4Z2D605	0	0	0	0	0	0.285	0.360	0.162	0.583
EWB00_009122	EWB00_008993	6182.A0A4Z2CN26	6182.A0A4Z2CNG2	0	0	0.164	0.615	0.045	0.311	0.330	0.079	0.598
EWB00_009122	EWB00_002531	6182.A0A4Z2CN26	6182.A0A4Z2DBU6	0	0	0	0	0.070	0.301	0.370	0.138	0.599
EWB00_009122	EWB00_004405	6182.A0A4Z2CN26	6182.A0A4Z2D5F1	0	0	0.195	0.602	0	0.281	0.378	0.063	0.617
EWB00_009122	EWB00_008528	6182.A0A4Z2CN26	6182.A0A4Z2CPM6	0	0	0	0	0	0.318	0.379	0.169	0.617
EWB00_009122	EWB00_011320	6182.A0A4Z2CN26	6182.Q5DBY2	0	0	0.199	0.593	0	0.281	0.378	0.063	0.619
EWB00_009122	EWB00_002182	6182.A0A4Z2CN26	6182.A0A4Z2DD10	0	0	0	0	0	0.253	0.512	0.064	0.628
EWB00_009122	EWB00_010687	6182.A0A4Z2CN26	6182.A0A4Z2DNJ5	0	0	0	0	0	0.204	0.548	0.059	0.631
EWB00_009122	EWB00_008411	6182.A0A4Z2CN26	6182.A0A4Z2CQ40	0	0	0.190	0.615	0	0.309	0.394	0.068	0.641
EWB00_009122	EWB00_008724	6182.A0A4Z2CN26	6182.A0A4Z2DSJ8	0	0	0.162	0.629	0	0.356	0.378	0.064	0.643
EWB00_009122	EWB00_007978	6182.A0A4Z2CN26	6182.A0A4Z2CSH8	0	0	0	0	0	0.381	0.391	0.138	0.646
EWB00_009122	EWB00_010643	6182.A0A4Z2CN26	6182.A0A4Z2DN24	0	0	0	0	0	0	0.666	0.068	0.675
EWB00_009122	EWB00_004406	6182.A0A4Z2CN26	6182.A0A4Z2D5D6	0	0	0	0	0	0.204	0.546	0.180	0.677
EWB00_009122	EWB00_007520	6182.A0A4Z2CN26	6182.A0A4Z2CUE7	0	0	0	0	0	0.204	0.546	0.180	0.677
EWB00_009122	fyn-prov	6182.A0A4Z2CN26	6182.C1LGZ6	0	0	0	0	0	0.204	0.546	0.180	0.677
EWB00_009122	EWB00_008231	6182.A0A4Z2CN26	6182.A0A4Z2CRJ2	0	0	0.171	0.632	0	0.309	0.498	0.068	0.696
EWB00_009122	EWB00_000085	6182.A0A4Z2CN26	6182.A0A4Z2DKG0	0	0	0.189	0.617	0	0.281	0.517	0.063	0.700
EWB00_009122	EWB00_007721	6182.A0A4Z2CN26	6182.A0A4Z2DSU2	0	0	0	0	0.052	0.311	0.563	0.079	0.701
EWB00_009122	EWB00_004196	6182.A0A4Z2CN26	6182.A0A4Z2DUY0	0	0	0	0	0.052	0.311	0.563	0.079	0.701
EWB00_009122	EWB00_007965	6182.A0A4Z2CN26	6182.A0A4Z2CSU9	0	0	0.422	0	0	0.204	0.360	0.111	0.703
EWB00_009122	EWB00_001225	6182.A0A4Z2CN26	6182.A0A4Z2DG63	0	0	0	0	0	0.098	0.691	0.046	0.710
EWB00_009122	EWB00_003710	6182.A0A4Z2CN26	6182.A0A4Z2D7R1	0	0	0	0	0	0.506	0.377	0.148	0.714
EWB00_009122	EWB00_000320	6182.A0A4Z2CN26	6182.A0A4Z2DXA7	0	0	0	0	0.044	0.103	0.771	0.063	0.791
EWB00_009122	EWB00_007640	6182.A0A4Z2CN26	6182.A0A4Z2CTJ3	0	0	0.427	0	0	0.204	0.378	0.357	0.793
EWB00_009122	EWB00_005467	6182.A0A4Z2CN26	6182.A0A4Z2DU85	0	0	0.166	0.586	0	0.204	0.771	0.068	0.839
EWB00_009122	EWB00_002858	6182.A0A4Z2CN26	6182.A0A4Z2DAI3	0	0	0.166	0.568	0	0.506	0.674	0.189	0.876
EWB00_009122	EWB00_008934	6182.A0A4Z2CN26	6182.A0A4Z2DSI5	0	0	0.160	0.576	0.069	0.379	0.771	0.070	0.877
EWB00_009122	EWB00_005166	6182.A0A4Z2CN26	6182.A0A4Z2D2Y7	0	0	0.200	0.597	0	0.309	0.771	0.202	0.885
EWB00_009122	EWB00_002194	6182.A0A4Z2CN26	6182.A0A4Z2DDD6	0	0	0	0	0	0.506	0.771	0.066	0.885
EWB00_009122	EWB00_004032	6182.A0A4Z2CN26	6182.A0A4Z2D6K4	0	0	0	0	0	0.506	0.771	0.122	0.892
EWB00_009122	EWB00_007519	6182.A0A4Z2CN26	6182.Q5D9F6	0	0	0	0	0.083	0.134	0.876	0	0.892
EWB00_009122	EWB00_008683	6182.A0A4Z2CN26	6182.A0A4Z2CNZ1	0	0	0	0	0	0.506	0.811	0	0.902
EWB00_009122	EWB00_004095	6182.A0A4Z2CN26	6182.Q6PMM5	0	0	0	0	0	0.506	0.811	0	0.902
EWB00_009122	EWB00_003065	6182.A0A4Z2CN26	6182.A0A4Z2D9U3	0	0	0	0	0	0.245	0.876	0.071	0.905
EWB00_009122	EWB00_007322	6182.A0A4Z2CN26	6182.A0A4Z2CUR2	0	0	0.270	0	0	0.098	0.876	0.109	0.917
EWB00_009122	EWB00_009358	6182.A0A4Z2CN26	6182.A0A4Z2DRM5	0	0	0.225	0	0	0.284	0.771	0.477	0.924
EWB00_009122	PR2	6182.A0A4Z2CN26	6182.C7TXQ4	0	0	0.376	0	0	0.335	0.876	0.141	0.949
EWB00_009122	EWB00_001343	6182.A0A4Z2CN26	6182.A0A4Z2DFX9	0	0	0.177	0.570	0.044	0.470	0.876	0.303	0.957
EWB00_009122	EWB00_011263	6182.A0A4Z2CN26	6182.A0A4Z2DKT9	0	0	0	0	0	0.639	0.876	0.139	0.958
EWB00_009122	EWB00_002386	6182.A0A4Z2CN26	6182.A0A4Z2DCG1	0	0	0.150	0.612	0.042	0.804	0.876	0.238	0.982
EWB00_009122	EWB00_007161	6182.A0A4Z2CN26	6182.A0A4Z2CVK4	0	0	0.183	0.619	0	0.932	0.876	0.303	0.994
EWB00_009122	EWB00_005112	6182.A0A4Z2CN26	6182.C1LH53	0	0	0.210	0.592	0.047	0.926	0.876	0.407	0.995
EWB00_009161	EWB00_009560	6182.C1L3T0	6182.A0A4Z2CLW6	0	0	0	0	0	0.118	0.337	0.069	0.408
EWB00_009161	EWB00_009095	6182.C1L3T0	6182.A0A4Z2CND2	0	0	0	0	0	0.165	0.381	0.063	0.473
EWB00_009161	EWB00_008372	6182.C1L3T0	6182.A0A4Z2CQJ6	0	0	0	0	0	0.102	0.390	0.105	0.466
EWB00_009161	EWB00_008189	6182.C1L3T0	6182.A0A4Z2CR88	0	0	0	0	0	0.165	0.381	0.063	0.473
EWB00_009161	EWB00_007739	6182.C1L3T0	6182.A0A4Z2CT39	0	0	0	0	0.052	0.506	0.219	0.171	0.656
EWB00_009161	EWB00_007640	6182.C1L3T0	6182.A0A4Z2CTJ3	0	0	0	0	0	0.165	0.282	0.086	0.404
EWB00_009161	EWB00_007520	6182.C1L3T0	6182.A0A4Z2CUE7	0	0	0	0	0	0.165	0.381	0.063	0.473
EWB00_009161	EWB00_007322	6182.C1L3T0	6182.A0A4Z2CUR2	0	0	0	0	0	0.264	0.396	0.104	0.566
EWB00_009161	EWB00_006505	6182.C1L3T0	6182.A0A4Z2CYG9	0	0	0	0	0	0.175	0.388	0.320	0.626
EWB00_009161	EWB00_006234	6182.C1L3T0	6182.A0A4Z2CZ44	0	0	0	0	0	0.147	0.359	0.355	0.616
EWB00_009161	EWB00_005910	6182.C1L3T0	6182.A0A4Z2D044	0	0	0	0	0	0.204	0.386	0.066	0.503
EWB00_009161	EWB00_005902	6182.C1L3T0	6182.A0A4Z2D084	0	0	0	0	0	0.467	0	0.155	0.530
EWB00_009161	EWB00_005849	6182.C1L3T0	6182.A0A4Z2D0D0	0	0	0	0	0	0.165	0.381	0.063	0.473
EWB00_009161	EWB00_005803	6182.C1L3T0	6182.A0A4Z2D0N4	0	0	0	0	0	0.290	0.396	0.076	0.569
EWB00_009161	EWB00_005116	6182.C1L3T0	6182.A0A4Z2D2T5	0	0	0	0	0	0.102	0.390	0.105	0.466
EWB00_009161	EWB00_004965	6182.C1L3T0	6182.A0A4Z2D4A5	0	0	0	0	0	0.118	0.337	0.069	0.408
EWB00_009161	EWB00_004406	6182.C1L3T0	6182.A0A4Z2D5D6	0	0	0	0	0	0.165	0.381	0.063	0.473
EWB00_009161	EWB00_004368	6182.C1L3T0	6182.A0A4Z2D605	0	0	0	0	0	0.165	0.282	0.114	0.422
EWB00_009161	EWB00_004032	6182.C1L3T0	6182.A0A4Z2D6K4	0	0	0	0	0	0.280	0.385	0.104	0.568
EWB00_009161	EWB00_003876	6182.C1L3T0	6182.A0A4Z2D736	0	0	0	0	0	0.249	0.216	0.064	0.400
EWB00_009161	EWB00_004137	6182.C1L3T0	6182.A0A4Z2D773	0	0	0	0	0	0.262	0.353	0.054	0.508
EWB00_009161	EWB00_003710	6182.C1L3T0	6182.A0A4Z2D7R1	0	0	0	0	0	0.310	0	0.239	0.452
EWB00_009161	EWB00_003565	6182.C1L3T0	6182.A0A4Z2D923	0	0	0	0	0.089	0.283	0.372	0.205	0.630
EWB00_009161	EWB00_003234	6182.C1L3T0	6182.A0A4Z2D940	0	0	0	0	0	0.093	0.375	0.042	0.409
EWB00_009161	EWB00_003146	6182.C1L3T0	6182.A0A4Z2D9E0	0	0	0	0	0	0.175	0.388	0.183	0.551
EWB00_009161	EWB00_002869	6182.C1L3T0	6182.A0A4Z2DAG8	0	0	0	0	0	0.119	0.259	0.186	0.422
EWB00_009161	EWB00_002775	6182.C1L3T0	6182.A0A4Z2DBA8	0	0	0	0	0	0.147	0.359	0.355	0.616
EWB00_009161	EWB00_001618	6182.C1L3T0	6182.A0A4Z2DF74	0	0	0	0	0.042	0.506	0.396	0.144	0.722
EWB00_009161	EWB00_001471	6182.C1L3T0	6182.A0A4Z2DFS2	0	0	0	0	0	0.165	0.282	0.086	0.404
EWB00_009161	EWB00_001225	6182.C1L3T0	6182.A0A4Z2DG63	0	0	0	0	0	0.283	0.372	0.104	0.561
EWB00_009161	EWB00_011156	6182.C1L3T0	6182.A0A4Z2DLU7	0	0	0	0	0	0.172	0.372	0.095	0.488
EWB00_009161	EWB00_010643	6182.C1L3T0	6182.A0A4Z2DN24	0	0	0	0	0	0.113	0.391	0.077	0.457
EWB00_009161	EWB00_010649	6182.C1L3T0	6182.A0A4Z2DN32	0	0	0	0	0	0.294	0.373	0.085	0.559
EWB00_009161	EWB00_010727	6182.C1L3T0	6182.A0A4Z2DNH6	0	0	0	0	0	0.262	0.353	0.054	0.508
EWB00_009161	EWB00_009305	6182.C1L3T0	6182.A0A4Z2DS24	0	0	0	0	0	0.286	0.394	0.113	0.582
EWB00_009161	EWB00_006050	6182.C1L3T0	6182.A0A4Z2DTJ0	0	0	0	0	0	0.294	0.373	0.085	0.559
EWB00_009161	EWB00_008748	6182.C1L3T0	6182.A0A4Z2DTN7	0	0	0	0	0.043	0.112	0.372	0.064	0.433
EWB00_009161	EWB00_004811	6182.C1L3T0	6182.A0A4Z2DUN6	0	0	0	0	0	0.172	0.372	0.095	0.488
EWB00_009161	EWB00_003429	6182.C1L3T0	6182.A0A4Z2DWH7	0	0	0	0	0	0.276	0.313	0.355	0.651
EWB00_009161	EWB00_002899	6182.C1L3T0	6182.A0A4Z2DX55	0	0	0	0	0	0.112	0.372	0.064	0.432
EWB00_009161	EWB00_010398	6182.C1L3T0	6182.A0A4Z2DXN3	0	0	0	0	0	0.154	0.107	0.279	0.407
EWB00_009161	PR2	6182.C1L3T0	6182.C7TXQ4	0	0	0	0	0	0.165	0.282	0.086	0.404
EWB00_009161	fyn-prov	6182.C1L3T0	6182.C1LGZ6	0	0	0	0	0	0.165	0.381	0.063	0.473
EWB00_009161	Grb2	6182.C1L3T0	6182.Q86F73	0	0	0	0	0	0.204	0.386	0.066	0.503
EWB00_009161	EWB00_007274	6182.C1L3T0	6182.C1LH03	0	0	0	0	0	0.506	0	0.142	0.558
EWB00_009161	EWB00_003359	6182.C1L3T0	6182.C1LMR7	0	0	0	0	0.108	0.378	0.315	0.133	0.626
EWB00_009161	tsr	6182.C1L3T0	6182.Q86ES4	0	0	0	0	0.108	0.378	0.315	0.306	0.700
EWB00_009161	EWB00_010647	6182.C1L3T0	6182.Q5DHL6	0	0	0	0	0	0.506	0.396	0.105	0.709
EWB00_009161	EWB00_007426	6182.C1L3T0	6182.C1LJL2	0	0	0	0	0.055	0.506	0.396	0.117	0.717
EWB00_009162	EWB00_009560	6182.A0A4Z2CMV9	6182.A0A4Z2CLW6	0	0	0	0	0	0.118	0.337	0.069	0.408
EWB00_009162	EWB00_003876	6182.A0A4Z2CMV9	6182.A0A4Z2D736	0	0	0	0	0	0.249	0.216	0.064	0.400
EWB00_009162	PR2	6182.A0A4Z2CMV9	6182.C7TXQ4	0	0	0	0	0	0.165	0.282	0.086	0.404
EWB00_009162	EWB00_001471	6182.A0A4Z2CMV9	6182.A0A4Z2DFS2	0	0	0	0	0	0.165	0.282	0.086	0.404
EWB00_009162	EWB00_007640	6182.A0A4Z2CMV9	6182.A0A4Z2CTJ3	0	0	0	0	0	0.165	0.282	0.086	0.404
EWB00_009162	EWB00_010398	6182.A0A4Z2CMV9	6182.A0A4Z2DXN3	0	0	0	0	0	0.154	0.107	0.279	0.407
EWB00_009162	EWB00_004965	6182.A0A4Z2CMV9	6182.A0A4Z2D4A5	0	0	0	0	0	0.118	0.337	0.069	0.408
EWB00_009162	EWB00_003234	6182.A0A4Z2CMV9	6182.A0A4Z2D940	0	0	0	0	0	0.093	0.375	0.042	0.409
EWB00_009162	EWB00_004368	6182.A0A4Z2CMV9	6182.A0A4Z2D605	0	0	0	0	0	0.165	0.282	0.114	0.422
EWB00_009162	EWB00_002899	6182.A0A4Z2CMV9	6182.A0A4Z2DX55	0	0	0	0	0	0.112	0.372	0.064	0.432
EWB00_009162	EWB00_008748	6182.A0A4Z2CMV9	6182.A0A4Z2DTN7	0	0	0	0	0.043	0.112	0.372	0.064	0.433
EWB00_009162	EWB00_003710	6182.A0A4Z2CMV9	6182.A0A4Z2D7R1	0	0	0	0	0	0.310	0	0.239	0.452
EWB00_009162	EWB00_010643	6182.A0A4Z2CMV9	6182.A0A4Z2DN24	0	0	0	0	0	0.113	0.391	0.077	0.457
EWB00_009162	EWB00_005116	6182.A0A4Z2CMV9	6182.A0A4Z2D2T5	0	0	0	0	0	0.102	0.390	0.105	0.466
EWB00_009162	EWB00_008372	6182.A0A4Z2CMV9	6182.A0A4Z2CQJ6	0	0	0	0	0	0.102	0.390	0.105	0.466
EWB00_009162	fyn-prov	6182.A0A4Z2CMV9	6182.C1LGZ6	0	0	0	0	0	0.165	0.381	0.063	0.473
EWB00_009162	EWB00_004406	6182.A0A4Z2CMV9	6182.A0A4Z2D5D6	0	0	0	0	0	0.165	0.381	0.063	0.473
EWB00_009162	EWB00_005849	6182.A0A4Z2CMV9	6182.A0A4Z2D0D0	0	0	0	0	0	0.165	0.381	0.063	0.473
EWB00_009162	EWB00_007520	6182.A0A4Z2CMV9	6182.A0A4Z2CUE7	0	0	0	0	0	0.165	0.381	0.063	0.473
EWB00_009162	EWB00_008189	6182.A0A4Z2CMV9	6182.A0A4Z2CR88	0	0	0	0	0	0.165	0.381	0.063	0.473
EWB00_009162	EWB00_009095	6182.A0A4Z2CMV9	6182.A0A4Z2CND2	0	0	0	0	0	0.165	0.381	0.063	0.473
EWB00_009162	EWB00_004811	6182.A0A4Z2CMV9	6182.A0A4Z2DUN6	0	0	0	0	0	0.172	0.372	0.095	0.488
EWB00_009162	EWB00_011156	6182.A0A4Z2CMV9	6182.A0A4Z2DLU7	0	0	0	0	0	0.172	0.372	0.095	0.488
EWB00_009162	EWB00_011039	6182.A0A4Z2CMV9	6182.A0A4Z2DN82	0	0	0	0	0	0.065	0.246	0.339	0.493
EWB00_009162	Grb2	6182.A0A4Z2CMV9	6182.Q86F73	0	0	0	0	0	0.204	0.386	0.066	0.503
EWB00_009162	EWB00_005910	6182.A0A4Z2CMV9	6182.A0A4Z2D044	0	0	0	0	0	0.204	0.386	0.066	0.503
EWB00_009162	EWB00_010727	6182.A0A4Z2CMV9	6182.A0A4Z2DNH6	0	0	0	0	0	0.262	0.353	0.054	0.508
EWB00_009162	EWB00_004137	6182.A0A4Z2CMV9	6182.A0A4Z2D773	0	0	0	0	0	0.262	0.353	0.054	0.508
EWB00_009162	EWB00_005902	6182.A0A4Z2CMV9	6182.A0A4Z2D084	0	0	0	0	0	0.467	0	0.155	0.530
EWB00_009162	EWB00_003146	6182.A0A4Z2CMV9	6182.A0A4Z2D9E0	0	0	0	0	0	0.175	0.388	0.183	0.551
EWB00_009162	EWB00_007274	6182.A0A4Z2CMV9	6182.C1LH03	0	0	0	0	0	0.506	0	0.142	0.558
EWB00_009162	EWB00_006050	6182.A0A4Z2CMV9	6182.A0A4Z2DTJ0	0	0	0	0	0	0.294	0.373	0.085	0.559
EWB00_009162	EWB00_010649	6182.A0A4Z2CMV9	6182.A0A4Z2DN32	0	0	0	0	0	0.294	0.373	0.085	0.559
EWB00_009162	EWB00_001225	6182.A0A4Z2CMV9	6182.A0A4Z2DG63	0	0	0	0	0	0.283	0.372	0.104	0.561
EWB00_009162	EWB00_007322	6182.A0A4Z2CMV9	6182.A0A4Z2CUR2	0	0	0	0	0	0.264	0.396	0.104	0.566
EWB00_009162	EWB00_004032	6182.A0A4Z2CMV9	6182.A0A4Z2D6K4	0	0	0	0	0	0.280	0.385	0.104	0.568
EWB00_009162	EWB00_005803	6182.A0A4Z2CMV9	6182.A0A4Z2D0N4	0	0	0	0	0	0.290	0.396	0.076	0.569
EWB00_009162	EWB00_009305	6182.A0A4Z2CMV9	6182.A0A4Z2DS24	0	0	0	0	0	0.286	0.394	0.113	0.582
EWB00_009162	EWB00_003565	6182.A0A4Z2CMV9	6182.A0A4Z2D923	0	0	0	0	0.089	0.283	0.372	0.104	0.583
EWB00_009162	EWB00_002775	6182.A0A4Z2CMV9	6182.A0A4Z2DBA8	0	0	0	0	0	0.147	0.359	0.355	0.616
EWB00_009162	EWB00_006234	6182.A0A4Z2CMV9	6182.A0A4Z2CZ44	0	0	0	0	0	0.147	0.359	0.355	0.616
EWB00_009162	tsr	6182.A0A4Z2CMV9	6182.Q86ES4	0	0	0	0	0.108	0.378	0.315	0.133	0.626
EWB00_009162	EWB00_003359	6182.A0A4Z2CMV9	6182.C1LMR7	0	0	0	0	0.108	0.378	0.315	0.133	0.626
EWB00_009162	EWB00_006505	6182.A0A4Z2CMV9	6182.A0A4Z2CYG9	0	0	0	0	0	0.175	0.388	0.320	0.626
EWB00_009162	EWB00_003429	6182.A0A4Z2CMV9	6182.A0A4Z2DWH7	0	0	0	0	0	0.276	0.313	0.355	0.651
EWB00_009162	EWB00_007739	6182.A0A4Z2CMV9	6182.A0A4Z2CT39	0	0	0	0	0.052	0.506	0.219	0.171	0.656
EWB00_009162	EWB00_010647	6182.A0A4Z2CMV9	6182.Q5DHL6	0	0	0	0	0	0.506	0.396	0.105	0.709
EWB00_009162	EWB00_007426	6182.A0A4Z2CMV9	6182.C1LJL2	0	0	0	0	0.055	0.506	0.396	0.117	0.717
EWB00_009162	EWB00_001618	6182.A0A4Z2CMV9	6182.A0A4Z2DF74	0	0	0	0	0.042	0.506	0.396	0.144	0.722
EWB00_009224	EWB00_008748	6182.A0A4Z2CMJ2	6182.A0A4Z2DTN7	0	0	0	0	0	0.132	0.374	0	0.433
EWB00_009224	EWB00_002899	6182.A0A4Z2CMJ2	6182.A0A4Z2DX55	0	0	0	0	0	0.132	0.374	0	0.433
EWB00_009224	EWB00_002858	6182.A0A4Z2CMJ2	6182.A0A4Z2DAI3	0	0	0	0	0	0.246	0.288	0.065	0.454
EWB00_009224	EWB00_002386	6182.A0A4Z2CMJ2	6182.A0A4Z2DCG1	0	0	0	0	0	0.246	0.288	0.065	0.454
EWB00_009224	EWB00_007978	6182.A0A4Z2CMJ2	6182.A0A4Z2CSH8	0	0	0	0	0	0.172	0.379	0.043	0.464
EWB00_009224	EWB00_005910	6182.A0A4Z2CMJ2	6182.A0A4Z2D044	0	0	0	0	0	0.249	0.379	0.043	0.514
EWB00_009224	Grb2	6182.A0A4Z2CMJ2	6182.Q86F73	0	0	0	0	0	0.249	0.379	0.043	0.514
EWB00_009224	EWB00_009122	6182.A0A4Z2CMJ2	6182.A0A4Z2CN26	0	0	0	0	0	0.253	0.373	0.055	0.518
EWB00_009224	EWB00_008683	6182.A0A4Z2CMJ2	6182.A0A4Z2CNZ1	0	0	0	0	0	0.253	0.373	0.055	0.518
EWB00_009224	EWB00_006350	6182.A0A4Z2CMJ2	6182.A0A4Z2CZ14	0	0	0	0	0	0.253	0.373	0.055	0.518
EWB00_009224	EWB00_004506	6182.A0A4Z2CMJ2	6182.A0A4Z2D514	0	0	0	0	0	0.253	0.373	0.055	0.518
EWB00_009224	EWB00_004095	6182.A0A4Z2CMJ2	6182.Q6PMM5	0	0	0	0	0	0.253	0.373	0.055	0.518
EWB00_009267	EWB00_009560	6182.A0A4Z2CML4	6182.A0A4Z2CLW6	0	0	0	0	0	0.118	0.337	0.069	0.408
EWB00_009267	EWB00_007640	6182.A0A4Z2CML4	6182.A0A4Z2CTJ3	0	0	0	0	0	0.165	0.282	0.086	0.404
EWB00_009267	EWB00_001471	6182.A0A4Z2CML4	6182.A0A4Z2DFS2	0	0	0	0	0	0.165	0.282	0.086	0.404
EWB00_009267	PR2	6182.A0A4Z2CML4	6182.C7TXQ4	0	0	0	0	0	0.165	0.282	0.086	0.404
EWB00_009267	EWB00_004965	6182.A0A4Z2CML4	6182.A0A4Z2D4A5	0	0	0	0	0	0.118	0.337	0.069	0.408
EWB00_009267	EWB00_003063	6182.A0A4Z2CML4	6182.A0A4Z2D9R8	0	0	0	0	0	0.165	0.282	0.094	0.409
EWB00_009267	EWB00_003272	6182.A0A4Z2CML4	6182.Q5DB60	0	0	0	0	0.049	0.120	0.288	0.127	0.410
EWB00_009267	EWB00_002531	6182.A0A4Z2CML4	6182.A0A4Z2DBU6	0	0	0	0	0	0.165	0.282	0.104	0.415
EWB00_009267	EWB00_003234	6182.A0A4Z2CML4	6182.A0A4Z2D940	0	0	0	0	0	0.113	0.386	0.042	0.432
EWB00_009267	EWB00_008748	6182.A0A4Z2CML4	6182.A0A4Z2DTN7	0	0	0	0	0	0.112	0.372	0.064	0.432
EWB00_009267	EWB00_002899	6182.A0A4Z2CML4	6182.A0A4Z2DX55	0	0	0	0	0	0.112	0.372	0.064	0.432
EWB00_009267	EWB00_007965	6182.A0A4Z2CML4	6182.A0A4Z2CSU9	0	0	0	0	0	0.179	0.282	0.117	0.434
EWB00_009267	EWB00_011263	6182.A0A4Z2CML4	6182.A0A4Z2DKT9	0	0	0	0	0	0.212	0.282	0.104	0.448
EWB00_009267	EWB00_003710	6182.A0A4Z2CML4	6182.A0A4Z2D7R1	0	0	0	0	0	0.310	0	0.239	0.452
EWB00_009267	EWB00_009095	6182.A0A4Z2CML4	6182.A0A4Z2CND2	0	0	0	0	0	0.165	0.381	0.063	0.473
EWB00_009267	EWB00_008189	6182.A0A4Z2CML4	6182.A0A4Z2CR88	0	0	0	0	0	0.165	0.381	0.066	0.475
EWB00_009267	EWB00_005116	6182.A0A4Z2CML4	6182.A0A4Z2D2T5	0	0	0	0	0	0.116	0.390	0.105	0.475
EWB00_009267	EWB00_003876	6182.A0A4Z2CML4	6182.A0A4Z2D736	0	0	0	0	0	0.286	0.216	0.142	0.477
EWB00_009267	EWB00_005467	6182.A0A4Z2CML4	6182.A0A4Z2DU85	0	0	0	0	0	0.165	0.282	0.200	0.478
EWB00_009267	EWB00_007520	6182.A0A4Z2CML4	6182.A0A4Z2CUE7	0	0	0	0	0	0.165	0.381	0.073	0.479
EWB00_009267	EWB00_004406	6182.A0A4Z2CML4	6182.A0A4Z2D5D6	0	0	0	0	0	0.165	0.381	0.073	0.479
EWB00_009267	fyn-prov	6182.A0A4Z2CML4	6182.C1LGZ6	0	0	0	0	0	0.165	0.381	0.073	0.479
EWB00_009267	EWB00_011156	6182.A0A4Z2CML4	6182.A0A4Z2DLU7	0	0	0	0	0	0.172	0.382	0.095	0.496
EWB00_009267	EWB00_004811	6182.A0A4Z2CML4	6182.A0A4Z2DUN6	0	0	0	0	0	0.172	0.382	0.095	0.496
EWB00_009267	EWB00_005849	6182.A0A4Z2CML4	6182.A0A4Z2D0D0	0	0	0	0	0	0.165	0.381	0.108	0.498
EWB00_009267	EWB00_008934	6182.A0A4Z2CML4	6182.A0A4Z2DSI5	0	0	0	0	0	0.165	0.282	0.237	0.502
EWB00_009267	EWB00_005910	6182.A0A4Z2CML4	6182.A0A4Z2D044	0	0	0	0	0	0.204	0.386	0.066	0.503
EWB00_009267	EWB00_008857	6182.A0A4Z2CML4	6182.A0A4Z2DY79	0	0	0	0	0	0.506	0	0	0.506
EWB00_009267	EWB00_004137	6182.A0A4Z2CML4	6182.A0A4Z2D773	0	0	0	0	0	0.262	0.353	0.054	0.508
EWB00_009267	EWB00_010398	6182.A0A4Z2CML4	6182.A0A4Z2DXN3	0	0	0	0	0	0.154	0.270	0.275	0.513
EWB00_009267	EWB00_006209	6182.A0A4Z2CML4	6182.A0A4Z2CZP0	0	0	0	0	0	0.065	0.474	0.093	0.514
EWB00_009267	EWB00_004368	6182.A0A4Z2CML4	6182.A0A4Z2D605	0	0	0	0	0	0.165	0.344	0.185	0.514
EWB00_009267	EWB00_011039	6182.A0A4Z2CML4	6182.A0A4Z2DN82	0	0	0	0	0	0.065	0.474	0.093	0.514
EWB00_009267	EWB00_002919	6182.A0A4Z2CML4	6182.A0A4Z2DWJ9	0	0	0	0	0	0.065	0.474	0.093	0.514
EWB00_009267	EWB00_002869	6182.A0A4Z2CML4	6182.A0A4Z2DAG8	0	0	0	0	0	0.119	0.474	0.132	0.562
EWB00_009267	EWB00_005803	6182.A0A4Z2CML4	6182.A0A4Z2D0N4	0	0	0	0	0	0.290	0.396	0.076	0.569
EWB00_009267	EWB00_007322	6182.A0A4Z2CML4	6182.A0A4Z2CUR2	0	0	0	0	0	0.264	0.396	0.112	0.570
EWB00_009267	EWB00_008372	6182.A0A4Z2CML4	6182.A0A4Z2CQJ6	0	0	0	0	0	0.102	0.453	0.202	0.573
EWB00_009267	Grb2	6182.A0A4Z2CML4	6182.Q86F73	0	0	0	0	0	0.204	0.469	0.083	0.578
EWB00_009267	EWB00_006505	6182.A0A4Z2CML4	6182.A0A4Z2CYG9	0	0	0	0	0	0.239	0.388	0.171	0.580
EWB00_009267	EWB00_010643	6182.A0A4Z2CML4	6182.A0A4Z2DN24	0	0	0	0	0	0.113	0.466	0.190	0.582
EWB00_009267	EWB00_004032	6182.A0A4Z2CML4	6182.A0A4Z2D6K4	0	0	0	0	0	0.280	0.394	0.155	0.599
EWB00_009267	EWB00_001408	6182.A0A4Z2CML4	6182.A0A4Z2DX44	0	0	0	0	0	0.596	0	0.067	0.606
EWB00_009267	EWB00_005902	6182.A0A4Z2CML4	6182.A0A4Z2D084	0	0	0	0	0	0.520	0	0.240	0.619
EWB00_009267	EWB00_006234	6182.A0A4Z2CML4	6182.A0A4Z2CZ44	0	0	0	0	0	0.280	0.392	0.224	0.630
EWB00_009267	EWB00_002775	6182.A0A4Z2CML4	6182.A0A4Z2DBA8	0	0	0	0	0	0.280	0.392	0.224	0.630
EWB00_009267	EWB00_010727	6182.A0A4Z2CML4	6182.A0A4Z2DNH6	0	0	0	0	0	0.506	0.380	0.069	0.689
EWB00_009267	EWB00_007274	6182.A0A4Z2CML4	6182.C1LH03	0	0	0	0	0	0.641	0	0.237	0.714
EWB00_009267	EWB00_003146	6182.A0A4Z2CML4	6182.A0A4Z2D9E0	0	0	0	0	0	0.296	0.394	0.392	0.717
EWB00_009267	EWB00_009305	6182.A0A4Z2CML4	6182.A0A4Z2DS24	0	0	0	0	0	0.475	0.470	0.113	0.731
EWB00_009267	EWB00_010649	6182.A0A4Z2CML4	6182.A0A4Z2DN32	0	0	0	0	0.047	0.506	0.425	0.189	0.751
EWB00_009267	EWB00_007739	6182.A0A4Z2CML4	6182.A0A4Z2CT39	0	0	0	0	0.052	0.642	0.219	0.245	0.773
EWB00_009267	EWB00_003429	6182.A0A4Z2CML4	6182.A0A4Z2DWH7	0	0	0	0	0	0.276	0.687	0.355	0.841
EWB00_009267	EWB00_006002	6182.A0A4Z2CML4	6182.A0A4Z2DTC9	0	0	0	0	0	0.649	0.517	0.186	0.849
EWB00_009267	EWB00_001225	6182.A0A4Z2CML4	6182.A0A4Z2DG63	0	0	0	0	0	0.506	0.687	0.113	0.850
EWB00_009267	EWB00_003359	6182.A0A4Z2CML4	6182.C1LMR7	0	0	0	0	0.134	0.630	0.537	0.237	0.871
EWB00_009267	tsr	6182.A0A4Z2CML4	6182.Q86ES4	0	0	0	0	0.134	0.630	0.537	0.237	0.871
EWB00_009267	EWB00_006050	6182.A0A4Z2CML4	6182.A0A4Z2DTJ0	0	0	0	0	0.063	0.506	0.687	0.288	0.883
EWB00_009267	EWB00_010647	6182.A0A4Z2CML4	6182.Q5DHL6	0	0	0	0	0	0.652	0.687	0.105	0.893
EWB00_009267	EWB00_001618	6182.A0A4Z2CML4	6182.A0A4Z2DF74	0	0	0	0	0.042	0.650	0.687	0.144	0.898
EWB00_009267	EWB00_007426	6182.A0A4Z2CML4	6182.C1LJL2	0	0	0	0	0.135	0.743	0.687	0.117	0.930
EWB00_009267	EWB00_003565	6182.A0A4Z2CML4	6182.A0A4Z2D923	0	0	0	0	0	0.292	0.860	0.438	0.939
EWB00_009287	EWB00_009560	6182.A0A4Z2CN04	6182.A0A4Z2CLW6	0	0	0	0	0	0.088	0.377	0.042	0.408
EWB00_009287	EWB00_004965	6182.A0A4Z2CN04	6182.A0A4Z2D4A5	0	0	0	0	0	0.088	0.377	0.064	0.421
EWB00_009287	EWB00_009122	6182.A0A4Z2CN04	6182.A0A4Z2CN26	0	0	0	0	0	0.122	0.383	0.071	0.452
EWB00_009287	EWB00_008683	6182.A0A4Z2CN04	6182.A0A4Z2CNZ1	0	0	0	0	0	0.122	0.383	0.071	0.452
EWB00_009287	EWB00_006350	6182.A0A4Z2CN04	6182.A0A4Z2CZ14	0	0	0	0	0	0.122	0.383	0.071	0.452
EWB00_009287	EWB00_004506	6182.A0A4Z2CN04	6182.A0A4Z2D514	0	0	0	0	0	0.122	0.383	0.071	0.452
EWB00_009287	EWB00_004095	6182.A0A4Z2CN04	6182.Q6PMM5	0	0	0	0	0	0.122	0.383	0.071	0.452
EWB00_009287	EWB00_002386	6182.A0A4Z2CN04	6182.A0A4Z2DCG1	0	0	0	0	0	0.187	0.285	0.147	0.460
EWB00_009287	EWB00_011156	6182.A0A4Z2CN04	6182.A0A4Z2DLU7	0	0	0	0	0.089	0.105	0.388	0.055	0.465
EWB00_009287	EWB00_004811	6182.A0A4Z2CN04	6182.A0A4Z2DUN6	0	0	0	0	0.089	0.105	0.394	0.055	0.470
EWB00_009287	EWB00_003234	6182.A0A4Z2CN04	6182.A0A4Z2D940	0	0	0	0	0	0	0.473	0.066	0.486
EWB00_009287	EWB00_006126	6182.A0A4Z2CN04	6182.A0A4Z2CZR2	0	0	0	0	0	0.222	0.381	0.060	0.507
EWB00_009287	EWB00_001328	6182.A0A4Z2CN04	6182.A0A4Z2DG14	0	0	0	0	0	0.222	0.381	0.060	0.507
EWB00_009287	CKI-alpha	6182.A0A4Z2CN04	6182.C1L4B0	0	0	0	0	0	0.334	0.396	0	0.580
EWB00_009287	EWB00_005116	6182.A0A4Z2CN04	6182.A0A4Z2D2T5	0	0	0	0	0	0.135	0.478	0.186	0.600
EWB00_009287	EWB00_004032	6182.A0A4Z2CN04	6182.A0A4Z2D6K4	0	0	0	0	0	0.086	0	0.593	0.612
EWB00_009287	EWB00_003710	6182.A0A4Z2CN04	6182.A0A4Z2D7R1	0	0	0	0	0	0.114	0.373	0.386	0.629
EWB00_009287	EWB00_008993	6182.A0A4Z2CN04	6182.A0A4Z2CNG2	0	0	0	0	0	0	0.618	0.128	0.652
EWB00_009287	EWB00_007721	6182.A0A4Z2CN04	6182.A0A4Z2DSU2	0	0	0	0	0	0	0.771	0.153	0.797
EWB00_009287	EWB00_004196	6182.A0A4Z2CN04	6182.A0A4Z2DUY0	0	0	0	0	0	0	0.771	0.153	0.797
EWB00_009287	EWB00_008372	6182.A0A4Z2CN04	6182.A0A4Z2CQJ6	0	0	0	0	0	0.135	0.739	0.360	0.842
EWB00_009287	EWB00_000422	6182.A0A4Z2CN04	6182.A0A4Z2DIX7	0	0	0	0	0.062	0.795	0.739	0	0.945
EWB00_009287	EWB00_004368	6182.A0A4Z2CN04	6182.A0A4Z2D605	0	0	0	0	0	0.309	0.876	0.676	0.969
EWB00_009287	EWB00_002781	6182.A0A4Z2CN04	6182.A0A4Z2DBA4	0	0	0	0	0.087	0.893	0.876	0	0.986
EWB00_009305	EWB00_009267	6182.A0A4Z2DS24	6182.A0A4Z2CML4	0	0	0	0	0	0.475	0.470	0.113	0.731
EWB00_009305	EWB00_009162	6182.A0A4Z2DS24	6182.A0A4Z2CMV9	0	0	0	0	0	0.286	0.394	0.113	0.582
EWB00_009305	EWB00_001618	6182.A0A4Z2DS24	6182.A0A4Z2DF74	0	0	0	0	0	0.830	0.660	0.369	0.960
EWB00_009305	EWB00_009161	6182.A0A4Z2DS24	6182.C1L3T0	0	0	0	0	0	0.286	0.394	0.113	0.582
EWB00_009305	EWB00_006002	6182.A0A4Z2DS24	6182.A0A4Z2DTC9	0	0	0	0	0	0.286	0.394	0.153	0.601
EWB00_009305	EWB00_010647	6182.A0A4Z2DS24	6182.Q5DHL6	0	0	0	0	0	0.286	0.384	0.184	0.609
EWB00_009305	EWB00_007426	6182.A0A4Z2DS24	6182.C1LJL2	0	0	0	0	0	0.286	0.384	0.222	0.627
EWB00_009305	EWB00_008857	6182.A0A4Z2DS24	6182.A0A4Z2DY79	0	0	0	0	0	0.475	0.395	0.113	0.693
EWB00_009305	Act5C	6182.A0A4Z2DS24	6182.Q5DF69	0	0	0	0	0	0.475	0.470	0.113	0.731
EWB00_009305	EWB00_004876	6182.A0A4Z2DS24	6182.A0A4Z2DUG9	0	0	0	0	0	0.475	0.502	0.113	0.747
EWB00_009305	EWB00_004878	6182.A0A4Z2DS24	6182.A0A4Z2DUX1	0	0	0	0	0	0.475	0.502	0.113	0.747
EWB00_009305	EWB00_002502	6182.A0A4Z2DS24	6182.Q71TT8	0	0	0	0	0	0.475	0.502	0.113	0.747
EWB00_009358	EWB00_009122	6182.A0A4Z2DRM5	6182.A0A4Z2CN26	0	0	0.225	0	0	0.284	0.771	0.477	0.924
EWB00_009358	EWB00_009095	6182.A0A4Z2DRM5	6182.A0A4Z2CND2	0	0	0	0	0	0.141	0.517	0.128	0.606
EWB00_009358	EWB00_008683	6182.A0A4Z2DRM5	6182.A0A4Z2CNZ1	0	0	0	0	0	0.310	0.811	0.477	0.925
EWB00_009358	EWB00_008286	6182.A0A4Z2DRM5	6182.A0A4Z2CQZ5	0	0	0	0	0	0	0	0.429	0.429
EWB00_009358	EWB00_008162	6182.A0A4Z2DRM5	6182.A0A4Z2CR55	0	0	0	0	0	0.141	0.371	0.055	0.444
EWB00_009358	EWB00_008189	6182.A0A4Z2DRM5	6182.A0A4Z2CR88	0	0	0	0	0	0.141	0.517	0.128	0.606
EWB00_009358	EWB00_007978	6182.A0A4Z2DRM5	6182.A0A4Z2CSH8	0	0	0	0	0	0.115	0.390	0.091	0.466
EWB00_009358	EWB00_007965	6182.A0A4Z2DRM5	6182.A0A4Z2CSU9	0	0	0	0	0	0.141	0.811	0.098	0.840
EWB00_009358	EWB00_007640	6182.A0A4Z2DRM5	6182.A0A4Z2CTJ3	0	0	0	0	0	0.202	0.371	0.055	0.484
EWB00_009358	EWB00_007520	6182.A0A4Z2DRM5	6182.A0A4Z2CUE7	0	0	0	0	0	0.146	0.771	0.128	0.814
EWB00_009358	EWB00_007322	6182.A0A4Z2DRM5	6182.A0A4Z2CUR2	0	0	0	0	0.042	0	0.876	0	0.876
EWB00_009358	EWB00_007031	6182.A0A4Z2DRM5	6182.A0A4Z2CW39	0	0	0	0	0	0	0	0.429	0.429
EWB00_009358	EWB00_006350	6182.A0A4Z2DRM5	6182.A0A4Z2CZ14	0	0	0	0	0	0.242	0.517	0.228	0.692
EWB00_009358	EWB00_005849	6182.A0A4Z2DRM5	6182.A0A4Z2D0D0	0	0	0	0	0	0.141	0.618	0.128	0.688
EWB00_009358	EWB00_005166	6182.A0A4Z2DRM5	6182.A0A4Z2D2Y7	0	0	0	0	0	0.097	0.470	0.062	0.511
EWB00_009358	EWB00_004506	6182.A0A4Z2DRM5	6182.A0A4Z2D514	0	0	0	0	0	0.242	0.517	0.228	0.692
EWB00_009358	EWB00_004406	6182.A0A4Z2DRM5	6182.A0A4Z2D5D6	0	0	0	0	0	0.146	0.771	0.128	0.814
EWB00_009358	EWB00_004368	6182.A0A4Z2DRM5	6182.A0A4Z2D605	0	0	0	0	0	0.244	0.371	0.055	0.511
EWB00_009358	EWB00_004032	6182.A0A4Z2DRM5	6182.A0A4Z2D6K4	0	0	0	0	0	0.596	0.876	0	0.947
EWB00_009358	EWB00_003876	6182.A0A4Z2DRM5	6182.A0A4Z2D736	0	0	0	0	0	0.122	0.384	0	0.436
EWB00_009358	EWB00_003063	6182.A0A4Z2DRM5	6182.A0A4Z2D9R8	0	0	0	0	0	0.141	0.371	0.086	0.463
EWB00_009358	EWB00_002869	6182.A0A4Z2DRM5	6182.A0A4Z2DAG8	0	0	0	0	0	0.274	0.771	0	0.826
EWB00_009358	EWB00_002531	6182.A0A4Z2DRM5	6182.A0A4Z2DBU6	0	0	0	0	0	0.141	0.371	0.055	0.444
EWB00_009358	EWB00_001594	6182.A0A4Z2DRM5	6182.A0A4Z2DF50	0	0	0	0	0	0.141	0.371	0.055	0.444
EWB00_009358	EWB00_001471	6182.A0A4Z2DRM5	6182.A0A4Z2DFS2	0	0	0	0	0	0.202	0.371	0.055	0.484
EWB00_009358	EWB00_001343	6182.A0A4Z2DRM5	6182.A0A4Z2DFX9	0	0	0	0	0	0	0.876	0	0.876
EWB00_009358	EWB00_001228	6182.A0A4Z2DRM5	6182.A0A4Z2DGB2	0	0	0	0	0.046	0.141	0.371	0.062	0.451
EWB00_009358	EWB00_001036	6182.A0A4Z2DRM5	6182.A0A4Z2DH76	0	0	0	0	0	0.124	0.876	0.065	0.889
EWB00_009358	EWB00_000516	6182.A0A4Z2DRM5	6182.A0A4Z2DIX5	0	0	0	0	0	0.506	0.876	0.104	0.940
EWB00_009358	EWB00_011263	6182.A0A4Z2DRM5	6182.A0A4Z2DKT9	0	0	0	0	0	0.238	0.371	0.062	0.511
EWB00_009358	EWB00_010687	6182.A0A4Z2DRM5	6182.A0A4Z2DNJ5	0	0	0	0	0	0.141	0.371	0.055	0.444
EWB00_009358	EWB00_003747	6182.A0A4Z2DRM5	6182.A0A4Z2DVH8	0	0	0	0	0	0.141	0.371	0.065	0.450
EWB00_009358	EWB00_008748	6182.A0A4Z2DRM5	6182.A0A4Z2DTN7	0	0	0	0	0	0.113	0.429	0	0.471
EWB00_009358	EWB00_002899	6182.A0A4Z2DRM5	6182.A0A4Z2DX55	0	0	0	0	0	0.113	0.429	0	0.471
EWB00_009358	PR2	6182.A0A4Z2DRM5	6182.C7TXQ4	0	0	0	0	0	0.202	0.371	0.055	0.484
EWB00_009358	EWB00_008747	6182.A0A4Z2DRM5	6182.C1LG63	0	0	0	0	0	0.263	0.372	0.046	0.519
EWB00_009358	fyn-prov	6182.A0A4Z2DRM5	6182.C1LGZ6	0	0	0	0	0	0.146	0.771	0.128	0.814
EWB00_009358	EWB00_005467	6182.A0A4Z2DRM5	6182.A0A4Z2DU85	0	0	0	0	0	0.616	0.677	0.055	0.872
EWB00_009358	EWB00_010398	6182.A0A4Z2DRM5	6182.A0A4Z2DXN3	0	0	0	0	0	0.111	0.876	0.054	0.886
EWB00_009358	EWB00_008934	6182.A0A4Z2DRM5	6182.A0A4Z2DSI5	0	0	0	0	0	0.215	0.876	0.055	0.899
EWB00_009358	EWB00_004095	6182.A0A4Z2DRM5	6182.Q6PMM5	0	0	0.207	0	0	0.310	0.811	0.477	0.938
EWB00_009435	EWB00_005849	6182.A0A4Z2CM43	6182.A0A4Z2D0D0	0	0	0	0	0	0.143	0.340	0	0.410
EWB00_009435	EWB00_004368	6182.A0A4Z2CM43	6182.A0A4Z2D605	0	0	0	0	0	0.143	0.340	0	0.410
EWB00_009435	EWB00_001594	6182.A0A4Z2CM43	6182.A0A4Z2DF50	0	0	0	0	0	0.143	0.340	0	0.410
EWB00_009435	EWB00_001228	6182.A0A4Z2CM43	6182.A0A4Z2DGB2	0	0	0	0	0	0.143	0.340	0	0.410
EWB00_009435	EWB00_011263	6182.A0A4Z2CM43	6182.A0A4Z2DKT9	0	0	0	0	0	0.143	0.340	0	0.410
EWB00_009435	EWB00_008934	6182.A0A4Z2CM43	6182.A0A4Z2DSI5	0	0	0	0	0	0.143	0.340	0	0.410
EWB00_009435	EWB00_005467	6182.A0A4Z2CM43	6182.A0A4Z2DU85	0	0	0	0	0	0.143	0.340	0	0.410
EWB00_009435	EWB00_003747	6182.A0A4Z2CM43	6182.A0A4Z2DVH8	0	0	0	0	0	0.143	0.340	0	0.410
EWB00_009435	EWB00_009095	6182.A0A4Z2CM43	6182.A0A4Z2CND2	0	0	0	0	0	0.143	0.340	0	0.410
EWB00_009435	EWB00_008162	6182.A0A4Z2CM43	6182.A0A4Z2CR55	0	0	0	0	0	0.143	0.340	0	0.410
EWB00_009435	EWB00_008189	6182.A0A4Z2CM43	6182.A0A4Z2CR88	0	0	0	0	0	0.143	0.340	0	0.410
EWB00_009435	EWB00_010687	6182.A0A4Z2CM43	6182.A0A4Z2DNJ5	0	0	0	0	0	0.143	0.340	0.048	0.414
EWB00_009435	EWB00_002899	6182.A0A4Z2CM43	6182.A0A4Z2DX55	0	0	0	0	0	0	0.425	0	0.425
EWB00_009435	EWB00_004406	6182.A0A4Z2CM43	6182.A0A4Z2D5D6	0	0	0	0	0	0.170	0.340	0.047	0.432
EWB00_009435	fyn-prov	6182.A0A4Z2CM43	6182.C1LGZ6	0	0	0	0	0	0.170	0.340	0.047	0.432
EWB00_009435	EWB00_007520	6182.A0A4Z2CM43	6182.A0A4Z2CUE7	0	0	0	0	0	0.170	0.340	0.047	0.432
EWB00_009435	EWB00_002531	6182.A0A4Z2CM43	6182.A0A4Z2DBU6	0	0	0	0	0	0.164	0.376	0	0.456
EWB00_009435	EWB00_006350	6182.A0A4Z2CM43	6182.A0A4Z2CZ14	0	0	0	0	0	0.060	0.463	0	0.473
EWB00_009435	EWB00_004506	6182.A0A4Z2CM43	6182.A0A4Z2D514	0	0	0	0	0	0.060	0.463	0	0.473
EWB00_009435	EWB00_005910	6182.A0A4Z2CM43	6182.A0A4Z2D044	0	0	0	0	0	0	0.474	0	0.474
EWB00_009435	EWB00_001961	6182.A0A4Z2CM43	6182.A0A4Z2DEA2	0	0	0	0	0	0	0.391	0.182	0.480
EWB00_009435	EWB00_003063	6182.A0A4Z2CM43	6182.A0A4Z2D9R8	0	0	0	0	0	0.143	0.384	0.096	0.481
EWB00_009435	EWB00_001471	6182.A0A4Z2CM43	6182.A0A4Z2DFS2	0	0	0	0	0	0.237	0.340	0.074	0.492
EWB00_009435	PR2	6182.A0A4Z2CM43	6182.C7TXQ4	0	0	0	0	0	0.237	0.340	0.074	0.492
EWB00_009435	EWB00_007640	6182.A0A4Z2CM43	6182.A0A4Z2CTJ3	0	0	0	0	0	0.237	0.340	0.074	0.492
EWB00_009435	EWB00_009122	6182.A0A4Z2CM43	6182.A0A4Z2CN26	0	0	0	0	0	0.080	0.539	0	0.557
EWB00_009435	EWB00_004095	6182.A0A4Z2CM43	6182.Q6PMM5	0	0	0	0	0.049	0.084	0.594	0	0.615
EWB00_009435	EWB00_008683	6182.A0A4Z2CM43	6182.A0A4Z2CNZ1	0	0	0	0	0.049	0.084	0.594	0	0.615
EWB00_009435	Grb2	6182.A0A4Z2CM43	6182.Q86F73	0	0	0	0	0	0	0.676	0.046	0.677
EWB00_009435	EWB00_005902	6182.A0A4Z2CM43	6182.A0A4Z2D084	0	0	0	0	0	0	0.666	0.108	0.689
EWB00_009435	EWB00_008748	6182.A0A4Z2CM43	6182.A0A4Z2DTN7	0	0	0	0	0	0	0.811	0	0.811
EWB00_009435	EWB00_007965	6182.A0A4Z2CM43	6182.A0A4Z2CSU9	0	0	0	0	0	0.143	0.811	0	0.831
EWB00_009435	EWB00_004243	6182.A0A4Z2CM43	6182.A0A4Z2D5G0	0	0	0	0	0	0.803	0.876	0.063	0.975
EWB00_009435	EWB00_003710	6182.A0A4Z2CM43	6182.A0A4Z2D7R1	0	0	0	0	0	0.090	0.916	0.769	0.980
EWB00_009456	CKI-alpha	6182.A0A4Z2CM06	6182.C1L4B0	0	0	0.400	0	0.065	0	0	0	0.415
EWB00_009456	EWB00_000422	6182.A0A4Z2CM06	6182.A0A4Z2DIX7	0	0	0.407	0	0.065	0	0	0	0.421
EWB00_009456	EWB00_002386	6182.A0A4Z2CM06	6182.A0A4Z2DCG1	0	0	0.179	0.687	0	0.308	0	0.063	0.421
EWB00_009456	EWB00_002858	6182.A0A4Z2CM06	6182.A0A4Z2DAI3	0	0	0.198	0.663	0	0.308	0	0.063	0.434
EWB00_009456	EWB00_004179	6182.A0A4Z2CM06	6182.C1LFA8	0	0	0.438	0	0	0	0	0	0.438
EWB00_009456	EWB00_011263	6182.A0A4Z2CM06	6182.A0A4Z2DKT9	0	0	0	0	0.089	0.129	0.340	0.063	0.443
EWB00_009456	fyn-prov	6182.A0A4Z2CM06	6182.C1LGZ6	0	0	0.176	0.589	0	0.123	0.340	0	0.481
EWB00_009456	EWB00_009095	6182.A0A4Z2CM06	6182.A0A4Z2CND2	0	0	0.215	0.598	0	0.123	0.340	0	0.505
EWB00_009456	EWB00_003063	6182.A0A4Z2CM06	6182.A0A4Z2D9R8	0	0	0.223	0	0	0.123	0.340	0	0.510
EWB00_009456	EWB00_007965	6182.A0A4Z2CM06	6182.A0A4Z2CSU9	0	0	0.231	0.581	0	0.123	0.340	0.043	0.517
EWB00_009456	EWB00_001228	6182.A0A4Z2CM06	6182.A0A4Z2DGB2	0	0	0.215	0	0	0.123	0.340	0.064	0.517
EWB00_009456	EWB00_001594	6182.A0A4Z2CM06	6182.A0A4Z2DF50	0	0	0.232	0	0	0.123	0.340	0.049	0.520
EWB00_009456	EWB00_004405	6182.A0A4Z2CM06	6182.A0A4Z2D5F1	0	0	0.520	0	0	0	0	0	0.520
EWB00_009456	EWB00_008934	6182.A0A4Z2CM06	6182.A0A4Z2DSI5	0	0	0.268	0	0	0.124	0.340	0	0.539
EWB00_009456	EWB00_001471	6182.A0A4Z2CM06	6182.A0A4Z2DFS2	0	0	0	0	0	0.257	0.449	0.067	0.584
EWB00_009456	EWB00_003747	6182.A0A4Z2CM06	6182.A0A4Z2DVH8	0	0	0.415	0	0	0.123	0.340	0	0.631
EWB00_009456	EWB00_008162	6182.A0A4Z2CM06	6182.A0A4Z2CR55	0	0	0.496	0	0	0.140	0.340	0	0.688
EWB00_009456	EWB00_004506	6182.A0A4Z2CM06	6182.A0A4Z2D514	0	0	0	0	0	0.506	0.425	0.067	0.711
EWB00_009456	EWB00_006350	6182.A0A4Z2CM06	6182.A0A4Z2CZ14	0	0	0	0	0	0.506	0.425	0.067	0.711
EWB00_009456	EWB00_008683	6182.A0A4Z2CM06	6182.A0A4Z2CNZ1	0	0	0.162	0.576	0	0.506	0.425	0.067	0.748
EWB00_009456	EWB00_002531	6182.A0A4Z2CM06	6182.A0A4Z2DBU6	0	0	0.381	0	0	0.241	0.510	0.062	0.755
EWB00_009456	EWB00_009122	6182.A0A4Z2CM06	6182.A0A4Z2CN26	0	0	0.216	0.581	0	0.506	0.425	0.067	0.764
EWB00_009456	EWB00_007640	6182.A0A4Z2CM06	6182.A0A4Z2CTJ3	0	0	0.508	0	0	0.257	0.449	0.067	0.786
EWB00_009456	EWB00_004095	6182.A0A4Z2CM06	6182.Q6PMM5	0	0	0.291	0	0	0.506	0.425	0.067	0.786
EWB00_009456	EWB00_001343	6182.A0A4Z2CM06	6182.A0A4Z2DFX9	0	0	0.166	0.723	0.052	0.169	0.739	0.045	0.806
EWB00_009456	EWB00_007161	6182.A0A4Z2CM06	6182.A0A4Z2CVK4	0	0	0.226	0.578	0	0.125	0.739	0.093	0.818
EWB00_009456	EWB00_007519	6182.A0A4Z2CM06	6182.Q5D9F6	0	0	0.199	0.577	0	0.251	0.739	0.114	0.842
EWB00_009456	PR2	6182.A0A4Z2CM06	6182.C7TXQ4	0	0	0.233	0.583	0	0.257	0.860	0.067	0.915
EWB00_009456	EWB00_005112	6182.A0A4Z2CM06	6182.C1LH53	0	0	0	0	0	0	0.930	0	0.930
EWB00_009457	TK3	6182.A0A4Z2CLX5	6182.A0A2S1REI0	0	0	0	0	0	0.052	0.517	0.068	0.535
EWB00_009457	EWB00_010687	6182.A0A4Z2CLX5	6182.A0A4Z2DNJ5	0	0	0	0	0	0.155	0.281	0.103	0.407
EWB00_009457	EWB00_011263	6182.A0A4Z2CLX5	6182.A0A4Z2DKT9	0	0	0	0	0	0.125	0.281	0.139	0.411
EWB00_009457	EWB00_001225	6182.A0A4Z2CLX5	6182.A0A4Z2DG63	0	0	0	0	0	0.120	0.366	0.043	0.419
EWB00_009457	EWB00_003565	6182.A0A4Z2CLX5	6182.A0A4Z2D923	0	0	0	0	0	0.109	0.382	0.064	0.439
EWB00_009457	EWB00_008162	6182.A0A4Z2CLX5	6182.A0A4Z2CR55	0	0	0	0	0.057	0.244	0.281	0.073	0.461
EWB00_009457	EWB00_002531	6182.A0A4Z2CLX5	6182.A0A4Z2DBU6	0	0	0	0	0	0.310	0.281	0.067	0.496
EWB00_009457	EWB00_006350	6182.A0A4Z2CLX5	6182.A0A4Z2CZ14	0	0	0	0	0	0.253	0.425	0.065	0.563
EWB00_009457	EWB00_004506	6182.A0A4Z2CLX5	6182.A0A4Z2D514	0	0	0	0	0	0.253	0.425	0.065	0.563
EWB00_009457	EWB00_011039	6182.A0A4Z2CLX5	6182.A0A4Z2DN82	0	0	0	0	0	0.158	0.478	0.091	0.565
EWB00_009457	EWB00_006209	6182.A0A4Z2CLX5	6182.A0A4Z2CZP0	0	0	0	0	0	0.158	0.478	0.091	0.565
EWB00_009457	EWB00_003639	6182.A0A4Z2CLX5	6182.A0A4Z2D7T8	0	0	0	0	0	0.158	0.478	0.091	0.565
EWB00_009457	EWB00_002919	6182.A0A4Z2CLX5	6182.A0A4Z2DWJ9	0	0	0	0	0	0.158	0.478	0.091	0.565
EWB00_009457	EWB00_009095	6182.A0A4Z2CLX5	6182.A0A4Z2CND2	0	0	0	0	0	0.312	0.425	0.059	0.595
EWB00_009457	EWB00_008189	6182.A0A4Z2CLX5	6182.A0A4Z2CR88	0	0	0	0	0	0.312	0.425	0.059	0.595
EWB00_009457	EWB00_002899	6182.A0A4Z2CLX5	6182.A0A4Z2DX55	0	0	0	0	0.047	0.309	0.425	0.070	0.600
EWB00_009457	EWB00_001471	6182.A0A4Z2CLX5	6182.A0A4Z2DFS2	0	0	0	0	0	0.274	0.478	0.063	0.613
EWB00_009457	PR2	6182.A0A4Z2CLX5	6182.C7TXQ4	0	0	0	0	0	0.274	0.478	0.063	0.613
EWB00_009457	EWB00_007640	6182.A0A4Z2CLX5	6182.A0A4Z2CTJ3	0	0	0	0	0.045	0.274	0.478	0.063	0.615
EWB00_009457	EWB00_002858	6182.A0A4Z2CLX5	6182.A0A4Z2DAI3	0	0	0	0	0	0.352	0.379	0.190	0.645
EWB00_009457	EWB00_005803	6182.A0A4Z2CLX5	6182.A0A4Z2D0N4	0	0	0	0	0	0.639	0	0.169	0.687
EWB00_009457	EWB00_008934	6182.A0A4Z2CLX5	6182.A0A4Z2DSI5	0	0	0	0	0	0.274	0.281	0.474	0.701
EWB00_009457	EWB00_005849	6182.A0A4Z2CLX5	6182.A0A4Z2D0D0	0	0	0	0	0.161	0.385	0.478	0.076	0.717
EWB00_009457	EWB00_003429	6182.A0A4Z2CLX5	6182.A0A4Z2DWH7	0	0	0	0	0	0.511	0.436	0.067	0.720
EWB00_009457	EWB00_002869	6182.A0A4Z2CLX5	6182.A0A4Z2DAG8	0	0	0	0	0.109	0.161	0.658	0	0.722
EWB00_009457	EWB00_002182	6182.A0A4Z2CLX5	6182.A0A4Z2DD10	0	0	0	0	0	0	0.739	0.048	0.740
EWB00_009457	EWB00_007978	6182.A0A4Z2CLX5	6182.A0A4Z2CSH8	0	0	0.230	0	0	0.297	0.538	0.113	0.748
EWB00_009457	EWB00_009122	6182.A0A4Z2CLX5	6182.A0A4Z2CN26	0	0	0	0	0	0.255	0.658	0.096	0.749
EWB00_009457	EWB00_002386	6182.A0A4Z2CLX5	6182.A0A4Z2DCG1	0	0	0	0	0	0.506	0.388	0.408	0.805
EWB00_009457	EWB00_008683	6182.A0A4Z2CLX5	6182.A0A4Z2CNZ1	0	0	0	0	0	0.302	0.723	0.153	0.821
EWB00_009457	EWB00_004095	6182.A0A4Z2CLX5	6182.Q6PMM5	0	0	0	0	0	0.302	0.723	0.153	0.821
EWB00_009457	EWB00_007520	6182.A0A4Z2CLX5	6182.A0A4Z2CUE7	0	0	0	0	0	0.506	0.658	0.082	0.831
EWB00_009457	EWB00_004406	6182.A0A4Z2CLX5	6182.A0A4Z2D5D6	0	0	0	0	0	0.506	0.658	0.082	0.831
EWB00_009457	fyn-prov	6182.A0A4Z2CLX5	6182.C1LGZ6	0	0	0	0	0	0.506	0.658	0.082	0.831
EWB00_009457	EWB00_008748	6182.A0A4Z2CLX5	6182.A0A4Z2DTN7	0	0	0	0	0.047	0.310	0.723	0.206	0.836
EWB00_009457	EWB00_004032	6182.A0A4Z2CLX5	6182.A0A4Z2D6K4	0	0	0	0	0.094	0.126	0.811	0.139	0.853
EWB00_009457	EWB00_007965	6182.A0A4Z2CLX5	6182.A0A4Z2CSU9	0	0	0	0	0	0.512	0.723	0.070	0.863
EWB00_009457	EWB00_005910	6182.A0A4Z2CLX5	6182.A0A4Z2D044	0	0	0	0	0.098	0.653	0.618	0.226	0.895
EWB00_009457	EWB00_008528	6182.A0A4Z2CLX5	6182.A0A4Z2CPM6	0	0	0	0	0	0.600	0.811	0.087	0.924
EWB00_009457	EWB00_003063	6182.A0A4Z2CLX5	6182.A0A4Z2D9R8	0	0	0	0	0	0.585	0.811	0.239	0.935
EWB00_009457	EWB00_007322	6182.A0A4Z2CLX5	6182.A0A4Z2CUR2	0	0	0	0	0.111	0.678	0.811	0.070	0.942
EWB00_009457	Grb2	6182.A0A4Z2CLX5	6182.Q86F73	0	0	0	0	0.098	0.861	0.811	0.563	0.988
EWB00_009479	EWB00_008372	6182.A0A4Z2DRN3	6182.A0A4Z2CQJ6	0	0	0	0	0	0.652	0	0.061	0.659
EWB00_009479	EWB00_005116	6182.A0A4Z2DRN3	6182.A0A4Z2D2T5	0	0	0	0	0	0.506	0	0.051	0.511
EWB00_009479	EWB00_004243	6182.A0A4Z2DRN3	6182.A0A4Z2D5G0	0	0	0	0	0.486	0	0	0	0.486
EWB00_009479	PR2	6182.A0A4Z2DRN3	6182.C7TXQ4	0	0	0.327	0	0.131	0.116	0	0	0.437
EWB00_009479	EWB00_003272	6182.A0A4Z2DRN3	6182.Q5DB60	0	0	0	0	0	0.378	0	0.138	0.440
EWB00_009480	EWB00_006602	6182.C1L449	6182.A0A4Z2CXP2	0	0	0	0	0	0.560	0.516	0.218	0.818
EWB00_009480	EWB00_006165	6182.C1L449	6182.A0A4Z2CZH4	0	0	0	0	0	0.560	0.516	0.218	0.818
EWB00_009480	EWB00_001594	6182.C1L449	6182.A0A4Z2DF50	0	0	0.244	0	0	0.085	0.247	0	0.433
EWB00_009480	EWB00_010219	6182.C1L449	6182.A0A4Z2DPU8	0	0	0	0	0	0	0.931	0	0.931
EWB00_009480	EWB00_005624	6182.C1L449	6182.A0A4Z2DU38	0	0	0	0	0	0.470	0.526	0.132	0.762
EWB00_009541	EWB00_009117	6182.A0A4Z2DR60	6182.A0A4Z2CN06	0	0	0	0	0	0.227	0.293	0	0.430
EWB00_009541	EWB00_007322	6182.A0A4Z2DR60	6182.A0A4Z2CUR2	0	0	0	0	0	0.080	0	0.703	0.715
EWB00_009541	EWB00_006747	6182.A0A4Z2DR60	6182.A0A4Z2CWY6	0	0	0	0	0.112	0.506	0	0.303	0.667
EWB00_009541	EWB00_006505	6182.A0A4Z2DR60	6182.A0A4Z2CYG9	0	0	0	0	0	0	0	0.477	0.477
EWB00_009541	EWB00_005803	6182.A0A4Z2DR60	6182.A0A4Z2D0N4	0	0	0	0	0	0	0.471	0	0.471
EWB00_009541	EWB00_003565	6182.A0A4Z2DR60	6182.A0A4Z2D923	0	0	0	0	0.046	0	0	0.769	0.770
EWB00_009541	EWB00_003146	6182.A0A4Z2DR60	6182.A0A4Z2D9E0	0	0	0	0	0	0	0	0.806	0.806
EWB00_009541	EWB00_002869	6182.A0A4Z2DR60	6182.A0A4Z2DAG8	0	0	0	0	0	0.118	0	0.476	0.518
EWB00_009541	EWB00_002103	6182.A0A4Z2DR60	6182.A0A4Z2DDE8	0	0	0	0	0.175	0.797	0	0.808	0.965
EWB00_009541	EWB00_010643	6182.A0A4Z2DR60	6182.A0A4Z2DN24	0	0	0	0	0	0.649	0	0.158	0.691
EWB00_009541	EWB00_009605	6182.A0A4Z2DR60	6182.A0A4Z2DR61	0	0	0	0	0	0.227	0.293	0	0.430
EWB00_009541	EWB00_004872	6182.A0A4Z2DR60	6182.A0A4Z2DUW3	0	0	0	0	0	0.227	0.293	0	0.430
EWB00_009541	EWB00_003429	6182.A0A4Z2DR60	6182.A0A4Z2DWH7	0	0	0	0	0	0.228	0.380	0.173	0.569
EWB00_009541	EWB00_006050	6182.A0A4Z2DR60	6182.A0A4Z2DTJ0	0	0	0	0	0	0.102	0	0.541	0.570
EWB00_009541	EWB00_010398	6182.A0A4Z2DR60	6182.A0A4Z2DXN3	0	0	0	0	0.181	0.932	0.678	0.824	0.996
EWB00_009560	EWB00_003272	6182.A0A4Z2CLW6	6182.Q5DB60	0	0	0	0	0	0.068	0.378	0.059	0.406
EWB00_009560	EWB00_009267	6182.A0A4Z2CLW6	6182.A0A4Z2CML4	0	0	0	0	0	0.118	0.337	0.069	0.408
EWB00_009560	EWB00_009162	6182.A0A4Z2CLW6	6182.A0A4Z2CMV9	0	0	0	0	0	0.118	0.337	0.069	0.408
EWB00_009560	EWB00_009287	6182.A0A4Z2CLW6	6182.A0A4Z2CN04	0	0	0	0	0	0.088	0.377	0.042	0.408
EWB00_009560	EWB00_006002	6182.A0A4Z2CLW6	6182.A0A4Z2DTC9	0	0	0	0	0	0.118	0.337	0.069	0.408
EWB00_009560	EWB00_004876	6182.A0A4Z2CLW6	6182.A0A4Z2DUG9	0	0	0	0	0	0.118	0.337	0.069	0.408
EWB00_009560	EWB00_004878	6182.A0A4Z2CLW6	6182.A0A4Z2DUX1	0	0	0	0	0	0.118	0.337	0.069	0.408
EWB00_009560	EWB00_008857	6182.A0A4Z2CLW6	6182.A0A4Z2DY79	0	0	0	0	0	0.118	0.337	0.069	0.408
EWB00_009560	EWB00_009161	6182.A0A4Z2CLW6	6182.C1L3T0	0	0	0	0	0	0.118	0.337	0.069	0.408
EWB00_009560	Act5C	6182.A0A4Z2CLW6	6182.Q5DF69	0	0	0	0	0	0.118	0.337	0.069	0.408
EWB00_009560	EWB00_002502	6182.A0A4Z2CLW6	6182.Q71TT8	0	0	0	0	0	0.118	0.337	0.069	0.408
EWB00_009560	EWB00_010398	6182.A0A4Z2CLW6	6182.A0A4Z2DXN3	0	0	0	0	0.044	0.064	0.044	0.405	0.422
EWB00_009560	EWB00_011156	6182.A0A4Z2CLW6	6182.A0A4Z2DLU7	0	0	0	0	0	0.159	0.378	0.062	0.466
EWB00_009560	EWB00_004811	6182.A0A4Z2CLW6	6182.A0A4Z2DUN6	0	0	0	0	0	0.159	0.378	0.062	0.466
EWB00_009560	EWB00_007640	6182.A0A4Z2CLW6	6182.A0A4Z2CTJ3	0	0	0	0	0	0.116	0.449	0.043	0.493
EWB00_009560	EWB00_001471	6182.A0A4Z2CLW6	6182.A0A4Z2DFS2	0	0	0	0	0	0.116	0.449	0.043	0.493
EWB00_009560	PR2	6182.A0A4Z2CLW6	6182.C7TXQ4	0	0	0	0	0	0.116	0.449	0.043	0.493
EWB00_009560	EWB00_006234	6182.A0A4Z2CLW6	6182.A0A4Z2CZ44	0	0	0	0	0.043	0.260	0.395	0.075	0.550
EWB00_009560	EWB00_002775	6182.A0A4Z2CLW6	6182.A0A4Z2DBA8	0	0	0	0	0.043	0.260	0.395	0.075	0.550
EWB00_009560	EWB00_003565	6182.A0A4Z2CLW6	6182.A0A4Z2D923	0	0	0	0	0.089	0.370	0	0.306	0.566
EWB00_009560	EWB00_001225	6182.A0A4Z2CLW6	6182.A0A4Z2DG63	0	0	0	0	0.089	0.370	0	0.306	0.566
EWB00_009560	EWB00_010649	6182.A0A4Z2CLW6	6182.A0A4Z2DN32	0	0	0	0	0.093	0.301	0.449	0.153	0.664
EWB00_009560	EWB00_006050	6182.A0A4Z2CLW6	6182.A0A4Z2DTJ0	0	0	0	0	0.093	0.301	0.449	0.153	0.664
EWB00_009560	EWB00_006747	6182.A0A4Z2CLW6	6182.A0A4Z2CWY6	0	0	0	0	0	0.293	0.495	0.217	0.696
EWB00_009560	EWB00_002103	6182.A0A4Z2CLW6	6182.A0A4Z2DDE8	0	0	0	0	0	0.293	0.495	0.217	0.696
EWB00_009605	EWB00_009117	6182.A0A4Z2DR61	6182.A0A4Z2CN06	0	0	0.532	0	0	0	0	0	0.532
EWB00_009605	EWB00_008372	6182.A0A4Z2DR61	6182.A0A4Z2CQJ6	0	0	0	0	0	0.237	0.383	0.062	0.519
EWB00_009605	EWB00_007640	6182.A0A4Z2DR61	6182.A0A4Z2CTJ3	0	0	0	0	0	0.134	0.373	0.065	0.447
EWB00_009605	EWB00_007650	6182.A0A4Z2DR61	6182.A0A4Z2CTZ5	0	0	0	0	0	0.119	0.367	0.069	0.435
EWB00_009605	EWB00_005910	6182.A0A4Z2DR61	6182.A0A4Z2D044	0	0	0	0	0	0.140	0.380	0.042	0.444
EWB00_009605	EWB00_005803	6182.A0A4Z2DR61	6182.A0A4Z2D0N4	0	0	0	0	0	0.086	0.375	0	0.404
EWB00_009605	EWB00_005116	6182.A0A4Z2DR61	6182.A0A4Z2D2T5	0	0	0	0	0	0.237	0.383	0.062	0.519
EWB00_009605	EWB00_004122	6182.A0A4Z2DR61	6182.A0A4Z2D6I6	0	0	0	0	0	0.227	0.293	0	0.430
EWB00_009605	EWB00_003710	6182.A0A4Z2DR61	6182.A0A4Z2D7R1	0	0	0	0	0	0.167	0.469	0.097	0.565
EWB00_009605	EWB00_001471	6182.A0A4Z2DR61	6182.A0A4Z2DFS2	0	0	0	0	0	0.134	0.373	0.065	0.447
EWB00_009605	EWB00_010643	6182.A0A4Z2DR61	6182.A0A4Z2DN24	0	0	0	0	0	0.147	0.385	0.044	0.454
EWB00_009605	EWB00_009541	6182.A0A4Z2DR61	6182.A0A4Z2DR60	0	0	0	0	0	0.227	0.293	0	0.430
EWB00_009605	EWB00_008747	6182.A0A4Z2DR61	6182.C1LG63	0	0	0	0	0	0.137	0.362	0	0.425
EWB00_009605	EWB00_007426	6182.A0A4Z2DR61	6182.C1LJL2	0	0	0	0	0	0.239	0.286	0	0.433
EWB00_009605	Grb2	6182.A0A4Z2DR61	6182.Q86F73	0	0	0	0	0	0.140	0.380	0.042	0.444
EWB00_009605	PR2	6182.A0A4Z2DR61	6182.C7TXQ4	0	0	0	0	0	0.134	0.373	0.065	0.447
EWB00_009605	EWB00_010647	6182.A0A4Z2DR61	6182.Q5DHL6	0	0	0	0	0	0.278	0.286	0.057	0.471
EWB00_009605	EWB00_003272	6182.A0A4Z2DR61	6182.Q5DB60	0	0	0	0	0	0.215	0.364	0.049	0.483
EWB00_009605	EWB00_007519	6182.A0A4Z2DR61	6182.Q5D9F6	0	0	0	0	0	0.197	0.380	0.064	0.493
EWB00_009605	EWB00_004872	6182.A0A4Z2DR61	6182.A0A4Z2DUW3	0	0	0.538	0	0	0.131	0.295	0.043	0.692
EWB00_010024	TK3	6182.A0A4Z2CL49	6182.A0A2S1REI0	0	0	0	0	0	0.052	0.517	0.068	0.535
EWB00_010024	EWB00_010687	6182.A0A4Z2CL49	6182.A0A4Z2DNJ5	0	0	0	0	0	0.155	0.281	0.103	0.407
EWB00_010024	EWB00_011263	6182.A0A4Z2CL49	6182.A0A4Z2DKT9	0	0	0	0	0	0.125	0.281	0.139	0.411
EWB00_010024	EWB00_001225	6182.A0A4Z2CL49	6182.A0A4Z2DG63	0	0	0	0	0	0.120	0.366	0.043	0.419
EWB00_010024	EWB00_003565	6182.A0A4Z2CL49	6182.A0A4Z2D923	0	0	0	0	0	0.109	0.382	0.064	0.439
EWB00_010024	EWB00_008162	6182.A0A4Z2CL49	6182.A0A4Z2CR55	0	0	0	0	0.057	0.244	0.281	0.073	0.461
EWB00_010024	EWB00_002531	6182.A0A4Z2CL49	6182.A0A4Z2DBU6	0	0	0	0	0	0.310	0.281	0.067	0.496
EWB00_010024	EWB00_006350	6182.A0A4Z2CL49	6182.A0A4Z2CZ14	0	0	0	0	0	0.253	0.425	0.065	0.563
EWB00_010024	EWB00_004506	6182.A0A4Z2CL49	6182.A0A4Z2D514	0	0	0	0	0	0.253	0.425	0.065	0.563
EWB00_010024	EWB00_002919	6182.A0A4Z2CL49	6182.A0A4Z2DWJ9	0	0	0	0	0	0.158	0.478	0.091	0.565
EWB00_010024	EWB00_011039	6182.A0A4Z2CL49	6182.A0A4Z2DN82	0	0	0	0	0	0.158	0.478	0.091	0.565
EWB00_010024	EWB00_003639	6182.A0A4Z2CL49	6182.A0A4Z2D7T8	0	0	0	0	0	0.158	0.478	0.091	0.565
EWB00_010024	EWB00_006209	6182.A0A4Z2CL49	6182.A0A4Z2CZP0	0	0	0	0	0	0.158	0.478	0.091	0.565
EWB00_010024	EWB00_009095	6182.A0A4Z2CL49	6182.A0A4Z2CND2	0	0	0	0	0	0.312	0.425	0.059	0.595
EWB00_010024	EWB00_008189	6182.A0A4Z2CL49	6182.A0A4Z2CR88	0	0	0	0	0	0.312	0.425	0.059	0.595
EWB00_010024	EWB00_002899	6182.A0A4Z2CL49	6182.A0A4Z2DX55	0	0	0	0	0.047	0.309	0.425	0.070	0.600
EWB00_010024	PR2	6182.A0A4Z2CL49	6182.C7TXQ4	0	0	0	0	0	0.274	0.478	0.063	0.613
EWB00_010024	EWB00_001471	6182.A0A4Z2CL49	6182.A0A4Z2DFS2	0	0	0	0	0	0.274	0.478	0.063	0.613
EWB00_010024	EWB00_007640	6182.A0A4Z2CL49	6182.A0A4Z2CTJ3	0	0	0	0	0.045	0.274	0.478	0.063	0.615
EWB00_010024	EWB00_002858	6182.A0A4Z2CL49	6182.A0A4Z2DAI3	0	0	0	0	0	0.352	0.379	0.190	0.645
EWB00_010024	EWB00_007978	6182.A0A4Z2CL49	6182.A0A4Z2CSH8	0	0	0	0	0	0.297	0.538	0.113	0.686
EWB00_010024	EWB00_005803	6182.A0A4Z2CL49	6182.A0A4Z2D0N4	0	0	0	0	0	0.639	0	0.169	0.687
EWB00_010024	EWB00_008934	6182.A0A4Z2CL49	6182.A0A4Z2DSI5	0	0	0	0	0	0.274	0.281	0.474	0.701
EWB00_010024	EWB00_005849	6182.A0A4Z2CL49	6182.A0A4Z2D0D0	0	0	0	0	0.161	0.385	0.478	0.076	0.717
EWB00_010024	EWB00_003429	6182.A0A4Z2CL49	6182.A0A4Z2DWH7	0	0	0	0	0	0.511	0.436	0.067	0.720
EWB00_010024	EWB00_002869	6182.A0A4Z2CL49	6182.A0A4Z2DAG8	0	0	0	0	0.109	0.161	0.658	0	0.722
EWB00_010024	EWB00_002182	6182.A0A4Z2CL49	6182.A0A4Z2DD10	0	0	0	0	0	0	0.739	0.048	0.740
EWB00_010024	EWB00_009122	6182.A0A4Z2CL49	6182.A0A4Z2CN26	0	0	0	0	0	0.255	0.658	0.096	0.749
EWB00_010024	EWB00_002386	6182.A0A4Z2CL49	6182.A0A4Z2DCG1	0	0	0	0	0	0.506	0.388	0.408	0.805
EWB00_010024	EWB00_008683	6182.A0A4Z2CL49	6182.A0A4Z2CNZ1	0	0	0	0	0	0.302	0.723	0.153	0.821
EWB00_010024	EWB00_004095	6182.A0A4Z2CL49	6182.Q6PMM5	0	0	0	0	0	0.302	0.723	0.153	0.821
EWB00_010024	EWB00_007520	6182.A0A4Z2CL49	6182.A0A4Z2CUE7	0	0	0	0	0	0.506	0.658	0.082	0.831
EWB00_010024	fyn-prov	6182.A0A4Z2CL49	6182.C1LGZ6	0	0	0	0	0	0.506	0.658	0.082	0.831
EWB00_010024	EWB00_004406	6182.A0A4Z2CL49	6182.A0A4Z2D5D6	0	0	0	0	0	0.506	0.658	0.082	0.831
EWB00_010024	EWB00_008748	6182.A0A4Z2CL49	6182.A0A4Z2DTN7	0	0	0	0	0.047	0.310	0.723	0.206	0.836
EWB00_010024	EWB00_004032	6182.A0A4Z2CL49	6182.A0A4Z2D6K4	0	0	0	0	0.094	0.126	0.811	0.139	0.853
EWB00_010024	EWB00_007965	6182.A0A4Z2CL49	6182.A0A4Z2CSU9	0	0	0	0	0	0.512	0.723	0.070	0.863
EWB00_010024	EWB00_005910	6182.A0A4Z2CL49	6182.A0A4Z2D044	0	0	0	0	0.098	0.653	0.618	0.226	0.895
EWB00_010024	EWB00_008528	6182.A0A4Z2CL49	6182.A0A4Z2CPM6	0	0	0	0	0	0.600	0.811	0.087	0.924
EWB00_010024	EWB00_003063	6182.A0A4Z2CL49	6182.A0A4Z2D9R8	0	0	0	0	0	0.585	0.811	0.239	0.935
EWB00_010024	EWB00_007322	6182.A0A4Z2CL49	6182.A0A4Z2CUR2	0	0	0	0	0.111	0.678	0.811	0.070	0.942
EWB00_010024	Grb2	6182.A0A4Z2CL49	6182.Q86F73	0	0	0	0	0.098	0.861	0.811	0.563	0.988
EWB00_010219	EWB00_006602	6182.A0A4Z2DPU8	6182.A0A4Z2CXP2	0	0	0	0	0	0.560	0.516	0.218	0.818
EWB00_010219	EWB00_006165	6182.A0A4Z2DPU8	6182.A0A4Z2CZH4	0	0	0	0	0	0.560	0.516	0.218	0.818
EWB00_010219	EWB00_001594	6182.A0A4Z2DPU8	6182.A0A4Z2DF50	0	0	0.205	0	0	0.085	0.247	0.065	0.419
EWB00_010219	PR2	6182.A0A4Z2DPU8	6182.C7TXQ4	0	0	0.362	0	0	0.116	0	0	0.411
EWB00_010219	EWB00_005624	6182.A0A4Z2DPU8	6182.A0A4Z2DU38	0	0	0	0	0	0.470	0.526	0.132	0.762
EWB00_010219	EWB00_009480	6182.A0A4Z2DPU8	6182.C1L449	0	0	0	0	0	0	0.931	0	0.931
EWB00_010398	EWB00_009560	6182.A0A4Z2DXN3	6182.A0A4Z2CLW6	0	0	0	0	0.044	0.064	0.044	0.405	0.422
EWB00_010398	EWB00_009267	6182.A0A4Z2DXN3	6182.A0A4Z2CML4	0	0	0	0	0	0.154	0.270	0.275	0.513
EWB00_010398	EWB00_009162	6182.A0A4Z2DXN3	6182.A0A4Z2CMV9	0	0	0	0	0	0.154	0.107	0.279	0.407
EWB00_010398	EWB00_009122	6182.A0A4Z2DXN3	6182.A0A4Z2CN26	0	0	0	0	0	0.309	0	0.188	0.414
EWB00_010398	EWB00_008683	6182.A0A4Z2DXN3	6182.A0A4Z2CNZ1	0	0	0	0	0	0.438	0	0.104	0.474
EWB00_010398	EWB00_008372	6182.A0A4Z2DXN3	6182.A0A4Z2CQJ6	0	0	0	0	0	0.178	0.372	0	0.461
EWB00_010398	EWB00_007650	6182.A0A4Z2DXN3	6182.A0A4Z2CTZ5	0	0	0	0	0	0.119	0.367	0.055	0.426
EWB00_010398	EWB00_007322	6182.A0A4Z2DXN3	6182.A0A4Z2CUR2	0	0	0	0	0	0.247	0.104	0.442	0.590
EWB00_010398	EWB00_007161	6182.A0A4Z2DXN3	6182.A0A4Z2CVK4	0	0	0	0	0	0.056	0	0.647	0.652
EWB00_010398	EWB00_006747	6182.A0A4Z2DXN3	6182.A0A4Z2CWY6	0	0	0	0	0.088	0.825	0	0.503	0.913
EWB00_010398	EWB00_006505	6182.A0A4Z2DXN3	6182.A0A4Z2CYG9	0	0	0	0	0.110	0.147	0.087	0.552	0.647
EWB00_010398	EWB00_006234	6182.A0A4Z2DXN3	6182.A0A4Z2CZ44	0	0	0	0	0.086	0.127	0	0.495	0.561
EWB00_010398	EWB00_006209	6182.A0A4Z2DXN3	6182.A0A4Z2CZP0	0	0	0	0	0	0.126	0.771	0.458	0.882
EWB00_010398	EWB00_005910	6182.A0A4Z2DXN3	6182.A0A4Z2D044	0	0	0	0	0.044	0.140	0.320	0.181	0.480
EWB00_010398	EWB00_005803	6182.A0A4Z2DXN3	6182.A0A4Z2D0N4	0	0	0	0	0	0.086	0.375	0.448	0.657
EWB00_010398	EWB00_005116	6182.A0A4Z2DXN3	6182.A0A4Z2D2T5	0	0	0	0	0	0.178	0.372	0	0.461
EWB00_010398	EWB00_004965	6182.A0A4Z2DXN3	6182.A0A4Z2D4A5	0	0	0	0	0.044	0.064	0.044	0.405	0.422
EWB00_010398	EWB00_004368	6182.A0A4Z2DXN3	6182.A0A4Z2D605	0	0	0	0	0	0.311	0.124	0.480	0.658
EWB00_010398	EWB00_004122	6182.A0A4Z2DXN3	6182.A0A4Z2D6I6	0	0	0	0	0.154	0.830	0.510	0.540	0.963
EWB00_010398	EWB00_003710	6182.A0A4Z2DXN3	6182.A0A4Z2D7R1	0	0	0	0	0	0.167	0.387	0.199	0.555
EWB00_010398	EWB00_003639	6182.A0A4Z2DXN3	6182.A0A4Z2D7T8	0	0	0	0	0	0.126	0.779	0.235	0.839
EWB00_010398	EWB00_003590	6182.A0A4Z2DXN3	6182.A0A4Z2D831	0	0	0	0	0	0.121	0.177	0.261	0.418
EWB00_010398	EWB00_003565	6182.A0A4Z2DXN3	6182.A0A4Z2D923	0	0	0	0	0.110	0.127	0.076	0.828	0.859
EWB00_010398	EWB00_003146	6182.A0A4Z2DXN3	6182.A0A4Z2D9E0	0	0	0	0	0.120	0.147	0.087	0.829	0.867
EWB00_010398	EWB00_002869	6182.A0A4Z2DXN3	6182.A0A4Z2DAG8	0	0	0	0	0	0.455	0.771	0.586	0.943
EWB00_010398	EWB00_002775	6182.A0A4Z2DXN3	6182.A0A4Z2DBA8	0	0	0	0	0.086	0.127	0	0.495	0.561
EWB00_010398	EWB00_002103	6182.A0A4Z2DXN3	6182.A0A4Z2DDE8	0	0	0	0	0.091	0.929	0	0.821	0.987
EWB00_010398	EWB00_001225	6182.A0A4Z2DXN3	6182.A0A4Z2DG63	0	0	0	0	0	0.127	0.076	0.508	0.568
EWB00_010398	EWB00_000516	6182.A0A4Z2DXN3	6182.A0A4Z2DIX5	0	0	0	0	0	0.202	0.098	0.376	0.511
EWB00_010398	EWB00_011263	6182.A0A4Z2DXN3	6182.A0A4Z2DKT9	0	0	0	0	0	0.829	0.876	0.594	0.990
EWB00_010398	EWB00_010643	6182.A0A4Z2DXN3	6182.A0A4Z2DN24	0	0	0	0	0	0.168	0.359	0.305	0.596
EWB00_010398	EWB00_010649	6182.A0A4Z2DXN3	6182.A0A4Z2DN32	0	0	0	0	0	0.124	0.114	0.403	0.496
EWB00_010398	EWB00_011039	6182.A0A4Z2DXN3	6182.A0A4Z2DN82	0	0	0	0	0	0.126	0.771	0.458	0.882
EWB00_010398	EWB00_009541	6182.A0A4Z2DXN3	6182.A0A4Z2DR60	0	0	0	0	0.181	0.932	0.678	0.824	0.996
EWB00_010398	EWB00_009358	6182.A0A4Z2DXN3	6182.A0A4Z2DRM5	0	0	0	0	0	0.111	0.876	0.054	0.886
EWB00_010398	EWB00_008934	6182.A0A4Z2DXN3	6182.A0A4Z2DSI5	0	0	0	0	0	0.506	0.124	0	0.548
EWB00_010398	EWB00_006050	6182.A0A4Z2DXN3	6182.A0A4Z2DTJ0	0	0	0	0	0	0.124	0.114	0.699	0.745
EWB00_010398	EWB00_004876	6182.A0A4Z2DXN3	6182.A0A4Z2DUG9	0	0	0	0	0	0.154	0.319	0.399	0.623
EWB00_010398	EWB00_004878	6182.A0A4Z2DXN3	6182.A0A4Z2DUX1	0	0	0	0	0	0.154	0.319	0.399	0.623
EWB00_010398	EWB00_003429	6182.A0A4Z2DXN3	6182.A0A4Z2DWH7	0	0	0	0	0.132	0.826	0.876	0.829	0.996
EWB00_010398	EWB00_002919	6182.A0A4Z2DXN3	6182.A0A4Z2DWJ9	0	0	0	0	0	0.126	0.771	0.458	0.882
EWB00_010398	EWB00_009161	6182.A0A4Z2DXN3	6182.C1L3T0	0	0	0	0	0	0.154	0.107	0.279	0.407
EWB00_010398	FHL-2	6182.A0A4Z2DXN3	6182.C1LEH1	0	0	0	0	0	0.121	0.177	0.261	0.418
EWB00_010398	EWB00_004095	6182.A0A4Z2DXN3	6182.Q6PMM5	0	0	0	0	0	0.438	0	0.104	0.474
EWB00_010398	Act5C	6182.A0A4Z2DXN3	6182.Q5DF69	0	0	0	0	0	0.154	0.270	0.275	0.513
EWB00_010398	Grb2	6182.A0A4Z2DXN3	6182.Q86F73	0	0	0	0	0.095	0.140	0.320	0.366	0.619
EWB00_010398	EWB00_002502	6182.A0A4Z2DXN3	6182.Q71TT8	0	0	0	0	0	0.154	0.319	0.399	0.623
EWB00_010448	EWB00_008372	6182.A0A4Z2DXQ5	6182.A0A4Z2CQJ6	0	0	0	0	0	0.242	0.339	0.091	0.504
EWB00_010448	EWB00_007322	6182.A0A4Z2DXQ5	6182.A0A4Z2CUR2	0	0	0	0	0	0	0.504	0.066	0.516
EWB00_010448	EWB00_006209	6182.A0A4Z2DXQ5	6182.A0A4Z2CZP0	0	0	0	0	0	0.101	0.390	0.104	0.465
EWB00_010448	EWB00_006126	6182.A0A4Z2DXQ5	6182.A0A4Z2CZR2	0	0	0	0	0.056	0.239	0.245	0.170	0.489
EWB00_010448	EWB00_005116	6182.A0A4Z2DXQ5	6182.A0A4Z2D2T5	0	0	0	0	0	0.242	0.339	0.064	0.490
EWB00_010448	EWB00_003710	6182.A0A4Z2DXQ5	6182.A0A4Z2D7R1	0	0	0	0	0	0.141	0.374	0.155	0.505
EWB00_010448	EWB00_003639	6182.A0A4Z2DXQ5	6182.A0A4Z2D7T8	0	0	0	0	0	0.093	0.379	0.069	0.429
EWB00_010448	EWB00_002869	6182.A0A4Z2DXQ5	6182.A0A4Z2DAG8	0	0	0	0	0	0.157	0.394	0.118	0.510
EWB00_010448	EWB00_002413	6182.A0A4Z2DXQ5	6182.A0A4Z2DCK0	0	0	0	0	0	0.111	0.383	0	0.428
EWB00_010448	EWB00_001328	6182.A0A4Z2DXQ5	6182.A0A4Z2DG14	0	0	0	0	0	0.197	0.377	0.201	0.565
EWB00_010448	EWB00_011039	6182.A0A4Z2DXQ5	6182.A0A4Z2DN82	0	0	0	0	0	0.101	0.390	0.104	0.465
EWB00_010448	EWB00_002919	6182.A0A4Z2DXQ5	6182.A0A4Z2DWJ9	0	0	0	0	0	0.101	0.390	0.104	0.465
EWB00_010448	EWB00_010449	6182.A0A4Z2DXQ5	6182.A0A4Z2DXL3	0	0.899	0.298	0	0	0	0	0	0.926
EWB00_010449	EWB00_008372	6182.A0A4Z2DXL3	6182.A0A4Z2CQJ6	0	0	0	0	0	0.242	0.339	0.091	0.504
EWB00_010449	EWB00_007322	6182.A0A4Z2DXL3	6182.A0A4Z2CUR2	0	0	0	0	0	0	0.504	0.066	0.516
EWB00_010449	EWB00_006209	6182.A0A4Z2DXL3	6182.A0A4Z2CZP0	0	0	0	0	0	0.101	0.390	0.104	0.465
EWB00_010449	EWB00_006126	6182.A0A4Z2DXL3	6182.A0A4Z2CZR2	0	0	0	0	0.056	0.239	0.245	0.170	0.489
EWB00_010449	EWB00_005116	6182.A0A4Z2DXL3	6182.A0A4Z2D2T5	0	0	0	0	0	0.242	0.339	0.064	0.490
EWB00_010449	EWB00_003710	6182.A0A4Z2DXL3	6182.A0A4Z2D7R1	0	0	0	0	0	0.141	0.374	0.155	0.505
EWB00_010449	EWB00_003639	6182.A0A4Z2DXL3	6182.A0A4Z2D7T8	0	0	0	0	0	0.093	0.379	0.069	0.429
EWB00_010449	EWB00_002869	6182.A0A4Z2DXL3	6182.A0A4Z2DAG8	0	0	0	0	0	0.157	0.394	0.118	0.510
EWB00_010449	EWB00_002413	6182.A0A4Z2DXL3	6182.A0A4Z2DCK0	0	0	0	0	0	0.111	0.383	0	0.428
EWB00_010449	EWB00_001328	6182.A0A4Z2DXL3	6182.A0A4Z2DG14	0	0	0	0	0	0.197	0.377	0.201	0.565
EWB00_010449	EWB00_011039	6182.A0A4Z2DXL3	6182.A0A4Z2DN82	0	0	0	0	0	0.101	0.390	0.104	0.465
EWB00_010449	EWB00_002919	6182.A0A4Z2DXL3	6182.A0A4Z2DWJ9	0	0	0	0	0	0.101	0.390	0.104	0.465
EWB00_010449	EWB00_010448	6182.A0A4Z2DXL3	6182.A0A4Z2DXQ5	0	0.899	0.298	0	0	0	0	0	0.926
EWB00_010450	EWB00_008372	6182.A0A4Z2DXW2	6182.A0A4Z2CQJ6	0	0	0	0	0	0.242	0.339	0.091	0.504
EWB00_010450	EWB00_007322	6182.A0A4Z2DXW2	6182.A0A4Z2CUR2	0	0	0	0	0	0	0.504	0.066	0.516
EWB00_010450	EWB00_006209	6182.A0A4Z2DXW2	6182.A0A4Z2CZP0	0	0	0	0	0	0.101	0.390	0.104	0.465
EWB00_010450	EWB00_006126	6182.A0A4Z2DXW2	6182.A0A4Z2CZR2	0	0	0	0	0.056	0.239	0.245	0.170	0.489
EWB00_010450	EWB00_005116	6182.A0A4Z2DXW2	6182.A0A4Z2D2T5	0	0	0	0	0	0.242	0.339	0.064	0.490
EWB00_010450	EWB00_003710	6182.A0A4Z2DXW2	6182.A0A4Z2D7R1	0	0	0	0	0	0.141	0.374	0.155	0.505
EWB00_010450	EWB00_003639	6182.A0A4Z2DXW2	6182.A0A4Z2D7T8	0	0	0	0	0	0.093	0.379	0.069	0.429
EWB00_010450	EWB00_002869	6182.A0A4Z2DXW2	6182.A0A4Z2DAG8	0	0	0	0	0	0.157	0.394	0.118	0.510
EWB00_010450	EWB00_002413	6182.A0A4Z2DXW2	6182.A0A4Z2DCK0	0	0	0	0	0	0.111	0.383	0	0.428
EWB00_010450	EWB00_001328	6182.A0A4Z2DXW2	6182.A0A4Z2DG14	0	0	0	0	0	0.197	0.377	0.201	0.565
EWB00_010450	EWB00_011039	6182.A0A4Z2DXW2	6182.A0A4Z2DN82	0	0	0	0	0	0.101	0.390	0.104	0.465
EWB00_010450	EWB00_002919	6182.A0A4Z2DXW2	6182.A0A4Z2DWJ9	0	0	0	0	0	0.101	0.390	0.104	0.465
EWB00_010643	EWB00_009267	6182.A0A4Z2DN24	6182.A0A4Z2CML4	0	0	0	0	0	0.113	0.466	0.190	0.582
EWB00_010643	EWB00_009162	6182.A0A4Z2DN24	6182.A0A4Z2CMV9	0	0	0	0	0	0.113	0.391	0.077	0.457
EWB00_010643	EWB00_009117	6182.A0A4Z2DN24	6182.A0A4Z2CN06	0	0	0	0	0.052	0.120	0.359	0	0.418
EWB00_010643	EWB00_009122	6182.A0A4Z2DN24	6182.A0A4Z2CN26	0	0	0	0	0	0	0.666	0.068	0.675
EWB00_010643	EWB00_009095	6182.A0A4Z2DN24	6182.A0A4Z2CND2	0	0	0	0	0	0.262	0.395	0.055	0.541
EWB00_010643	EWB00_008683	6182.A0A4Z2DN24	6182.A0A4Z2CNZ1	0	0	0	0	0	0	0.510	0.090	0.535
EWB00_010643	EWB00_008528	6182.A0A4Z2DN24	6182.A0A4Z2CPM6	0	0	0	0	0	0.932	0	0.079	0.934
EWB00_010643	EWB00_008411	6182.A0A4Z2DN24	6182.A0A4Z2CQ40	0	0	0	0	0	0.646	0.876	0.297	0.966
EWB00_010643	EWB00_008162	6182.A0A4Z2DN24	6182.A0A4Z2CR55	0	0	0	0	0	0.262	0.447	0.135	0.616
EWB00_010643	EWB00_008189	6182.A0A4Z2DN24	6182.A0A4Z2CR88	0	0	0	0	0	0.262	0.395	0.055	0.541
EWB00_010643	EWB00_008231	6182.A0A4Z2DN24	6182.A0A4Z2CRJ2	0	0	0	0	0	0.797	0.723	0.167	0.949
EWB00_010643	EWB00_007978	6182.A0A4Z2DN24	6182.A0A4Z2CSH8	0	0	0	0	0	0	0	0.471	0.471
EWB00_010643	EWB00_007965	6182.A0A4Z2DN24	6182.A0A4Z2CSU9	0	0	0	0	0	0.632	0.375	0.068	0.766
EWB00_010643	EWB00_007640	6182.A0A4Z2DN24	6182.A0A4Z2CTJ3	0	0	0	0	0	0.262	0.454	0.044	0.581
EWB00_010643	EWB00_007520	6182.A0A4Z2DN24	6182.A0A4Z2CUE7	0	0	0	0	0	0.283	0.507	0.065	0.640
EWB00_010643	EWB00_007322	6182.A0A4Z2DN24	6182.A0A4Z2CUR2	0	0	0	0	0	0.470	0.876	0.233	0.945
EWB00_010643	EWB00_007161	6182.A0A4Z2DN24	6182.A0A4Z2CVK4	0	0	0	0	0	0	0.602	0	0.602
EWB00_010643	EWB00_006779	6182.A0A4Z2DN24	6182.A0A4Z2CX29	0	0	0	0	0	0.090	0.380	0.056	0.420
EWB00_010643	EWB00_006607	6182.A0A4Z2DN24	6182.A0A4Z2CXQ1	0	0	0	0	0	0.090	0.380	0.056	0.420
EWB00_010643	EWB00_006350	6182.A0A4Z2DN24	6182.A0A4Z2CZ14	0	0	0	0	0	0	0.395	0.059	0.406
EWB00_010643	EWB00_005910	6182.A0A4Z2DN24	6182.A0A4Z2D044	0	0	0	0	0	0.123	0.467	0.065	0.524
EWB00_010643	EWB00_005849	6182.A0A4Z2DN24	6182.A0A4Z2D0D0	0	0	0	0	0.088	0.262	0.446	0.109	0.623
EWB00_010643	EWB00_005803	6182.A0A4Z2DN24	6182.A0A4Z2D0N4	0	0	0	0	0	0.115	0	0.699	0.722
EWB00_010643	EWB00_004506	6182.A0A4Z2DN24	6182.A0A4Z2D514	0	0	0	0	0	0	0.395	0.059	0.406
EWB00_010643	EWB00_004406	6182.A0A4Z2DN24	6182.A0A4Z2D5D6	0	0	0	0	0	0.283	0.507	0.065	0.640
EWB00_010643	EWB00_004243	6182.A0A4Z2DN24	6182.A0A4Z2D5G0	0	0	0	0	0	0	0.386	0.064	0.400
EWB00_010643	EWB00_004368	6182.A0A4Z2DN24	6182.A0A4Z2D605	0	0	0	0	0	0.262	0.375	0.125	0.561
EWB00_010643	EWB00_004122	6182.A0A4Z2DN24	6182.A0A4Z2D6I6	0	0	0	0	0	0.456	0	0.093	0.485
EWB00_010643	EWB00_003063	6182.A0A4Z2DN24	6182.A0A4Z2D9R8	0	0	0	0	0	0.262	0.375	0	0.519
EWB00_010643	EWB00_002531	6182.A0A4Z2DN24	6182.A0A4Z2DBU6	0	0	0	0	0	0.262	0.375	0.105	0.551
EWB00_010643	EWB00_001594	6182.A0A4Z2DN24	6182.A0A4Z2DF50	0	0	0	0	0	0.262	0.375	0	0.519
EWB00_010643	EWB00_001618	6182.A0A4Z2DN24	6182.A0A4Z2DF74	0	0	0	0	0	0.104	0.382	0.235	0.539
EWB00_010643	EWB00_001471	6182.A0A4Z2DN24	6182.A0A4Z2DFS2	0	0	0	0	0	0.262	0.391	0.044	0.532
EWB00_010643	EWB00_001228	6182.A0A4Z2DN24	6182.A0A4Z2DGB2	0	0	0	0	0	0.262	0.375	0.043	0.520
EWB00_010643	EWB00_011263	6182.A0A4Z2DN24	6182.A0A4Z2DKT9	0	0	0	0	0	0.262	0.375	0.138	0.567
EWB00_010643	EWB00_003429	6182.A0A4Z2DN24	6182.A0A4Z2DWH7	0	0	0	0	0	0.138	0	0.336	0.403
EWB00_010643	EWB00_004872	6182.A0A4Z2DN24	6182.A0A4Z2DUW3	0	0	0	0	0	0.120	0.359	0.047	0.415
EWB00_010643	EWB00_007721	6182.A0A4Z2DN24	6182.A0A4Z2DSU2	0	0	0	0	0	0	0.434	0	0.434
EWB00_010643	EWB00_004196	6182.A0A4Z2DN24	6182.A0A4Z2DUY0	0	0	0	0	0	0	0.434	0	0.434
EWB00_010643	EWB00_009605	6182.A0A4Z2DN24	6182.A0A4Z2DR61	0	0	0	0	0	0.147	0.385	0.044	0.454
EWB00_010643	EWB00_006002	6182.A0A4Z2DN24	6182.A0A4Z2DTC9	0	0	0	0	0	0.113	0.391	0.077	0.457
EWB00_010643	EWB00_009161	6182.A0A4Z2DN24	6182.C1L3T0	0	0	0	0	0	0.113	0.391	0.077	0.457
EWB00_010643	EWB00_008857	6182.A0A4Z2DN24	6182.A0A4Z2DY79	0	0	0	0	0	0.113	0.394	0.135	0.494
EWB00_010643	EWB00_010727	6182.A0A4Z2DN24	6182.A0A4Z2DNH6	0	0	0	0	0	0	0.507	0	0.507
EWB00_010643	EWB00_005467	6182.A0A4Z2DN24	6182.A0A4Z2DU85	0	0	0	0	0	0.262	0.375	0	0.519
EWB00_010643	EWB00_008934	6182.A0A4Z2DN24	6182.A0A4Z2DSI5	0	0	0	0	0	0.262	0.375	0.043	0.520
EWB00_010643	EWB00_003747	6182.A0A4Z2DN24	6182.A0A4Z2DVH8	0	0	0	0	0	0.262	0.375	0.065	0.531
EWB00_010643	PR2	6182.A0A4Z2DN24	6182.C7TXQ4	0	0	0	0	0	0.262	0.391	0.044	0.532
EWB00_010643	EWB00_004095	6182.A0A4Z2DN24	6182.Q6PMM5	0	0	0	0	0	0	0.510	0.090	0.535
EWB00_010643	Act5C	6182.A0A4Z2DN24	6182.Q5DF69	0	0	0	0	0	0.113	0.466	0.190	0.582
EWB00_010643	EWB00_010398	6182.A0A4Z2DN24	6182.A0A4Z2DXN3	0	0	0	0	0	0.168	0.359	0.305	0.596
EWB00_010643	EWB00_002899	6182.A0A4Z2DN24	6182.A0A4Z2DX55	0	0	0	0	0	0.302	0.454	0	0.602
EWB00_010643	EWB00_008748	6182.A0A4Z2DN24	6182.A0A4Z2DTN7	0	0	0	0	0	0.302	0.454	0.048	0.605
EWB00_010643	EWB00_004876	6182.A0A4Z2DN24	6182.A0A4Z2DUG9	0	0	0	0	0	0.113	0.493	0.237	0.626
EWB00_010643	EWB00_004878	6182.A0A4Z2DN24	6182.A0A4Z2DUX1	0	0	0	0	0	0.113	0.493	0.237	0.626
EWB00_010643	EWB00_002502	6182.A0A4Z2DN24	6182.Q71TT8	0	0	0	0	0	0.113	0.493	0.237	0.626
EWB00_010643	fyn-prov	6182.A0A4Z2DN24	6182.C1LGZ6	0	0	0	0	0	0.283	0.507	0.065	0.640
EWB00_010643	EWB00_007426	6182.A0A4Z2DN24	6182.C1LJL2	0	0	0	0	0	0.104	0.599	0.085	0.642
EWB00_010643	Grb2	6182.A0A4Z2DN24	6182.Q86F73	0	0	0	0	0	0.169	0.550	0.182	0.667
EWB00_010643	EWB00_009541	6182.A0A4Z2DN24	6182.A0A4Z2DR60	0	0	0	0	0	0.649	0	0.158	0.691
EWB00_010643	EWB00_010647	6182.A0A4Z2DN24	6182.Q5DHL6	0	0	0	0	0	0.104	0.666	0.348	0.787
EWB00_010643	EWB00_010687	6182.A0A4Z2DN24	6182.A0A4Z2DNJ5	0	0	0	0	0	0.797	0.375	0.061	0.870
EWB00_010647	TK3	6182.Q5DHL6	6182.A0A2S1REI0	0	0	0	0	0.052	0.260	0.154	0.293	0.524
EWB00_010647	EWB00_009267	6182.Q5DHL6	6182.A0A4Z2CML4	0	0	0	0	0	0.652	0.687	0.105	0.893
EWB00_010647	EWB00_009162	6182.Q5DHL6	6182.A0A4Z2CMV9	0	0	0	0	0	0.506	0.396	0.105	0.709
EWB00_010647	EWB00_008372	6182.Q5DHL6	6182.A0A4Z2CQJ6	0	0	0	0	0	0.127	0.379	0.067	0.450
EWB00_010647	EWB00_007739	6182.Q5DHL6	6182.A0A4Z2CT39	0	0	0	0	0.182	0.310	0.104	0.474	0.698
EWB00_010647	EWB00_007640	6182.Q5DHL6	6182.A0A4Z2CTJ3	0	0	0	0	0	0.165	0.282	0.157	0.450
EWB00_010647	EWB00_007322	6182.Q5DHL6	6182.A0A4Z2CUR2	0	0	0	0	0	0.228	0.373	0.159	0.557
EWB00_010647	EWB00_006505	6182.Q5DHL6	6182.A0A4Z2CYG9	0	0	0	0	0.118	0.136	0.378	0.066	0.498
EWB00_010647	EWB00_005910	6182.Q5DHL6	6182.A0A4Z2D044	0	0	0	0	0.089	0.146	0.503	0.066	0.590
EWB00_010647	EWB00_005902	6182.Q5DHL6	6182.A0A4Z2D084	0	0	0	0	0	0.883	0	0.586	0.949
EWB00_010647	EWB00_005803	6182.Q5DHL6	6182.A0A4Z2D0N4	0	0	0	0	0	0.247	0.378	0.132	0.557
EWB00_010647	EWB00_005116	6182.Q5DHL6	6182.A0A4Z2D2T5	0	0	0	0	0	0.202	0.379	0.067	0.497
EWB00_010647	EWB00_004368	6182.Q5DHL6	6182.A0A4Z2D605	0	0	0	0	0.111	0.165	0.282	0	0.420
EWB00_010647	EWB00_004032	6182.Q5DHL6	6182.A0A4Z2D6K4	0	0	0	0	0	0.237	0.378	0.065	0.517
EWB00_010647	EWB00_003876	6182.Q5DHL6	6182.A0A4Z2D736	0	0	0	0	0	0.208	0.342	0.047	0.459
EWB00_010647	EWB00_004137	6182.Q5DHL6	6182.A0A4Z2D773	0	0	0	0	0	0.230	0.272	0	0.415
EWB00_010647	EWB00_003710	6182.Q5DHL6	6182.A0A4Z2D7R1	0	0	0	0	0	0.572	0	0.205	0.645
EWB00_010647	EWB00_003565	6182.Q5DHL6	6182.A0A4Z2D923	0	0	0	0	0	0.257	0.298	0.632	0.791
EWB00_010647	EWB00_003146	6182.Q5DHL6	6182.A0A4Z2D9E0	0	0	0	0	0.136	0.136	0.378	0.066	0.508
EWB00_010647	EWB00_002531	6182.Q5DHL6	6182.A0A4Z2DBU6	0	0	0	0	0	0.243	0.282	0	0.433
EWB00_010647	EWB00_001961	6182.Q5DHL6	6182.A0A4Z2DEA2	0	0	0	0	0	0.658	0	0.088	0.674
EWB00_010647	EWB00_001471	6182.Q5DHL6	6182.A0A4Z2DFS2	0	0	0	0	0	0.165	0.282	0.157	0.450
EWB00_010647	EWB00_001225	6182.Q5DHL6	6182.A0A4Z2DG63	0	0	0	0	0	0.257	0.298	0.429	0.676
EWB00_010647	EWB00_011156	6182.Q5DHL6	6182.A0A4Z2DLU7	0	0	0	0	0	0.172	0.292	0.065	0.404
EWB00_010647	EWB00_010643	6182.Q5DHL6	6182.A0A4Z2DN24	0	0	0	0	0	0.104	0.666	0.348	0.787
EWB00_010647	EWB00_010649	6182.Q5DHL6	6182.A0A4Z2DN32	0	0	0	0	0	0.249	0.305	0.227	0.561
EWB00_010647	EWB00_010727	6182.Q5DHL6	6182.A0A4Z2DNH6	0	0	0	0	0	0.230	0.272	0	0.415
EWB00_010647	EWB00_009605	6182.Q5DHL6	6182.A0A4Z2DR61	0	0	0	0	0	0.278	0.286	0.057	0.471
EWB00_010647	EWB00_009305	6182.Q5DHL6	6182.A0A4Z2DS24	0	0	0	0	0	0.286	0.384	0.184	0.609
EWB00_010647	EWB00_006002	6182.Q5DHL6	6182.A0A4Z2DTC9	0	0	0	0	0	0.506	0.683	0.370	0.892
EWB00_010647	EWB00_006050	6182.Q5DHL6	6182.A0A4Z2DTJ0	0	0	0	0	0	0.249	0.305	0.227	0.561
EWB00_010647	EWB00_005467	6182.Q5DHL6	6182.A0A4Z2DU85	0	0	0	0	0	0.165	0.282	0.087	0.404
EWB00_010647	EWB00_004876	6182.Q5DHL6	6182.A0A4Z2DUG9	0	0	0	0	0	0.767	0.771	0.105	0.948
EWB00_010647	EWB00_004811	6182.Q5DHL6	6182.A0A4Z2DUN6	0	0	0	0	0	0.172	0.292	0.065	0.404
EWB00_010647	EWB00_004878	6182.Q5DHL6	6182.A0A4Z2DUX1	0	0	0	0	0	0.767	0.771	0.105	0.948
EWB00_010647	EWB00_001408	6182.Q5DHL6	6182.A0A4Z2DX44	0	0	0	0	0	0.278	0.724	0.339	0.856
EWB00_010647	EWB00_008857	6182.Q5DHL6	6182.A0A4Z2DY79	0	0	0	0	0.132	0.648	0.517	0.105	0.850
EWB00_010647	EWB00_009161	6182.Q5DHL6	6182.C1L3T0	0	0	0	0	0	0.506	0.396	0.105	0.709
EWB00_010647	EWB00_007274	6182.Q5DHL6	6182.C1LH03	0	0	0	0	0.144	0.878	0	0.391	0.930
EWB00_010647	EWB00_007426	6182.Q5DHL6	6182.C1LJL2	0	0	0	0	0.823	0.931	0.938	0.691	0.999
EWB00_010647	EWB00_003359	6182.Q5DHL6	6182.C1LMR7	0	0	0	0	0.196	0.309	0.115	0.545	0.746
EWB00_010647	PR2	6182.Q5DHL6	6182.C7TXQ4	0	0	0	0	0.059	0.165	0.282	0.157	0.460
EWB00_010647	Act5C	6182.Q5DHL6	6182.Q5DF69	0	0	0	0	0	0.652	0.687	0.105	0.893
EWB00_010647	Grb2	6182.Q5DHL6	6182.Q86F73	0	0	0	0	0.120	0.146	0.669	0.066	0.736
EWB00_010647	tsr	6182.Q5DHL6	6182.Q86ES4	0	0	0	0	0.196	0.309	0.115	0.545	0.746
EWB00_010647	EWB00_002502	6182.Q5DHL6	6182.Q71TT8	0	0	0	0	0	0.767	0.885	0.105	0.973
EWB00_010649	EWB00_009560	6182.A0A4Z2DN32	6182.A0A4Z2CLW6	0	0	0	0	0.093	0.301	0.449	0.153	0.664
EWB00_010649	EWB00_009267	6182.A0A4Z2DN32	6182.A0A4Z2CML4	0	0	0	0	0.047	0.506	0.425	0.189	0.751
EWB00_010649	EWB00_009162	6182.A0A4Z2DN32	6182.A0A4Z2CMV9	0	0	0	0	0	0.294	0.373	0.085	0.559
EWB00_010649	EWB00_007739	6182.A0A4Z2DN32	6182.A0A4Z2CT39	0	0	0	0	0	0.069	0.372	0.139	0.452
EWB00_010649	EWB00_006747	6182.A0A4Z2DN32	6182.A0A4Z2CWY6	0	0	0	0	0	0.117	0.339	0.087	0.420
EWB00_010649	EWB00_006505	6182.A0A4Z2DN32	6182.A0A4Z2CYG9	0	0	0	0	0.095	0.130	0	0.322	0.419
EWB00_010649	EWB00_006209	6182.A0A4Z2DN32	6182.A0A4Z2CZP0	0	0	0	0	0	0	0.517	0.093	0.543
EWB00_010649	EWB00_004965	6182.A0A4Z2DN32	6182.A0A4Z2D4A5	0	0	0	0	0.093	0.301	0.449	0.153	0.664
EWB00_010649	EWB00_003876	6182.A0A4Z2DN32	6182.A0A4Z2D736	0	0	0	0	0	0.310	0.384	0.139	0.602
EWB00_010649	EWB00_003590	6182.A0A4Z2DN32	6182.A0A4Z2D831	0	0	0	0	0.042	0.090	0.355	0.182	0.478
EWB00_010649	EWB00_003565	6182.A0A4Z2DN32	6182.A0A4Z2D923	0	0	0	0	0.185	0.810	0.739	0.527	0.978
EWB00_010649	EWB00_003146	6182.A0A4Z2DN32	6182.A0A4Z2D9E0	0	0	0	0	0.095	0.130	0	0.322	0.419
EWB00_010649	EWB00_003065	6182.A0A4Z2DN32	6182.A0A4Z2D9U3	0	0	0	0	0.044	0.816	0.491	0.054	0.903
EWB00_010649	EWB00_002869	6182.A0A4Z2DN32	6182.A0A4Z2DAG8	0	0	0	0	0	0.233	0.517	0.138	0.652
EWB00_010649	EWB00_002103	6182.A0A4Z2DN32	6182.A0A4Z2DDE8	0	0	0	0	0	0.128	0.339	0.233	0.519
EWB00_010649	EWB00_001618	6182.A0A4Z2DN32	6182.A0A4Z2DF74	0	0	0	0	0	0.249	0.305	0.155	0.520
EWB00_010649	EWB00_001225	6182.A0A4Z2DN32	6182.A0A4Z2DG63	0	0	0	0	0.065	0.506	0.739	0.167	0.886
EWB00_010649	EWB00_003359	6182.A0A4Z2DN32	6182.C1LMR7	0	0	0	0	0	0.113	0	0.373	0.420
EWB00_010649	tsr	6182.A0A4Z2DN32	6182.Q86ES4	0	0	0	0	0	0.113	0	0.373	0.420
EWB00_010649	EWB00_010398	6182.A0A4Z2DN32	6182.A0A4Z2DXN3	0	0	0	0	0	0.124	0.114	0.403	0.496
EWB00_010649	EWB00_007426	6182.A0A4Z2DN32	6182.C1LJL2	0	0	0	0	0	0.249	0.305	0.162	0.524
EWB00_010649	FHL-2	6182.A0A4Z2DN32	6182.C1LEH1	0	0	0	0	0.042	0.090	0.355	0.283	0.542
EWB00_010649	EWB00_011039	6182.A0A4Z2DN32	6182.A0A4Z2DN82	0	0	0	0	0	0	0.517	0.093	0.543
EWB00_010649	EWB00_002919	6182.A0A4Z2DN32	6182.A0A4Z2DWJ9	0	0	0	0	0	0	0.517	0.093	0.543
EWB00_010649	EWB00_003429	6182.A0A4Z2DN32	6182.A0A4Z2DWH7	0	0	0	0	0.057	0.337	0	0.336	0.548
EWB00_010649	EWB00_006002	6182.A0A4Z2DN32	6182.A0A4Z2DTC9	0	0	0	0	0	0.294	0.373	0.085	0.559
EWB00_010649	EWB00_009161	6182.A0A4Z2DN32	6182.C1L3T0	0	0	0	0	0	0.294	0.373	0.085	0.559
EWB00_010649	EWB00_010647	6182.A0A4Z2DN32	6182.Q5DHL6	0	0	0	0	0	0.249	0.305	0.227	0.561
EWB00_010649	EWB00_004876	6182.A0A4Z2DN32	6182.A0A4Z2DUG9	0	0	0	0	0.047	0.506	0.425	0.189	0.751
EWB00_010649	EWB00_004878	6182.A0A4Z2DN32	6182.A0A4Z2DUX1	0	0	0	0	0.047	0.506	0.425	0.189	0.751
EWB00_010649	EWB00_008857	6182.A0A4Z2DN32	6182.A0A4Z2DY79	0	0	0	0	0.047	0.506	0.425	0.189	0.751
EWB00_010649	Act5C	6182.A0A4Z2DN32	6182.Q5DF69	0	0	0	0	0.047	0.506	0.425	0.189	0.751
EWB00_010649	EWB00_002502	6182.A0A4Z2DN32	6182.Q71TT8	0	0	0	0	0.047	0.506	0.425	0.189	0.751
EWB00_010687	EWB00_010024	6182.A0A4Z2DNJ5	6182.A0A4Z2CL49	0	0	0	0	0	0.155	0.281	0.103	0.407
EWB00_010687	EWB00_009457	6182.A0A4Z2DNJ5	6182.A0A4Z2CLX5	0	0	0	0	0	0.155	0.281	0.103	0.407
EWB00_010687	EWB00_009435	6182.A0A4Z2DNJ5	6182.A0A4Z2CM43	0	0	0	0	0	0.143	0.340	0.048	0.414
EWB00_010687	EWB00_009122	6182.A0A4Z2DNJ5	6182.A0A4Z2CN26	0	0	0	0	0	0.204	0.548	0.059	0.631
EWB00_010687	EWB00_009095	6182.A0A4Z2DNJ5	6182.A0A4Z2CND2	0	0	0.176	0.664	0	0.210	0.425	0	0.593
EWB00_010687	EWB00_008993	6182.A0A4Z2DNJ5	6182.A0A4Z2CNG2	0	0	0	0	0	0.212	0.298	0.043	0.424
EWB00_010687	EWB00_008683	6182.A0A4Z2DNJ5	6182.A0A4Z2CNZ1	0	0	0	0	0	0.204	0.474	0.059	0.571
EWB00_010687	EWB00_008528	6182.A0A4Z2DNJ5	6182.A0A4Z2CPM6	0	0	0	0	0	0.799	0.281	0.136	0.864
EWB00_010687	EWB00_008411	6182.A0A4Z2DNJ5	6182.A0A4Z2CQ40	0	0	0	0	0	0.484	0.395	0.046	0.676
EWB00_010687	EWB00_008162	6182.A0A4Z2DNJ5	6182.A0A4Z2CR55	0	0	0	0	0	0.123	0.478	0	0.522
EWB00_010687	EWB00_008189	6182.A0A4Z2DNJ5	6182.A0A4Z2CR88	0	0	0	0	0	0.210	0.425	0	0.526
EWB00_010687	EWB00_008231	6182.A0A4Z2DNJ5	6182.A0A4Z2CRJ2	0	0	0	0	0	0.257	0.394	0.046	0.532
EWB00_010687	EWB00_007959	6182.A0A4Z2DNJ5	6182.A0A4Z2CS38	0	0	0	0	0	0.201	0.372	0	0.476
EWB00_010687	EWB00_007978	6182.A0A4Z2DNJ5	6182.A0A4Z2CSH8	0	0	0	0	0	0.654	0.811	0.068	0.933
EWB00_010687	EWB00_007650	6182.A0A4Z2DNJ5	6182.A0A4Z2CTZ5	0	0	0	0	0	0.138	0.335	0.054	0.410
EWB00_010687	EWB00_007520	6182.A0A4Z2DNJ5	6182.A0A4Z2CUE7	0	0	0.166	0.721	0	0.246	0.658	0	0.766
EWB00_010687	EWB00_007322	6182.A0A4Z2DNJ5	6182.A0A4Z2CUR2	0	0	0	0	0	0.248	0.379	0	0.513
EWB00_010687	EWB00_007161	6182.A0A4Z2DNJ5	6182.A0A4Z2CVK4	0	0	0	0	0	0.135	0.370	0.068	0.447
EWB00_010687	EWB00_006747	6182.A0A4Z2DNJ5	6182.A0A4Z2CWY6	0	0	0	0	0	0.082	0.392	0	0.417
EWB00_010687	EWB00_006505	6182.A0A4Z2DNJ5	6182.A0A4Z2CYG9	0	0	0	0	0	0.120	0.349	0	0.402
EWB00_010687	EWB00_006350	6182.A0A4Z2DNJ5	6182.A0A4Z2CZ14	0	0	0	0	0	0.204	0.394	0.050	0.501
EWB00_010687	EWB00_006175	6182.A0A4Z2DNJ5	6182.A0A4Z2CZK0	0	0	0	0	0	0.229	0.355	0.047	0.484
EWB00_010687	EWB00_006209	6182.A0A4Z2DNJ5	6182.A0A4Z2CZP0	0	0	0	0	0.042	0.123	0.475	0.122	0.560
EWB00_010687	EWB00_005910	6182.A0A4Z2DNJ5	6182.A0A4Z2D044	0	0	0	0	0	0.470	0.618	0.056	0.792
EWB00_010687	EWB00_005849	6182.A0A4Z2DNJ5	6182.A0A4Z2D0D0	0	0	0	0	0	0.212	0.478	0.058	0.578
EWB00_010687	EWB00_005803	6182.A0A4Z2DNJ5	6182.A0A4Z2D0N4	0	0	0	0	0	0.715	0.811	0.568	0.974
EWB00_010687	EWB00_005166	6182.A0A4Z2DNJ5	6182.A0A4Z2D2Y7	0	0	0	0	0	0.244	0.371	0.064	0.516
EWB00_010687	EWB00_004506	6182.A0A4Z2DNJ5	6182.A0A4Z2D514	0	0	0	0	0	0.204	0.394	0.050	0.501
EWB00_010687	EWB00_004650	6182.A0A4Z2DNJ5	6182.A0A4Z2D5A9	0	0	0	0	0	0.229	0.355	0.047	0.484
EWB00_010687	EWB00_004406	6182.A0A4Z2DNJ5	6182.A0A4Z2D5D6	0	0	0	0	0	0.246	0.658	0	0.731
EWB00_010687	EWB00_004243	6182.A0A4Z2DNJ5	6182.A0A4Z2D5G0	0	0	0	0	0	0.260	0.276	0	0.441
EWB00_010687	EWB00_004032	6182.A0A4Z2DNJ5	6182.A0A4Z2D6K4	0	0	0	0	0	0.209	0.374	0	0.483
EWB00_010687	EWB00_003710	6182.A0A4Z2DNJ5	6182.A0A4Z2D7R1	0	0	0	0	0	0.506	0.300	0.090	0.657
EWB00_010687	EWB00_003639	6182.A0A4Z2DNJ5	6182.A0A4Z2D7T8	0	0	0	0	0	0.123	0.394	0.122	0.492
EWB00_010687	EWB00_003565	6182.A0A4Z2DNJ5	6182.A0A4Z2D923	0	0	0	0	0	0.113	0.470	0.086	0.532
EWB00_010687	EWB00_003146	6182.A0A4Z2DNJ5	6182.A0A4Z2D9E0	0	0	0	0	0	0.128	0.349	0	0.408
EWB00_010687	EWB00_003114	6182.A0A4Z2DNJ5	6182.A0A4Z2D9R6	0	0	0	0	0	0.229	0.355	0.047	0.484
EWB00_010687	EWB00_002869	6182.A0A4Z2DNJ5	6182.A0A4Z2DAG8	0	0	0	0	0	0.127	0.395	0.046	0.452
EWB00_010687	EWB00_002858	6182.A0A4Z2DNJ5	6182.A0A4Z2DAI3	0	0	0	0	0	0.266	0.372	0.062	0.529
EWB00_010687	EWB00_002741	6182.A0A4Z2DNJ5	6182.A0A4Z2DB14	0	0	0	0	0	0.250	0.373	0.063	0.520
EWB00_010687	EWB00_002781	6182.A0A4Z2DNJ5	6182.A0A4Z2DBA4	0	0	0	0	0	0.107	0.373	0.043	0.417
EWB00_010687	EWB00_002797	6182.A0A4Z2DNJ5	6182.A0A4Z2DBK5	0	0	0	0	0	0.143	0.349	0	0.418
EWB00_010687	EWB00_002386	6182.A0A4Z2DNJ5	6182.A0A4Z2DCG1	0	0	0	0	0	0.266	0.372	0.062	0.529
EWB00_010687	EWB00_002103	6182.A0A4Z2DNJ5	6182.A0A4Z2DDE8	0	0	0	0	0	0.082	0.395	0	0.420
EWB00_010687	EWB00_001618	6182.A0A4Z2DNJ5	6182.A0A4Z2DF74	0	0	0	0	0	0.165	0.282	0.113	0.421
EWB00_010687	EWB00_001225	6182.A0A4Z2DNJ5	6182.A0A4Z2DG63	0	0	0	0	0	0.104	0.555	0.050	0.588
EWB00_010687	EWB00_001036	6182.A0A4Z2DNJ5	6182.A0A4Z2DH76	0	0	0	0	0	0.101	0.811	0.043	0.823
EWB00_010687	EWB00_000751	6182.A0A4Z2DNJ5	6182.A0A4Z2DI18	0	0	0	0	0	0.201	0.372	0	0.476
EWB00_010687	EWB00_000516	6182.A0A4Z2DNJ5	6182.A0A4Z2DIX5	0	0	0	0	0	0.262	0.381	0.055	0.530
EWB00_010687	EWB00_000422	6182.A0A4Z2DNJ5	6182.A0A4Z2DIX7	0	0	0	0	0	0.107	0.373	0.043	0.417
EWB00_010687	EWB00_010643	6182.A0A4Z2DNJ5	6182.A0A4Z2DN24	0	0	0	0	0	0.797	0.375	0.061	0.870
EWB00_010687	EWB00_011039	6182.A0A4Z2DNJ5	6182.A0A4Z2DN82	0	0	0	0	0.042	0.123	0.475	0.122	0.560
EWB00_010687	EWB00_004872	6182.A0A4Z2DNJ5	6182.A0A4Z2DUW3	0	0	0	0	0	0.134	0.353	0	0.415
EWB00_010687	CKI-alpha	6182.A0A4Z2DNJ5	6182.C1L4B0	0	0	0	0	0	0.107	0.373	0.043	0.417
EWB00_010687	EWB00_007721	6182.A0A4Z2DNJ5	6182.A0A4Z2DSU2	0	0	0	0	0	0.212	0.298	0.043	0.424
EWB00_010687	EWB00_004196	6182.A0A4Z2DNJ5	6182.A0A4Z2DUY0	0	0	0	0	0	0.212	0.298	0.043	0.424
EWB00_010687	EWB00_009358	6182.A0A4Z2DNJ5	6182.A0A4Z2DRM5	0	0	0	0	0	0.141	0.371	0.055	0.444
EWB00_010687	EWB00_011320	6182.A0A4Z2DNJ5	6182.Q5DBY2	0	0	0.257	0	0	0.161	0.196	0	0.455
EWB00_010687	EWB00_008748	6182.A0A4Z2DNJ5	6182.A0A4Z2DTN7	0	0	0	0	0	0.236	0.311	0.066	0.465
EWB00_010687	EWB00_002899	6182.A0A4Z2DNJ5	6182.A0A4Z2DX55	0	0	0	0	0	0.236	0.311	0.066	0.465
EWB00_010687	EWB00_003429	6182.A0A4Z2DNJ5	6182.A0A4Z2DWH7	0	0	0	0	0	0.241	0.335	0.065	0.486
EWB00_010687	EWB00_002919	6182.A0A4Z2DNJ5	6182.A0A4Z2DWJ9	0	0	0	0	0.042	0.123	0.475	0.122	0.560
EWB00_010687	EWB00_004095	6182.A0A4Z2DNJ5	6182.Q6PMM5	0	0	0	0	0	0.204	0.474	0.059	0.571
EWB00_010687	cdk5	6182.A0A4Z2DNJ5	6182.C1L6Q8	0	0	0	0	0	0.263	0.446	0.048	0.577
EWB00_010687	EWB00_003272	6182.A0A4Z2DNJ5	6182.Q5DB60	0	0	0	0	0	0.252	0.497	0.048	0.610
EWB00_010687	fyn-prov	6182.A0A4Z2DNJ5	6182.C1LGZ6	0	0	0	0	0	0.246	0.658	0	0.731
EWB00_010687	Grb2	6182.A0A4Z2DNJ5	6182.Q86F73	0	0	0	0	0	0.813	0.811	0.056	0.963
EWB00_010727	EWB00_009267	6182.A0A4Z2DNH6	6182.A0A4Z2CML4	0	0	0	0	0	0.506	0.380	0.069	0.689
EWB00_010727	EWB00_009162	6182.A0A4Z2DNH6	6182.A0A4Z2CMV9	0	0	0	0	0	0.262	0.353	0.054	0.508
EWB00_010727	EWB00_009095	6182.A0A4Z2DNH6	6182.A0A4Z2CND2	0	0	0	0	0	0.082	0.379	0	0.405
EWB00_010727	EWB00_008411	6182.A0A4Z2DNH6	6182.A0A4Z2CQ40	0	0	0	0	0	0.099	0.466	0	0.498
EWB00_010727	EWB00_008162	6182.A0A4Z2DNH6	6182.A0A4Z2CR55	0	0	0	0	0	0.082	0.388	0	0.414
EWB00_010727	EWB00_008189	6182.A0A4Z2DNH6	6182.A0A4Z2CR88	0	0	0	0	0	0.082	0.379	0	0.405
EWB00_010727	EWB00_008231	6182.A0A4Z2DNH6	6182.A0A4Z2CRJ2	0	0	0	0	0	0.107	0.395	0	0.436
EWB00_010727	EWB00_007739	6182.A0A4Z2DNH6	6182.A0A4Z2CT39	0	0	0	0	0	0.124	0.371	0.066	0.440
EWB00_010727	EWB00_007640	6182.A0A4Z2DNH6	6182.A0A4Z2CTJ3	0	0	0	0	0	0.087	0.394	0.066	0.438
EWB00_010727	EWB00_007520	6182.A0A4Z2DNH6	6182.A0A4Z2CUE7	0	0	0	0	0	0.082	0.413	0	0.438
EWB00_010727	EWB00_007322	6182.A0A4Z2DNH6	6182.A0A4Z2CUR2	0	0	0	0	0	0	0.448	0	0.448
EWB00_010727	EWB00_005849	6182.A0A4Z2DNH6	6182.A0A4Z2D0D0	0	0	0	0	0	0.082	0.394	0.084	0.445
EWB00_010727	EWB00_004406	6182.A0A4Z2DNH6	6182.A0A4Z2D5D6	0	0	0	0	0	0.082	0.413	0	0.438
EWB00_010727	EWB00_003876	6182.A0A4Z2DNH6	6182.A0A4Z2D736	0	0	0	0	0	0.175	0.386	0.137	0.524
EWB00_010727	EWB00_004137	6182.A0A4Z2DNH6	6182.A0A4Z2D773	0	0	0	0	0	0	0.930	0	0.930
EWB00_010727	EWB00_001618	6182.A0A4Z2DNH6	6182.A0A4Z2DF74	0	0	0	0	0	0.230	0.272	0	0.415
EWB00_010727	EWB00_001471	6182.A0A4Z2DNH6	6182.A0A4Z2DFS2	0	0	0	0	0	0.087	0.375	0	0.404
EWB00_010727	EWB00_001225	6182.A0A4Z2DNH6	6182.A0A4Z2DG63	0	0	0	0	0.121	0.309	0	0.388	0.595
EWB00_010727	EWB00_010643	6182.A0A4Z2DNH6	6182.A0A4Z2DN24	0	0	0	0	0	0	0.507	0	0.507
EWB00_010727	PR2	6182.A0A4Z2DNH6	6182.C7TXQ4	0	0	0	0	0	0.087	0.375	0	0.404
EWB00_010727	EWB00_007426	6182.A0A4Z2DNH6	6182.C1LJL2	0	0	0	0	0	0.230	0.272	0	0.415
EWB00_010727	EWB00_010647	6182.A0A4Z2DNH6	6182.Q5DHL6	0	0	0	0	0	0.230	0.272	0	0.415
EWB00_010727	fyn-prov	6182.A0A4Z2DNH6	6182.C1LGZ6	0	0	0	0	0	0.082	0.413	0	0.438
EWB00_010727	EWB00_005467	6182.A0A4Z2DNH6	6182.A0A4Z2DU85	0	0	0	0	0	0.082	0.259	0.279	0.466
EWB00_010727	EWB00_009161	6182.A0A4Z2DNH6	6182.C1L3T0	0	0	0	0	0	0.262	0.353	0.054	0.508
EWB00_010727	Grb2	6182.A0A4Z2DNH6	6182.Q86F73	0	0	0	0	0	0	0.560	0.063	0.570
EWB00_010727	EWB00_006002	6182.A0A4Z2DNH6	6182.A0A4Z2DTC9	0	0	0	0	0	0.262	0.511	0.054	0.628
EWB00_010727	Act5C	6182.A0A4Z2DNH6	6182.Q5DF69	0	0	0	0	0	0.506	0.380	0.069	0.689
EWB00_010727	EWB00_008857	6182.A0A4Z2DNH6	6182.A0A4Z2DY79	0	0	0	0	0	0.506	0.395	0.064	0.695
EWB00_010727	EWB00_004876	6182.A0A4Z2DNH6	6182.A0A4Z2DUG9	0	0	0	0	0	0.631	0.380	0.087	0.772
EWB00_010727	EWB00_004878	6182.A0A4Z2DNH6	6182.A0A4Z2DUX1	0	0	0	0	0	0.631	0.380	0.087	0.772
EWB00_010727	EWB00_002502	6182.A0A4Z2DNH6	6182.Q71TT8	0	0	0	0	0	0.631	0.380	0.087	0.772
EWB00_011039	EWB00_010024	6182.A0A4Z2DN82	6182.A0A4Z2CL49	0	0	0	0	0	0.158	0.478	0.091	0.565
EWB00_011039	EWB00_009457	6182.A0A4Z2DN82	6182.A0A4Z2CLX5	0	0	0	0	0	0.158	0.478	0.091	0.565
EWB00_011039	EWB00_009267	6182.A0A4Z2DN82	6182.A0A4Z2CML4	0	0	0	0	0	0.065	0.474	0.093	0.514
EWB00_011039	EWB00_009162	6182.A0A4Z2DN82	6182.A0A4Z2CMV9	0	0	0	0	0	0.065	0.246	0.339	0.493
EWB00_011039	EWB00_009122	6182.A0A4Z2DN82	6182.A0A4Z2CN26	0	0	0	0	0	0.102	0.394	0	0.432
EWB00_011039	EWB00_009095	6182.A0A4Z2DN82	6182.A0A4Z2CND2	0	0	0	0	0	0.141	0.385	0.063	0.461
EWB00_011039	EWB00_008993	6182.A0A4Z2DN82	6182.A0A4Z2CNG2	0	0	0	0	0	0.105	0.387	0	0.427
EWB00_011039	EWB00_008683	6182.A0A4Z2DN82	6182.A0A4Z2CNZ1	0	0	0	0	0	0.112	0.395	0	0.439
EWB00_011039	EWB00_008528	6182.A0A4Z2DN82	6182.A0A4Z2CPM6	0	0	0	0	0	0.179	0.384	0.050	0.477
EWB00_011039	EWB00_008239	6182.A0A4Z2DN82	6182.A0A4Z2CQY2	0	0	0	0	0	0.101	0.390	0.104	0.465
EWB00_011039	EWB00_008189	6182.A0A4Z2DN82	6182.A0A4Z2CR88	0	0	0	0	0	0.141	0.385	0.063	0.461
EWB00_011039	EWB00_007978	6182.A0A4Z2DN82	6182.A0A4Z2CSH8	0	0	0	0	0	0.118	0.448	0.238	0.596
EWB00_011039	EWB00_007965	6182.A0A4Z2DN82	6182.A0A4Z2CSU9	0	0	0	0	0.048	0.123	0.320	0.075	0.404
EWB00_011039	EWB00_007640	6182.A0A4Z2DN82	6182.A0A4Z2CTJ3	0	0	0	0	0	0.123	0.387	0.066	0.454
EWB00_011039	EWB00_007520	6182.A0A4Z2DN82	6182.A0A4Z2CUE7	0	0	0	0	0	0.212	0.563	0.095	0.661
EWB00_011039	EWB00_007322	6182.A0A4Z2DN82	6182.A0A4Z2CUR2	0	0	0	0	0	0.311	0.771	0.187	0.860
EWB00_011039	EWB00_007395	6182.A0A4Z2DN82	6182.A0A4Z2CUS5	0	0	0	0	0	0.101	0.390	0.104	0.465
EWB00_011039	EWB00_006747	6182.A0A4Z2DN82	6182.A0A4Z2CWY6	0	0	0	0	0.044	0.109	0.478	0.138	0.565
EWB00_011039	EWB00_006505	6182.A0A4Z2DN82	6182.A0A4Z2CYG9	0	0	0	0	0	0.300	0.517	0.209	0.709
EWB00_011039	EWB00_006350	6182.A0A4Z2DN82	6182.A0A4Z2CZ14	0	0	0	0	0	0.093	0.386	0	0.419
EWB00_011039	EWB00_006234	6182.A0A4Z2DN82	6182.A0A4Z2CZ44	0	0	0	0	0.059	0.584	0.658	0.068	0.858
EWB00_011039	EWB00_006200	6182.A0A4Z2DN82	6182.A0A4Z2CZM0	0	0	0	0	0	0.101	0.390	0.104	0.465
EWB00_011039	EWB00_006209	6182.A0A4Z2DN82	6182.A0A4Z2CZP0	0	0	0	0.548	0	0	0.540	0	0.540
EWB00_011039	EWB00_006126	6182.A0A4Z2DN82	6182.A0A4Z2CZR2	0	0	0	0	0	0.170	0.799	0.343	0.880
EWB00_011039	EWB00_006201	6182.A0A4Z2DN82	6182.A0A4Z2CZR4	0	0	0	0	0	0.101	0.390	0.104	0.465
EWB00_011039	EWB00_005910	6182.A0A4Z2DN82	6182.A0A4Z2D044	0	0	0	0	0	0.106	0.390	0.063	0.444
EWB00_011039	EWB00_005849	6182.A0A4Z2DN82	6182.A0A4Z2D0D0	0	0	0	0	0	0.166	0.463	0.066	0.545
EWB00_011039	EWB00_006199	6182.A0A4Z2DN82	6182.A0A4Z2D0J4	0	0	0	0	0	0.101	0.390	0.104	0.465
EWB00_011039	EWB00_005803	6182.A0A4Z2DN82	6182.A0A4Z2D0N4	0	0	0	0	0	0	0.771	0.217	0.813
EWB00_011039	EWB00_005528	6182.A0A4Z2DN82	6182.A0A4Z2D2F1	0	0	0	0	0	0.093	0.379	0.069	0.429
EWB00_011039	EWB00_004506	6182.A0A4Z2DN82	6182.A0A4Z2D514	0	0	0	0	0	0.093	0.386	0	0.419
EWB00_011039	EWB00_004406	6182.A0A4Z2DN82	6182.A0A4Z2D5D6	0	0	0	0	0	0.212	0.563	0.095	0.661
EWB00_011039	EWB00_003639	6182.A0A4Z2DN82	6182.A0A4Z2D7T8	0	0	0	0	0	0	0.944	0	0.944
EWB00_011039	EWB00_003565	6182.A0A4Z2DN82	6182.A0A4Z2D923	0	0	0	0	0.085	0.123	0.512	0.292	0.685
EWB00_011039	EWB00_003146	6182.A0A4Z2DN82	6182.A0A4Z2D9E0	0	0	0	0	0	0.355	0.771	0.428	0.908
EWB00_011039	EWB00_003063	6182.A0A4Z2DN82	6182.A0A4Z2D9R8	0	0	0	0	0	0.123	0.377	0.065	0.444
EWB00_011039	EWB00_002869	6182.A0A4Z2DN82	6182.A0A4Z2DAG8	0	0	0	0	0.059	0.650	0.790	0.323	0.946
EWB00_011039	EWB00_002858	6182.A0A4Z2DN82	6182.A0A4Z2DAI3	0	0	0	0	0	0.098	0.390	0	0.426
EWB00_011039	EWB00_002741	6182.A0A4Z2DN82	6182.A0A4Z2DB14	0	0	0	0	0	0.194	0.819	0.070	0.852
EWB00_011039	EWB00_002775	6182.A0A4Z2DN82	6182.A0A4Z2DBA8	0	0	0	0	0.059	0.584	0.658	0.068	0.858
EWB00_011039	EWB00_002386	6182.A0A4Z2DN82	6182.A0A4Z2DCG1	0	0	0	0	0	0.111	0.419	0.062	0.473
EWB00_011039	EWB00_002182	6182.A0A4Z2DN82	6182.A0A4Z2DD10	0	0	0	0	0	0.158	0.375	0.235	0.562
EWB00_011039	EWB00_002103	6182.A0A4Z2DN82	6182.A0A4Z2DDE8	0	0	0	0	0.046	0.130	0.478	0.260	0.636
EWB00_011039	EWB00_001594	6182.A0A4Z2DN82	6182.A0A4Z2DF50	0	0	0	0	0	0.188	0.320	0	0.424
EWB00_011039	EWB00_001471	6182.A0A4Z2DN82	6182.A0A4Z2DFS2	0	0	0	0	0	0.123	0.387	0.066	0.454
EWB00_011039	EWB00_001328	6182.A0A4Z2DN82	6182.A0A4Z2DG14	0	0	0	0	0	0.647	0.884	0.426	0.974
EWB00_011039	EWB00_001225	6182.A0A4Z2DN82	6182.A0A4Z2DG63	0	0	0	0	0.048	0.094	0.395	0.340	0.609
EWB00_011039	EWB00_001311	6182.A0A4Z2DN82	6182.A0A4Z2DG67	0	0	0	0	0	0.101	0.390	0.104	0.465
EWB00_011039	EWB00_001102	6182.A0A4Z2DN82	6182.A0A4Z2DGT3	0	0	0	0	0	0.101	0.390	0.104	0.465
EWB00_011039	EWB00_001036	6182.A0A4Z2DN82	6182.A0A4Z2DH76	0	0	0	0	0	0	0.618	0	0.618
EWB00_011039	EWB00_000516	6182.A0A4Z2DN82	6182.A0A4Z2DIX5	0	0	0	0	0	0	0.513	0	0.513
EWB00_011039	EWB00_000274	6182.A0A4Z2DN82	6182.A0A4Z2DJH5	0	0	0	0	0	0.101	0.390	0.104	0.465
EWB00_011039	EWB00_011263	6182.A0A4Z2DN82	6182.A0A4Z2DKT9	0	0	0	0	0	0.123	0.464	0.064	0.521
EWB00_011039	EWB00_010649	6182.A0A4Z2DN82	6182.A0A4Z2DN32	0	0	0	0	0	0	0.517	0.093	0.543
EWB00_011039	EWB00_008857	6182.A0A4Z2DN82	6182.A0A4Z2DY79	0	0	0	0	0	0.065	0.370	0.069	0.403
EWB00_011039	EWB00_002899	6182.A0A4Z2DN82	6182.A0A4Z2DX55	0	0	0	0	0	0.090	0.379	0.060	0.422
EWB00_011039	EWB00_007721	6182.A0A4Z2DN82	6182.A0A4Z2DSU2	0	0	0	0	0	0.112	0.387	0	0.432
EWB00_011039	EWB00_004196	6182.A0A4Z2DN82	6182.A0A4Z2DUY0	0	0	0	0	0	0.112	0.387	0	0.432
EWB00_011039	EWB00_004095	6182.A0A4Z2DN82	6182.Q6PMM5	0	0	0	0	0	0.112	0.395	0	0.439
EWB00_011039	EWB00_008748	6182.A0A4Z2DN82	6182.A0A4Z2DTN7	0	0	0	0	0	0.105	0.379	0.098	0.454
EWB00_011039	PR2	6182.A0A4Z2DN82	6182.C7TXQ4	0	0	0	0	0	0.123	0.387	0.066	0.454
EWB00_011039	EWB00_010449	6182.A0A4Z2DN82	6182.A0A4Z2DXL3	0	0	0	0	0	0.101	0.390	0.104	0.465
EWB00_011039	EWB00_010448	6182.A0A4Z2DN82	6182.A0A4Z2DXQ5	0	0	0	0	0	0.101	0.390	0.104	0.465
EWB00_011039	EWB00_010450	6182.A0A4Z2DN82	6182.A0A4Z2DXW2	0	0	0	0	0	0.101	0.390	0.104	0.465
EWB00_011039	Act5C	6182.A0A4Z2DN82	6182.Q5DF69	0	0	0	0	0	0.065	0.474	0.093	0.514
EWB00_011039	EWB00_008934	6182.A0A4Z2DN82	6182.A0A4Z2DSI5	0	0	0	0	0	0.123	0.477	0.064	0.533
EWB00_011039	Grb2	6182.A0A4Z2DN82	6182.Q86F73	0	0	0	0	0	0.123	0.464	0.139	0.559
EWB00_011039	EWB00_010687	6182.A0A4Z2DN82	6182.A0A4Z2DNJ5	0	0	0	0	0.042	0.123	0.475	0.122	0.560
EWB00_011039	EWB00_002502	6182.A0A4Z2DN82	6182.Q71TT8	0	0	0	0	0	0.065	0.563	0.093	0.597
EWB00_011039	fyn-prov	6182.A0A4Z2DN82	6182.C1LGZ6	0	0	0	0	0	0.212	0.563	0.095	0.661
EWB00_011039	EWB00_004876	6182.A0A4Z2DN82	6182.A0A4Z2DUG9	0	0	0	0	0	0.065	0.563	0.281	0.680
EWB00_011039	EWB00_004878	6182.A0A4Z2DN82	6182.A0A4Z2DUX1	0	0	0	0	0	0.065	0.563	0.281	0.680
EWB00_011039	EWB00_006050	6182.A0A4Z2DN82	6182.A0A4Z2DTJ0	0	0	0	0	0	0	0.771	0.147	0.796
EWB00_011039	EWB00_003429	6182.A0A4Z2DN82	6182.A0A4Z2DWH7	0	0	0	0	0	0.310	0.771	0.190	0.860
EWB00_011039	EWB00_010398	6182.A0A4Z2DN82	6182.A0A4Z2DXN3	0	0	0	0	0	0.126	0.771	0.458	0.882
EWB00_011039	EWB00_002919	6182.A0A4Z2DN82	6182.A0A4Z2DWJ9	0	0	0	0.550	0	0	0.944	0	0.944
EWB00_011156	EWB00_009560	6182.A0A4Z2DLU7	6182.A0A4Z2CLW6	0	0	0	0	0	0.159	0.378	0.062	0.466
EWB00_011156	EWB00_009267	6182.A0A4Z2DLU7	6182.A0A4Z2CML4	0	0	0	0	0	0.172	0.382	0.095	0.496
EWB00_011156	EWB00_009162	6182.A0A4Z2DLU7	6182.A0A4Z2CMV9	0	0	0	0	0	0.172	0.372	0.095	0.488
EWB00_011156	EWB00_009287	6182.A0A4Z2DLU7	6182.A0A4Z2CN04	0	0	0	0	0.089	0.105	0.388	0.055	0.465
EWB00_011156	EWB00_008993	6182.A0A4Z2DLU7	6182.A0A4Z2CNG2	0	0	0	0	0	0.119	0.382	0	0.432
EWB00_011156	EWB00_008372	6182.A0A4Z2DLU7	6182.A0A4Z2CQJ6	0	0	0	0	0.331	0.811	0.494	0.234	0.944
EWB00_011156	EWB00_006126	6182.A0A4Z2DLU7	6182.A0A4Z2CZR2	0	0	0	0	0	0.293	0.308	0.069	0.504
EWB00_011156	EWB00_005116	6182.A0A4Z2DLU7	6182.A0A4Z2D2T5	0	0	0	0	0.256	0.656	0.470	0.234	0.882
EWB00_011156	EWB00_004965	6182.A0A4Z2DLU7	6182.A0A4Z2D4A5	0	0	0	0	0	0.183	0.378	0.062	0.481
EWB00_011156	EWB00_001618	6182.A0A4Z2DLU7	6182.A0A4Z2DF74	0	0	0	0	0.164	0.172	0.292	0.184	0.546
EWB00_011156	EWB00_001328	6182.A0A4Z2DLU7	6182.A0A4Z2DG14	0	0	0	0	0	0.293	0.308	0.140	0.542
EWB00_011156	EWB00_010647	6182.A0A4Z2DLU7	6182.Q5DHL6	0	0	0	0	0	0.172	0.292	0.065	0.404
EWB00_011156	EWB00_007426	6182.A0A4Z2DLU7	6182.C1LJL2	0	0	0	0	0.043	0.172	0.292	0.065	0.405
EWB00_011156	EWB00_007721	6182.A0A4Z2DLU7	6182.A0A4Z2DSU2	0	0	0	0	0	0.119	0.382	0	0.432
EWB00_011156	EWB00_004196	6182.A0A4Z2DLU7	6182.A0A4Z2DUY0	0	0	0	0	0	0.119	0.382	0	0.432
EWB00_011156	EWB00_006002	6182.A0A4Z2DLU7	6182.A0A4Z2DTC9	0	0	0	0	0	0.172	0.372	0.095	0.488
EWB00_011156	EWB00_009161	6182.A0A4Z2DLU7	6182.C1L3T0	0	0	0	0	0	0.172	0.372	0.095	0.488
EWB00_011156	EWB00_004876	6182.A0A4Z2DLU7	6182.A0A4Z2DUG9	0	0	0	0	0	0.172	0.382	0.095	0.496
EWB00_011156	EWB00_004878	6182.A0A4Z2DLU7	6182.A0A4Z2DUX1	0	0	0	0	0	0.172	0.382	0.095	0.496
EWB00_011156	EWB00_008857	6182.A0A4Z2DLU7	6182.A0A4Z2DY79	0	0	0	0	0	0.172	0.382	0.095	0.496
EWB00_011156	Act5C	6182.A0A4Z2DLU7	6182.Q5DF69	0	0	0	0	0	0.172	0.382	0.095	0.496
EWB00_011156	EWB00_002502	6182.A0A4Z2DLU7	6182.Q71TT8	0	0	0	0	0	0.172	0.382	0.095	0.496
EWB00_011156	EWB00_003272	6182.A0A4Z2DLU7	6182.Q5DB60	0	0	0.181	0.692	0.309	0.374	0.391	0.138	0.780
EWB00_011263	EWB00_010024	6182.A0A4Z2DKT9	6182.A0A4Z2CL49	0	0	0	0	0	0.125	0.281	0.139	0.411
EWB00_011263	EWB00_009457	6182.A0A4Z2DKT9	6182.A0A4Z2CLX5	0	0	0	0	0	0.125	0.281	0.139	0.411
EWB00_011263	EWB00_009456	6182.A0A4Z2DKT9	6182.A0A4Z2CM06	0	0	0	0	0.089	0.129	0.340	0.063	0.443
EWB00_011263	EWB00_009435	6182.A0A4Z2DKT9	6182.A0A4Z2CM43	0	0	0	0	0	0.143	0.340	0	0.410
EWB00_011263	EWB00_009267	6182.A0A4Z2DKT9	6182.A0A4Z2CML4	0	0	0	0	0	0.212	0.282	0.104	0.448
EWB00_011263	EWB00_009122	6182.A0A4Z2DKT9	6182.A0A4Z2CN26	0	0	0	0	0	0.639	0.876	0.139	0.958
EWB00_011263	EWB00_009095	6182.A0A4Z2DKT9	6182.A0A4Z2CND2	0	0	0.154	0.573	0	0.252	0.394	0.063	0.592
EWB00_011263	EWB00_008993	6182.A0A4Z2DKT9	6182.A0A4Z2CNG2	0	0	0	0	0	0.212	0.298	0.043	0.424
EWB00_011263	EWB00_008683	6182.A0A4Z2DKT9	6182.A0A4Z2CNZ1	0	0	0	0	0	0.367	0.811	0.104	0.883
EWB00_011263	EWB00_008528	6182.A0A4Z2DKT9	6182.A0A4Z2CPM6	0	0	0	0	0	0.506	0.281	0.235	0.704
EWB00_011263	EWB00_008411	6182.A0A4Z2DKT9	6182.A0A4Z2CQ40	0	0	0	0	0.042	0.304	0.363	0.053	0.543
EWB00_011263	EWB00_008189	6182.A0A4Z2DKT9	6182.A0A4Z2CR88	0	0	0	0	0	0.252	0.394	0.063	0.538
EWB00_011263	EWB00_008231	6182.A0A4Z2DKT9	6182.A0A4Z2CRJ2	0	0	0	0	0.058	0.383	0.363	0.066	0.607
EWB00_011263	EWB00_007959	6182.A0A4Z2DKT9	6182.A0A4Z2CS38	0	0	0	0	0	0.201	0.372	0.046	0.479
EWB00_011263	EWB00_007978	6182.A0A4Z2DKT9	6182.A0A4Z2CSH8	0	0	0	0	0	0.214	0.372	0.740	0.860
EWB00_011263	EWB00_007965	6182.A0A4Z2DKT9	6182.A0A4Z2CSU9	0	0	0	0	0	0.264	0.363	0.401	0.694
EWB00_011263	EWB00_007650	6182.A0A4Z2DKT9	6182.A0A4Z2CTZ5	0	0	0	0	0.167	0.179	0.821	0.054	0.868
EWB00_011263	EWB00_007520	6182.A0A4Z2DKT9	6182.A0A4Z2CUE7	0	0	0.158	0.579	0	0.310	0.506	0.069	0.697
EWB00_011263	EWB00_007322	6182.A0A4Z2DKT9	6182.A0A4Z2CUR2	0	0	0	0	0	0.248	0.379	0.172	0.579
EWB00_011263	EWB00_007161	6182.A0A4Z2DKT9	6182.A0A4Z2CVK4	0	0	0	0	0.042	0.657	0.370	0.083	0.784
EWB00_011263	EWB00_006505	6182.A0A4Z2DKT9	6182.A0A4Z2CYG9	0	0	0	0	0	0.090	0.349	0.109	0.426
EWB00_011263	EWB00_006350	6182.A0A4Z2DKT9	6182.A0A4Z2CZ14	0	0	0	0	0	0.300	0.517	0.065	0.656
EWB00_011263	EWB00_006175	6182.A0A4Z2DKT9	6182.A0A4Z2CZK0	0	0	0	0	0	0.396	0.496	0.066	0.690
EWB00_011263	EWB00_006209	6182.A0A4Z2DKT9	6182.A0A4Z2CZP0	0	0	0	0	0	0.123	0.464	0.064	0.521
EWB00_011263	EWB00_005910	6182.A0A4Z2DKT9	6182.A0A4Z2D044	0	0	0	0	0	0.244	0.370	0.139	0.554
EWB00_011263	EWB00_005849	6182.A0A4Z2DKT9	6182.A0A4Z2D0D0	0	0	0	0	0	0.374	0.439	0.138	0.670
EWB00_011263	EWB00_005803	6182.A0A4Z2DKT9	6182.A0A4Z2D0N4	0	0	0	0	0	0.155	0.373	0.333	0.615
EWB00_011263	EWB00_005166	6182.A0A4Z2DKT9	6182.A0A4Z2D2Y7	0	0	0	0	0.113	0.798	0.876	0.238	0.980
EWB00_011263	EWB00_004506	6182.A0A4Z2DKT9	6182.A0A4Z2D514	0	0	0	0	0	0.300	0.517	0.065	0.656
EWB00_011263	EWB00_004650	6182.A0A4Z2DKT9	6182.A0A4Z2D5A9	0	0	0	0	0.049	0.650	0.739	0.187	0.919
EWB00_011263	EWB00_004406	6182.A0A4Z2DKT9	6182.A0A4Z2D5D6	0	0	0	0	0	0.310	0.506	0.069	0.654
EWB00_011263	EWB00_004405	6182.A0A4Z2DKT9	6182.A0A4Z2D5F1	0	0	0	0	0	0.161	0.324	0	0.408
EWB00_011263	EWB00_004368	6182.A0A4Z2DKT9	6182.A0A4Z2D605	0	0	0	0	0.045	0.881	0.876	0.409	0.990
EWB00_011263	EWB00_004032	6182.A0A4Z2DKT9	6182.A0A4Z2D6K4	0	0	0	0	0	0.209	0.502	0	0.589
EWB00_011263	EWB00_003710	6182.A0A4Z2DKT9	6182.A0A4Z2D7R1	0	0	0	0	0	0.633	0.300	0.314	0.808
EWB00_011263	EWB00_003639	6182.A0A4Z2DKT9	6182.A0A4Z2D7T8	0	0	0	0	0	0.123	0.394	0.051	0.451
EWB00_011263	EWB00_003565	6182.A0A4Z2DKT9	6182.A0A4Z2D923	0	0	0	0	0	0.104	0.356	0.504	0.688
EWB00_011263	EWB00_003146	6182.A0A4Z2DKT9	6182.A0A4Z2D9E0	0	0	0	0	0	0.090	0.349	0.199	0.484
EWB00_011263	EWB00_003114	6182.A0A4Z2DKT9	6182.A0A4Z2D9R6	0	0	0	0	0	0.396	0.496	0.066	0.690
EWB00_011263	EWB00_002869	6182.A0A4Z2DKT9	6182.A0A4Z2DAG8	0	0	0	0	0	0.167	0.472	0.140	0.588
EWB00_011263	EWB00_002858	6182.A0A4Z2DKT9	6182.A0A4Z2DAI3	0	0	0	0	0	0.266	0.372	0.066	0.531
EWB00_011263	EWB00_002741	6182.A0A4Z2DKT9	6182.A0A4Z2DB14	0	0	0	0	0	0.250	0.690	0.050	0.759
EWB00_011263	EWB00_002781	6182.A0A4Z2DKT9	6182.A0A4Z2DBA4	0	0	0	0	0.044	0.107	0.373	0.068	0.434
EWB00_011263	EWB00_002797	6182.A0A4Z2DKT9	6182.A0A4Z2DBK5	0	0	0	0	0	0.178	0.349	0	0.442
EWB00_011263	EWB00_002531	6182.A0A4Z2DKT9	6182.A0A4Z2DBU6	0	0	0	0	0	0.245	0.674	0.065	0.749
EWB00_011263	EWB00_002386	6182.A0A4Z2DKT9	6182.A0A4Z2DCG1	0	0	0	0	0	0.266	0.372	0.105	0.551
EWB00_011263	EWB00_002413	6182.A0A4Z2DKT9	6182.A0A4Z2DCK0	0	0	0	0	0	0.506	0.126	0.188	0.618
EWB00_011263	EWB00_002194	6182.A0A4Z2DKT9	6182.A0A4Z2DDD6	0	0	0	0	0	0.506	0.072	0.065	0.533
EWB00_011263	EWB00_001343	6182.A0A4Z2DKT9	6182.A0A4Z2DFX9	0	0	0	0	0	0.506	0.876	0.066	0.937
EWB00_011263	EWB00_001225	6182.A0A4Z2DKT9	6182.A0A4Z2DG63	0	0	0	0	0	0.104	0.356	0.142	0.461
EWB00_011263	EWB00_001228	6182.A0A4Z2DKT9	6182.A0A4Z2DGB2	0	0	0	0	0.077	0.053	0	0.437	0.464
EWB00_011263	EWB00_000751	6182.A0A4Z2DKT9	6182.A0A4Z2DI18	0	0	0	0	0	0.201	0.372	0	0.476
EWB00_011263	EWB00_000516	6182.A0A4Z2DKT9	6182.A0A4Z2DIX5	0	0	0	0	0.047	0.922	0.931	0.591	0.997
EWB00_011263	EWB00_000422	6182.A0A4Z2DKT9	6182.A0A4Z2DIX7	0	0	0	0	0	0.107	0.373	0.061	0.428
EWB00_011263	EWB00_000085	6182.A0A4Z2DKT9	6182.A0A4Z2DKG0	0	0	0	0	0	0.161	0.324	0	0.408
EWB00_011263	EWB00_008857	6182.A0A4Z2DKT9	6182.A0A4Z2DY79	0	0	0	0	0	0.176	0.282	0.069	0.401
EWB00_011263	EWB00_004872	6182.A0A4Z2DKT9	6182.A0A4Z2DUW3	0	0	0	0	0	0.134	0.302	0.093	0.403
EWB00_011263	EWB00_011320	6182.A0A4Z2DKT9	6182.Q5DBY2	0	0	0	0	0	0.161	0.324	0	0.408
EWB00_011263	EWB00_008724	6182.A0A4Z2DKT9	6182.A0A4Z2DSJ8	0	0	0	0	0.042	0.161	0.324	0.042	0.409
EWB00_011263	EWB00_007721	6182.A0A4Z2DKT9	6182.A0A4Z2DSU2	0	0	0	0	0	0.212	0.298	0.043	0.424
EWB00_011263	EWB00_004196	6182.A0A4Z2DKT9	6182.A0A4Z2DUY0	0	0	0	0	0	0.212	0.298	0.043	0.424
EWB00_011263	CKI-alpha	6182.A0A4Z2DKT9	6182.C1L4B0	0	0	0	0	0	0.107	0.373	0.054	0.424
EWB00_011263	Act5C	6182.A0A4Z2DKT9	6182.Q5DF69	0	0	0	0	0	0.212	0.282	0.104	0.448
EWB00_011263	cdk5	6182.A0A4Z2DKT9	6182.C1L6Q8	0	0	0	0	0	0.124	0.374	0.087	0.455
EWB00_011263	EWB00_005112	6182.A0A4Z2DKT9	6182.C1LH53	0	0	0	0	0.098	0.145	0.340	0.071	0.463
EWB00_011263	EWB00_003272	6182.A0A4Z2DKT9	6182.Q5DB60	0	0	0	0	0	0.190	0.329	0.105	0.471
EWB00_011263	EWB00_004876	6182.A0A4Z2DKT9	6182.A0A4Z2DUG9	0	0	0	0	0	0.239	0.282	0.135	0.486
EWB00_011263	EWB00_004878	6182.A0A4Z2DKT9	6182.A0A4Z2DUX1	0	0	0	0	0	0.239	0.282	0.135	0.486
EWB00_011263	EWB00_002502	6182.A0A4Z2DKT9	6182.Q71TT8	0	0	0	0	0	0.239	0.282	0.135	0.486
EWB00_011263	EWB00_009358	6182.A0A4Z2DKT9	6182.A0A4Z2DRM5	0	0	0	0	0	0.238	0.371	0.062	0.511
EWB00_011263	EWB00_008748	6182.A0A4Z2DKT9	6182.A0A4Z2DTN7	0	0	0	0	0	0.232	0.282	0.196	0.517
EWB00_011263	EWB00_002899	6182.A0A4Z2DKT9	6182.A0A4Z2DX55	0	0	0.216	0	0	0.146	0.282	0.114	0.517
EWB00_011263	EWB00_011039	6182.A0A4Z2DKT9	6182.A0A4Z2DN82	0	0	0	0	0	0.123	0.464	0.064	0.521
EWB00_011263	EWB00_002919	6182.A0A4Z2DKT9	6182.A0A4Z2DWJ9	0	0	0	0	0	0.123	0.464	0.064	0.521
EWB00_011263	EWB00_010643	6182.A0A4Z2DKT9	6182.A0A4Z2DN24	0	0	0	0	0	0.262	0.375	0.138	0.567
EWB00_011263	EWB00_007274	6182.A0A4Z2DKT9	6182.C1LH03	0	0	0	0	0	0.138	0	0.590	0.631
EWB00_011263	EWB00_003429	6182.A0A4Z2DKT9	6182.A0A4Z2DWH7	0	0	0	0	0	0.127	0.335	0.459	0.658
EWB00_011263	fyn-prov	6182.A0A4Z2DKT9	6182.C1LGZ6	0	0	0.156	0.573	0	0.310	0.506	0.069	0.696
EWB00_011263	Grb2	6182.A0A4Z2DKT9	6182.Q86F73	0	0	0	0	0	0.244	0.370	0.475	0.728
EWB00_011263	EWB00_004095	6182.A0A4Z2DKT9	6182.Q6PMM5	0	0	0	0	0	0.367	0.811	0.104	0.883
EWB00_011263	EWB00_005467	6182.A0A4Z2DKT9	6182.A0A4Z2DU85	0	0	0	0	0	0.584	0.876	0.097	0.949
EWB00_011263	EWB00_008934	6182.A0A4Z2DKT9	6182.A0A4Z2DSI5	0	0	0	0	0	0.672	0.876	0.116	0.960
EWB00_011263	EWB00_010398	6182.A0A4Z2DKT9	6182.A0A4Z2DXN3	0	0	0	0	0	0.829	0.876	0.594	0.990
EWB00_011320	EWB00_009122	6182.Q5DBY2	6182.A0A4Z2CN26	0	0	0.199	0.593	0	0.281	0.378	0.063	0.619
EWB00_011320	EWB00_009095	6182.Q5DBY2	6182.A0A4Z2CND2	0	0	0.229	0.585	0	0.161	0.240	0.043	0.466
EWB00_011320	EWB00_008993	6182.Q5DBY2	6182.A0A4Z2CNG2	0	0	0.195	0.657	0.143	0.233	0.345	0.055	0.612
EWB00_011320	EWB00_008683	6182.Q5DBY2	6182.A0A4Z2CNZ1	0	0	0.164	0.602	0	0.281	0.378	0.063	0.602
EWB00_011320	EWB00_008411	6182.Q5DBY2	6182.A0A4Z2CQ40	0	0	0.204	0.649	0	0.088	0.327	0.056	0.477
EWB00_011320	EWB00_008162	6182.Q5DBY2	6182.A0A4Z2CR55	0	0	0.220	0.592	0	0.161	0.196	0	0.427
EWB00_011320	EWB00_008231	6182.Q5DBY2	6182.A0A4Z2CRJ2	0	0	0.195	0.669	0	0.088	0.327	0.056	0.471
EWB00_011320	EWB00_007965	6182.Q5DBY2	6182.A0A4Z2CSU9	0	0	0.187	0.577	0	0.161	0.196	0	0.403
EWB00_011320	EWB00_007640	6182.Q5DBY2	6182.A0A4Z2CTJ3	0	0	0.220	0.603	0	0.161	0.196	0.065	0.442
EWB00_011320	EWB00_007322	6182.Q5DBY2	6182.A0A4Z2CUR2	0	0	0.204	0.592	0	0.102	0.290	0	0.448
EWB00_011320	EWB00_007161	6182.Q5DBY2	6182.A0A4Z2CVK4	0	0	0.186	0.677	0	0.166	0.389	0	0.548
EWB00_011320	EWB00_006350	6182.Q5DBY2	6182.A0A4Z2CZ14	0	0	0	0	0	0.281	0.378	0.063	0.544
EWB00_011320	EWB00_006175	6182.Q5DBY2	6182.A0A4Z2CZK0	0	0	0.199	0.602	0	0.260	0.188	0.065	0.489
EWB00_011320	EWB00_005116	6182.Q5DBY2	6182.A0A4Z2D2T5	0	0	0.188	0.657	0	0.103	0.270	0.065	0.436
EWB00_011320	EWB00_004506	6182.Q5DBY2	6182.A0A4Z2D514	0	0	0	0	0	0.281	0.378	0.063	0.544
EWB00_011320	EWB00_004406	6182.Q5DBY2	6182.A0A4Z2D5D6	0	0	0	0	0	0.161	0.240	0.235	0.469
EWB00_011320	EWB00_003710	6182.Q5DBY2	6182.A0A4Z2D7R1	0	0	0	0	0	0.244	0	0.240	0.400
EWB00_011320	EWB00_003114	6182.Q5DBY2	6182.A0A4Z2D9R6	0	0	0.209	0.651	0	0.260	0.188	0.065	0.496
EWB00_011320	EWB00_003065	6182.Q5DBY2	6182.A0A4Z2D9U3	0	0	0	0	0.047	0.137	0.381	0	0.446
EWB00_011320	EWB00_002858	6182.Q5DBY2	6182.A0A4Z2DAI3	0	0	0.209	0.580	0	0.185	0.255	0.083	0.500
EWB00_011320	EWB00_002797	6182.Q5DBY2	6182.A0A4Z2DBK5	0	0	0.171	0.730	0	0.120	0.288	0	0.435
EWB00_011320	EWB00_002531	6182.Q5DBY2	6182.A0A4Z2DBU6	0	0	0.367	0	0.055	0.161	0.196	0.047	0.545
EWB00_011320	EWB00_002386	6182.Q5DBY2	6182.A0A4Z2DCG1	0	0	0.196	0.639	0	0.185	0.255	0.083	0.492
EWB00_011320	EWB00_000516	6182.Q5DBY2	6182.A0A4Z2DIX5	0	0	0.179	0.637	0	0.085	0.386	0	0.498
EWB00_011320	EWB00_011263	6182.Q5DBY2	6182.A0A4Z2DKT9	0	0	0	0	0	0.161	0.324	0	0.408
EWB00_011320	EWB00_010687	6182.Q5DBY2	6182.A0A4Z2DNJ5	0	0	0.257	0	0	0.161	0.196	0	0.455
EWB00_011320	EWB00_007721	6182.Q5DBY2	6182.A0A4Z2DSU2	0	0	0	0	0.143	0.233	0.345	0.055	0.538
EWB00_011320	EWB00_004196	6182.Q5DBY2	6182.A0A4Z2DUY0	0	0	0.169	0.662	0.143	0.233	0.345	0.055	0.600
EWB00_011320	EWB00_000320	6182.Q5DBY2	6182.A0A4Z2DXA7	0	0	0	0	0	0.129	0.326	0.062	0.401
EWB00_011320	fyn-prov	6182.Q5DBY2	6182.C1LGZ6	0	0	0.182	0.592	0	0.161	0.240	0.105	0.470
EWB00_011320	PR2	6182.Q5DBY2	6182.C7TXQ4	0	0	0.454	0	0	0.161	0.196	0.065	0.609
EWB00_011320	EWB00_007519	6182.Q5DBY2	6182.Q5D9F6	0	0	0.184	0.583	0	0.110	0.341	0	0.479
EWB00_011320	EWB00_004095	6182.Q5DBY2	6182.Q6PMM5	0	0	0.152	0.600	0	0.281	0.378	0.063	0.597
FHL-2	EWB00_008411	6182.C1LEH1	6182.A0A4Z2CQ40	0	0	0	0	0	0.298	0.254	0.090	0.481
FHL-2	EWB00_008231	6182.C1LEH1	6182.A0A4Z2CRJ2	0	0	0	0	0	0.298	0.254	0.090	0.481
FHL-2	EWB00_010649	6182.C1LEH1	6182.A0A4Z2DN32	0	0	0	0	0.042	0.090	0.355	0.283	0.542
FHL-2	EWB00_006050	6182.C1LEH1	6182.A0A4Z2DTJ0	0	0	0	0	0.042	0.090	0.355	0.372	0.599
FHL-2	EWB00_004872	6182.C1LEH1	6182.A0A4Z2DUW3	0	0	0	0	0	0.168	0.357	0.064	0.455
FHL-2	EWB00_010398	6182.C1LEH1	6182.A0A4Z2DXN3	0	0	0	0	0	0.121	0.177	0.261	0.418
Grb2	EWB00_010024	6182.Q86F73	6182.A0A4Z2CL49	0	0	0	0	0.098	0.861	0.811	0.563	0.988
Grb2	EWB00_009457	6182.Q86F73	6182.A0A4Z2CLX5	0	0	0	0	0.098	0.861	0.811	0.563	0.988
Grb2	EWB00_009435	6182.Q86F73	6182.A0A4Z2CM43	0	0	0	0	0	0	0.676	0.046	0.677
Grb2	EWB00_009224	6182.Q86F73	6182.A0A4Z2CMJ2	0	0	0	0	0	0.249	0.379	0.043	0.514
Grb2	EWB00_009267	6182.Q86F73	6182.A0A4Z2CML4	0	0	0	0	0	0.204	0.469	0.083	0.578
Grb2	EWB00_009162	6182.Q86F73	6182.A0A4Z2CMV9	0	0	0	0	0	0.204	0.386	0.066	0.503
Grb2	EWB00_009122	6182.Q86F73	6182.A0A4Z2CN26	0	0	0	0	0	0	0.384	0.263	0.526
Grb2	EWB00_009095	6182.Q86F73	6182.A0A4Z2CND2	0	0	0	0	0	0.402	0.425	0.066	0.650
Grb2	EWB00_008683	6182.Q86F73	6182.A0A4Z2CNZ1	0	0	0	0	0	0	0.391	0.475	0.666
Grb2	EWB00_008528	6182.Q86F73	6182.A0A4Z2CPM6	0	0	0	0	0.048	0.677	0.379	0.167	0.819
Grb2	EWB00_008411	6182.Q86F73	6182.A0A4Z2CQ40	0	0	0	0	0	0.119	0.502	0.104	0.572
Grb2	EWB00_008162	6182.Q86F73	6182.A0A4Z2CR55	0	0	0	0	0.090	0.244	0.618	0.056	0.718
Grb2	EWB00_008189	6182.Q86F73	6182.A0A4Z2CR88	0	0	0	0	0	0.402	0.425	0.185	0.695
Grb2	EWB00_008231	6182.Q86F73	6182.A0A4Z2CRJ2	0	0	0	0	0	0.129	0.492	0.053	0.544
Grb2	EWB00_007978	6182.Q86F73	6182.A0A4Z2CSH8	0	0	0	0	0	0.904	0.876	0.799	0.997
Grb2	EWB00_007965	6182.Q86F73	6182.A0A4Z2CSU9	0	0	0	0	0	0.244	0.811	0.359	0.900
Grb2	EWB00_007640	6182.Q86F73	6182.A0A4Z2CTJ3	0	0	0	0	0	0.295	0.394	0.184	0.620
Grb2	EWB00_007520	6182.Q86F73	6182.A0A4Z2CUE7	0	0	0	0	0	0.753	0.771	0.171	0.949
Grb2	EWB00_007322	6182.Q86F73	6182.A0A4Z2CUR2	0	0	0	0	0.050	0.887	0.909	0.238	0.991
Grb2	EWB00_006505	6182.Q86F73	6182.A0A4Z2CYG9	0	0	0	0	0	0	0.472	0.066	0.485
Grb2	EWB00_006350	6182.Q86F73	6182.A0A4Z2CZ14	0	0	0	0	0	0	0.375	0.139	0.438
Grb2	EWB00_006209	6182.Q86F73	6182.A0A4Z2CZP0	0	0	0	0	0	0.123	0.464	0.139	0.559
Grb2	EWB00_006126	6182.Q86F73	6182.A0A4Z2CZR2	0	0	0	0	0	0	0.351	0.466	0.638
Grb2	EWB00_005910	6182.Q86F73	6182.A0A4Z2D044	0	0	0.090	0.694	0	0.624	0	0.178	0.694
Grb2	EWB00_005902	6182.Q86F73	6182.A0A4Z2D084	0	0	0	0	0	0	0.363	0.359	0.574
Grb2	EWB00_005849	6182.Q86F73	6182.A0A4Z2D0D0	0	0	0	0	0	0.614	0.618	0.108	0.856
Grb2	EWB00_005803	6182.Q86F73	6182.A0A4Z2D0N4	0	0	0	0	0	0.877	0.562	0.586	0.975
Grb2	EWB00_004506	6182.Q86F73	6182.A0A4Z2D514	0	0	0	0	0	0	0.375	0.139	0.438
Grb2	EWB00_004406	6182.Q86F73	6182.A0A4Z2D5D6	0	0	0	0	0	0.753	0.771	0.171	0.949
Grb2	EWB00_004243	6182.Q86F73	6182.A0A4Z2D5G0	0	0	0	0	0	0.799	0.727	0	0.942
Grb2	EWB00_004368	6182.Q86F73	6182.A0A4Z2D605	0	0	0	0	0	0.244	0.370	0.138	0.553
Grb2	EWB00_003876	6182.Q86F73	6182.A0A4Z2D736	0	0	0	0	0	0.099	0.380	0.042	0.418
Grb2	EWB00_003710	6182.Q86F73	6182.A0A4Z2D7R1	0	0	0	0	0	0.103	0.375	0.149	0.481
Grb2	EWB00_003639	6182.Q86F73	6182.A0A4Z2D7T8	0	0	0	0	0	0.106	0.390	0.063	0.444
Grb2	EWB00_003565	6182.Q86F73	6182.A0A4Z2D923	0	0	0	0	0	0	0.374	0.323	0.558
Grb2	EWB00_003146	6182.Q86F73	6182.A0A4Z2D9E0	0	0	0	0	0	0	0.553	0.104	0.582
Grb2	EWB00_003063	6182.Q86F73	6182.A0A4Z2D9R8	0	0	0	0	0	0.908	0.876	0.474	0.993
Grb2	EWB00_002869	6182.Q86F73	6182.A0A4Z2DAG8	0	0	0	0	0	0	0.480	0.237	0.586
Grb2	EWB00_002531	6182.Q86F73	6182.A0A4Z2DBU6	0	0	0	0	0	0.244	0.373	0.056	0.513
Grb2	EWB00_002386	6182.Q86F73	6182.A0A4Z2DCG1	0	0	0	0	0	0	0	0.769	0.769
Grb2	EWB00_002182	6182.Q86F73	6182.A0A4Z2DD10	0	0	0	0	0	0.249	0.386	0.118	0.557
Grb2	EWB00_001961	6182.Q86F73	6182.A0A4Z2DEA2	0	0	0	0	0	0	0.394	0.063	0.407
Grb2	EWB00_001594	6182.Q86F73	6182.A0A4Z2DF50	0	0	0	0	0	0.244	0.370	0.065	0.515
Grb2	EWB00_001618	6182.Q86F73	6182.A0A4Z2DF74	0	0	0	0	0	0.146	0.377	0.142	0.503
Grb2	EWB00_001471	6182.Q86F73	6182.A0A4Z2DFS2	0	0	0	0	0	0.295	0.394	0.184	0.620
Grb2	EWB00_001228	6182.Q86F73	6182.A0A4Z2DGB2	0	0	0	0	0	0.244	0.370	0.056	0.511
Grb2	EWB00_000516	6182.Q86F73	6182.A0A4Z2DIX5	0	0	0	0	0	0	0.560	0.096	0.585
Grb2	EWB00_011263	6182.Q86F73	6182.A0A4Z2DKT9	0	0	0	0	0	0.244	0.370	0.475	0.728
Grb2	EWB00_010643	6182.Q86F73	6182.A0A4Z2DN24	0	0	0	0	0	0.169	0.550	0.182	0.667
Grb2	EWB00_011039	6182.Q86F73	6182.A0A4Z2DN82	0	0	0	0	0	0.123	0.464	0.139	0.559
Grb2	EWB00_010727	6182.Q86F73	6182.A0A4Z2DNH6	0	0	0	0	0	0	0.560	0.063	0.570
Grb2	EWB00_010687	6182.Q86F73	6182.A0A4Z2DNJ5	0	0	0	0	0	0.813	0.811	0.056	0.963
Grb2	EWB00_009605	6182.Q86F73	6182.A0A4Z2DR61	0	0	0	0	0	0.140	0.380	0.042	0.444
Grb2	EWB00_008934	6182.Q86F73	6182.A0A4Z2DSI5	0	0	0	0	0	0.244	0.370	0.785	0.888
Grb2	EWB00_006002	6182.Q86F73	6182.A0A4Z2DTC9	0	0	0	0	0	0.204	0.386	0.066	0.503
Grb2	EWB00_008748	6182.Q86F73	6182.A0A4Z2DTN7	0	0	0	0	0	0.838	0.811	0.476	0.982
Grb2	EWB00_005467	6182.Q86F73	6182.A0A4Z2DU85	0	0	0	0	0	0.244	0.370	0.063	0.514
Grb2	EWB00_004876	6182.Q86F73	6182.A0A4Z2DUG9	0	0	0	0	0	0.204	0.501	0.104	0.613
Grb2	EWB00_004878	6182.Q86F73	6182.A0A4Z2DUX1	0	0	0	0	0	0.204	0.501	0.104	0.613
Grb2	EWB00_003747	6182.Q86F73	6182.A0A4Z2DVH8	0	0	0	0	0.053	0.244	0.739	0.213	0.833
Grb2	EWB00_003429	6182.Q86F73	6182.A0A4Z2DWH7	0	0	0	0	0	0.150	0.458	0.475	0.737
Grb2	EWB00_002919	6182.Q86F73	6182.A0A4Z2DWJ9	0	0	0	0	0	0.123	0.464	0.139	0.559
Grb2	EWB00_002899	6182.Q86F73	6182.A0A4Z2DX55	0	0	0	0	0	0.479	0.425	0.091	0.703
Grb2	EWB00_010398	6182.Q86F73	6182.A0A4Z2DXN3	0	0	0	0	0.095	0.140	0.320	0.366	0.619
Grb2	EWB00_008857	6182.Q86F73	6182.A0A4Z2DY79	0	0	0	0	0	0.204	0.394	0.066	0.510
Grb2	EWB00_009161	6182.Q86F73	6182.C1L3T0	0	0	0	0	0	0.204	0.386	0.066	0.503
Grb2	fyn-prov	6182.Q86F73	6182.C1LGZ6	0	0	0	0	0	0.753	0.771	0.185	0.949
Grb2	EWB00_007426	6182.Q86F73	6182.C1LJL2	0	0	0	0	0	0.146	0.661	0.050	0.700
Grb2	PR2	6182.Q86F73	6182.C7TXQ4	0	0	0	0	0	0.295	0.394	0.184	0.620
Grb2	EWB00_007519	6182.Q86F73	6182.Q5D9F6	0	0	0	0	0	0.506	0	0.092	0.532
Grb2	Act5C	6182.Q86F73	6182.Q5DF69	0	0	0	0	0	0.204	0.469	0.083	0.578
Grb2	EWB00_010647	6182.Q86F73	6182.Q5DHL6	0	0	0	0	0.120	0.146	0.669	0.066	0.736
Grb2	EWB00_004095	6182.Q86F73	6182.Q6PMM5	0	0	0	0	0	0	0.391	0.475	0.666
Grb2	EWB00_002502	6182.Q86F73	6182.Q71TT8	0	0	0	0	0	0.204	0.501	0.104	0.613
PR2	EWB00_010024	6182.C7TXQ4	6182.A0A4Z2CL49	0	0	0	0	0	0.274	0.478	0.063	0.613
PR2	EWB00_009560	6182.C7TXQ4	6182.A0A4Z2CLW6	0	0	0	0	0	0.116	0.449	0.043	0.493
PR2	EWB00_009457	6182.C7TXQ4	6182.A0A4Z2CLX5	0	0	0	0	0	0.274	0.478	0.063	0.613
PR2	EWB00_009456	6182.C7TXQ4	6182.A0A4Z2CM06	0	0	0.233	0.583	0	0.257	0.860	0.067	0.915
PR2	EWB00_009435	6182.C7TXQ4	6182.A0A4Z2CM43	0	0	0	0	0	0.237	0.340	0.074	0.492
PR2	EWB00_009267	6182.C7TXQ4	6182.A0A4Z2CML4	0	0	0	0	0	0.165	0.282	0.086	0.404
PR2	EWB00_009162	6182.C7TXQ4	6182.A0A4Z2CMV9	0	0	0	0	0	0.165	0.282	0.086	0.404
PR2	EWB00_009122	6182.C7TXQ4	6182.A0A4Z2CN26	0	0	0.376	0	0	0.335	0.876	0.141	0.949
PR2	EWB00_009095	6182.C7TXQ4	6182.A0A4Z2CND2	0	0	0.196	0.611	0	0.295	0.394	0.071	0.638
PR2	EWB00_008993	6182.C7TXQ4	6182.A0A4Z2CNG2	0	0	0.399	0	0	0.212	0.298	0.048	0.641
PR2	EWB00_008683	6182.C7TXQ4	6182.A0A4Z2CNZ1	0	0	0.244	0	0	0.275	0.811	0.123	0.896
PR2	EWB00_008411	6182.C7TXQ4	6182.A0A4Z2CQ40	0	0	0.441	0	0	0.145	0.390	0.064	0.690
PR2	EWB00_008286	6182.C7TXQ4	6182.A0A4Z2CQZ5	0	0	0.419	0	0.161	0.095	0	0.043	0.521
PR2	EWB00_008162	6182.C7TXQ4	6182.A0A4Z2CR55	0	0	0.216	0.585	0	0.125	0.354	0.063	0.529
PR2	EWB00_008189	6182.C7TXQ4	6182.A0A4Z2CR88	0	0	0	0	0	0.295	0.394	0.071	0.568
PR2	EWB00_008231	6182.C7TXQ4	6182.A0A4Z2CRJ2	0	0	0.194	0.593	0.054	0.145	0.390	0.064	0.559
PR2	EWB00_007959	6182.C7TXQ4	6182.A0A4Z2CS38	0	0	0.177	0.585	0	0.912	0.879	0.178	0.991
PR2	EWB00_007978	6182.C7TXQ4	6182.A0A4Z2CSH8	0	0	0	0	0	0.311	0.618	0.186	0.767
PR2	EWB00_007640	6182.C7TXQ4	6182.A0A4Z2CTJ3	0	0	0.207	0.632	0	0.312	0	0.098	0.464
PR2	EWB00_007650	6182.C7TXQ4	6182.A0A4Z2CTZ5	0	0	0.198	0.594	0	0.196	0.335	0.064	0.544
PR2	EWB00_007520	6182.C7TXQ4	6182.A0A4Z2CUE7	0	0	0	0	0	0.327	0.394	0.071	0.588
PR2	EWB00_007322	6182.C7TXQ4	6182.A0A4Z2CUR2	0	0	0.186	0.609	0	0.248	0.379	0	0.586
PR2	EWB00_007161	6182.C7TXQ4	6182.A0A4Z2CVK4	0	0	0.448	0	0	0.135	0.383	0.140	0.712
PR2	EWB00_006779	6182.C7TXQ4	6182.A0A4Z2CX29	0	0	0	0	0	0.130	0.330	0.077	0.414
PR2	EWB00_006607	6182.C7TXQ4	6182.A0A4Z2CXQ1	0	0	0	0	0	0.130	0.330	0.077	0.414
PR2	EWB00_006505	6182.C7TXQ4	6182.A0A4Z2CYG9	0	0	0	0	0	0.097	0.387	0.043	0.423
PR2	EWB00_006315	6182.C7TXQ4	6182.A0A4Z2CYT8	0	0	0	0	0	0.133	0.386	0	0.444
PR2	EWB00_006350	6182.C7TXQ4	6182.A0A4Z2CZ14	0	0	0	0	0	0.204	0.378	0.123	0.527
PR2	EWB00_006175	6182.C7TXQ4	6182.A0A4Z2CZK0	0	0	0.365	0	0.090	0.229	0.355	0.137	0.706
PR2	EWB00_006209	6182.C7TXQ4	6182.A0A4Z2CZP0	0	0	0	0	0	0.123	0.387	0.066	0.454
PR2	EWB00_005910	6182.C7TXQ4	6182.A0A4Z2D044	0	0	0	0	0	0.244	0.391	0.137	0.567
PR2	EWB00_005849	6182.C7TXQ4	6182.A0A4Z2D0D0	0	0	0	0	0	0.327	0.394	0.071	0.588
PR2	EWB00_005803	6182.C7TXQ4	6182.A0A4Z2D0N4	0	0	0	0	0	0.245	0.391	0.072	0.536
PR2	EWB00_005385	6182.C7TXQ4	6182.A0A4Z2D1Q0	0	0	0.311	0	0	0.253	0.057	0.060	0.482
PR2	EWB00_005116	6182.C7TXQ4	6182.A0A4Z2D2T5	0	0	0.335	0	0	0.128	0	0.068	0.412
PR2	EWB00_005166	6182.C7TXQ4	6182.A0A4Z2D2Y7	0	0	0.490	0	0	0.244	0.371	0.048	0.738
PR2	EWB00_004965	6182.C7TXQ4	6182.A0A4Z2D4A5	0	0	0	0	0	0.116	0.449	0.043	0.493
PR2	EWB00_004506	6182.C7TXQ4	6182.A0A4Z2D514	0	0	0.243	0	0	0.204	0.378	0.123	0.627
PR2	EWB00_004650	6182.C7TXQ4	6182.A0A4Z2D5A9	0	0	0.203	0	0	0.763	0.906	0.078	0.981
PR2	EWB00_004406	6182.C7TXQ4	6182.A0A4Z2D5D6	0	0	0	0	0	0.327	0.394	0.071	0.588
PR2	EWB00_004405	6182.C7TXQ4	6182.A0A4Z2D5F1	0	0	0.489	0	0	0.161	0.196	0.065	0.634
PR2	EWB00_004243	6182.C7TXQ4	6182.A0A4Z2D5G0	0	0	0	0	0.144	0.124	0.379	0.064	0.505
PR2	EWB00_004368	6182.C7TXQ4	6182.A0A4Z2D605	0	0	0	0	0	0.801	0.055	0.057	0.807
PR2	EWB00_004032	6182.C7TXQ4	6182.A0A4Z2D6K4	0	0	0	0	0	0.311	0.876	0.063	0.912
PR2	EWB00_003876	6182.C7TXQ4	6182.A0A4Z2D736	0	0	0.458	0	0	0.148	0.103	0.064	0.560
PR2	EWB00_003710	6182.C7TXQ4	6182.A0A4Z2D7R1	0	0	0	0	0	0.506	0.300	0.567	0.837
PR2	EWB00_003639	6182.C7TXQ4	6182.A0A4Z2D7T8	0	0	0	0	0	0.123	0.380	0	0.433
PR2	EWB00_003565	6182.C7TXQ4	6182.A0A4Z2D923	0	0	0	0	0	0.104	0.356	0.049	0.403
PR2	EWB00_003146	6182.C7TXQ4	6182.A0A4Z2D9E0	0	0	0	0	0	0.097	0.387	0.066	0.437
PR2	EWB00_003114	6182.C7TXQ4	6182.A0A4Z2D9R6	0	0	0.447	0	0	0.229	0.355	0.078	0.712
PR2	EWB00_003063	6182.C7TXQ4	6182.A0A4Z2D9R8	0	0	0.221	0	0	0.309	0.559	0.042	0.742
PR2	EWB00_003065	6182.C7TXQ4	6182.A0A4Z2D9U3	0	0	0	0	0	0.092	0.618	0.066	0.647
PR2	EWB00_002869	6182.C7TXQ4	6182.A0A4Z2DAG8	0	0	0	0	0	0.133	0.425	0.105	0.514
PR2	EWB00_002858	6182.C7TXQ4	6182.A0A4Z2DAI3	0	0	0.453	0	0	0.266	0.449	0.062	0.764
PR2	EWB00_002741	6182.C7TXQ4	6182.A0A4Z2DB14	0	0	0	0	0	0.250	0.449	0.140	0.613
PR2	EWB00_002781	6182.C7TXQ4	6182.A0A4Z2DBA4	0	0	0.293	0	0	0.107	0.373	0.064	0.579
PR2	EWB00_002797	6182.C7TXQ4	6182.A0A4Z2DBK5	0	0	0.477	0	0	0.143	0.377	0.066	0.704
PR2	EWB00_002531	6182.C7TXQ4	6182.A0A4Z2DBU6	0	0	0.380	0	0	0.189	0.396	0.141	0.704
PR2	EWB00_002386	6182.C7TXQ4	6182.A0A4Z2DCG1	0	0	0.180	0.581	0	0.266	0.876	0.066	0.920
PR2	EWB00_002413	6182.C7TXQ4	6182.A0A4Z2DCK0	0	0	0.409	0	0	0.127	0.058	0	0.471
PR2	EWB00_002182	6182.C7TXQ4	6182.A0A4Z2DD10	0	0	0	0	0	0.179	0.281	0.088	0.414
PR2	EWB00_001343	6182.C7TXQ4	6182.A0A4Z2DFX9	0	0	0.364	0	0	0.906	0.906	0.150	0.994
PR2	EWB00_001225	6182.C7TXQ4	6182.A0A4Z2DG63	0	0	0	0	0	0.104	0.356	0.054	0.406
PR2	EWB00_001091	6182.C7TXQ4	6182.A0A4Z2DGZ7	0	0	0.423	0	0	0	0	0	0.423
PR2	EWB00_000751	6182.C7TXQ4	6182.A0A4Z2DI18	0	0	0.434	0	0	0.409	0.880	0.048	0.956
PR2	EWB00_000516	6182.C7TXQ4	6182.A0A4Z2DIX5	0	0	0.160	0.590	0.126	0.262	0.458	0.055	0.671
PR2	EWB00_000422	6182.C7TXQ4	6182.A0A4Z2DIX7	0	0	0.382	0	0	0.107	0.373	0.044	0.624
PR2	EWB00_000085	6182.C7TXQ4	6182.A0A4Z2DKG0	0	0	0.475	0	0	0.161	0.196	0.065	0.624
PR2	EWB00_010643	6182.C7TXQ4	6182.A0A4Z2DN24	0	0	0	0	0	0.262	0.391	0.044	0.532
PR2	EWB00_011039	6182.C7TXQ4	6182.A0A4Z2DN82	0	0	0	0	0	0.123	0.387	0.066	0.454
PR2	EWB00_010727	6182.C7TXQ4	6182.A0A4Z2DNH6	0	0	0	0	0	0.087	0.375	0	0.404
PR2	EWB00_010219	6182.C7TXQ4	6182.A0A4Z2DPU8	0	0	0.362	0	0	0.116	0	0	0.411
PR2	EWB00_009605	6182.C7TXQ4	6182.A0A4Z2DR61	0	0	0	0	0	0.134	0.373	0.065	0.447
PR2	EWB00_009358	6182.C7TXQ4	6182.A0A4Z2DRM5	0	0	0	0	0	0.202	0.371	0.055	0.484
PR2	EWB00_009479	6182.C7TXQ4	6182.A0A4Z2DRN3	0	0	0.327	0	0.131	0.116	0	0	0.437
PR2	EWB00_008934	6182.C7TXQ4	6182.A0A4Z2DSI5	0	0	0	0	0	0.053	0.396	0	0.403
PR2	EWB00_008724	6182.C7TXQ4	6182.A0A4Z2DSJ8	0	0	0.194	0.609	0	0.161	0.387	0.065	0.560
PR2	EWB00_007721	6182.C7TXQ4	6182.A0A4Z2DSU2	0	0	0	0	0	0.212	0.298	0.048	0.427
PR2	EWB00_006002	6182.C7TXQ4	6182.A0A4Z2DTC9	0	0	0	0	0	0.165	0.282	0.086	0.404
PR2	EWB00_008748	6182.C7TXQ4	6182.A0A4Z2DTN7	0	0	0.227	0.588	0	0.188	0.314	0.070	0.545
PR2	EWB00_004876	6182.C7TXQ4	6182.A0A4Z2DUG9	0	0	0	0	0	0.165	0.282	0.086	0.404
PR2	EWB00_004872	6182.C7TXQ4	6182.A0A4Z2DUW3	0	0	0	0	0	0.134	0.361	0.063	0.436
PR2	EWB00_004878	6182.C7TXQ4	6182.A0A4Z2DUX1	0	0	0	0	0	0.165	0.282	0.086	0.404
PR2	EWB00_004196	6182.C7TXQ4	6182.A0A4Z2DUY0	0	0	0.324	0	0	0.212	0.298	0.048	0.596
PR2	EWB00_003429	6182.C7TXQ4	6182.A0A4Z2DWH7	0	0	0	0	0	0.127	0.335	0.104	0.434
PR2	EWB00_002919	6182.C7TXQ4	6182.A0A4Z2DWJ9	0	0	0	0	0	0.123	0.387	0.066	0.454
PR2	EWB00_001391	6182.C7TXQ4	6182.A0A4Z2DWQ9	0	0	0.197	0.580	0	0.138	0.381	0.062	0.544
PR2	EWB00_002899	6182.C7TXQ4	6182.A0A4Z2DX55	0	0	0.430	0	0	0.188	0.314	0.070	0.665
PR2	EWB00_008857	6182.C7TXQ4	6182.A0A4Z2DY79	0	0	0	0	0	0.165	0.282	0.086	0.404
PR2	CDKL1	6182.C7TXQ4	6182.C1L3S7	0	0	0.429	0	0.057	0	0	0	0.438
PR2	EWB00_009161	6182.C7TXQ4	6182.C1L3T0	0	0	0	0	0	0.165	0.282	0.086	0.404
PR2	CKI-alpha	6182.C7TXQ4	6182.C1L4B0	0	0	0.360	0	0	0.107	0.373	0.043	0.611
PR2	cdk5	6182.C7TXQ4	6182.C1L6Q8	0	0	0.325	0	0	0.124	0.374	0	0.597
PR2	EWB00_004179	6182.C7TXQ4	6182.C1LFA8	0	0	0.371	0	0	0.128	0	0	0.428
PR2	fyn-prov	6182.C7TXQ4	6182.C1LGZ6	0	0	0	0	0	0.327	0.394	0.071	0.588
PR2	EWB00_005112	6182.C7TXQ4	6182.C1LH53	0	0	0.223	0.595	0	0.823	0.878	0.296	0.986
PR2	EWB00_007426	6182.C7TXQ4	6182.C1LJL2	0	0	0	0	0	0.165	0.282	0.135	0.436
PR2	Act5C	6182.C7TXQ4	6182.Q5DF69	0	0	0	0	0	0.165	0.282	0.086	0.404
PR2	EWB00_002502	6182.C7TXQ4	6182.Q71TT8	0	0	0	0	0	0.165	0.282	0.086	0.404
PR2	EWB00_010647	6182.C7TXQ4	6182.Q5DHL6	0	0	0	0	0.059	0.165	0.282	0.157	0.460
PR2	EWB00_011320	6182.C7TXQ4	6182.Q5DBY2	0	0	0.454	0	0	0.161	0.196	0.065	0.609
PR2	Grb2	6182.C7TXQ4	6182.Q86F73	0	0	0	0	0	0.295	0.394	0.184	0.620
PR2	EWB00_003272	6182.C7TXQ4	6182.Q5DB60	0	0	0.424	0	0.049	0.190	0.329	0.066	0.671
PR2	EWB00_004095	6182.C7TXQ4	6182.Q6PMM5	0	0	0.220	0	0	0.275	0.811	0.123	0.893
PR2	EWB00_007519	6182.C7TXQ4	6182.Q5D9F6	0	0	0.334	0	0.090	0.886	0.876	0.104	0.990
TK3	EWB00_001618	6182.A0A2S1REI0	6182.A0A4Z2DF74	0	0	0	0	0.052	0.260	0	0.305	0.469
TK3	EWB00_010647	6182.A0A2S1REI0	6182.Q5DHL6	0	0	0	0	0.052	0.260	0.154	0.293	0.524
TK3	EWB00_010024	6182.A0A2S1REI0	6182.A0A4Z2CL49	0	0	0	0	0	0.052	0.517	0.068	0.535
TK3	EWB00_009457	6182.A0A2S1REI0	6182.A0A4Z2CLX5	0	0	0	0	0	0.052	0.517	0.068	0.535
cdk5	EWB00_009095	6182.C1L6Q8	6182.A0A4Z2CND2	0	0	0.156	0.614	0	0.158	0.517	0	0.626
cdk5	EWB00_008162	6182.C1L6Q8	6182.A0A4Z2CR55	0	0	0.159	0.607	0	0.124	0.374	0	0.498
cdk5	EWB00_008189	6182.C1L6Q8	6182.A0A4Z2CR88	0	0	0	0	0	0.158	0.517	0	0.575
cdk5	EWB00_007965	6182.C1L6Q8	6182.A0A4Z2CSU9	0	0	0	0	0	0.124	0.374	0	0.428
cdk5	EWB00_007640	6182.C1L6Q8	6182.A0A4Z2CTJ3	0	0	0.209	0.582	0	0.124	0.374	0	0.528
cdk5	EWB00_007520	6182.C1L6Q8	6182.A0A4Z2CUE7	0	0	0	0	0	0.243	0.771	0.047	0.820
cdk5	EWB00_005849	6182.C1L6Q8	6182.A0A4Z2D0D0	0	0	0	0	0	0.207	0.618	0.060	0.690
cdk5	EWB00_004406	6182.C1L6Q8	6182.A0A4Z2D5D6	0	0	0	0	0	0.243	0.771	0.047	0.820
cdk5	EWB00_004368	6182.C1L6Q8	6182.A0A4Z2D605	0	0	0	0	0	0.169	0.876	0.087	0.897
cdk5	EWB00_003710	6182.C1L6Q8	6182.A0A4Z2D7R1	0	0	0	0	0	0.636	0	0.139	0.673
cdk5	EWB00_003063	6182.C1L6Q8	6182.A0A4Z2D9R8	0	0	0	0	0	0.124	0.374	0.048	0.432
cdk5	EWB00_002531	6182.C1L6Q8	6182.A0A4Z2DBU6	0	0	0	0	0	0.243	0.374	0.054	0.512
cdk5	EWB00_002386	6182.C1L6Q8	6182.A0A4Z2DCG1	0	0	0.160	0.651	0	0.310	0	0.065	0.410
cdk5	EWB00_001594	6182.C1L6Q8	6182.A0A4Z2DF50	0	0	0	0	0	0.124	0.374	0	0.428
cdk5	EWB00_001471	6182.C1L6Q8	6182.A0A4Z2DFS2	0	0	0	0	0	0.124	0.374	0	0.428
cdk5	EWB00_001228	6182.C1L6Q8	6182.A0A4Z2DGB2	0	0	0	0	0	0.124	0.374	0	0.428
cdk5	EWB00_011263	6182.C1L6Q8	6182.A0A4Z2DKT9	0	0	0	0	0	0.124	0.374	0.087	0.455
cdk5	EWB00_010687	6182.C1L6Q8	6182.A0A4Z2DNJ5	0	0	0	0	0	0.263	0.446	0.048	0.577
cdk5	EWB00_008934	6182.C1L6Q8	6182.A0A4Z2DSI5	0	0	0	0	0	0.124	0.374	0	0.428
cdk5	EWB00_005624	6182.C1L6Q8	6182.A0A4Z2DU38	0	0	0	0	0	0	0.469	0	0.469
cdk5	EWB00_005467	6182.C1L6Q8	6182.A0A4Z2DU85	0	0	0	0	0	0.124	0.374	0.238	0.545
cdk5	EWB00_003747	6182.C1L6Q8	6182.A0A4Z2DVH8	0	0	0	0	0	0.124	0.374	0	0.428
cdk5	EWB00_003359	6182.C1L6Q8	6182.C1LMR7	0	0	0	0	0	0	0	0.406	0.406
cdk5	tsr	6182.C1L6Q8	6182.Q86ES4	0	0	0	0	0	0	0	0.406	0.406
cdk5	PR2	6182.C1L6Q8	6182.C7TXQ4	0	0	0.325	0	0	0.124	0.374	0	0.597
cdk5	EWB00_003272	6182.C1L6Q8	6182.Q5DB60	0	0	0	0	0	0.669	0	0	0.669
cdk5	fyn-prov	6182.C1L6Q8	6182.C1LGZ6	0	0	0	0	0	0.243	0.771	0.047	0.820
fyn-prov	EWB00_010024	6182.C1LGZ6	6182.A0A4Z2CL49	0	0	0	0	0	0.506	0.658	0.082	0.831
fyn-prov	EWB00_009457	6182.C1LGZ6	6182.A0A4Z2CLX5	0	0	0	0	0	0.506	0.658	0.082	0.831
fyn-prov	EWB00_009456	6182.C1LGZ6	6182.A0A4Z2CM06	0	0	0.176	0.589	0	0.123	0.340	0	0.481
fyn-prov	EWB00_009435	6182.C1LGZ6	6182.A0A4Z2CM43	0	0	0	0	0	0.170	0.340	0.047	0.432
fyn-prov	EWB00_009267	6182.C1LGZ6	6182.A0A4Z2CML4	0	0	0	0	0	0.165	0.381	0.073	0.479
fyn-prov	EWB00_009162	6182.C1LGZ6	6182.A0A4Z2CMV9	0	0	0	0	0	0.165	0.381	0.063	0.473
fyn-prov	EWB00_009122	6182.C1LGZ6	6182.A0A4Z2CN26	0	0	0	0	0	0.204	0.546	0.180	0.677
fyn-prov	EWB00_008993	6182.C1LGZ6	6182.A0A4Z2CNG2	0	0	0.163	0.610	0	0.212	0.382	0.050	0.560
fyn-prov	EWB00_008683	6182.C1LGZ6	6182.A0A4Z2CNZ1	0	0	0	0	0	0.219	0.473	0.180	0.633
fyn-prov	EWB00_008528	6182.C1LGZ6	6182.A0A4Z2CPM6	0	0	0	0	0.045	0.351	0.532	0.098	0.703
fyn-prov	EWB00_008411	6182.C1LGZ6	6182.A0A4Z2CQ40	0	0	0.177	0.567	0.055	0.145	0.395	0.046	0.546
fyn-prov	EWB00_008162	6182.C1LGZ6	6182.A0A4Z2CR55	0	0	0.165	0.706	0	0.146	0.393	0	0.529
fyn-prov	EWB00_008231	6182.C1LGZ6	6182.A0A4Z2CRJ2	0	0	0.183	0.580	0.055	0.145	0.394	0.046	0.548
fyn-prov	EWB00_007959	6182.C1LGZ6	6182.A0A4Z2CS38	0	0	0	0	0	0.201	0.372	0	0.476
fyn-prov	EWB00_007978	6182.C1LGZ6	6182.A0A4Z2CSH8	0	0	0	0	0	0.384	0.771	0.197	0.876
fyn-prov	EWB00_007965	6182.C1LGZ6	6182.A0A4Z2CSU9	0	0	0.165	0.636	0	0.289	0.658	0	0.779
fyn-prov	EWB00_007640	6182.C1LGZ6	6182.A0A4Z2CTJ3	0	0	0.173	0.577	0	0.327	0.394	0.071	0.644
fyn-prov	EWB00_007650	6182.C1LGZ6	6182.A0A4Z2CTZ5	0	0	0	0	0	0.138	0.335	0.054	0.410
fyn-prov	EWB00_007322	6182.C1LGZ6	6182.A0A4Z2CUR2	0	0	0	0	0.045	0.668	0.771	0.124	0.927
fyn-prov	EWB00_007161	6182.C1LGZ6	6182.A0A4Z2CVK4	0	0	0.162	0.595	0	0.135	0.469	0.070	0.594
fyn-prov	EWB00_006505	6182.C1LGZ6	6182.A0A4Z2CYG9	0	0	0	0	0	0.129	0.394	0.143	0.508
fyn-prov	EWB00_006350	6182.C1LGZ6	6182.A0A4Z2CZ14	0	0	0	0	0	0.204	0.394	0.086	0.520
fyn-prov	EWB00_006175	6182.C1LGZ6	6182.A0A4Z2CZK0	0	0	0.248	0	0	0.229	0.355	0.069	0.605
fyn-prov	EWB00_006209	6182.C1LGZ6	6182.A0A4Z2CZP0	0	0	0	0	0	0.212	0.563	0.095	0.661
fyn-prov	EWB00_006126	6182.C1LGZ6	6182.A0A4Z2CZR2	0	0	0	0	0	0.146	0.367	0.064	0.449
fyn-prov	EWB00_005910	6182.C1LGZ6	6182.A0A4Z2D044	0	0	0	0	0.050	0.402	0.425	0.066	0.654
fyn-prov	EWB00_005849	6182.C1LGZ6	6182.A0A4Z2D0D0	0	0	0	0	0.059	0.796	0.542	0.104	0.910
fyn-prov	EWB00_005803	6182.C1LGZ6	6182.A0A4Z2D0N4	0	0	0	0	0	0.506	0.771	0.239	0.906
fyn-prov	EWB00_005166	6182.C1LGZ6	6182.A0A4Z2D2Y7	0	0	0.170	0.562	0	0.244	0.371	0.047	0.573
fyn-prov	EWB00_004506	6182.C1LGZ6	6182.A0A4Z2D514	0	0	0	0	0	0.204	0.394	0.086	0.520
fyn-prov	EWB00_004650	6182.C1LGZ6	6182.A0A4Z2D5A9	0	0	0	0	0	0.229	0.355	0.069	0.496
fyn-prov	EWB00_004405	6182.C1LGZ6	6182.A0A4Z2D5F1	0	0	0.180	0.580	0	0.161	0.240	0.043	0.432
fyn-prov	EWB00_004243	6182.C1LGZ6	6182.A0A4Z2D5G0	0	0	0	0	0	0.255	0.394	0.085	0.550
fyn-prov	EWB00_004368	6182.C1LGZ6	6182.A0A4Z2D605	0	0	0	0	0	0.119	0.394	0.072	0.461
fyn-prov	EWB00_004032	6182.C1LGZ6	6182.A0A4Z2D6K4	0	0	0	0	0	0.373	0.771	0.063	0.853
fyn-prov	EWB00_003876	6182.C1LGZ6	6182.A0A4Z2D736	0	0	0.161	0.571	0	0.148	0.292	0	0.449
fyn-prov	EWB00_004137	6182.C1LGZ6	6182.A0A4Z2D773	0	0	0	0	0	0.082	0.379	0	0.405
fyn-prov	EWB00_003710	6182.C1LGZ6	6182.A0A4Z2D7R1	0	0	0	0	0	0.506	0.394	0.131	0.717
fyn-prov	EWB00_003639	6182.C1LGZ6	6182.A0A4Z2D7T8	0	0	0	0	0	0.141	0.385	0.063	0.461
fyn-prov	EWB00_003565	6182.C1LGZ6	6182.A0A4Z2D923	0	0	0	0	0	0.267	0.394	0.217	0.621
fyn-prov	EWB00_003146	6182.C1LGZ6	6182.A0A4Z2D9E0	0	0	0	0	0	0.162	0.395	0.143	0.527
fyn-prov	EWB00_003114	6182.C1LGZ6	6182.A0A4Z2D9R6	0	0	0.172	0.571	0	0.229	0.355	0.069	0.565
fyn-prov	EWB00_003063	6182.C1LGZ6	6182.A0A4Z2D9R8	0	0	0	0	0	0.288	0.517	0	0.641
fyn-prov	EWB00_003065	6182.C1LGZ6	6182.A0A4Z2D9U3	0	0	0	0	0.047	0.092	0.372	0.052	0.415
fyn-prov	EWB00_002869	6182.C1LGZ6	6182.A0A4Z2DAG8	0	0	0	0	0	0.233	0.563	0.235	0.721
fyn-prov	EWB00_002858	6182.C1LGZ6	6182.A0A4Z2DAI3	0	0	0.150	0.567	0	0.266	0.394	0.062	0.597
fyn-prov	EWB00_002741	6182.C1LGZ6	6182.A0A4Z2DB14	0	0	0	0	0	0.250	0.373	0.240	0.611
fyn-prov	EWB00_002781	6182.C1LGZ6	6182.A0A4Z2DBA4	0	0	0	0	0	0.107	0.373	0.088	0.444
fyn-prov	EWB00_002797	6182.C1LGZ6	6182.A0A4Z2DBK5	0	0	0.197	0.577	0	0.143	0.385	0	0.539
fyn-prov	EWB00_002531	6182.C1LGZ6	6182.A0A4Z2DBU6	0	0	0	0	0	0.292	0.474	0.124	0.645
fyn-prov	EWB00_002386	6182.C1LGZ6	6182.A0A4Z2DCG1	0	0	0	0	0	0.506	0.526	0.062	0.761
fyn-prov	EWB00_002182	6182.C1LGZ6	6182.A0A4Z2DD10	0	0	0	0	0	0.262	0.618	0.068	0.714
fyn-prov	EWB00_001618	6182.C1LGZ6	6182.A0A4Z2DF74	0	0	0	0	0	0.165	0.282	0.104	0.415
fyn-prov	EWB00_001471	6182.C1LGZ6	6182.A0A4Z2DFS2	0	0	0.156	0.728	0	0.657	0.394	0.071	0.815
fyn-prov	EWB00_001328	6182.C1LGZ6	6182.A0A4Z2DG14	0	0	0	0	0	0.146	0.367	0.225	0.544
fyn-prov	EWB00_001225	6182.C1LGZ6	6182.A0A4Z2DG63	0	0	0	0	0	0.129	0.385	0.136	0.496
fyn-prov	EWB00_000751	6182.C1LGZ6	6182.A0A4Z2DI18	0	0	0.153	0.565	0	0.201	0.372	0	0.537
fyn-prov	EWB00_000516	6182.C1LGZ6	6182.A0A4Z2DIX5	0	0	0	0	0	0.262	0.394	0.055	0.540
fyn-prov	EWB00_000422	6182.C1LGZ6	6182.A0A4Z2DIX7	0	0	0	0	0	0.107	0.373	0.063	0.429
fyn-prov	EWB00_000085	6182.C1LGZ6	6182.A0A4Z2DKG0	0	0	0.161	0.598	0	0.161	0.240	0.043	0.419
fyn-prov	EWB00_011263	6182.C1LGZ6	6182.A0A4Z2DKT9	0	0	0.156	0.573	0	0.310	0.506	0.069	0.696
fyn-prov	EWB00_010643	6182.C1LGZ6	6182.A0A4Z2DN24	0	0	0	0	0	0.283	0.507	0.065	0.640
fyn-prov	EWB00_011039	6182.C1LGZ6	6182.A0A4Z2DN82	0	0	0	0	0	0.212	0.563	0.095	0.661
fyn-prov	EWB00_010727	6182.C1LGZ6	6182.A0A4Z2DNH6	0	0	0	0	0	0.082	0.413	0	0.438
fyn-prov	EWB00_010687	6182.C1LGZ6	6182.A0A4Z2DNJ5	0	0	0	0	0	0.246	0.658	0	0.731
fyn-prov	EWB00_009358	6182.C1LGZ6	6182.A0A4Z2DRM5	0	0	0	0	0	0.146	0.771	0.128	0.814
fyn-prov	EWB00_008934	6182.C1LGZ6	6182.A0A4Z2DSI5	0	0	0.178	0.618	0	0.797	0.771	0.189	0.964
fyn-prov	EWB00_008724	6182.C1LGZ6	6182.A0A4Z2DSJ8	0	0	0.163	0.580	0	0.161	0.240	0.052	0.426
fyn-prov	EWB00_007721	6182.C1LGZ6	6182.A0A4Z2DSU2	0	0	0	0	0	0.245	0.391	0.065	0.532
fyn-prov	EWB00_006002	6182.C1LGZ6	6182.A0A4Z2DTC9	0	0	0	0	0	0.165	0.381	0.063	0.473
fyn-prov	EWB00_008748	6182.C1LGZ6	6182.A0A4Z2DTN7	0	0	0.179	0.661	0	0.309	0.658	0.063	0.793
fyn-prov	EWB00_004876	6182.C1LGZ6	6182.A0A4Z2DUG9	0	0	0	0	0	0.165	0.381	0.095	0.491
fyn-prov	EWB00_004878	6182.C1LGZ6	6182.A0A4Z2DUX1	0	0	0	0	0	0.165	0.381	0.095	0.491
fyn-prov	EWB00_004196	6182.C1LGZ6	6182.A0A4Z2DUY0	0	0	0.152	0.609	0	0.245	0.391	0.065	0.586
fyn-prov	EWB00_003747	6182.C1LGZ6	6182.A0A4Z2DVH8	0	0	0.159	0.685	0.059	0.248	0.771	0	0.845
fyn-prov	EWB00_003429	6182.C1LGZ6	6182.A0A4Z2DWH7	0	0	0	0	0	0.357	0.771	0.252	0.880
fyn-prov	EWB00_002919	6182.C1LGZ6	6182.A0A4Z2DWJ9	0	0	0	0	0	0.212	0.563	0.095	0.661
fyn-prov	EWB00_002899	6182.C1LGZ6	6182.A0A4Z2DX55	0	0	0.158	0.616	0	0.256	0.382	0.063	0.588
fyn-prov	EWB00_008857	6182.C1LGZ6	6182.A0A4Z2DY79	0	0	0	0	0	0.165	0.381	0.063	0.473
fyn-prov	EWB00_009161	6182.C1LGZ6	6182.C1L3T0	0	0	0	0	0	0.165	0.381	0.063	0.473
fyn-prov	CKI-alpha	6182.C1LGZ6	6182.C1L4B0	0	0	0	0	0	0.107	0.373	0.047	0.419
fyn-prov	cdk5	6182.C1LGZ6	6182.C1L6Q8	0	0	0	0	0	0.243	0.771	0.047	0.820
fyn-prov	EWB00_011320	6182.C1LGZ6	6182.Q5DBY2	0	0	0.182	0.592	0	0.161	0.240	0.105	0.470
fyn-prov	Act5C	6182.C1LGZ6	6182.Q5DF69	0	0	0	0	0	0.165	0.381	0.073	0.479
fyn-prov	EWB00_005112	6182.C1LGZ6	6182.C1LH53	0	0	0.177	0.605	0	0.123	0.340	0	0.482
fyn-prov	EWB00_002502	6182.C1LGZ6	6182.Q71TT8	0	0	0	0	0	0.165	0.381	0.095	0.491
fyn-prov	EWB00_003272	6182.C1LGZ6	6182.Q5DB60	0	0	0	0	0	0.262	0.394	0.048	0.537
fyn-prov	PR2	6182.C1LGZ6	6182.C7TXQ4	0	0	0	0	0	0.327	0.394	0.071	0.588
fyn-prov	EWB00_004095	6182.C1LGZ6	6182.Q6PMM5	0	0	0	0	0	0.219	0.473	0.180	0.633
fyn-prov	EWB00_007519	6182.C1LGZ6	6182.Q5D9F6	0	0	0	0	0	0.289	0.771	0.070	0.835
fyn-prov	Grb2	6182.C1LGZ6	6182.Q86F73	0	0	0	0	0	0.753	0.771	0.185	0.949
tsr	EWB00_009267	6182.Q86ES4	6182.A0A4Z2CML4	0	0	0	0	0.134	0.630	0.537	0.237	0.871
tsr	EWB00_009162	6182.Q86ES4	6182.A0A4Z2CMV9	0	0	0	0	0.108	0.378	0.315	0.133	0.626
tsr	EWB00_007739	6182.Q86ES4	6182.A0A4Z2CT39	0	0	0	0	0	0.617	0	0.642	0.857
tsr	EWB00_006234	6182.Q86ES4	6182.A0A4Z2CZ44	0	0	0	0	0	0.267	0	0.240	0.419
tsr	EWB00_005902	6182.Q86ES4	6182.A0A4Z2D084	0	0	0	0	0	0.117	0	0.475	0.516
tsr	EWB00_003710	6182.Q86ES4	6182.A0A4Z2D7R1	0	0	0	0	0	0.237	0.115	0.403	0.561
tsr	EWB00_003565	6182.Q86ES4	6182.A0A4Z2D923	0	0	0	0	0	0	0	0.612	0.612
tsr	EWB00_003146	6182.Q86ES4	6182.A0A4Z2D9E0	0	0	0	0	0	0	0	0.477	0.477
tsr	EWB00_002775	6182.Q86ES4	6182.A0A4Z2DBA8	0	0	0	0	0	0.267	0	0.240	0.419
tsr	EWB00_002531	6182.Q86ES4	6182.A0A4Z2DBU6	0	0	0	0	0.053	0.836	0.811	0.655	0.988
tsr	EWB00_001618	6182.Q86ES4	6182.A0A4Z2DF74	0	0	0	0	0.071	0.309	0.115	0.475	0.661
tsr	EWB00_010649	6182.Q86ES4	6182.A0A4Z2DN32	0	0	0	0	0	0.113	0	0.373	0.420
tsr	EWB00_006002	6182.Q86ES4	6182.A0A4Z2DTC9	0	0	0	0	0.108	0.378	0.315	0.133	0.626
tsr	EWB00_006050	6182.Q86ES4	6182.A0A4Z2DTJ0	0	0	0	0	0	0.113	0	0.476	0.515
tsr	EWB00_004876	6182.Q86ES4	6182.A0A4Z2DUG9	0	0	0	0	0.134	0.687	0.658	0.351	0.931
tsr	EWB00_004878	6182.Q86ES4	6182.A0A4Z2DUX1	0	0	0	0	0.134	0.687	0.658	0.351	0.931
tsr	EWB00_003429	6182.Q86ES4	6182.A0A4Z2DWH7	0	0	0	0	0.095	0.159	0	0.607	0.674
tsr	EWB00_008857	6182.Q86ES4	6182.A0A4Z2DY79	0	0	0	0	0.134	0.506	0.425	0.191	0.774
tsr	EWB00_009161	6182.Q86ES4	6182.C1L3T0	0	0	0	0	0.108	0.378	0.315	0.306	0.700
tsr	cdk5	6182.Q86ES4	6182.C1L6Q8	0	0	0	0	0	0	0	0.406	0.406
tsr	EWB00_007274	6182.Q86ES4	6182.C1LH03	0	0	0	0	0.098	0.172	0	0.477	0.575
tsr	EWB00_007426	6182.Q86ES4	6182.C1LJL2	0	0	0	0	0.175	0.309	0.115	0.477	0.700
tsr	Act5C	6182.Q86ES4	6182.Q5DF69	0	0	0	0	0.134	0.630	0.537	0.237	0.871
tsr	EWB00_010647	6182.Q86ES4	6182.Q5DHL6	0	0	0	0	0.196	0.309	0.115	0.545	0.746
tsr	EWB00_002502	6182.Q86ES4	6182.Q71TT8	0	0	0	0	0.134	0.687	0.658	0.474	0.944
