candidate_id	prepared_id	mapping_status	HOG	Orthogroup	Hsap_orthologues	Hsap_relationship	Cele_orthologues	Cele_relationship	Dmel_orthologues	Dmel_relationship	Mmus_orthologues	Mmus_relationship	Xlae_orthologues	Xlae_relationship	HOG_status	Hsap_HOG_copy_counts	Cele_HOG_copy_counts	Shae_HOG_copy_counts	Sjap_HOG_copy_counts	Sman_HOG_copy_counts	Dmel_HOG_copy_counts	Mmus_HOG_copy_counts	Xlae_HOG_copy_counts
Shae__MS3_00000278	Shae__MS3_00000278	matched	OG0001448	OG0001448	Hsap__GeneID_7094, Hsap__GeneID_83660	many-to-many	Cele__WBGene00006771	many-to-one	Dmel__GeneID_38978	many-to-one	Mmus__GeneID_21894, Mmus__GeneID_70549	many-to-many	Xlae__GeneID_100037170, Xlae__GeneID_108711290, Xlae__GeneID_108712994, Xlae__GeneID_733283	many-to-many	shared HOG	2	1	2	2	2	1	2	4
Shae__MS3_00000359	Shae__MS3_00000359	matched	OG0000005	OG0000005		no direct pairwise orthologue detected	Cele__WBGene00044435	many-to-one		no direct pairwise orthologue detected		no direct pairwise orthologue detected	Xlae__GeneID_108705944, Xlae__GeneID_108712235, Xlae__GeneID_108715517, Xlae__GeneID_108717572, Xlae__GeneID_108719567, Xlae__GeneID_121393190, Xlae__GeneID_121393310, Xlae__GeneID_121393319, Xlae__GeneID_121393438, Xlae__GeneID_121393678, Xlae__GeneID_121393682, Xlae__GeneID_121393683, Xlae__GeneID_121394190, Xlae__GeneID_121394321, Xlae__GeneID_121394461, Xlae__GeneID_121394466, Xlae__GeneID_121394577, Xlae__GeneID_121394675, Xlae__GeneID_121394762, Xlae__GeneID_121394794, Xlae__GeneID_121394795, Xlae__GeneID_121395027, Xlae__GeneID_121395420, Xlae__GeneID_121395423, Xlae__GeneID_121395632, Xlae__GeneID_121396006, Xlae__GeneID_121396313, Xlae__GeneID_121396314, Xlae__GeneID_121396364, Xlae__GeneID_121396901, Xlae__GeneID_121397278, Xlae__GeneID_121397294, Xlae__GeneID_121397295, Xlae__GeneID_121397779, Xlae__GeneID_121397888, Xlae__GeneID_121397889, Xlae__GeneID_121397955, Xlae__GeneID_121398035, Xlae__GeneID_121398331, Xlae__GeneID_121398874, Xlae__GeneID_121399034, Xlae__GeneID_121399276, Xlae__GeneID_121399321, Xlae__GeneID_121399335, Xlae__GeneID_121399340, Xlae__GeneID_121399944, Xlae__GeneID_121399959, Xlae__GeneID_121399965, Xlae__GeneID_121399967, Xlae__GeneID_121399968, Xlae__GeneID_121400044, Xlae__GeneID_121400508, Xlae__GeneID_121400535, Xlae__GeneID_121400706, Xlae__GeneID_121401411, Xlae__GeneID_121402154, Xlae__GeneID_121402280, Xlae__GeneID_121402990, Xlae__GeneID_121403118, Xlae__GeneID_121403119, Xlae__GeneID_121403691	many-to-many	shared HOG	0	1	64	38	7	0	0	61
Shae__MS3_00000487	Shae__MS3_00000487	matched	OG0001608	OG0001608	Hsap__GeneID_22798, Hsap__GeneID_3912, Hsap__GeneID_3913	one-to-many	Cele__WBGene00002247	one-to-one	Dmel__GeneID_34068	one-to-one	Mmus__GeneID_16777, Mmus__GeneID_16779	one-to-many	Xlae__GeneID_108711178, Xlae__GeneID_108711179, Xlae__GeneID_108713081, Xlae__GeneID_108715891, Xlae__GeneID_494988	one-to-many	shared HOG	3	1	1	1	1	1	2	5
Shae__MS3_00000825	Shae__MS3_00000825	matched	OG0000005	OG0000005		no direct pairwise orthologue detected	Cele__WBGene00044435	many-to-one		no direct pairwise orthologue detected		no direct pairwise orthologue detected	Xlae__GeneID_108705944, Xlae__GeneID_108712235, Xlae__GeneID_108715517, Xlae__GeneID_108717572, Xlae__GeneID_108719567, Xlae__GeneID_121393190, Xlae__GeneID_121393310, Xlae__GeneID_121393319, Xlae__GeneID_121393438, Xlae__GeneID_121393678, Xlae__GeneID_121393682, Xlae__GeneID_121393683, Xlae__GeneID_121394190, Xlae__GeneID_121394321, Xlae__GeneID_121394461, Xlae__GeneID_121394466, Xlae__GeneID_121394577, Xlae__GeneID_121394675, Xlae__GeneID_121394762, Xlae__GeneID_121394794, Xlae__GeneID_121394795, Xlae__GeneID_121395027, Xlae__GeneID_121395420, Xlae__GeneID_121395423, Xlae__GeneID_121395632, Xlae__GeneID_121396006, Xlae__GeneID_121396313, Xlae__GeneID_121396314, Xlae__GeneID_121396364, Xlae__GeneID_121396901, Xlae__GeneID_121397278, Xlae__GeneID_121397294, Xlae__GeneID_121397295, Xlae__GeneID_121397779, Xlae__GeneID_121397888, Xlae__GeneID_121397889, Xlae__GeneID_121397955, Xlae__GeneID_121398035, Xlae__GeneID_121398331, Xlae__GeneID_121398874, Xlae__GeneID_121399034, Xlae__GeneID_121399276, Xlae__GeneID_121399321, Xlae__GeneID_121399335, Xlae__GeneID_121399340, Xlae__GeneID_121399944, Xlae__GeneID_121399959, Xlae__GeneID_121399965, Xlae__GeneID_121399967, Xlae__GeneID_121399968, Xlae__GeneID_121400044, Xlae__GeneID_121400508, Xlae__GeneID_121400535, Xlae__GeneID_121400706, Xlae__GeneID_121401411, Xlae__GeneID_121402154, Xlae__GeneID_121402280, Xlae__GeneID_121402990, Xlae__GeneID_121403118, Xlae__GeneID_121403119, Xlae__GeneID_121403691	many-to-many	shared HOG	0	1	64	38	7	0	0	61
Shae__MS3_00000941	Shae__MS3_00000941	matched	OG0000309	OG0000309	Hsap__GeneID_1282, Hsap__GeneID_1284, Hsap__GeneID_1285, Hsap__GeneID_1286, Hsap__GeneID_1287, Hsap__GeneID_1288	many-to-many	Cele__WBGene00001263, Cele__WBGene00002280	many-to-many	Dmel__GeneID_33726, Dmel__GeneID_33727	many-to-many	Mmus__GeneID_12826, Mmus__GeneID_12827, Mmus__GeneID_12828, Mmus__GeneID_12829, Mmus__GeneID_12830, Mmus__GeneID_94216	many-to-many	Xlae__GeneID_108698394, Xlae__GeneID_108698395, Xlae__GeneID_108700098, Xlae__GeneID_108700099, Xlae__GeneID_108709738, Xlae__GeneID_108709739, Xlae__GeneID_373763, Xlae__GeneID_373764	many-to-many	shared HOG	6	2	3	4	4	2	6	8
Shae__MS3_00001381	Shae__MS3_00001381	matched	OG0002006	OG0002006	Hsap__GeneID_5829, Hsap__GeneID_7041, Hsap__GeneID_9404	one-to-many	Cele__WBGene00016197	one-to-one	Dmel__GeneID_35215	one-to-one	Mmus__GeneID_107321, Mmus__GeneID_19303, Mmus__GeneID_21804	one-to-many	Xlae__GeneID_734182, Xlae__GeneID_779337	one-to-many	shared HOG	3	1	1	1	1	1	3	2
Shae__MS3_00001471	Shae__MS3_00001471	matched	OG0001424	OG0001424	Hsap__GeneID_1263, Hsap__GeneID_126520, Hsap__GeneID_5347	one-to-many	Cele__WBGene00004042, Cele__WBGene00004043	one-to-many	Dmel__GeneID_40232	one-to-one	Mmus__GeneID_12795, Mmus__GeneID_18817, Mmus__GeneID_216166	one-to-many	Xlae__GeneID_100381164, Xlae__GeneID_100505422, Xlae__GeneID_108701628, Xlae__GeneID_380481	one-to-many	shared HOG	3	2	1	1	1	1	3	4
Shae__MS3_00001484	Shae__MS3_00001484	matched	OG0001055	OG0001055	Hsap__GeneID_3702, Hsap__GeneID_660, Hsap__GeneID_695, Hsap__GeneID_7006, Hsap__GeneID_7294	one-to-many		no direct pairwise orthologue detected	Dmel__GeneID_34132	one-to-one	Mmus__GeneID_12169, Mmus__GeneID_12229, Mmus__GeneID_16428, Mmus__GeneID_21682, Mmus__GeneID_22165	one-to-many	Xlae__GeneID_108698274, Xlae__GeneID_108706583, Xlae__GeneID_108710759, Xlae__GeneID_121402817, Xlae__GeneID_734996	one-to-many	shared HOG	5	0	1	1	1	1	5	5
Shae__MS3_00001622	Shae__MS3_00001622	matched	OG0006027	OG0006027	Hsap__GeneID_152110	one-to-one	Cele__WBGene00017033	one-to-one		no direct pairwise orthologue detected	Mmus__GeneID_674895	one-to-one	Xlae__GeneID_108718926	one-to-one	shared HOG	1	1	1	1	1	0	1	1
Shae__MS3_00001662	Shae__MS3_00001662	matched	OG0002453	OG0002453	Hsap__GeneID_2931, Hsap__GeneID_2932	one-to-many		no direct pairwise orthologue detected	Dmel__GeneID_31248	one-to-one	Mmus__GeneID_56637, Mmus__GeneID_606496	one-to-many	Xlae__GeneID_100189575, Xlae__GeneID_398338, Xlae__GeneID_399097, Xlae__GeneID_779056	one-to-many	shared HOG	2	0	1	1	1	1	2	4
Shae__MS3_00001716	Shae__MS3_00001716	matched	OG0000784	OG0000784	Hsap__GeneID_1289, Hsap__GeneID_1301, Hsap__GeneID_1302, Hsap__GeneID_50509	many-to-many		no direct pairwise orthologue detected		no direct pairwise orthologue detected	Mmus__GeneID_12814, Mmus__GeneID_12815, Mmus__GeneID_12831, Mmus__GeneID_53867	many-to-many	Xlae__GeneID_108699914, Xlae__GeneID_108700220, Xlae__GeneID_108711695, Xlae__GeneID_108713331, Xlae__GeneID_108714428, Xlae__GeneID_108715007, Xlae__GeneID_398739	many-to-many	shared HOG	4	0	2	2	2	0	4	7
Shae__MS3_00001770	Shae__MS3_00001770	matched	OG0001448	OG0001448	Hsap__GeneID_7094, Hsap__GeneID_83660	many-to-many	Cele__WBGene00006771	many-to-one	Dmel__GeneID_38978	many-to-one	Mmus__GeneID_21894, Mmus__GeneID_70549	many-to-many	Xlae__GeneID_100037170, Xlae__GeneID_108711290, Xlae__GeneID_108712994, Xlae__GeneID_733283	many-to-many	shared HOG	2	1	2	2	2	1	2	4
Shae__MS3_00001771	Shae__MS3_00001771	matched				no direct pairwise orthologue detected		no direct pairwise orthologue detected		no direct pairwise orthologue detected		no direct pairwise orthologue detected		no direct pairwise orthologue detected	not found in selected HOG table								
Shae__MS3_00001786	Shae__MS3_00001786	matched	OG0002667	OG0002667	Hsap__GeneID_5260, Hsap__GeneID_5261	one-to-many	Cele__WBGene00021753	one-to-one	Dmel__GeneID_32120	one-to-one	Mmus__GeneID_18682, Mmus__GeneID_68961	one-to-many	Xlae__GeneID_108708334, Xlae__GeneID_373780, Xlae__GeneID_496328	one-to-many	shared HOG	2	1	1	1	1	1	2	3
Shae__MS3_00001825	Shae__MS3_00001825	matched	OG0002150	OG0002150	Hsap__GeneID_100288695, Hsap__GeneID_3987, Hsap__GeneID_55679, Hsap__GeneID_96626	one-to-many	Cele__WBGene00006826	one-to-one	Dmel__GeneID_40999	one-to-one	Mmus__GeneID_110829, Mmus__GeneID_225341	one-to-many	Xlae__GeneID_432196, Xlae__GeneID_444502	one-to-many	shared HOG	4	1	1	1	1	1	2	2
Shae__MS3_00001856	Shae__MS3_00001856	matched	OG0012466	OG0012466		no direct pairwise orthologue detected		no direct pairwise orthologue detected		no direct pairwise orthologue detected		no direct pairwise orthologue detected		no direct pairwise orthologue detected	Schistosoma-only in sampled HOG	0	0	1	1	1	0	0	0
Shae__MS3_00001861	Shae__MS3_00001861	matched	OG0000309	OG0000309	Hsap__GeneID_1282, Hsap__GeneID_1284, Hsap__GeneID_1285, Hsap__GeneID_1286, Hsap__GeneID_1287, Hsap__GeneID_1288	many-to-many	Cele__WBGene00001263, Cele__WBGene00002280	many-to-many	Dmel__GeneID_33726, Dmel__GeneID_33727	many-to-many	Mmus__GeneID_12826, Mmus__GeneID_12827, Mmus__GeneID_12828, Mmus__GeneID_12829, Mmus__GeneID_12830, Mmus__GeneID_94216	many-to-many	Xlae__GeneID_108698394, Xlae__GeneID_108698395, Xlae__GeneID_108700098, Xlae__GeneID_108700099, Xlae__GeneID_108709738, Xlae__GeneID_108709739, Xlae__GeneID_373763, Xlae__GeneID_373764	many-to-many	shared HOG	6	2	3	4	4	2	6	8
Shae__MS3_00001957	Shae__MS3_00001957	matched	OG0012474	OG0012474		no direct pairwise orthologue detected		no direct pairwise orthologue detected		no direct pairwise orthologue detected		no direct pairwise orthologue detected		no direct pairwise orthologue detected	Schistosoma-only in sampled HOG	0	0	1	1	1	0	0	0
Shae__MS3_00002201	Shae__MS3_00002201	matched	OG0001726	OG0001726	Hsap__GeneID_102724428, Hsap__GeneID_150094, Hsap__GeneID_23235	one-to-many	Cele__WBGene00002210	one-to-one	Dmel__GeneID_31170, Dmel__GeneID_37152	one-to-many	Mmus__GeneID_17691, Mmus__GeneID_235344	one-to-many	Xlae__GeneID_100502576, Xlae__GeneID_108697582, Xlae__GeneID_108709301	one-to-many	shared HOG	3	1	1	1	1	2	2	3
Shae__MS3_00002403	Shae__MS3_00002403	matched	OG0001395	OG0001395	Hsap__GeneID_344387, Hsap__GeneID_8814	many-to-many	Cele__WBGene00012779	many-to-one	Dmel__GeneID_33798	many-to-one	Mmus__GeneID_381113, Mmus__GeneID_71091	many-to-many	Xlae__GeneID_108698750, Xlae__GeneID_108699794, Xlae__GeneID_108704730, Xlae__GeneID_121398949	many-to-many	shared HOG	2	1	2	2	2	1	2	4
Shae__MS3_00002424	Shae__MS3_00002424	matched	OG0002218	OG0002218	Hsap__GeneID_27347, Hsap__GeneID_9943	one-to-many	Cele__WBGene00013355	one-to-one	Dmel__GeneID_44233	one-to-one	Mmus__GeneID_108737, Mmus__GeneID_53416	one-to-many	Xlae__GeneID_108701360, Xlae__GeneID_108702982, Xlae__GeneID_446749, Xlae__GeneID_446771	one-to-many	shared HOG	2	1	1	1	1	1	2	4
Shae__MS3_00002534	Shae__MS3_00002534	matched	OG0002465	OG0002465	Hsap__GeneID_1025	many-to-one	Cele__WBGene00000410	many-to-one	Dmel__GeneID_37586	many-to-one	Mmus__GeneID_107951	many-to-one	Xlae__GeneID_380229, Xlae__GeneID_735101	many-to-many	shared HOG	1	1	2	2	2	1	1	2
Shae__MS3_00002568	Shae__MS3_00002568	matched	OG0000150	OG0000150	Hsap__GeneID_144165, Hsap__GeneID_166336, Hsap__GeneID_2273, Hsap__GeneID_2274, Hsap__GeneID_2275, Hsap__GeneID_26136, Hsap__GeneID_29964, Hsap__GeneID_4007, Hsap__GeneID_9457	many-to-many	Cele__WBGene00006407, Cele__WBGene00015217, Cele__WBGene00022727	many-to-many	Dmel__GeneID_45343, Dmel__GeneID_53557	many-to-many	Mmus__GeneID_106042, Mmus__GeneID_14199, Mmus__GeneID_14200, Mmus__GeneID_14201, Mmus__GeneID_14202, Mmus__GeneID_21753, Mmus__GeneID_236749, Mmus__GeneID_243548, Mmus__GeneID_381104, Mmus__GeneID_54630, Mmus__GeneID_57756	many-to-many	Xlae__GeneID_100127273, Xlae__GeneID_108699981, Xlae__GeneID_108708232, Xlae__GeneID_108708415, Xlae__GeneID_108709459, Xlae__GeneID_108709713, Xlae__GeneID_108713109, Xlae__GeneID_108714730, Xlae__GeneID_108715929, Xlae__GeneID_108717963, Xlae__GeneID_380398, Xlae__GeneID_398256, Xlae__GeneID_398264, Xlae__GeneID_444152, Xlae__GeneID_446852, Xlae__GeneID_447182, Xlae__GeneID_447738	many-to-many	shared HOG	9	3	2	2	2	2	11	17
Shae__MS3_00002636	Shae__MS3_00002636	matched	OG0000878	OG0000878	Hsap__GeneID_5566, Hsap__GeneID_5567, Hsap__GeneID_5568	many-to-many	Cele__WBGene00002189	many-to-one	Dmel__GeneID_34284	many-to-one	Mmus__GeneID_18747, Mmus__GeneID_18749	many-to-many	Xlae__GeneID_100101276, Xlae__GeneID_108711677, Xlae__GeneID_108714187, Xlae__GeneID_380388	many-to-many	shared HOG	3	1	3	3	3	1	2	4
Shae__MS3_00002715	Shae__MS3_00002715	matched	OG0001985	OG0001985	Hsap__GeneID_5562, Hsap__GeneID_5563	one-to-many	Cele__WBGene00020142	one-to-one	Dmel__GeneID_43904	one-to-one	Mmus__GeneID_105787, Mmus__GeneID_108079	one-to-many	Xlae__GeneID_108714249, Xlae__GeneID_108715541, Xlae__GeneID_399172, Xlae__GeneID_495290	one-to-many	shared HOG	2	1	1	1	1	1	2	4
Shae__MS3_00002771	Shae__MS3_00002771	matched	OG0000213	OG0000213	Hsap__GeneID_2268, Hsap__GeneID_2534, Hsap__GeneID_3055, Hsap__GeneID_3932, Hsap__GeneID_4067, Hsap__GeneID_640, Hsap__GeneID_6714, Hsap__GeneID_7525	many-to-many	Cele__WBGene00005077	many-to-one	Dmel__GeneID_48973	many-to-one	Mmus__GeneID_12143, Mmus__GeneID_14191, Mmus__GeneID_14360, Mmus__GeneID_15162, Mmus__GeneID_16818, Mmus__GeneID_17096, Mmus__GeneID_20779, Mmus__GeneID_22612	many-to-many	Xlae__GeneID_100036955, Xlae__GeneID_108695301, Xlae__GeneID_108708097, Xlae__GeneID_108708930, Xlae__GeneID_108709526, Xlae__GeneID_108717237, Xlae__GeneID_373609, Xlae__GeneID_373647, Xlae__GeneID_373649, Xlae__GeneID_379629, Xlae__GeneID_379812, Xlae__GeneID_380430, Xlae__GeneID_734720	many-to-many	shared HOG	8	1	3	3	4	1	8	13
Shae__MS3_00002812	Shae__MS3_00002812	matched	OG0001118	OG0001118	Hsap__GeneID_100533105, Hsap__GeneID_10110, Hsap__GeneID_23678, Hsap__GeneID_6446	one-to-many	Cele__WBGene00004789	one-to-one		no direct pairwise orthologue detected	Mmus__GeneID_170755, Mmus__GeneID_20393, Mmus__GeneID_27219	one-to-many	Xlae__GeneID_108695327, Xlae__GeneID_108704609, Xlae__GeneID_108719280, Xlae__GeneID_399130, Xlae__GeneID_444618	one-to-many	shared HOG	4	1	1	2	2	0	3	5
Shae__MS3_00002824	Shae__MS3_00002824	matched	OG0002086	OG0002086	Hsap__GeneID_2185, Hsap__GeneID_5747	one-to-many	Cele__WBGene00002213	one-to-one	Dmel__GeneID_37233	one-to-one	Mmus__GeneID_14083, Mmus__GeneID_19229	one-to-many	Xlae__GeneID_108717254, Xlae__GeneID_108718305, Xlae__GeneID_399286, Xlae__GeneID_432072	one-to-many	shared HOG	2	1	1	1	1	1	2	4
Shae__MS3_00002992	Shae__MS3_00002992	matched	OG0007344	OG0007344		no direct pairwise orthologue detected	Cele__WBGene00003402, Cele__WBGene00017277	one-to-many		no direct pairwise orthologue detected		no direct pairwise orthologue detected		no direct pairwise orthologue detected	shared HOG	0	2	1	1	1	0	0	0
Shae__MS3_00003104	Shae__MS3_00003104	matched	OG0000685	OG0000685	Hsap__GeneID_11035, Hsap__GeneID_51776, Hsap__GeneID_6885	one-to-many	Cele__WBGene00003396, Cele__WBGene00006971, Cele__WBGene00013643	one-to-many	Dmel__GeneID_318725, Dmel__GeneID_39659, Dmel__GeneID_42692	one-to-many	Mmus__GeneID_26409, Mmus__GeneID_56532, Mmus__GeneID_65964	one-to-many	Xlae__GeneID_101027300, Xlae__GeneID_108699326, Xlae__GeneID_108699327, Xlae__GeneID_108702997, Xlae__GeneID_108715017, Xlae__GeneID_379399, Xlae__GeneID_399459, Xlae__GeneID_733239	one-to-many	shared HOG	3	3	1	1	1	3	3	8
Shae__MS3_00003129	Shae__MS3_00003129	matched	OG0000983	OG0000983	Hsap__GeneID_4026, Hsap__GeneID_54751, Hsap__GeneID_7205, Hsap__GeneID_7791	one-to-many	Cele__WBGene00006999	one-to-one	Dmel__GeneID_317824	one-to-one	Mmus__GeneID_210126, Mmus__GeneID_22051, Mmus__GeneID_22793, Mmus__GeneID_74202	one-to-many	Xlae__GeneID_100049724, Xlae__GeneID_100137707, Xlae__GeneID_108695689, Xlae__GeneID_108696847, Xlae__GeneID_108718052, Xlae__GeneID_735087	one-to-many	shared HOG	4	1	1	1	1	1	4	6
Shae__MS3_00003183	Shae__MS3_00003183	matched	OG0001988	OG0001988	Hsap__GeneID_5770, Hsap__GeneID_5771	one-to-many	Cele__WBGene00017630	one-to-one	Dmel__GeneID_38160	one-to-one	Mmus__GeneID_19246, Mmus__GeneID_19255	one-to-many	Xlae__GeneID_108702596, Xlae__GeneID_431888, Xlae__GeneID_444514, Xlae__GeneID_446745	one-to-many	shared HOG	2	1	1	1	1	1	2	4
Shae__MS3_00003185	Shae__MS3_00003185	matched	OG0012651	OG0012651		no direct pairwise orthologue detected		no direct pairwise orthologue detected		no direct pairwise orthologue detected		no direct pairwise orthologue detected		no direct pairwise orthologue detected	Schistosoma-only in sampled HOG	0	0	1	1	1	0	0	0
Shae__MS3_00003218	Shae__MS3_00003218	matched	OG0012655	OG0012655		no direct pairwise orthologue detected		no direct pairwise orthologue detected		no direct pairwise orthologue detected		no direct pairwise orthologue detected		no direct pairwise orthologue detected	Schistosoma-only in sampled HOG	0	0	1	1	1	0	0	0
Shae__MS3_00003235	Shae__MS3_00003235	matched	OG0001282	OG0001282	Hsap__GeneID_10979, Hsap__GeneID_55612, Hsap__GeneID_83706	one-to-many	Cele__WBGene00006836	one-to-one	Dmel__GeneID_38488, Dmel__GeneID_39907	one-to-many	Mmus__GeneID_108101, Mmus__GeneID_218952, Mmus__GeneID_241639	one-to-many	Xlae__GeneID_100049120, Xlae__GeneID_108713911, Xlae__GeneID_379119, Xlae__GeneID_446790, Xlae__GeneID_494682	one-to-many	shared HOG	3	1	1	1	1	2	3	5
Shae__MS3_00003290	Shae__MS3_00003290	matched	OG0004909	OG0004909		no direct pairwise orthologue detected		no direct pairwise orthologue detected	Dmel__GeneID_32188	many-to-one		no direct pairwise orthologue detected		no direct pairwise orthologue detected	shared HOG	0	0	2	2	3	1	0	0
Shae__MS3_00003343	Shae__MS3_00003343	matched	OG0012665	OG0012665		no direct pairwise orthologue detected		no direct pairwise orthologue detected		no direct pairwise orthologue detected		no direct pairwise orthologue detected		no direct pairwise orthologue detected	Schistosoma-only in sampled HOG	0	0	1	1	1	0	0	0
Shae__MS3_00003383	Shae__MS3_00003383	matched	OG0000917	OG0000917	Hsap__GeneID_815, Hsap__GeneID_816, Hsap__GeneID_817, Hsap__GeneID_818	one-to-many	Cele__WBGene00006779	one-to-one	Dmel__GeneID_43828	one-to-one	Mmus__GeneID_108058, Mmus__GeneID_12322, Mmus__GeneID_12323, Mmus__GeneID_12325	one-to-many	Xlae__GeneID_108696257, Xlae__GeneID_108712641, Xlae__GeneID_380508, Xlae__GeneID_397789, Xlae__GeneID_398376, Xlae__GeneID_399160, Xlae__GeneID_399284	one-to-many	shared HOG	4	1	1	1	1	1	4	7
Shae__MS3_00003400	Shae__MS3_00003400	matched	OG0000474	OG0000474	Hsap__GeneID_5578, Hsap__GeneID_5579, Hsap__GeneID_5580, Hsap__GeneID_5582, Hsap__GeneID_5588	many-to-many	Cele__WBGene00004033, Cele__WBGene00006599	many-to-many	Dmel__GeneID_36897, Dmel__GeneID_48311	many-to-many	Mmus__GeneID_18750, Mmus__GeneID_18751, Mmus__GeneID_18752, Mmus__GeneID_18753, Mmus__GeneID_18761	many-to-many	Xlae__GeneID_108696776, Xlae__GeneID_108697820, Xlae__GeneID_108701647, Xlae__GeneID_108702159, Xlae__GeneID_108703204, Xlae__GeneID_108711231, Xlae__GeneID_404226, Xlae__GeneID_404227, Xlae__GeneID_447031	many-to-many	shared HOG	5	2	2	1	2	2	5	9
Shae__MS3_00003535	Shae__MS3_00003535	matched	OG0002065	OG0002065	Hsap__GeneID_22858, Hsap__GeneID_4117	one-to-many	Cele__WBGene00001121	one-to-one	Dmel__GeneID_34319	one-to-one	Mmus__GeneID_17152, Mmus__GeneID_56542	one-to-many	Xlae__GeneID_108716907, Xlae__GeneID_121395135, Xlae__GeneID_121395136, Xlae__GeneID_447015	one-to-many	shared HOG	2	1	1	1	1	1	2	4
Shae__MS3_00003544	Shae__MS3_00003544	matched	OG0002465	OG0002465	Hsap__GeneID_1025	many-to-one	Cele__WBGene00000410	many-to-one	Dmel__GeneID_37586	many-to-one	Mmus__GeneID_107951	many-to-one	Xlae__GeneID_380229, Xlae__GeneID_735101	many-to-many	shared HOG	1	1	2	2	2	1	1	2
Shae__MS3_00003616	Shae__MS3_00003616	matched	OG0000150	OG0000150	Hsap__GeneID_144165, Hsap__GeneID_166336, Hsap__GeneID_2273, Hsap__GeneID_2274, Hsap__GeneID_2275, Hsap__GeneID_26136, Hsap__GeneID_29964, Hsap__GeneID_4007, Hsap__GeneID_9457	many-to-many	Cele__WBGene00006407, Cele__WBGene00015217, Cele__WBGene00022727	many-to-many	Dmel__GeneID_45343, Dmel__GeneID_53557	many-to-many	Mmus__GeneID_106042, Mmus__GeneID_14199, Mmus__GeneID_14200, Mmus__GeneID_14201, Mmus__GeneID_14202, Mmus__GeneID_21753, Mmus__GeneID_236749, Mmus__GeneID_243548, Mmus__GeneID_381104, Mmus__GeneID_54630, Mmus__GeneID_57756	many-to-many	Xlae__GeneID_100127273, Xlae__GeneID_108699981, Xlae__GeneID_108708232, Xlae__GeneID_108708415, Xlae__GeneID_108709459, Xlae__GeneID_108709713, Xlae__GeneID_108713109, Xlae__GeneID_108714730, Xlae__GeneID_108715929, Xlae__GeneID_108717963, Xlae__GeneID_380398, Xlae__GeneID_398256, Xlae__GeneID_398264, Xlae__GeneID_444152, Xlae__GeneID_446852, Xlae__GeneID_447182, Xlae__GeneID_447738	many-to-many	shared HOG	9	3	2	2	2	2	11	17
Shae__MS3_00003633	Shae__MS3_00003633	matched	OG0000878	OG0000878	Hsap__GeneID_5566, Hsap__GeneID_5567, Hsap__GeneID_5568	many-to-many	Cele__WBGene00002189	many-to-one	Dmel__GeneID_34284	many-to-one	Mmus__GeneID_18747, Mmus__GeneID_18749	many-to-many	Xlae__GeneID_100101276, Xlae__GeneID_108711677, Xlae__GeneID_108714187, Xlae__GeneID_380388	many-to-many	shared HOG	3	1	3	3	3	1	2	4
Shae__MS3_00003724	Shae__MS3_00003724	matched	OG0003202	OG0003202	Hsap__GeneID_10783, Hsap__GeneID_140609	one-to-many	Cele__WBGene00008956	one-to-one		no direct pairwise orthologue detected	Mmus__GeneID_59125, Mmus__GeneID_59126	one-to-many	Xlae__GeneID_100036860, Xlae__GeneID_414882	one-to-many	shared HOG	2	1	1	1	1	0	2	2
Shae__MS3_00003923	Shae__MS3_00003923	matched	OG0000474	OG0000474	Hsap__GeneID_5578, Hsap__GeneID_5579, Hsap__GeneID_5580, Hsap__GeneID_5582, Hsap__GeneID_5588	many-to-many	Cele__WBGene00004033, Cele__WBGene00006599	many-to-many	Dmel__GeneID_36897, Dmel__GeneID_48311	many-to-many	Mmus__GeneID_18750, Mmus__GeneID_18751, Mmus__GeneID_18752, Mmus__GeneID_18753, Mmus__GeneID_18761	many-to-many	Xlae__GeneID_108696776, Xlae__GeneID_108697820, Xlae__GeneID_108701647, Xlae__GeneID_108702159, Xlae__GeneID_108703204, Xlae__GeneID_108711231, Xlae__GeneID_404226, Xlae__GeneID_404227, Xlae__GeneID_447031	many-to-many	shared HOG	5	2	2	1	2	2	5	9
Shae__MS3_00003948	Shae__MS3_00003948	matched	OG0000749	OG0000749	Hsap__GeneID_1195, Hsap__GeneID_1196, Hsap__GeneID_1198, Hsap__GeneID_57396	many-to-many	Cele__WBGene00006517	many-to-one	Dmel__GeneID_43415	many-to-one	Mmus__GeneID_102414, Mmus__GeneID_105943584, Mmus__GeneID_12747, Mmus__GeneID_12748, Mmus__GeneID_12750	many-to-many	Xlae__GeneID_100049134, Xlae__GeneID_100101302, Xlae__GeneID_108712973, Xlae__GeneID_379763, Xlae__GeneID_734822	many-to-many	shared HOG	4	1	2	2	2	1	5	5
Shae__MS3_00003962	Shae__MS3_00003962	matched	OG0001017	OG0001017	Hsap__GeneID_4917, Hsap__GeneID_9423	many-to-many	Cele__WBGene00006746	many-to-one	Dmel__GeneID_32398, Dmel__GeneID_32400	many-to-many	Mmus__GeneID_18208, Mmus__GeneID_18209	many-to-many	Xlae__GeneID_100127305, Xlae__GeneID_108697748, Xlae__GeneID_108701181, Xlae__GeneID_108701615, Xlae__GeneID_108703174, Xlae__GeneID_373694	many-to-many	shared HOG	2	1	2	2	2	2	2	6
Shae__MS3_00004019	Shae__MS3_00004019	matched	OG0001587	OG0001587	Hsap__GeneID_6790, Hsap__GeneID_6795, Hsap__GeneID_9212	one-to-many	Cele__WBGene00000099	one-to-one	Dmel__GeneID_34504	one-to-one	Mmus__GeneID_20871, Mmus__GeneID_20877, Mmus__GeneID_20878	one-to-many	Xlae__GeneID_397925, Xlae__GeneID_398349, Xlae__GeneID_398457, Xlae__GeneID_444083	one-to-many	shared HOG	3	1	1	1	1	1	3	4
Shae__MS3_00004068	Shae__MS3_00004068	matched	OG0003193	OG0003193	Hsap__GeneID_2444	many-to-one	Cele__WBGene00005078	many-to-one	Dmel__GeneID_35524	many-to-one	Mmus__GeneID_14302	many-to-one	Xlae__GeneID_108716819, Xlae__GeneID_108717930	many-to-many	shared HOG	1	1	2	1	1	1	1	2
Shae__MS3_00004070	Shae__MS3_00004070	matched	OG0001017	OG0001017	Hsap__GeneID_4917, Hsap__GeneID_9423	many-to-many	Cele__WBGene00006746	many-to-one	Dmel__GeneID_32398, Dmel__GeneID_32400	many-to-many	Mmus__GeneID_18208, Mmus__GeneID_18209	many-to-many	Xlae__GeneID_100127305, Xlae__GeneID_108697748, Xlae__GeneID_108701181, Xlae__GeneID_108701615, Xlae__GeneID_108703174, Xlae__GeneID_373694	many-to-many	shared HOG	2	1	2	2	2	2	2	6
Shae__MS3_00004076	Shae__MS3_00004076	matched	OG0004237	OG0004237	Hsap__GeneID_167359	one-to-one	Cele__WBGene00009867	one-to-one	Dmel__GeneID_33284	one-to-one	Mmus__GeneID_245269	one-to-one	Xlae__GeneID_108707299, Xlae__GeneID_108718398	one-to-many	shared HOG	1	1	1	1	1	1	1	2
Shae__MS3_00004152	Shae__MS3_00004152	matched	OG0001410	OG0001410	Hsap__GeneID_10494, Hsap__GeneID_51765, Hsap__GeneID_8428	one-to-many	Cele__WBGene00001526	one-to-one	Dmel__GeneID_42064	one-to-one	Mmus__GeneID_223255, Mmus__GeneID_59041, Mmus__GeneID_70415	one-to-many	Xlae__GeneID_108698480, Xlae__GeneID_108709753, Xlae__GeneID_432004, Xlae__GeneID_444155, Xlae__GeneID_444523	one-to-many	shared HOG	3	1	1	1	1	1	3	5
Shae__MS3_00004315	Shae__MS3_00004315	matched	OG0002104	OG0002104	Hsap__GeneID_5584, Hsap__GeneID_5590	one-to-many	Cele__WBGene00004034	one-to-one	Dmel__GeneID_47594	one-to-one	Mmus__GeneID_18759, Mmus__GeneID_18762	one-to-many	Xlae__GeneID_108697633, Xlae__GeneID_108705375, Xlae__GeneID_373768, Xlae__GeneID_399287	one-to-many	shared HOG	2	1	1	1	1	1	2	4
Shae__MS3_00004398	Shae__MS3_00004398	matched	OG0000643	OG0000643	Hsap__GeneID_1072, Hsap__GeneID_1073, Hsap__GeneID_11034, Hsap__GeneID_729454	many-to-many	Cele__WBGene00006794, Cele__WBGene00302980	many-to-many	Dmel__GeneID_32861, Dmel__GeneID_37841	many-to-many	Mmus__GeneID_12631, Mmus__GeneID_12632, Mmus__GeneID_56431	many-to-many	Xlae__GeneID_108699719, Xlae__GeneID_108716609, Xlae__GeneID_379172, Xlae__GeneID_379258, Xlae__GeneID_379282, Xlae__GeneID_494995	many-to-many	shared HOG	4	2	2	2	3	2	3	6
Shae__MS3_00004405	Shae__MS3_00004405	matched	OG0002426	OG0002426	Hsap__GeneID_5593	many-to-one		no direct pairwise orthologue detected	Dmel__GeneID_33253	many-to-one	Mmus__GeneID_19092	many-to-one	Xlae__GeneID_108696263, Xlae__GeneID_108697216, Xlae__GeneID_444025	many-to-many	shared HOG	1	0	2	2	2	1	1	3
Shae__MS3_00004459	Shae__MS3_00004459	matched	OG0001908	OG0001908	Hsap__GeneID_10319, Hsap__GeneID_3915, Hsap__GeneID_3918	one-to-many	Cele__WBGene00016913	one-to-one	Dmel__GeneID_39118	one-to-one	Mmus__GeneID_16782, Mmus__GeneID_226519, Mmus__GeneID_23928	one-to-many	Xlae__GeneID_108714355, Xlae__GeneID_108714357, Xlae__GeneID_108715634	one-to-many	shared HOG	3	1	1	1	1	1	3	3
Shae__MS3_00004470	Shae__MS3_00004470	matched	OG0001786	OG0001786	Hsap__GeneID_1111	one-to-one	Cele__WBGene00000498, Cele__WBGene00012792, Cele__WBGene00017083, Cele__WBGene00019814, Cele__WBGene00019815, Cele__WBGene00019817	one-to-many	Dmel__GeneID_34993	one-to-one	Mmus__GeneID_12649	one-to-one	Xlae__GeneID_108696394, Xlae__GeneID_398191	one-to-many	shared HOG	1	6	1	1	1	1	1	2
Shae__MS3_00004525	Shae__MS3_00004525	matched	OG0000053	OG0000053	Hsap__GeneID_100287399, Hsap__GeneID_100288966, Hsap__GeneID_100996331, Hsap__GeneID_101927345, Hsap__GeneID_101927375, Hsap__GeneID_102723382, Hsap__GeneID_102723502, Hsap__GeneID_102724631, Hsap__GeneID_105375816, Hsap__GeneID_105375817, Hsap__GeneID_105379417, Hsap__GeneID_112268044, Hsap__GeneID_22852, Hsap__GeneID_23784, Hsap__GeneID_253650, Hsap__GeneID_317754, Hsap__GeneID_340441, Hsap__GeneID_342850, Hsap__GeneID_374860, Hsap__GeneID_375248, Hsap__GeneID_388468, Hsap__GeneID_400986, Hsap__GeneID_404785, Hsap__GeneID_441459, Hsap__GeneID_445582, Hsap__GeneID_554226, Hsap__GeneID_56311, Hsap__GeneID_57730, Hsap__GeneID_58, Hsap__GeneID_59, Hsap__GeneID_60, Hsap__GeneID_641455, Hsap__GeneID_653269, Hsap__GeneID_653781, Hsap__GeneID_70, Hsap__GeneID_71, Hsap__GeneID_72, Hsap__GeneID_728378, Hsap__GeneID_84210, Hsap__GeneID_91074, Hsap__GeneID_9720	one-to-many	Cele__WBGene00000063, Cele__WBGene00000064, Cele__WBGene00000065, Cele__WBGene00000066, Cele__WBGene00000067	one-to-many	Dmel__GeneID_31521, Dmel__GeneID_35526, Dmel__GeneID_37368, Dmel__GeneID_40444, Dmel__GeneID_41885, Dmel__GeneID_48632	one-to-many	Mmus__GeneID_11459, Mmus__GeneID_11461, Mmus__GeneID_11464, Mmus__GeneID_11465, Mmus__GeneID_11468, Mmus__GeneID_11475, Mmus__GeneID_232339, Mmus__GeneID_75196	one-to-many	Xlae__GeneID_100337595, Xlae__GeneID_100653490, Xlae__GeneID_108699710, Xlae__GeneID_108703086, Xlae__GeneID_108711140, Xlae__GeneID_108713105, Xlae__GeneID_108716753, Xlae__GeneID_379351, Xlae__GeneID_379752, Xlae__GeneID_398426, Xlae__GeneID_398459, Xlae__GeneID_431847, Xlae__GeneID_432314, Xlae__GeneID_734918, Xlae__GeneID_779096, Xlae__GeneID_779129	one-to-many	shared HOG	41	5	1	1	2	6	8	16
Shae__MS3_00004635	Shae__MS3_00004635	matched	OG0001312	OG0001312	Hsap__GeneID_6788, Hsap__GeneID_6789, Hsap__GeneID_80122	one-to-many	Cele__WBGene00016038, Cele__WBGene00017472	one-to-many	Dmel__GeneID_37247	one-to-one	Mmus__GeneID_22625, Mmus__GeneID_56274, Mmus__GeneID_58231	one-to-many	Xlae__GeneID_108701280, Xlae__GeneID_108719348, Xlae__GeneID_398925, Xlae__GeneID_432210, Xlae__GeneID_779226	one-to-many	shared HOG	3	2	1	1	1	1	3	5
Shae__MS3_00004657	Shae__MS3_00004657	matched	OG0002882	OG0002882	Hsap__GeneID_5604, Hsap__GeneID_5605	one-to-many	Cele__WBGene00003186	one-to-one	Dmel__GeneID_31872	one-to-one	Mmus__GeneID_26395, Mmus__GeneID_26396	one-to-many	Xlae__GeneID_108712802, Xlae__GeneID_379991	one-to-many	shared HOG	2	1	1	1	1	1	2	2
Shae__MS3_00004774	Shae__MS3_00004774	matched	OG0002778	OG0002778	Hsap__GeneID_10120, Hsap__GeneID_10121	one-to-many	Cele__WBGene00013168	one-to-one	Dmel__GeneID_41566	one-to-one	Mmus__GeneID_226977, Mmus__GeneID_54130	one-to-many	Xlae__GeneID_108697423, Xlae__GeneID_446316	one-to-many	shared HOG	2	1	1	1	1	1	2	2
Shae__MS3_00005021	Shae__MS3_00005021	matched	OG0002880	OG0002880	Hsap__GeneID_51701	one-to-one	Cele__WBGene00003048	one-to-one	Dmel__GeneID_38890	one-to-one	Mmus__GeneID_18099	one-to-one	Xlae__GeneID_108703801, Xlae__GeneID_108709347, Xlae__GeneID_398295, Xlae__GeneID_414522	one-to-many	shared HOG	1	1	1	1	1	1	1	4
Shae__MS3_00005028	Shae__MS3_00005028	matched	OG0000805	OG0000805	Hsap__GeneID_3480, Hsap__GeneID_3643, Hsap__GeneID_3645	many-to-many	Cele__WBGene00000898	many-to-one	Dmel__GeneID_41809, Dmel__GeneID_42549	many-to-many	Mmus__GeneID_16001, Mmus__GeneID_16337, Mmus__GeneID_23920	many-to-many	Xlae__GeneID_100158430, Xlae__GeneID_108700357, Xlae__GeneID_108711478, Xlae__GeneID_398006, Xlae__GeneID_398022, Xlae__GeneID_398941	many-to-many	shared HOG	3	1	2	2	2	2	3	6
Shae__MS3_00005037	Shae__MS3_00005037	matched	OG0001397	OG0001397	Hsap__GeneID_10000, Hsap__GeneID_207, Hsap__GeneID_208	one-to-many	Cele__WBGene00000102, Cele__WBGene00000103	one-to-many	Dmel__GeneID_41957	one-to-one	Mmus__GeneID_11651, Mmus__GeneID_11652, Mmus__GeneID_23797	one-to-many	Xlae__GeneID_108698803, Xlae__GeneID_379783, Xlae__GeneID_399170, Xlae__GeneID_432172	one-to-many	shared HOG	3	2	1	1	1	1	3	4
Shae__MS3_00005166	Shae__MS3_00005166	matched	OG0000643	OG0000643	Hsap__GeneID_1072, Hsap__GeneID_1073, Hsap__GeneID_11034, Hsap__GeneID_729454	many-to-many	Cele__WBGene00006794, Cele__WBGene00302980	many-to-many	Dmel__GeneID_32861, Dmel__GeneID_37841	many-to-many	Mmus__GeneID_12631, Mmus__GeneID_12632, Mmus__GeneID_56431	many-to-many	Xlae__GeneID_108699719, Xlae__GeneID_108716609, Xlae__GeneID_379172, Xlae__GeneID_379258, Xlae__GeneID_379282, Xlae__GeneID_494995	many-to-many	shared HOG	4	2	2	2	3	2	3	6
Shae__MS3_00005180	Shae__MS3_00005180	matched	OG0007364	OG0007364		no direct pairwise orthologue detected	Cele__WBGene00000098	one-to-one	Dmel__GeneID_41446	one-to-one		no direct pairwise orthologue detected		no direct pairwise orthologue detected	shared HOG	0	1	1	1	1	1	0	0
Shae__MS3_00005251	Shae__MS3_00005251	matched	OG0002257	OG0002257	Hsap__GeneID_11344, Hsap__GeneID_5756	one-to-many	Cele__WBGene00018187	one-to-one	Dmel__GeneID_41719	one-to-one	Mmus__GeneID_19230, Mmus__GeneID_23999	one-to-many	Xlae__GeneID_108711121, Xlae__GeneID_379995, Xlae__GeneID_447307, Xlae__GeneID_447782	one-to-many	shared HOG	2	1	1	1	1	1	2	4
Shae__MS3_00005260	Shae__MS3_00005260	matched	OG0001080	OG0001080	Hsap__GeneID_1612, Hsap__GeneID_1613, Hsap__GeneID_23604	one-to-many	Cele__WBGene00003400	one-to-one		no direct pairwise orthologue detected	Mmus__GeneID_13143, Mmus__GeneID_13144, Mmus__GeneID_69635	one-to-many	Xlae__GeneID_108700356, Xlae__GeneID_108711286, Xlae__GeneID_108712999, Xlae__GeneID_431807, Xlae__GeneID_432161, Xlae__GeneID_446562, Xlae__GeneID_496293, Xlae__GeneID_734514	one-to-many	shared HOG	3	1	1	1	1	0	3	8
Shae__MS3_00005288	Shae__MS3_00005288	matched	OG0001835	OG0001835	Hsap__GeneID_3092, Hsap__GeneID_9026	one-to-many	Cele__WBGene00006484, Cele__WBGene00022717	one-to-many	Dmel__GeneID_39450	one-to-one	Mmus__GeneID_215114, Mmus__GeneID_29816	one-to-many	Xlae__GeneID_108708045, Xlae__GeneID_108709361, Xlae__GeneID_432028, Xlae__GeneID_446450	one-to-many	shared HOG	2	2	1	1	1	1	2	4
Shae__MS3_00005371	Shae__MS3_00005371	matched	OG0002082	OG0002082	Hsap__GeneID_5798, Hsap__GeneID_5799	one-to-many	Cele__WBGene00002048	one-to-one	Dmel__GeneID_33277	one-to-one	Mmus__GeneID_19275, Mmus__GeneID_19276	one-to-many	Xlae__GeneID_108702927, Xlae__GeneID_108718467, Xlae__GeneID_108719827, Xlae__GeneID_444138	one-to-many	shared HOG	2	1	1	1	1	1	2	4
Shae__MS3_00005382	Shae__MS3_00005382	matched	OG0002533	OG0002533	Hsap__GeneID_51755, Hsap__GeneID_8621	one-to-many	Cele__WBGene00007135	one-to-one	Dmel__GeneID_40385	one-to-one	Mmus__GeneID_69131, Mmus__GeneID_69562	one-to-many	Xlae__GeneID_108700780, Xlae__GeneID_108702496, Xlae__GeneID_108719018	one-to-many	shared HOG	2	1	1	1	1	1	2	3
Shae__MS3_00005586	Shae__MS3_00005586	matched	OG0002448	OG0002448	Hsap__GeneID_8444, Hsap__GeneID_8445	one-to-many	Cele__WBGene00003150	one-to-one	Dmel__GeneID_3885567	one-to-one	Mmus__GeneID_226419, Mmus__GeneID_69181	one-to-many	Xlae__GeneID_108709487, Xlae__GeneID_108711086, Xlae__GeneID_108713158, Xlae__GeneID_496058	one-to-many	shared HOG	2	1	1	0	1	1	2	4
Shae__MS3_00005588	Shae__MS3_00005588	matched	OG0000544	OG0000544	Hsap__GeneID_131890, Hsap__GeneID_2868, Hsap__GeneID_2869, Hsap__GeneID_2870, Hsap__GeneID_6011	one-to-many	Cele__WBGene00001708	one-to-one	Dmel__GeneID_49045	one-to-one	Mmus__GeneID_14772, Mmus__GeneID_14773, Mmus__GeneID_24013, Mmus__GeneID_26385	one-to-many	Xlae__GeneID_100192358, Xlae__GeneID_100192359, Xlae__GeneID_108696022, Xlae__GeneID_108697324, Xlae__GeneID_108711651, Xlae__GeneID_108712671, Xlae__GeneID_443726, Xlae__GeneID_446831, Xlae__GeneID_447337, Xlae__GeneID_474158, Xlae__GeneID_733223, Xlae__GeneID_733256	one-to-many	shared HOG	5	1	1	1	1	1	4	12
Shae__MS3_00005610	Shae__MS3_00005610	matched	OG0012988	OG0012988		no direct pairwise orthologue detected		no direct pairwise orthologue detected		no direct pairwise orthologue detected		no direct pairwise orthologue detected		no direct pairwise orthologue detected	Schistosoma-only in sampled HOG	0	0	1	1	1	0	0	0
Shae__MS3_00005611	Shae__MS3_00005611	matched	OG0000283	OG0000283	Hsap__GeneID_1277, Hsap__GeneID_1278, Hsap__GeneID_1280, Hsap__GeneID_1281, Hsap__GeneID_1290, Hsap__GeneID_255631, Hsap__GeneID_85301	many-to-many		no direct pairwise orthologue detected		no direct pairwise orthologue detected	Mmus__GeneID_12824, Mmus__GeneID_12825, Mmus__GeneID_12832, Mmus__GeneID_12842, Mmus__GeneID_12843, Mmus__GeneID_373864, Mmus__GeneID_71355	many-to-many	Xlae__GeneID_108699974, Xlae__GeneID_108700840, Xlae__GeneID_108701482, Xlae__GeneID_108701483, Xlae__GeneID_108703076, Xlae__GeneID_108705040, Xlae__GeneID_108714172, Xlae__GeneID_108719903, Xlae__GeneID_380419, Xlae__GeneID_380515, Xlae__GeneID_397738, Xlae__GeneID_397739, Xlae__GeneID_398983	many-to-many	shared HOG	7	0	3	3	3	0	7	13
Shae__MS3_00005632	Shae__MS3_00005632	matched	OG0003976	OG0003976	Hsap__GeneID_3611	one-to-one	Cele__WBGene00003931	one-to-one	Dmel__GeneID_53573	one-to-one	Mmus__GeneID_16202	one-to-one	Xlae__GeneID_444414, Xlae__GeneID_446640	one-to-many	shared HOG	1	1	1	1	1	1	1	2
Shae__MS3_00005799	Shae__MS3_00005799	matched	OG0000767	OG0000767	Hsap__GeneID_2316, Hsap__GeneID_2317, Hsap__GeneID_2318	many-to-many	Cele__WBGene00022048	many-to-one	Dmel__GeneID_42066	many-to-one	Mmus__GeneID_192176, Mmus__GeneID_286940, Mmus__GeneID_68794	many-to-many	Xlae__GeneID_108699999, Xlae__GeneID_108704467, Xlae__GeneID_108705104, Xlae__GeneID_108715054, Xlae__GeneID_121393384, Xlae__GeneID_121393385, Xlae__GeneID_733321, Xlae__GeneID_734178	many-to-many	shared HOG	3	1	2	2	2	1	3	8
Shae__MS3_00006013	Shae__MS3_00006013	matched	OG0013042	OG0013042		no direct pairwise orthologue detected		no direct pairwise orthologue detected		no direct pairwise orthologue detected		no direct pairwise orthologue detected		no direct pairwise orthologue detected	Schistosoma-only in sampled HOG	0	0	1	1	1	0	0	0
Shae__MS3_00006076	Shae__MS3_00006076	matched	OG0002696	OG0002696	Hsap__GeneID_3984, Hsap__GeneID_3985	one-to-many		no direct pairwise orthologue detected	Dmel__GeneID_32207	one-to-one	Mmus__GeneID_16885, Mmus__GeneID_16886	one-to-many	Xlae__GeneID_108705108, Xlae__GeneID_108709319, Xlae__GeneID_397696, Xlae__GeneID_398298	one-to-many	shared HOG	2	0	1	1	1	1	2	4
Shae__MS3_00006229	Shae__MS3_00006229	matched	OG0000486	OG0000486	Hsap__GeneID_51332, Hsap__GeneID_57731, Hsap__GeneID_6710, Hsap__GeneID_6711, Hsap__GeneID_6712	many-to-many	Cele__WBGene00004855, Cele__WBGene00006803	many-to-many	Dmel__GeneID_32746, Dmel__GeneID_38418	many-to-many	Mmus__GeneID_20741, Mmus__GeneID_20742, Mmus__GeneID_20743, Mmus__GeneID_640524, Mmus__GeneID_80297	many-to-many	Xlae__GeneID_108698614, Xlae__GeneID_108698979, Xlae__GeneID_108699197, Xlae__GeneID_108700575, Xlae__GeneID_108715130, Xlae__GeneID_108716412, Xlae__GeneID_108717395, Xlae__GeneID_398511	many-to-many	shared HOG	5	2	2	2	2	2	5	8
Shae__MS3_00006308	Shae__MS3_00006308	matched	OG0000304	OG0000304	Hsap__GeneID_139728, Hsap__GeneID_149069, Hsap__GeneID_51473, Hsap__GeneID_57118, Hsap__GeneID_6101, Hsap__GeneID_728597, Hsap__GeneID_8536	many-to-many	Cele__WBGene00000553, Cele__WBGene00012328, Cele__WBGene00012332, Cele__WBGene00017860	many-to-many	Dmel__GeneID_43792	many-to-one	Mmus__GeneID_100504491, Mmus__GeneID_195208, Mmus__GeneID_19888, Mmus__GeneID_227541, Mmus__GeneID_52163, Mmus__GeneID_68511, Mmus__GeneID_93843	many-to-many	Xlae__GeneID_100381138, Xlae__GeneID_108699989, Xlae__GeneID_108720125, Xlae__GeneID_379332, Xlae__GeneID_379971, Xlae__GeneID_398402, Xlae__GeneID_398621, Xlae__GeneID_399357, Xlae__GeneID_444524, Xlae__GeneID_447052	many-to-many	shared HOG	7	4	2	2	2	1	7	10
Shae__MS3_00006313	Shae__MS3_00006313	matched	OG0002147	OG0002147	Hsap__GeneID_8408, Hsap__GeneID_9706	one-to-many	Cele__WBGene00006786	one-to-one	Dmel__GeneID_39454	one-to-one	Mmus__GeneID_22241, Mmus__GeneID_29869	one-to-many	Xlae__GeneID_108707144, Xlae__GeneID_108708293, Xlae__GeneID_108709614, Xlae__GeneID_108716267	one-to-many	shared HOG	2	1	1	1	1	1	2	4
Shae__MS3_00006333	Shae__MS3_00006333	matched	OG0000730	OG0000730	Hsap__GeneID_10611, Hsap__GeneID_11155, Hsap__GeneID_9260	one-to-many	Cele__WBGene00001132, Cele__WBGene00004112, Cele__WBGene00014262	one-to-many	Dmel__GeneID_246501, Dmel__GeneID_326182, Dmel__GeneID_32656, Dmel__GeneID_35393, Dmel__GeneID_36740	one-to-many	Mmus__GeneID_24131, Mmus__GeneID_56376, Mmus__GeneID_67399	one-to-many	Xlae__GeneID_100101292, Xlae__GeneID_108696280, Xlae__GeneID_108710972, Xlae__GeneID_379929, Xlae__GeneID_447619	one-to-many	shared HOG	3	3	1	1	1	5	3	5
Shae__MS3_00006334	Shae__MS3_00006334	matched	OG0000574	OG0000574	Hsap__GeneID_2260, Hsap__GeneID_2261, Hsap__GeneID_2263, Hsap__GeneID_2264	one-to-many	Cele__WBGene00001184, Cele__WBGene00002195, Cele__WBGene00020106	one-to-many	Dmel__GeneID_39564, Dmel__GeneID_42160, Dmel__GeneID_43026	one-to-many	Mmus__GeneID_14182, Mmus__GeneID_14183, Mmus__GeneID_14184, Mmus__GeneID_14186	one-to-many	Xlae__GeneID_108697372, Xlae__GeneID_397701, Xlae__GeneID_397782, Xlae__GeneID_398181, Xlae__GeneID_399325, Xlae__GeneID_399347, Xlae__GeneID_399444, Xlae__GeneID_779370	one-to-many	shared HOG	4	3	1	1	1	3	4	8
Shae__MS3_00006521	Shae__MS3_00006521	matched	OG0008154	OG0008154		no direct pairwise orthologue detected	Cele__WBGene00003599	one-to-one		no direct pairwise orthologue detected		no direct pairwise orthologue detected		no direct pairwise orthologue detected	shared HOG	0	1	1	1	1	0	0	0
Shae__MS3_00006556	Shae__MS3_00006556	matched	OG0002878	OG0002878	Hsap__GeneID_6259	one-to-one	Cele__WBGene00003007	one-to-one	Dmel__GeneID_35207, Dmel__GeneID_36436, Dmel__GeneID_44355	one-to-many	Mmus__GeneID_20187	one-to-one	Xlae__GeneID_444707, Xlae__GeneID_734495	one-to-many	shared HOG	1	1	1	1	1	3	1	2
Shae__MS3_00006560	Shae__MS3_00006560	matched	OG0000787	OG0000787	Hsap__GeneID_1432, Hsap__GeneID_5600, Hsap__GeneID_5603, Hsap__GeneID_6300	one-to-many	Cele__WBGene00004055, Cele__WBGene00004056	one-to-many	Dmel__GeneID_2768679, Dmel__GeneID_34780, Dmel__GeneID_42866	one-to-many	Mmus__GeneID_19094, Mmus__GeneID_26415, Mmus__GeneID_26416, Mmus__GeneID_29857	one-to-many	Xlae__GeneID_100329215, Xlae__GeneID_108711159, Xlae__GeneID_379992, Xlae__GeneID_398592, Xlae__GeneID_494669	one-to-many	shared HOG	4	2	1	1	1	3	4	5
Shae__MS3_00006566	Shae__MS3_00006566	matched	OG0002291	OG0002291	Hsap__GeneID_2764, Hsap__GeneID_9535	one-to-many	Cele__WBGene00021758	one-to-one	Dmel__GeneID_34963	one-to-one	Mmus__GeneID_100040018, Mmus__GeneID_63985, Mmus__GeneID_63986	one-to-many	Xlae__GeneID_108700478, Xlae__GeneID_414456, Xlae__GeneID_447077, Xlae__GeneID_495362	one-to-many	shared HOG	2	1	1	0	1	1	3	4
Shae__MS3_00006657	Shae__MS3_00006657	matched	OG0000625	OG0000625	Hsap__GeneID_81, Hsap__GeneID_87, Hsap__GeneID_88, Hsap__GeneID_89	many-to-many	Cele__WBGene00000228	many-to-one	Dmel__GeneID_31166	many-to-one	Mmus__GeneID_109711, Mmus__GeneID_11472, Mmus__GeneID_11474, Mmus__GeneID_60595	many-to-many	Xlae__GeneID_108715125, Xlae__GeneID_399422, Xlae__GeneID_431885, Xlae__GeneID_432169, Xlae__GeneID_446326, Xlae__GeneID_446752, Xlae__GeneID_446865, Xlae__GeneID_734930	many-to-many	shared HOG	4	1	2	2	2	1	4	8
Shae__MS3_00006730	Shae__MS3_00006730	matched	OG0001364	OG0001364	Hsap__GeneID_25, Hsap__GeneID_27	many-to-many	Cele__WBGene00000018	many-to-one	Dmel__GeneID_45821	many-to-one	Mmus__GeneID_11350, Mmus__GeneID_11352	many-to-many	Xlae__GeneID_108699954, Xlae__GeneID_108704697, Xlae__GeneID_373818, Xlae__GeneID_403362	many-to-many	shared HOG	2	1	2	2	2	1	2	4
Shae__MS3_00006767	Shae__MS3_00006767	matched	OG0002422	OG0002422	Hsap__GeneID_11329, Hsap__GeneID_23012	one-to-many	Cele__WBGene00004727	one-to-one	Dmel__GeneID_40165	one-to-one	Mmus__GeneID_106504, Mmus__GeneID_232533	one-to-many	Xlae__GeneID_108710710, Xlae__GeneID_380110, Xlae__GeneID_414693	one-to-many	shared HOG	2	1	1	1	1	1	2	3
Shae__MS3_00006934	Shae__MS3_00006934	matched	OG0000625	OG0000625	Hsap__GeneID_81, Hsap__GeneID_87, Hsap__GeneID_88, Hsap__GeneID_89	many-to-many	Cele__WBGene00000228	many-to-one	Dmel__GeneID_31166	many-to-one	Mmus__GeneID_109711, Mmus__GeneID_11472, Mmus__GeneID_11474, Mmus__GeneID_60595	many-to-many	Xlae__GeneID_108715125, Xlae__GeneID_399422, Xlae__GeneID_431885, Xlae__GeneID_432169, Xlae__GeneID_446326, Xlae__GeneID_446752, Xlae__GeneID_446865, Xlae__GeneID_734930	many-to-many	shared HOG	4	1	2	2	2	1	4	8
Shae__MS3_00007047	Shae__MS3_00007047	matched	OG0005046	OG0005046	Hsap__GeneID_7414	one-to-one	Cele__WBGene00000942	one-to-one	Dmel__GeneID_31201	one-to-one	Mmus__GeneID_22330	one-to-one	Xlae__GeneID_373770	one-to-one	shared HOG	1	1	1	1	1	1	1	1
Shae__MS3_00007109	Shae__MS3_00007109	matched	OG0002418	OG0002418	Hsap__GeneID_6198, Hsap__GeneID_6199	one-to-many	Cele__WBGene00012929, Cele__WBGene00044281	one-to-many	Dmel__GeneID_38654	one-to-one	Mmus__GeneID_58988, Mmus__GeneID_72508	one-to-many	Xlae__GeneID_394276, Xlae__GeneID_394347	one-to-many	shared HOG	2	2	1	1	1	1	2	2
Shae__MS3_00007112	Shae__MS3_00007112	matched	OG0013203	OG0013203		no direct pairwise orthologue detected		no direct pairwise orthologue detected		no direct pairwise orthologue detected		no direct pairwise orthologue detected		no direct pairwise orthologue detected	Schistosoma-only in sampled HOG	0	0	1	1	1	0	0	0
Shae__MS3_00007174	Shae__MS3_00007174	matched	OG0003862	OG0003862	Hsap__GeneID_11200	one-to-one	Cele__WBGene00000499, Cele__WBGene00011612	one-to-many	Dmel__GeneID_35288	one-to-one	Mmus__GeneID_50883	one-to-one	Xlae__GeneID_398179	one-to-one	shared HOG	1	2	1	1	1	1	1	1
Shae__MS3_00007266	Shae__MS3_00007266	matched	OG0008169	OG0008169		no direct pairwise orthologue detected		no direct pairwise orthologue detected	Dmel__GeneID_44353	one-to-one		no direct pairwise orthologue detected		no direct pairwise orthologue detected	shared HOG	0	0	1	1	1	1	0	0
Shae__MS3_00007339	Shae__MS3_00007339	matched	OG0000470	OG0000470	Hsap__GeneID_269, Hsap__GeneID_659, Hsap__GeneID_7048, Hsap__GeneID_92, Hsap__GeneID_93	one-to-many	Cele__WBGene00000900	one-to-one	Dmel__GeneID_41772, Dmel__GeneID_44096	one-to-many	Mmus__GeneID_110542, Mmus__GeneID_11480, Mmus__GeneID_11481, Mmus__GeneID_12168, Mmus__GeneID_21813	one-to-many	Xlae__GeneID_108701455, Xlae__GeneID_108702885, Xlae__GeneID_108709904, Xlae__GeneID_108718935, Xlae__GeneID_108719963, Xlae__GeneID_121400055, Xlae__GeneID_373815, Xlae__GeneID_397859, Xlae__GeneID_397981, Xlae__GeneID_399277, Xlae__GeneID_399283, Xlae__GeneID_495087	one-to-many	shared HOG	5	1	1	1	1	2	5	12
Shae__MS3_00007343	Shae__MS3_00007343	matched	OG0001602	OG0001602	Hsap__GeneID_1495, Hsap__GeneID_1496, Hsap__GeneID_29119	one-to-many	Cele__WBGene00001978	one-to-one	Dmel__GeneID_40517	one-to-one	Mmus__GeneID_12385, Mmus__GeneID_12386, Mmus__GeneID_216033	one-to-many	Xlae__GeneID_108706501, Xlae__GeneID_108710831, Xlae__GeneID_399303, Xlae__GeneID_444710	one-to-many	shared HOG	3	1	1	1	1	1	3	4
Shae__MS3_00007363	Shae__MS3_00007363	matched	OG0000283	OG0000283	Hsap__GeneID_1277, Hsap__GeneID_1278, Hsap__GeneID_1280, Hsap__GeneID_1281, Hsap__GeneID_1290, Hsap__GeneID_255631, Hsap__GeneID_85301	many-to-many		no direct pairwise orthologue detected		no direct pairwise orthologue detected	Mmus__GeneID_12824, Mmus__GeneID_12825, Mmus__GeneID_12832, Mmus__GeneID_12842, Mmus__GeneID_12843, Mmus__GeneID_373864, Mmus__GeneID_71355	many-to-many	Xlae__GeneID_108699974, Xlae__GeneID_108700840, Xlae__GeneID_108701482, Xlae__GeneID_108701483, Xlae__GeneID_108703076, Xlae__GeneID_108705040, Xlae__GeneID_108714172, Xlae__GeneID_108719903, Xlae__GeneID_380419, Xlae__GeneID_380515, Xlae__GeneID_397738, Xlae__GeneID_397739, Xlae__GeneID_398983	many-to-many	shared HOG	7	0	3	3	3	0	7	13
Shae__MS3_00007411	Shae__MS3_00007411	matched	OG0006997	OG0006997	Hsap__GeneID_93973	one-to-one		no direct pairwise orthologue detected	Dmel__GeneID_32769	one-to-one	Mmus__GeneID_56249	one-to-one	Xlae__GeneID_380417	one-to-one	shared HOG	1	0	1	0	1	1	1	1
Shae__MS3_00007430	Shae__MS3_00007430	matched	OG0004470	OG0004470	Hsap__GeneID_55860	one-to-one	Cele__WBGene00016793	one-to-one	Dmel__GeneID_32969	one-to-one	Mmus__GeneID_56444	one-to-one	Xlae__GeneID_444368, Xlae__GeneID_495357	one-to-many	shared HOG	1	1	1	1	1	1	1	2
Shae__MS3_00007449	Shae__MS3_00007449	matched	OG0006302	OG0006302	Hsap__GeneID_9833	one-to-one	Cele__WBGene00021012	one-to-one		no direct pairwise orthologue detected	Mmus__GeneID_17279	one-to-one	Xlae__GeneID_397927	one-to-one	shared HOG	1	1	1	1	1	0	1	1
Shae__MS3_00007496	Shae__MS3_00007496	matched	OG0002191	OG0002191	Hsap__GeneID_1627, Hsap__GeneID_28988	one-to-many	Cele__WBGene00010664	one-to-one	Dmel__GeneID_39520	one-to-one	Mmus__GeneID_13169, Mmus__GeneID_56320	one-to-many	Xlae__GeneID_108710970, Xlae__GeneID_379806, Xlae__GeneID_444592, Xlae__GeneID_494829	one-to-many	shared HOG	2	1	1	1	1	1	2	4
Shae__MS3_00007604	Shae__MS3_00007604	matched	OG0002154	OG0002154	Hsap__GeneID_7867, Hsap__GeneID_9261	one-to-many	Cele__WBGene00007007	one-to-one	Dmel__GeneID_44573	one-to-one	Mmus__GeneID_102626, Mmus__GeneID_17164	one-to-many	Xlae__GeneID_108714604, Xlae__GeneID_432084, Xlae__GeneID_495118, Xlae__GeneID_779225	one-to-many	shared HOG	2	1	1	1	1	1	2	4
Shae__MS3_00007688	Shae__MS3_00007688	matched	OG0006462	OG0006462	Hsap__GeneID_25989	one-to-one		no direct pairwise orthologue detected	Dmel__GeneID_41112	one-to-one	Mmus__GeneID_71742	one-to-one	Xlae__GeneID_734568	one-to-one	shared HOG	1	0	1	1	1	1	1	1
Shae__MS3_00007700	Shae__MS3_00007700	matched	OG0005197	OG0005197	Hsap__GeneID_64431	one-to-one	Cele__WBGene00007434	one-to-one	Dmel__GeneID_32514	one-to-one	Mmus__GeneID_67019	one-to-one	Xlae__GeneID_100037212	one-to-one	shared HOG	1	1	1	1	1	1	1	1
Shae__MS3_00007701	Shae__MS3_00007701	matched	OG0000283	OG0000283	Hsap__GeneID_1277, Hsap__GeneID_1278, Hsap__GeneID_1280, Hsap__GeneID_1281, Hsap__GeneID_1290, Hsap__GeneID_255631, Hsap__GeneID_85301	many-to-many		no direct pairwise orthologue detected		no direct pairwise orthologue detected	Mmus__GeneID_12824, Mmus__GeneID_12825, Mmus__GeneID_12832, Mmus__GeneID_12842, Mmus__GeneID_12843, Mmus__GeneID_373864, Mmus__GeneID_71355	many-to-many	Xlae__GeneID_108699974, Xlae__GeneID_108700840, Xlae__GeneID_108701482, Xlae__GeneID_108701483, Xlae__GeneID_108703076, Xlae__GeneID_108705040, Xlae__GeneID_108714172, Xlae__GeneID_108719903, Xlae__GeneID_380419, Xlae__GeneID_380515, Xlae__GeneID_397738, Xlae__GeneID_397739, Xlae__GeneID_398983	many-to-many	shared HOG	7	0	3	3	3	0	7	13
Shae__MS3_00007742	Shae__MS3_00007742	matched	OG0001220	OG0001220	Hsap__GeneID_3655, Hsap__GeneID_3675, Hsap__GeneID_3679	one-to-many	Cele__WBGene00002081	one-to-one	Dmel__GeneID_32275	one-to-one	Mmus__GeneID_16400, Mmus__GeneID_16403, Mmus__GeneID_16404	one-to-many	Xlae__GeneID_108702534, Xlae__GeneID_108702994, Xlae__GeneID_108708560, Xlae__GeneID_108708991, Xlae__GeneID_373657, Xlae__GeneID_397985	one-to-many	shared HOG	3	1	1	1	1	1	3	6
Shae__MS3_00007880	Shae__MS3_00007880	matched	OG0001998	OG0001998	Hsap__GeneID_10612, Hsap__GeneID_23321	one-to-many		no direct pairwise orthologue detected	Dmel__GeneID_37190	one-to-one	Mmus__GeneID_55992, Mmus__GeneID_80890	one-to-many	Xlae__GeneID_108708789, Xlae__GeneID_443918, Xlae__GeneID_444525, Xlae__GeneID_495223	one-to-many	shared HOG	2	0	1	2	1	1	2	4
Shae__MS3_00007970	Shae__MS3_00007970	matched	OG0000767	OG0000767	Hsap__GeneID_2316, Hsap__GeneID_2317, Hsap__GeneID_2318	many-to-many	Cele__WBGene00022048	many-to-one	Dmel__GeneID_42066	many-to-one	Mmus__GeneID_192176, Mmus__GeneID_286940, Mmus__GeneID_68794	many-to-many	Xlae__GeneID_108699999, Xlae__GeneID_108704467, Xlae__GeneID_108705104, Xlae__GeneID_108715054, Xlae__GeneID_121393384, Xlae__GeneID_121393385, Xlae__GeneID_733321, Xlae__GeneID_734178	many-to-many	shared HOG	3	1	2	2	2	1	3	8
Shae__MS3_00008020	Shae__MS3_00008020	matched	OG0001365	OG0001365	Hsap__GeneID_130399, Hsap__GeneID_7046, Hsap__GeneID_91	one-to-many		no direct pairwise orthologue detected	Dmel__GeneID_35900	one-to-one	Mmus__GeneID_11479, Mmus__GeneID_21812, Mmus__GeneID_269275	one-to-many	Xlae__GeneID_108701335, Xlae__GeneID_108702964, Xlae__GeneID_108708537, Xlae__GeneID_108719029, Xlae__GeneID_399295, Xlae__GeneID_399454	one-to-many	shared HOG	3	0	1	1	1	1	3	6
Shae__MS3_00008061	Shae__MS3_00008061	matched	OG0002477	OG0002477	Hsap__GeneID_57037	one-to-one	Cele__WBGene00000917	one-to-one	Dmel__GeneID_39210	one-to-one	Mmus__GeneID_217473	one-to-one	Xlae__GeneID_108719915, Xlae__GeneID_121394544, Xlae__GeneID_121394551, Xlae__GeneID_121394552, Xlae__GeneID_121394553	one-to-many	shared HOG	1	1	1	1	1	1	1	5
Shae__MS3_00008174	Shae__MS3_00008174	matched	OG0002682	OG0002682	Hsap__GeneID_51412, Hsap__GeneID_86	one-to-many	Cele__WBGene00022774	one-to-one	Dmel__GeneID_36956	one-to-one	Mmus__GeneID_56456, Mmus__GeneID_83766	one-to-many	Xlae__GeneID_108703569, Xlae__GeneID_108717002, Xlae__GeneID_380143	one-to-many	shared HOG	2	1	1	1	1	1	2	3
Shae__MS3_00008190	Shae__MS3_00008190	matched	OG0001730	OG0001730	Hsap__GeneID_5594, Hsap__GeneID_5595	many-to-many	Cele__WBGene00003401	many-to-one	Dmel__GeneID_3354888	many-to-one	Mmus__GeneID_26413, Mmus__GeneID_26417	many-to-many	Xlae__GeneID_397785, Xlae__GeneID_398985	many-to-many	shared HOG	2	1	2	2	2	1	2	2
Shae__MS3_00008194	Shae__MS3_00008194	matched	OG0000486	OG0000486	Hsap__GeneID_51332, Hsap__GeneID_57731, Hsap__GeneID_6710, Hsap__GeneID_6711, Hsap__GeneID_6712	many-to-many	Cele__WBGene00004855, Cele__WBGene00006803	many-to-many	Dmel__GeneID_32746, Dmel__GeneID_38418	many-to-many	Mmus__GeneID_20741, Mmus__GeneID_20742, Mmus__GeneID_20743, Mmus__GeneID_640524, Mmus__GeneID_80297	many-to-many	Xlae__GeneID_108698614, Xlae__GeneID_108698979, Xlae__GeneID_108699197, Xlae__GeneID_108700575, Xlae__GeneID_108715130, Xlae__GeneID_108716412, Xlae__GeneID_108717395, Xlae__GeneID_398511	many-to-many	shared HOG	5	2	2	2	2	2	5	8
Shae__MS3_00008246	Shae__MS3_00008246	matched	OG0010704	OG0010704		no direct pairwise orthologue detected		no direct pairwise orthologue detected		no direct pairwise orthologue detected		no direct pairwise orthologue detected		no direct pairwise orthologue detected	Schistosoma-only in sampled HOG	0	0	1	1	1	0	0	0
Shae__MS3_00008247	Shae__MS3_00008247	matched	OG0013354	OG0013354		no direct pairwise orthologue detected		no direct pairwise orthologue detected		no direct pairwise orthologue detected		no direct pairwise orthologue detected		no direct pairwise orthologue detected	Schistosoma-only in sampled HOG	0	0	1	1	1	0	0	0
Shae__MS3_00008251	Shae__MS3_00008251	matched	OG0005941	OG0005941	Hsap__GeneID_338699	many-to-one		no direct pairwise orthologue detected		no direct pairwise orthologue detected	Mmus__GeneID_73845	many-to-one	Xlae__GeneID_100101286	many-to-one	shared HOG	1	0	2	1	2	0	1	1
Shae__MS3_00008284	Shae__MS3_00008284	matched	OG0002012	OG0002012	Hsap__GeneID_126374, Hsap__GeneID_84962, Hsap__GeneID_8994	one-to-many		no direct pairwise orthologue detected	Dmel__GeneID_32351	one-to-one	Mmus__GeneID_101543, Mmus__GeneID_16475, Mmus__GeneID_29806	one-to-many	Xlae__GeneID_100127345, Xlae__GeneID_108704088, Xlae__GeneID_779085	one-to-many	shared HOG	3	0	1	1	1	1	3	3
Shae__MS3_00008566	Shae__MS3_00008566	matched	OG0004907	OG0004907	Hsap__GeneID_1020	one-to-one	Cele__WBGene00000407	one-to-one	Dmel__GeneID_36727	one-to-one	Mmus__GeneID_12568	one-to-one	Xlae__GeneID_399296	one-to-one	shared HOG	1	1	1	1	1	1	1	1
Shae__MS3_00008601	Shae__MS3_00008601	matched	OG0002125	OG0002125	Hsap__GeneID_22848, Hsap__GeneID_55589	one-to-many	Cele__WBGene00004762	one-to-one	Dmel__GeneID_35154	one-to-one	Mmus__GeneID_140780, Mmus__GeneID_269774	one-to-many	Xlae__GeneID_108706817, Xlae__GeneID_108711545, Xlae__GeneID_108712220, Xlae__GeneID_108712767	one-to-many	shared HOG	2	1	1	1	1	1	2	4
Shae__MS3_00008614	Shae__MS3_00008614	matched	OG0001746	OG0001746	Hsap__GeneID_102800317, Hsap__GeneID_1453, Hsap__GeneID_1454	one-to-many	Cele__WBGene00002203	one-to-one	Dmel__GeneID_43673	one-to-one	Mmus__GeneID_104318, Mmus__GeneID_27373	one-to-many	Xlae__GeneID_108701007, Xlae__GeneID_108715790, Xlae__GeneID_380361, Xlae__GeneID_399381	one-to-many	shared HOG	3	1	1	1	1	1	2	4
Shae__MS3_00008660	Shae__MS3_00008660	matched	OG0010706	OG0010706		no direct pairwise orthologue detected		no direct pairwise orthologue detected		no direct pairwise orthologue detected		no direct pairwise orthologue detected		no direct pairwise orthologue detected	Schistosoma-only in sampled HOG	0	0	1	0	2	0	0	0
Shae__MS3_00008661	Shae__MS3_00008661	matched	OG0013868	OG0013868		no direct pairwise orthologue detected		no direct pairwise orthologue detected		no direct pairwise orthologue detected		no direct pairwise orthologue detected		no direct pairwise orthologue detected	Schistosoma-only in sampled HOG	0	0	1	1	0	0	0	0
Shae__MS3_00008672	Shae__MS3_00008672	matched	OG0001371	OG0001371		no direct pairwise orthologue detected	Cele__WBGene00001528, Cele__WBGene00001530, Cele__WBGene00001531, Cele__WBGene00001532, Cele__WBGene00001533, Cele__WBGene00001534, Cele__WBGene00001539, Cele__WBGene00001540, Cele__WBGene00001542, Cele__WBGene00001544, Cele__WBGene00001545, Cele__WBGene00001547	one-to-many		no direct pairwise orthologue detected		no direct pairwise orthologue detected	Xlae__GeneID_121393820	one-to-one	shared HOG	0	12	1	1	1	0	0	1
Shae__MS3_00008673	Shae__MS3_00008673	matched	OG0003750	OG0003750	Hsap__GeneID_124923	one-to-one	Cele__WBGene00017950	one-to-one	Dmel__GeneID_45970	one-to-one	Mmus__GeneID_216976	one-to-one	Xlae__GeneID_108707957	one-to-one	shared HOG	1	1	1	1	2	1	1	1
Shae__MS3_00008679	Shae__MS3_00008679	matched	OG0001595	OG0001595	Hsap__GeneID_1017, Hsap__GeneID_1018, Hsap__GeneID_983	one-to-many	Cele__WBGene00000405	one-to-one	Dmel__GeneID_34411, Dmel__GeneID_42453	one-to-many	Mmus__GeneID_12534, Mmus__GeneID_12566	one-to-many	Xlae__GeneID_379785, Xlae__GeneID_380246, Xlae__GeneID_399314, Xlae__GeneID_432036	one-to-many	shared HOG	3	1	1	1	1	2	2	4
Shae__MS3_00008682	Shae__MS3_00008682	matched	OG0000878	OG0000878	Hsap__GeneID_5566, Hsap__GeneID_5567, Hsap__GeneID_5568	many-to-many	Cele__WBGene00002189	many-to-one	Dmel__GeneID_34284	many-to-one	Mmus__GeneID_18747, Mmus__GeneID_18749	many-to-many	Xlae__GeneID_100101276, Xlae__GeneID_108711677, Xlae__GeneID_108714187, Xlae__GeneID_380388	many-to-many	shared HOG	3	1	3	3	3	1	2	4
Shae__MS3_00008685	Shae__MS3_00008685	matched	OG0002810	OG0002810	Hsap__GeneID_5592	many-to-one		no direct pairwise orthologue detected	Dmel__GeneID_44817	many-to-one	Mmus__GeneID_19091	many-to-one	Xlae__GeneID_108696071, Xlae__GeneID_108697357	many-to-many	shared HOG	1	0	2	2	2	1	1	2
Shae__MS3_00008738	Shae__MS3_00008738	matched	OG0000213	OG0000213	Hsap__GeneID_2268, Hsap__GeneID_2534, Hsap__GeneID_3055, Hsap__GeneID_3932, Hsap__GeneID_4067, Hsap__GeneID_640, Hsap__GeneID_6714, Hsap__GeneID_7525	many-to-many	Cele__WBGene00005077	many-to-one	Dmel__GeneID_48973	many-to-one	Mmus__GeneID_12143, Mmus__GeneID_14191, Mmus__GeneID_14360, Mmus__GeneID_15162, Mmus__GeneID_16818, Mmus__GeneID_17096, Mmus__GeneID_20779, Mmus__GeneID_22612	many-to-many	Xlae__GeneID_100036955, Xlae__GeneID_108695301, Xlae__GeneID_108708097, Xlae__GeneID_108708930, Xlae__GeneID_108709526, Xlae__GeneID_108717237, Xlae__GeneID_373609, Xlae__GeneID_373647, Xlae__GeneID_373649, Xlae__GeneID_379629, Xlae__GeneID_379812, Xlae__GeneID_380430, Xlae__GeneID_734720	many-to-many	shared HOG	8	1	3	3	4	1	8	13
Shae__MS3_00008744	Shae__MS3_00008744	matched	OG0002779	OG0002779	Hsap__GeneID_139741, Hsap__GeneID_140625, Hsap__GeneID_84517	many-to-many		no direct pairwise orthologue detected	Dmel__GeneID_36879	many-to-one	Mmus__GeneID_73353, Mmus__GeneID_76652	many-to-many		no direct pairwise orthologue detected	shared HOG	3	0	2	1	2	1	2	0
Shae__MS3_00008746	Shae__MS3_00008746	matched	OG0002779	OG0002779	Hsap__GeneID_139741, Hsap__GeneID_140625, Hsap__GeneID_84517	many-to-many		no direct pairwise orthologue detected	Dmel__GeneID_36879	many-to-one	Mmus__GeneID_73353, Mmus__GeneID_76652	many-to-many		no direct pairwise orthologue detected	shared HOG	3	0	2	1	2	1	2	0
Shae__MS3_00008957	Shae__MS3_00008957	matched	OG0002087	OG0002087	Hsap__GeneID_284217, Hsap__GeneID_3908	many-to-many	Cele__WBGene00002248	many-to-one	Dmel__GeneID_43946	many-to-one	Mmus__GeneID_16772, Mmus__GeneID_16773	many-to-many	Xlae__GeneID_108716137, Xlae__GeneID_108718546	many-to-many	shared HOG	2	1	3	1	1	1	2	2
Shae__MS3_00008971	Shae__MS3_00008971	matched	OG0003225	OG0003225	Hsap__GeneID_6416	one-to-one	Cele__WBGene00003368, Cele__WBGene00012162	one-to-many	Dmel__GeneID_41020	one-to-one	Mmus__GeneID_26398	one-to-one	Xlae__GeneID_399471, Xlae__GeneID_431908	one-to-many	shared HOG	1	2	1	1	1	1	1	2
Shae__MS3_00008988	Shae__MS3_00008988	matched	OG0013459	OG0013459		no direct pairwise orthologue detected		no direct pairwise orthologue detected		no direct pairwise orthologue detected		no direct pairwise orthologue detected		no direct pairwise orthologue detected	Schistosoma-only in sampled HOG	0	0	1	1	1	0	0	0
Shae__MS3_00009095	Shae__MS3_00009095	matched	OG0010632	OG0010632		no direct pairwise orthologue detected		no direct pairwise orthologue detected		no direct pairwise orthologue detected		no direct pairwise orthologue detected	Xlae__GeneID_108708143	one-to-one	shared HOG	0	0	1	1	1	0	0	1
Shae__MS3_00009134	Shae__MS3_00009134	matched	OG0005219	OG0005219	Hsap__GeneID_54851	one-to-one	Cele__WBGene00007985, Cele__WBGene00017831	one-to-many	Dmel__GeneID_34874	one-to-one	Mmus__GeneID_56503	one-to-one		no direct pairwise orthologue detected	shared HOG	1	2	1	1	1	1	1	0
Shae__MS3_00009264	Shae__MS3_00009264	matched	OG0000213	OG0000213	Hsap__GeneID_2268, Hsap__GeneID_2534, Hsap__GeneID_3055, Hsap__GeneID_3932, Hsap__GeneID_4067, Hsap__GeneID_640, Hsap__GeneID_6714, Hsap__GeneID_7525	many-to-many	Cele__WBGene00005077	many-to-one	Dmel__GeneID_48973	many-to-one	Mmus__GeneID_12143, Mmus__GeneID_14191, Mmus__GeneID_14360, Mmus__GeneID_15162, Mmus__GeneID_16818, Mmus__GeneID_17096, Mmus__GeneID_20779, Mmus__GeneID_22612	many-to-many	Xlae__GeneID_100036955, Xlae__GeneID_108695301, Xlae__GeneID_108708097, Xlae__GeneID_108708930, Xlae__GeneID_108709526, Xlae__GeneID_108717237, Xlae__GeneID_373609, Xlae__GeneID_373647, Xlae__GeneID_373649, Xlae__GeneID_379629, Xlae__GeneID_379812, Xlae__GeneID_380430, Xlae__GeneID_734720	many-to-many	shared HOG	8	1	3	3	4	1	8	13
Shae__MS3_00009375	Shae__MS3_00009375	matched	OG0013508	OG0013508		no direct pairwise orthologue detected		no direct pairwise orthologue detected		no direct pairwise orthologue detected		no direct pairwise orthologue detected		no direct pairwise orthologue detected	Schistosoma-only in sampled HOG	0	0	1	1	1	0	0	0
Shae__MS3_00009432	Shae__MS3_00009432	matched	OG0013520	OG0013520		no direct pairwise orthologue detected		no direct pairwise orthologue detected		no direct pairwise orthologue detected		no direct pairwise orthologue detected		no direct pairwise orthologue detected	Schistosoma-only in sampled HOG	0	0	1	1	1	0	0	0
Shae__MS3_00009653	Shae__MS3_00009653	matched	OG0002474	OG0002474	Hsap__GeneID_1445, Hsap__GeneID_4145	one-to-many	Cele__WBGene00000812	one-to-one	Dmel__GeneID_41398	one-to-one	Mmus__GeneID_12988, Mmus__GeneID_17179	one-to-many	Xlae__GeneID_121399356, Xlae__GeneID_373593, Xlae__GeneID_378532	one-to-many	shared HOG	2	1	1	1	1	1	2	3
Shae__MS3_00009666	Shae__MS3_00009666	matched	OG0008174	OG0008174		no direct pairwise orthologue detected	Cele__WBGene00001746	one-to-one	Dmel__GeneID_318552	one-to-one		no direct pairwise orthologue detected		no direct pairwise orthologue detected	shared HOG	0	1	1	0	1	1	0	0
Shae__MS3_00009762	Shae__MS3_00009762	matched	OG0001083	OG0001083	Hsap__GeneID_2241, Hsap__GeneID_2242	one-to-many	Cele__WBGene00001487, Cele__WBGene00002198, Cele__WBGene00020659, Cele__WBGene00022780	one-to-many	Dmel__GeneID_41118	one-to-one	Mmus__GeneID_14158, Mmus__GeneID_14159	one-to-many	Xlae__GeneID_108695677, Xlae__GeneID_108707219, Xlae__GeneID_108711440, Xlae__GeneID_444292	one-to-many	shared HOG	2	4	1	1	3	1	2	4
Shae__MS3_00009865	Shae__MS3_00009865	matched	OG0000547	OG0000547	Hsap__GeneID_3688, Hsap__GeneID_3689, Hsap__GeneID_3690, Hsap__GeneID_3693, Hsap__GeneID_3694, Hsap__GeneID_3695	one-to-many	Cele__WBGene00003930	one-to-one	Dmel__GeneID_44885	one-to-one	Mmus__GeneID_16412, Mmus__GeneID_16414, Mmus__GeneID_16415, Mmus__GeneID_16416, Mmus__GeneID_16419, Mmus__GeneID_16420, Mmus__GeneID_16421	one-to-many	Xlae__GeneID_108702890, Xlae__GeneID_108708650, Xlae__GeneID_378686, Xlae__GeneID_379708, Xlae__GeneID_397699, Xlae__GeneID_397755, Xlae__GeneID_399443, Xlae__GeneID_446423	one-to-many	shared HOG	6	1	1	1	1	1	7	8
Shae__MS3_00009872	Shae__MS3_00009872	matched	OG0000401	OG0000401	Hsap__GeneID_3674, Hsap__GeneID_3676, Hsap__GeneID_3678, Hsap__GeneID_3680, Hsap__GeneID_3685, Hsap__GeneID_8516	one-to-many	Cele__WBGene00003929	one-to-one	Dmel__GeneID_32661, Dmel__GeneID_36692, Dmel__GeneID_36693, Dmel__GeneID_37732	one-to-many	Mmus__GeneID_104099, Mmus__GeneID_16399, Mmus__GeneID_16401, Mmus__GeneID_16402, Mmus__GeneID_16410, Mmus__GeneID_241226	one-to-many	Xlae__GeneID_100191022, Xlae__GeneID_108701397, Xlae__GeneID_108718824, Xlae__GeneID_108719000, Xlae__GeneID_108719885, Xlae__GeneID_394366, Xlae__GeneID_397839, Xlae__GeneID_397842, Xlae__GeneID_397997, Xlae__GeneID_495051	one-to-many	shared HOG	6	1	1	1	1	4	6	10
Shae__MS3_00010057	Shae__MS3_00010057	matched	OG0000784	OG0000784	Hsap__GeneID_1289, Hsap__GeneID_1301, Hsap__GeneID_1302, Hsap__GeneID_50509	many-to-many		no direct pairwise orthologue detected		no direct pairwise orthologue detected	Mmus__GeneID_12814, Mmus__GeneID_12815, Mmus__GeneID_12831, Mmus__GeneID_53867	many-to-many	Xlae__GeneID_108699914, Xlae__GeneID_108700220, Xlae__GeneID_108711695, Xlae__GeneID_108713331, Xlae__GeneID_108714428, Xlae__GeneID_108715007, Xlae__GeneID_398739	many-to-many	shared HOG	4	0	2	2	2	0	4	7
Shae__MS3_00010191	Shae__MS3_00010191	matched	OG0000309	OG0000309	Hsap__GeneID_1282, Hsap__GeneID_1284, Hsap__GeneID_1285, Hsap__GeneID_1286, Hsap__GeneID_1287, Hsap__GeneID_1288	many-to-many	Cele__WBGene00001263, Cele__WBGene00002280	many-to-many	Dmel__GeneID_33726, Dmel__GeneID_33727	many-to-many	Mmus__GeneID_12826, Mmus__GeneID_12827, Mmus__GeneID_12828, Mmus__GeneID_12829, Mmus__GeneID_12830, Mmus__GeneID_94216	many-to-many	Xlae__GeneID_108698394, Xlae__GeneID_108698395, Xlae__GeneID_108700098, Xlae__GeneID_108700099, Xlae__GeneID_108709738, Xlae__GeneID_108709739, Xlae__GeneID_373763, Xlae__GeneID_373764	many-to-many	shared HOG	6	2	3	4	4	2	6	8
Shae__MS3_00010367	Shae__MS3_00010367	matched	OG0001084	OG0001084	Hsap__GeneID_238, Hsap__GeneID_4058, Hsap__GeneID_6098	one-to-many	Cele__WBGene00004740	one-to-one	Dmel__GeneID_32039, Dmel__GeneID_53425	one-to-many	Mmus__GeneID_11682, Mmus__GeneID_17005, Mmus__GeneID_19886	one-to-many	Xlae__GeneID_108698980, Xlae__GeneID_108699739, Xlae__GeneID_108716096, Xlae__GeneID_108716156, Xlae__GeneID_108717382, Xlae__GeneID_121394155	one-to-many	shared HOG	3	1	1	1	1	2	3	6
Shae__MS3_00010396	Shae__MS3_00010396	matched	OG0000522	OG0000522	Hsap__GeneID_27330, Hsap__GeneID_6195, Hsap__GeneID_6196, Hsap__GeneID_6197, Hsap__GeneID_8986, Hsap__GeneID_9252	one-to-many	Cele__WBGene00008311, Cele__WBGene00011352	one-to-many	Dmel__GeneID_33139	one-to-one	Mmus__GeneID_110651, Mmus__GeneID_20111, Mmus__GeneID_20112, Mmus__GeneID_56613, Mmus__GeneID_67071, Mmus__GeneID_73086	one-to-many	Xlae__GeneID_100037253, Xlae__GeneID_108698451, Xlae__GeneID_108698712, Xlae__GeneID_108700150, Xlae__GeneID_108709331, Xlae__GeneID_108717877, Xlae__GeneID_399376, Xlae__GeneID_443729, Xlae__GeneID_445821	one-to-many	shared HOG	6	2	1	1	1	1	6	9
Shae__MS3_00010441	Shae__MS3_00010441	matched	OG0013668	OG0013668		no direct pairwise orthologue detected		no direct pairwise orthologue detected		no direct pairwise orthologue detected		no direct pairwise orthologue detected		no direct pairwise orthologue detected	Schistosoma-only in sampled HOG	0	0	1	1	1	0	0	0
Shae__MS3_00010478	Shae__MS3_00010478	matched	OG0006689	OG0006689		no direct pairwise orthologue detected	Cele__WBGene00006876	one-to-one	Dmel__GeneID_36542	one-to-one		no direct pairwise orthologue detected		no direct pairwise orthologue detected	shared HOG	0	1	1	2	1	1	0	0
Shae__MS3_00010577	Shae__MS3_00010577	matched	OG0000873	OG0000873	Hsap__GeneID_10290, Hsap__GeneID_340156, Hsap__GeneID_85366, Hsap__GeneID_91807	one-to-many	Cele__WBGene00013869	one-to-one	Dmel__GeneID_36002	one-to-one	Mmus__GeneID_11790, Mmus__GeneID_213435, Mmus__GeneID_228785, Mmus__GeneID_238564	one-to-many	Xlae__GeneID_108700969, Xlae__GeneID_108701290, Xlae__GeneID_108702928, Xlae__GeneID_108714133, Xlae__GeneID_108715487, Xlae__GeneID_108719107, Xlae__GeneID_108720081	one-to-many	shared HOG	4	1	1	1	1	1	4	7
Shae__MS3_00010729	Shae__MS3_00010729	matched	OG0001730	OG0001730	Hsap__GeneID_5594, Hsap__GeneID_5595	many-to-many	Cele__WBGene00003401	many-to-one	Dmel__GeneID_3354888	many-to-one	Mmus__GeneID_26413, Mmus__GeneID_26417	many-to-many	Xlae__GeneID_397785, Xlae__GeneID_398985	many-to-many	shared HOG	2	1	2	2	2	1	2	2
Shae__MS3_00010803	Shae__MS3_00010803	matched	OG0003844	OG0003844	Hsap__GeneID_10097	one-to-one	Cele__WBGene00000200	one-to-one	Dmel__GeneID_32623	one-to-one	Mmus__GeneID_66713	one-to-one	Xlae__GeneID_443741, Xlae__GeneID_734239	one-to-many	shared HOG	1	1	1	1	1	1	1	2
Shae__MS3_00010929	Shae__MS3_00010929	matched	OG0008159	OG0008159		no direct pairwise orthologue detected		no direct pairwise orthologue detected	Dmel__GeneID_41995	one-to-one		no direct pairwise orthologue detected		no direct pairwise orthologue detected	shared HOG	0	0	1	1	1	1	0	0
Shae__MS3_00011141	Shae__MS3_00011141	matched	OG0007341	OG0007341	Hsap__GeneID_26095	one-to-one		no direct pairwise orthologue detected		no direct pairwise orthologue detected	Mmus__GeneID_19256	one-to-one		no direct pairwise orthologue detected	shared HOG	1	0	1	1	1	0	1	0
Shae__MS3_00011163	Shae__MS3_00011163	matched	OG0002841	OG0002841	Hsap__GeneID_10096, Hsap__GeneID_57180	one-to-many	Cele__WBGene00000199	one-to-one	Dmel__GeneID_38898	one-to-one	Mmus__GeneID_242894, Mmus__GeneID_74117	one-to-many	Xlae__GeneID_108701232, Xlae__GeneID_380084	one-to-many	shared HOG	2	1	1	1	1	1	2	2
Sjap__EWB00_000274	Sjap__EWB00_000274	matched	OG0000784	OG0000784	Hsap__GeneID_1289, Hsap__GeneID_1301, Hsap__GeneID_1302, Hsap__GeneID_50509	many-to-many		no direct pairwise orthologue detected		no direct pairwise orthologue detected	Mmus__GeneID_12814, Mmus__GeneID_12815, Mmus__GeneID_12831, Mmus__GeneID_53867	many-to-many	Xlae__GeneID_108699914, Xlae__GeneID_108700220, Xlae__GeneID_108711695, Xlae__GeneID_108713331, Xlae__GeneID_108714428, Xlae__GeneID_108715007, Xlae__GeneID_398739	many-to-many	shared HOG	4	0	2	2	2	0	4	7
Sjap__EWB00_000320	Sjap__EWB00_000320	matched	OG0002810	OG0002810	Hsap__GeneID_5592	many-to-one		no direct pairwise orthologue detected	Dmel__GeneID_44817	many-to-one	Mmus__GeneID_19091	many-to-one	Xlae__GeneID_108696071, Xlae__GeneID_108697357	many-to-many	shared HOG	1	0	2	2	2	1	1	2
Sjap__EWB00_000422	Sjap__EWB00_000422	matched	OG0004909	OG0004909		no direct pairwise orthologue detected		no direct pairwise orthologue detected	Dmel__GeneID_32188	many-to-one		no direct pairwise orthologue detected		no direct pairwise orthologue detected	shared HOG	0	0	2	2	3	1	0	0
Sjap__EWB00_000516	Sjap__EWB00_000516	matched	OG0005108	OG0005108	Hsap__GeneID_5170	one-to-one	Cele__WBGene00003965	one-to-one	Dmel__GeneID_38017	one-to-one	Mmus__GeneID_18607	one-to-one	Xlae__GeneID_108703133, Xlae__GeneID_444529	one-to-many	shared HOG	1	1	0	1	1	1	1	2
Sjap__EWB00_000751	Sjap__EWB00_000751	matched	OG0015962	OG0015962		no direct pairwise orthologue detected		no direct pairwise orthologue detected		no direct pairwise orthologue detected		no direct pairwise orthologue detected		no direct pairwise orthologue detected	Schistosoma-only in sampled HOG	0	0	0	1	1	0	0	0
Sjap__EWB00_000811	Sjap__EWB00_000811	matched	OG0004909	OG0004909		no direct pairwise orthologue detected		no direct pairwise orthologue detected	Dmel__GeneID_32188	many-to-one		no direct pairwise orthologue detected		no direct pairwise orthologue detected	shared HOG	0	0	2	2	3	1	0	0
Sjap__EWB00_001036	Sjap__EWB00_001036	matched	OG0001663	OG0001663	Hsap__GeneID_23683, Hsap__GeneID_25865, Hsap__GeneID_5587	one-to-many	Cele__WBGene00012019, Cele__WBGene00012352	one-to-many	Dmel__GeneID_42203	one-to-one	Mmus__GeneID_101540, Mmus__GeneID_18760, Mmus__GeneID_75292	one-to-many	Xlae__GeneID_108699707, Xlae__GeneID_108713955, Xlae__GeneID_447531	one-to-many	shared HOG	3	2	1	1	1	1	3	3
Sjap__EWB00_001091	Sjap__EWB00_001091	matched	OG0002667	OG0002667	Hsap__GeneID_5260, Hsap__GeneID_5261	one-to-many	Cele__WBGene00021753	one-to-one	Dmel__GeneID_32120	one-to-one	Mmus__GeneID_18682, Mmus__GeneID_68961	one-to-many	Xlae__GeneID_108708334, Xlae__GeneID_373780, Xlae__GeneID_496328	one-to-many	shared HOG	2	1	1	1	1	1	2	3
Sjap__EWB00_001102	Sjap__EWB00_001102	matched	OG0000309	OG0000309	Hsap__GeneID_1282, Hsap__GeneID_1284, Hsap__GeneID_1285, Hsap__GeneID_1286, Hsap__GeneID_1287, Hsap__GeneID_1288	many-to-many	Cele__WBGene00001263, Cele__WBGene00002280	many-to-many	Dmel__GeneID_33726, Dmel__GeneID_33727	many-to-many	Mmus__GeneID_12826, Mmus__GeneID_12827, Mmus__GeneID_12828, Mmus__GeneID_12829, Mmus__GeneID_12830, Mmus__GeneID_94216	many-to-many	Xlae__GeneID_108698394, Xlae__GeneID_108698395, Xlae__GeneID_108700098, Xlae__GeneID_108700099, Xlae__GeneID_108709738, Xlae__GeneID_108709739, Xlae__GeneID_373763, Xlae__GeneID_373764	many-to-many	shared HOG	6	2	3	4	4	2	6	8
Sjap__EWB00_001225	Sjap__EWB00_001225	matched	OG0001602	OG0001602	Hsap__GeneID_1495, Hsap__GeneID_1496, Hsap__GeneID_29119	one-to-many	Cele__WBGene00001978	one-to-one	Dmel__GeneID_40517	one-to-one	Mmus__GeneID_12385, Mmus__GeneID_12386, Mmus__GeneID_216033	one-to-many	Xlae__GeneID_108706501, Xlae__GeneID_108710831, Xlae__GeneID_399303, Xlae__GeneID_444710	one-to-many	shared HOG	3	1	1	1	1	1	3	4
Sjap__EWB00_001228	Sjap__EWB00_001228	matched	OG0000470	OG0000470	Hsap__GeneID_269, Hsap__GeneID_659, Hsap__GeneID_7048, Hsap__GeneID_92, Hsap__GeneID_93	one-to-many	Cele__WBGene00000900	one-to-one	Dmel__GeneID_41772, Dmel__GeneID_44096	one-to-many	Mmus__GeneID_110542, Mmus__GeneID_11480, Mmus__GeneID_11481, Mmus__GeneID_12168, Mmus__GeneID_21813	one-to-many	Xlae__GeneID_108701455, Xlae__GeneID_108702885, Xlae__GeneID_108709904, Xlae__GeneID_108718935, Xlae__GeneID_108719963, Xlae__GeneID_121400055, Xlae__GeneID_373815, Xlae__GeneID_397859, Xlae__GeneID_397981, Xlae__GeneID_399277, Xlae__GeneID_399283, Xlae__GeneID_495087	one-to-many	shared HOG	5	1	1	1	1	2	5	12
Sjap__EWB00_001311	Sjap__EWB00_001311	matched	OG0000784	OG0000784	Hsap__GeneID_1289, Hsap__GeneID_1301, Hsap__GeneID_1302, Hsap__GeneID_50509	many-to-many		no direct pairwise orthologue detected		no direct pairwise orthologue detected	Mmus__GeneID_12814, Mmus__GeneID_12815, Mmus__GeneID_12831, Mmus__GeneID_53867	many-to-many	Xlae__GeneID_108699914, Xlae__GeneID_108700220, Xlae__GeneID_108711695, Xlae__GeneID_108713331, Xlae__GeneID_108714428, Xlae__GeneID_108715007, Xlae__GeneID_398739	many-to-many	shared HOG	4	0	2	2	2	0	4	7
Sjap__EWB00_001328	Sjap__EWB00_001328	matched	OG0002087	OG0002087	Hsap__GeneID_284217, Hsap__GeneID_3908	one-to-many	Cele__WBGene00002248	one-to-one	Dmel__GeneID_43946	one-to-one	Mmus__GeneID_16772, Mmus__GeneID_16773	one-to-many	Xlae__GeneID_108716137, Xlae__GeneID_108718546	one-to-many	shared HOG	2	1	3	1	1	1	2	2
Sjap__EWB00_001343	Sjap__EWB00_001343	matched	OG0003225	OG0003225	Hsap__GeneID_6416	one-to-one	Cele__WBGene00003368, Cele__WBGene00012162	one-to-many	Dmel__GeneID_41020	one-to-one	Mmus__GeneID_26398	one-to-one	Xlae__GeneID_399471, Xlae__GeneID_431908	one-to-many	shared HOG	1	2	1	1	1	1	1	2
Sjap__EWB00_001391	Sjap__EWB00_001391	matched	OG0006462	OG0006462	Hsap__GeneID_25989	one-to-one		no direct pairwise orthologue detected	Dmel__GeneID_41112	one-to-one	Mmus__GeneID_71742	one-to-one	Xlae__GeneID_734568	one-to-one	shared HOG	1	0	1	1	1	1	1	1
Sjap__EWB00_001408	Sjap__EWB00_001408	matched	OG0005197	OG0005197	Hsap__GeneID_64431	one-to-one	Cele__WBGene00007434	one-to-one	Dmel__GeneID_32514	one-to-one	Mmus__GeneID_67019	one-to-one	Xlae__GeneID_100037212	one-to-one	shared HOG	1	1	1	1	1	1	1	1
Sjap__EWB00_001471	Sjap__EWB00_001471	matched	OG0001055	OG0001055	Hsap__GeneID_3702, Hsap__GeneID_660, Hsap__GeneID_695, Hsap__GeneID_7006, Hsap__GeneID_7294	one-to-many		no direct pairwise orthologue detected	Dmel__GeneID_34132	one-to-one	Mmus__GeneID_12169, Mmus__GeneID_12229, Mmus__GeneID_16428, Mmus__GeneID_21682, Mmus__GeneID_22165	one-to-many	Xlae__GeneID_108698274, Xlae__GeneID_108706583, Xlae__GeneID_108710759, Xlae__GeneID_121402817, Xlae__GeneID_734996	one-to-many	shared HOG	5	0	1	1	1	1	5	5
Sjap__EWB00_001594	Sjap__EWB00_001594	matched	OG0001365	OG0001365	Hsap__GeneID_130399, Hsap__GeneID_7046, Hsap__GeneID_91	one-to-many		no direct pairwise orthologue detected	Dmel__GeneID_35900	one-to-one	Mmus__GeneID_11479, Mmus__GeneID_21812, Mmus__GeneID_269275	one-to-many	Xlae__GeneID_108701335, Xlae__GeneID_108702964, Xlae__GeneID_108708537, Xlae__GeneID_108719029, Xlae__GeneID_399295, Xlae__GeneID_399454	one-to-many	shared HOG	3	0	1	1	1	1	3	6
Sjap__EWB00_001618	Sjap__EWB00_001618	matched	OG0002682	OG0002682	Hsap__GeneID_51412, Hsap__GeneID_86	one-to-many	Cele__WBGene00022774	one-to-one	Dmel__GeneID_36956	one-to-one	Mmus__GeneID_56456, Mmus__GeneID_83766	one-to-many	Xlae__GeneID_108703569, Xlae__GeneID_108717002, Xlae__GeneID_380143	one-to-many	shared HOG	2	1	1	1	1	1	2	3
Sjap__EWB00_001961	Sjap__EWB00_001961	matched	OG0002125	OG0002125	Hsap__GeneID_22848, Hsap__GeneID_55589	one-to-many	Cele__WBGene00004762	one-to-one	Dmel__GeneID_35154	one-to-one	Mmus__GeneID_140780, Mmus__GeneID_269774	one-to-many	Xlae__GeneID_108706817, Xlae__GeneID_108711545, Xlae__GeneID_108712220, Xlae__GeneID_108712767	one-to-many	shared HOG	2	1	1	1	1	1	2	4
Sjap__EWB00_002103	Sjap__EWB00_002103	matched	OG0001282	OG0001282	Hsap__GeneID_10979, Hsap__GeneID_55612, Hsap__GeneID_83706	one-to-many	Cele__WBGene00006836	one-to-one	Dmel__GeneID_38488, Dmel__GeneID_39907	one-to-many	Mmus__GeneID_108101, Mmus__GeneID_218952, Mmus__GeneID_241639	one-to-many	Xlae__GeneID_100049120, Xlae__GeneID_108713911, Xlae__GeneID_379119, Xlae__GeneID_446790, Xlae__GeneID_494682	one-to-many	shared HOG	3	1	1	1	1	2	3	5
Sjap__EWB00_002182	Sjap__EWB00_002182	matched	OG0010632	OG0010632		no direct pairwise orthologue detected		no direct pairwise orthologue detected		no direct pairwise orthologue detected		no direct pairwise orthologue detected	Xlae__GeneID_108708143	one-to-one	shared HOG	0	0	1	1	1	0	0	1
Sjap__EWB00_002194	Sjap__EWB00_002194	matched	OG0000522	OG0000522	Hsap__GeneID_27330, Hsap__GeneID_6195, Hsap__GeneID_6196, Hsap__GeneID_6197, Hsap__GeneID_8986, Hsap__GeneID_9252	one-to-many	Cele__WBGene00008311, Cele__WBGene00011352	one-to-many	Dmel__GeneID_33139	one-to-one	Mmus__GeneID_110651, Mmus__GeneID_20111, Mmus__GeneID_20112, Mmus__GeneID_56613, Mmus__GeneID_67071, Mmus__GeneID_73086	one-to-many	Xlae__GeneID_100037253, Xlae__GeneID_108698451, Xlae__GeneID_108698712, Xlae__GeneID_108700150, Xlae__GeneID_108709331, Xlae__GeneID_108717877, Xlae__GeneID_399376, Xlae__GeneID_443729, Xlae__GeneID_445821	one-to-many	shared HOG	6	2	1	1	1	1	6	9
Sjap__EWB00_002313	Sjap__EWB00_002313	matched	OG0001017	OG0001017	Hsap__GeneID_4917, Hsap__GeneID_9423	many-to-many	Cele__WBGene00006746	many-to-one	Dmel__GeneID_32398, Dmel__GeneID_32400	many-to-many	Mmus__GeneID_18208, Mmus__GeneID_18209	many-to-many	Xlae__GeneID_100127305, Xlae__GeneID_108697748, Xlae__GeneID_108701181, Xlae__GeneID_108701615, Xlae__GeneID_108703174, Xlae__GeneID_373694	many-to-many	shared HOG	2	1	2	2	2	2	2	6
Sjap__EWB00_002386	Sjap__EWB00_002386	matched	OG0002882	OG0002882	Hsap__GeneID_5604, Hsap__GeneID_5605	one-to-many	Cele__WBGene00003186	one-to-one	Dmel__GeneID_31872	one-to-one	Mmus__GeneID_26395, Mmus__GeneID_26396	one-to-many	Xlae__GeneID_108712802, Xlae__GeneID_379991	one-to-many	shared HOG	2	1	1	1	1	1	2	2
Sjap__EWB00_002413	Sjap__EWB00_002413	matched	OG0001312	OG0001312	Hsap__GeneID_6788, Hsap__GeneID_6789, Hsap__GeneID_80122	one-to-many	Cele__WBGene00016038, Cele__WBGene00017472	one-to-many	Dmel__GeneID_37247	one-to-one	Mmus__GeneID_22625, Mmus__GeneID_56274, Mmus__GeneID_58231	one-to-many	Xlae__GeneID_108701280, Xlae__GeneID_108719348, Xlae__GeneID_398925, Xlae__GeneID_432210, Xlae__GeneID_779226	one-to-many	shared HOG	3	2	1	1	1	1	3	5
Sjap__EWB00_002502	Sjap__EWB00_002502	matched	OG0000053	OG0000053	Hsap__GeneID_100287399, Hsap__GeneID_100288966, Hsap__GeneID_100996331, Hsap__GeneID_101927345, Hsap__GeneID_101927375, Hsap__GeneID_102723382, Hsap__GeneID_102723502, Hsap__GeneID_102724631, Hsap__GeneID_105375816, Hsap__GeneID_105375817, Hsap__GeneID_105379417, Hsap__GeneID_112268044, Hsap__GeneID_22852, Hsap__GeneID_23784, Hsap__GeneID_253650, Hsap__GeneID_317754, Hsap__GeneID_340441, Hsap__GeneID_342850, Hsap__GeneID_374860, Hsap__GeneID_375248, Hsap__GeneID_388468, Hsap__GeneID_400986, Hsap__GeneID_404785, Hsap__GeneID_441459, Hsap__GeneID_445582, Hsap__GeneID_554226, Hsap__GeneID_56311, Hsap__GeneID_57730, Hsap__GeneID_58, Hsap__GeneID_59, Hsap__GeneID_60, Hsap__GeneID_641455, Hsap__GeneID_653269, Hsap__GeneID_653781, Hsap__GeneID_70, Hsap__GeneID_71, Hsap__GeneID_72, Hsap__GeneID_728378, Hsap__GeneID_84210, Hsap__GeneID_91074, Hsap__GeneID_9720	one-to-many	Cele__WBGene00000063, Cele__WBGene00000064, Cele__WBGene00000065, Cele__WBGene00000066, Cele__WBGene00000067	one-to-many	Dmel__GeneID_31521, Dmel__GeneID_35526, Dmel__GeneID_37368, Dmel__GeneID_40444, Dmel__GeneID_41885, Dmel__GeneID_48632	one-to-many	Mmus__GeneID_11459, Mmus__GeneID_11461, Mmus__GeneID_11464, Mmus__GeneID_11465, Mmus__GeneID_11468, Mmus__GeneID_11475, Mmus__GeneID_232339, Mmus__GeneID_75196	one-to-many	Xlae__GeneID_100337595, Xlae__GeneID_100653490, Xlae__GeneID_108699710, Xlae__GeneID_108703086, Xlae__GeneID_108711140, Xlae__GeneID_108713105, Xlae__GeneID_108716753, Xlae__GeneID_379351, Xlae__GeneID_379752, Xlae__GeneID_398426, Xlae__GeneID_398459, Xlae__GeneID_431847, Xlae__GeneID_432314, Xlae__GeneID_734918, Xlae__GeneID_779096, Xlae__GeneID_779129	one-to-many	shared HOG	41	5	1	1	2	6	8	16
Sjap__EWB00_002531	Sjap__EWB00_002531	matched	OG0002696	OG0002696	Hsap__GeneID_3984, Hsap__GeneID_3985	one-to-many		no direct pairwise orthologue detected	Dmel__GeneID_32207	one-to-one	Mmus__GeneID_16885, Mmus__GeneID_16886	one-to-many	Xlae__GeneID_108705108, Xlae__GeneID_108709319, Xlae__GeneID_397696, Xlae__GeneID_398298	one-to-many	shared HOG	2	0	1	1	1	1	2	4
Sjap__EWB00_002741	Sjap__EWB00_002741	matched	OG0001608	OG0001608	Hsap__GeneID_22798, Hsap__GeneID_3912, Hsap__GeneID_3913	one-to-many	Cele__WBGene00002247	one-to-one	Dmel__GeneID_34068	one-to-one	Mmus__GeneID_16777, Mmus__GeneID_16779	one-to-many	Xlae__GeneID_108711178, Xlae__GeneID_108711179, Xlae__GeneID_108713081, Xlae__GeneID_108715891, Xlae__GeneID_494988	one-to-many	shared HOG	3	1	1	1	1	1	2	5
Sjap__EWB00_002775	Sjap__EWB00_002775	matched	OG0000767	OG0000767	Hsap__GeneID_2316, Hsap__GeneID_2317, Hsap__GeneID_2318	many-to-many	Cele__WBGene00022048	many-to-one	Dmel__GeneID_42066	many-to-one	Mmus__GeneID_192176, Mmus__GeneID_286940, Mmus__GeneID_68794	many-to-many	Xlae__GeneID_108699999, Xlae__GeneID_108704467, Xlae__GeneID_108705104, Xlae__GeneID_108715054, Xlae__GeneID_121393384, Xlae__GeneID_121393385, Xlae__GeneID_733321, Xlae__GeneID_734178	many-to-many	shared HOG	3	1	2	2	2	1	3	8
Sjap__EWB00_002781	Sjap__EWB00_002781	matched	OG0003217	OG0003217	Hsap__GeneID_122011, Hsap__GeneID_1452	one-to-many	Cele__WBGene00002202	one-to-one	Dmel__GeneID_32221	one-to-one	Mmus__GeneID_93687	one-to-one	Xlae__GeneID_379624, Xlae__GeneID_380238	one-to-many	shared HOG	2	1	1	1	1	1	1	2
Sjap__EWB00_002797	Sjap__EWB00_002797	matched	OG0001726	OG0001726	Hsap__GeneID_102724428, Hsap__GeneID_150094, Hsap__GeneID_23235	one-to-many	Cele__WBGene00002210	one-to-one	Dmel__GeneID_31170, Dmel__GeneID_37152	one-to-many	Mmus__GeneID_17691, Mmus__GeneID_235344	one-to-many	Xlae__GeneID_100502576, Xlae__GeneID_108697582, Xlae__GeneID_108709301	one-to-many	shared HOG	3	1	1	1	1	2	2	3
Sjap__EWB00_002869	Sjap__EWB00_002869	matched	OG0000547	OG0000547	Hsap__GeneID_3688, Hsap__GeneID_3689, Hsap__GeneID_3690, Hsap__GeneID_3693, Hsap__GeneID_3694, Hsap__GeneID_3695	one-to-many	Cele__WBGene00003930	one-to-one	Dmel__GeneID_44885	one-to-one	Mmus__GeneID_16412, Mmus__GeneID_16414, Mmus__GeneID_16415, Mmus__GeneID_16416, Mmus__GeneID_16419, Mmus__GeneID_16420, Mmus__GeneID_16421	one-to-many	Xlae__GeneID_108702890, Xlae__GeneID_108708650, Xlae__GeneID_378686, Xlae__GeneID_379708, Xlae__GeneID_397699, Xlae__GeneID_397755, Xlae__GeneID_399443, Xlae__GeneID_446423	one-to-many	shared HOG	6	1	1	1	1	1	7	8
Sjap__EWB00_002899	Sjap__EWB00_002899	matched	OG0013203	OG0013203		no direct pairwise orthologue detected		no direct pairwise orthologue detected		no direct pairwise orthologue detected		no direct pairwise orthologue detected		no direct pairwise orthologue detected	Schistosoma-only in sampled HOG	0	0	1	1	1	0	0	0
Sjap__EWB00_002919	Sjap__EWB00_002919	matched	OG0000401	OG0000401	Hsap__GeneID_3674, Hsap__GeneID_3676, Hsap__GeneID_3678, Hsap__GeneID_3680, Hsap__GeneID_3685, Hsap__GeneID_8516	one-to-many	Cele__WBGene00003929	one-to-one	Dmel__GeneID_32661, Dmel__GeneID_36692, Dmel__GeneID_36693, Dmel__GeneID_37732	one-to-many	Mmus__GeneID_104099, Mmus__GeneID_16399, Mmus__GeneID_16401, Mmus__GeneID_16402, Mmus__GeneID_16410, Mmus__GeneID_241226	one-to-many	Xlae__GeneID_100191022, Xlae__GeneID_108701397, Xlae__GeneID_108718824, Xlae__GeneID_108719000, Xlae__GeneID_108719885, Xlae__GeneID_394366, Xlae__GeneID_397839, Xlae__GeneID_397842, Xlae__GeneID_397997, Xlae__GeneID_495051	one-to-many	shared HOG	6	1	1	1	1	4	6	10
Sjap__EWB00_003063	Sjap__EWB00_003063	matched	OG0001084	OG0001084	Hsap__GeneID_238, Hsap__GeneID_4058, Hsap__GeneID_6098	one-to-many	Cele__WBGene00004740	one-to-one	Dmel__GeneID_32039, Dmel__GeneID_53425	one-to-many	Mmus__GeneID_11682, Mmus__GeneID_17005, Mmus__GeneID_19886	one-to-many	Xlae__GeneID_108698980, Xlae__GeneID_108699739, Xlae__GeneID_108716096, Xlae__GeneID_108716156, Xlae__GeneID_108717382, Xlae__GeneID_121394155	one-to-many	shared HOG	3	1	1	1	1	2	3	6
Sjap__EWB00_003065	Sjap__EWB00_003065	matched	OG0000917	OG0000917	Hsap__GeneID_815, Hsap__GeneID_816, Hsap__GeneID_817, Hsap__GeneID_818	one-to-many	Cele__WBGene00006779	one-to-one	Dmel__GeneID_43828	one-to-one	Mmus__GeneID_108058, Mmus__GeneID_12322, Mmus__GeneID_12323, Mmus__GeneID_12325	one-to-many	Xlae__GeneID_108696257, Xlae__GeneID_108712641, Xlae__GeneID_380508, Xlae__GeneID_397789, Xlae__GeneID_398376, Xlae__GeneID_399160, Xlae__GeneID_399284	one-to-many	shared HOG	4	1	1	1	1	1	4	7
Sjap__EWB00_003104	Sjap__EWB00_003104	matched	OG0003193	OG0003193	Hsap__GeneID_2444	one-to-one	Cele__WBGene00005078	one-to-one	Dmel__GeneID_35524	one-to-one	Mmus__GeneID_14302	one-to-one	Xlae__GeneID_108716819, Xlae__GeneID_108717930	one-to-many	shared HOG	1	1	2	1	1	1	1	2
Sjap__EWB00_003107	Sjap__EWB00_003107	matched	OG0001017	OG0001017	Hsap__GeneID_4917, Hsap__GeneID_9423	many-to-many	Cele__WBGene00006746	many-to-one	Dmel__GeneID_32398, Dmel__GeneID_32400	many-to-many	Mmus__GeneID_18208, Mmus__GeneID_18209	many-to-many	Xlae__GeneID_100127305, Xlae__GeneID_108697748, Xlae__GeneID_108701181, Xlae__GeneID_108701615, Xlae__GeneID_108703174, Xlae__GeneID_373694	many-to-many	shared HOG	2	1	2	2	2	2	2	6
Sjap__EWB00_003114	Sjap__EWB00_003114	matched	OG0004237	OG0004237	Hsap__GeneID_167359	one-to-one	Cele__WBGene00009867	one-to-one	Dmel__GeneID_33284	one-to-one	Mmus__GeneID_245269	one-to-one	Xlae__GeneID_108707299, Xlae__GeneID_108718398	one-to-many	shared HOG	1	1	1	1	1	1	1	2
Sjap__EWB00_003146	Sjap__EWB00_003146	matched	OG0001448	OG0001448	Hsap__GeneID_7094, Hsap__GeneID_83660	many-to-many	Cele__WBGene00006771	many-to-one	Dmel__GeneID_38978	many-to-one	Mmus__GeneID_21894, Mmus__GeneID_70549	many-to-many	Xlae__GeneID_100037170, Xlae__GeneID_108711290, Xlae__GeneID_108712994, Xlae__GeneID_733283	many-to-many	shared HOG	2	1	2	2	2	1	2	4
Sjap__EWB00_003272	Sjap__EWB00_003272	matched	OG0001595	OG0001595	Hsap__GeneID_1017, Hsap__GeneID_1018, Hsap__GeneID_983	one-to-many	Cele__WBGene00000405	one-to-one	Dmel__GeneID_34411, Dmel__GeneID_42453	one-to-many	Mmus__GeneID_12534, Mmus__GeneID_12566	one-to-many	Xlae__GeneID_379785, Xlae__GeneID_380246, Xlae__GeneID_399314, Xlae__GeneID_432036	one-to-many	shared HOG	3	1	1	1	1	2	2	4
Sjap__EWB00_003359	Sjap__EWB00_003359	matched	OG0000643	OG0000643	Hsap__GeneID_1072, Hsap__GeneID_1073, Hsap__GeneID_11034, Hsap__GeneID_729454	many-to-many	Cele__WBGene00006794, Cele__WBGene00302980	many-to-many	Dmel__GeneID_32861, Dmel__GeneID_37841	many-to-many	Mmus__GeneID_12631, Mmus__GeneID_12632, Mmus__GeneID_56431	many-to-many	Xlae__GeneID_108699719, Xlae__GeneID_108716609, Xlae__GeneID_379172, Xlae__GeneID_379258, Xlae__GeneID_379282, Xlae__GeneID_494995	many-to-many	shared HOG	4	2	2	2	3	2	3	6
Sjap__EWB00_003429	Sjap__EWB00_003429	matched	OG0002006	OG0002006	Hsap__GeneID_5829, Hsap__GeneID_7041, Hsap__GeneID_9404	one-to-many	Cele__WBGene00016197	one-to-one	Dmel__GeneID_35215	one-to-one	Mmus__GeneID_107321, Mmus__GeneID_19303, Mmus__GeneID_21804	one-to-many	Xlae__GeneID_734182, Xlae__GeneID_779337	one-to-many	shared HOG	3	1	1	1	1	1	3	2
Sjap__EWB00_003470	Sjap__EWB00_003470	matched	OG0003862	OG0003862	Hsap__GeneID_11200	one-to-one	Cele__WBGene00000499, Cele__WBGene00011612	one-to-many	Dmel__GeneID_35288	one-to-one	Mmus__GeneID_50883	one-to-one	Xlae__GeneID_398179	one-to-one	shared HOG	1	2	1	1	1	1	1	1
Sjap__EWB00_003565	Sjap__EWB00_003565	matched	OG0005046	OG0005046	Hsap__GeneID_7414	one-to-one	Cele__WBGene00000942	one-to-one	Dmel__GeneID_31201	one-to-one	Mmus__GeneID_22330	one-to-one	Xlae__GeneID_373770	one-to-one	shared HOG	1	1	1	1	1	1	1	1
Sjap__EWB00_003590	Sjap__EWB00_003590	matched	OG0000150	OG0000150	Hsap__GeneID_144165, Hsap__GeneID_166336, Hsap__GeneID_2273, Hsap__GeneID_2274, Hsap__GeneID_2275, Hsap__GeneID_26136, Hsap__GeneID_29964, Hsap__GeneID_4007, Hsap__GeneID_9457	many-to-many	Cele__WBGene00006407, Cele__WBGene00015217, Cele__WBGene00022727	many-to-many	Dmel__GeneID_45343, Dmel__GeneID_53557	many-to-many	Mmus__GeneID_106042, Mmus__GeneID_14199, Mmus__GeneID_14200, Mmus__GeneID_14201, Mmus__GeneID_14202, Mmus__GeneID_21753, Mmus__GeneID_236749, Mmus__GeneID_243548, Mmus__GeneID_381104, Mmus__GeneID_54630, Mmus__GeneID_57756	many-to-many	Xlae__GeneID_100127273, Xlae__GeneID_108699981, Xlae__GeneID_108708232, Xlae__GeneID_108708415, Xlae__GeneID_108709459, Xlae__GeneID_108709713, Xlae__GeneID_108713109, Xlae__GeneID_108714730, Xlae__GeneID_108715929, Xlae__GeneID_108717963, Xlae__GeneID_380398, Xlae__GeneID_398256, Xlae__GeneID_398264, Xlae__GeneID_444152, Xlae__GeneID_446852, Xlae__GeneID_447182, Xlae__GeneID_447738	many-to-many	shared HOG	9	3	2	2	2	2	11	17
Sjap__EWB00_003639	Sjap__EWB00_003639	matched	OG0013042	OG0013042		no direct pairwise orthologue detected		no direct pairwise orthologue detected		no direct pairwise orthologue detected		no direct pairwise orthologue detected		no direct pairwise orthologue detected	Schistosoma-only in sampled HOG	0	0	1	1	1	0	0	0
Sjap__EWB00_003710	Sjap__EWB00_003710	matched	OG0002061	OG0002061	Hsap__GeneID_2580, Hsap__GeneID_9829	one-to-many	Cele__WBGene00001043, Cele__WBGene00018516	one-to-many	Dmel__GeneID_40527	one-to-one	Mmus__GeneID_231580, Mmus__GeneID_72685	one-to-many	Xlae__GeneID_108706835, Xlae__GeneID_108714220, Xlae__GeneID_108715524	one-to-many	shared HOG	2	2	1	1	1	1	2	3
Sjap__EWB00_003747	Sjap__EWB00_003747	matched	OG0001083	OG0001083	Hsap__GeneID_2241, Hsap__GeneID_2242	one-to-many	Cele__WBGene00001487, Cele__WBGene00002198, Cele__WBGene00020659, Cele__WBGene00022780	one-to-many	Dmel__GeneID_41118	one-to-one	Mmus__GeneID_14158, Mmus__GeneID_14159	one-to-many	Xlae__GeneID_108695677, Xlae__GeneID_108707219, Xlae__GeneID_108711440, Xlae__GeneID_444292	one-to-many	shared HOG	2	4	1	1	3	1	2	4
Sjap__EWB00_003876	Sjap__EWB00_003876	matched	OG0000873	OG0000873	Hsap__GeneID_10290, Hsap__GeneID_340156, Hsap__GeneID_85366, Hsap__GeneID_91807	one-to-many	Cele__WBGene00013869	one-to-one	Dmel__GeneID_36002	one-to-one	Mmus__GeneID_11790, Mmus__GeneID_213435, Mmus__GeneID_228785, Mmus__GeneID_238564	one-to-many	Xlae__GeneID_108700969, Xlae__GeneID_108701290, Xlae__GeneID_108702928, Xlae__GeneID_108714133, Xlae__GeneID_108715487, Xlae__GeneID_108719107, Xlae__GeneID_108720081	one-to-many	shared HOG	4	1	1	1	1	1	4	7
Sjap__EWB00_003952	Sjap__EWB00_003952	matched	OG0012474	OG0012474		no direct pairwise orthologue detected		no direct pairwise orthologue detected		no direct pairwise orthologue detected		no direct pairwise orthologue detected		no direct pairwise orthologue detected	Schistosoma-only in sampled HOG	0	0	1	1	1	0	0	0
Sjap__EWB00_004095	Sjap__EWB00_004095	matched	OG0001730	OG0001730	Hsap__GeneID_5594, Hsap__GeneID_5595	many-to-many	Cele__WBGene00003401	many-to-one	Dmel__GeneID_3354888	many-to-one	Mmus__GeneID_26413, Mmus__GeneID_26417	many-to-many	Xlae__GeneID_397785, Xlae__GeneID_398985	many-to-many	shared HOG	2	1	2	2	2	1	2	2
Sjap__EWB00_004122	Sjap__EWB00_004122	matched	OG0013668	OG0013668		no direct pairwise orthologue detected		no direct pairwise orthologue detected		no direct pairwise orthologue detected		no direct pairwise orthologue detected		no direct pairwise orthologue detected	Schistosoma-only in sampled HOG	0	0	1	1	1	0	0	0
Sjap__EWB00_004137	Sjap__EWB00_004137	matched	OG0000486	OG0000486	Hsap__GeneID_51332, Hsap__GeneID_57731, Hsap__GeneID_6710, Hsap__GeneID_6711, Hsap__GeneID_6712	many-to-many	Cele__WBGene00004855, Cele__WBGene00006803	many-to-many	Dmel__GeneID_32746, Dmel__GeneID_38418	many-to-many	Mmus__GeneID_20741, Mmus__GeneID_20742, Mmus__GeneID_20743, Mmus__GeneID_640524, Mmus__GeneID_80297	many-to-many	Xlae__GeneID_108698614, Xlae__GeneID_108698979, Xlae__GeneID_108699197, Xlae__GeneID_108700575, Xlae__GeneID_108715130, Xlae__GeneID_108716412, Xlae__GeneID_108717395, Xlae__GeneID_398511	many-to-many	shared HOG	5	2	2	2	2	2	5	8
Sjap__EWB00_004179	Sjap__EWB00_004179	matched	OG0000749	OG0000749	Hsap__GeneID_1195, Hsap__GeneID_1196, Hsap__GeneID_1198, Hsap__GeneID_57396	many-to-many	Cele__WBGene00006517	many-to-one	Dmel__GeneID_43415	many-to-one	Mmus__GeneID_102414, Mmus__GeneID_105943584, Mmus__GeneID_12747, Mmus__GeneID_12748, Mmus__GeneID_12750	many-to-many	Xlae__GeneID_100049134, Xlae__GeneID_100101302, Xlae__GeneID_108712973, Xlae__GeneID_379763, Xlae__GeneID_734822	many-to-many	shared HOG	4	1	2	2	2	1	5	5
Sjap__EWB00_004196	Sjap__EWB00_004196	matched	OG0000878	OG0000878	Hsap__GeneID_5566, Hsap__GeneID_5567, Hsap__GeneID_5568	many-to-many	Cele__WBGene00002189	many-to-one	Dmel__GeneID_34284	many-to-one	Mmus__GeneID_18747, Mmus__GeneID_18749	many-to-many	Xlae__GeneID_100101276, Xlae__GeneID_108711677, Xlae__GeneID_108714187, Xlae__GeneID_380388	many-to-many	shared HOG	3	1	3	3	3	1	2	4
Sjap__EWB00_004212	Sjap__EWB00_004212	matched	OG0001395	OG0001395	Hsap__GeneID_344387, Hsap__GeneID_8814	many-to-many	Cele__WBGene00012779	many-to-one	Dmel__GeneID_33798	many-to-one	Mmus__GeneID_381113, Mmus__GeneID_71091	many-to-many	Xlae__GeneID_108698750, Xlae__GeneID_108699794, Xlae__GeneID_108704730, Xlae__GeneID_121398949	many-to-many	shared HOG	2	1	2	2	2	1	2	4
Sjap__EWB00_004325	Sjap__EWB00_004325	matched	OG0006027	OG0006027	Hsap__GeneID_152110	one-to-one	Cele__WBGene00017033	one-to-one		no direct pairwise orthologue detected	Mmus__GeneID_674895	one-to-one	Xlae__GeneID_108718926	one-to-one	shared HOG	1	1	1	1	1	0	1	1
Sjap__EWB00_004368	Sjap__EWB00_004368	matched	OG0002453	OG0002453	Hsap__GeneID_2931, Hsap__GeneID_2932	one-to-many		no direct pairwise orthologue detected	Dmel__GeneID_31248	one-to-one	Mmus__GeneID_56637, Mmus__GeneID_606496	one-to-many	Xlae__GeneID_100189575, Xlae__GeneID_398338, Xlae__GeneID_399097, Xlae__GeneID_779056	one-to-many	shared HOG	2	0	1	1	1	1	2	4
Sjap__EWB00_004406	Sjap__EWB00_004406	matched	OG0000213	OG0000213	Hsap__GeneID_2268, Hsap__GeneID_2534, Hsap__GeneID_3055, Hsap__GeneID_3932, Hsap__GeneID_4067, Hsap__GeneID_640, Hsap__GeneID_6714, Hsap__GeneID_7525	many-to-many	Cele__WBGene00005077	many-to-one	Dmel__GeneID_48973	many-to-one	Mmus__GeneID_12143, Mmus__GeneID_14191, Mmus__GeneID_14360, Mmus__GeneID_15162, Mmus__GeneID_16818, Mmus__GeneID_17096, Mmus__GeneID_20779, Mmus__GeneID_22612	many-to-many	Xlae__GeneID_100036955, Xlae__GeneID_108695301, Xlae__GeneID_108708097, Xlae__GeneID_108708930, Xlae__GeneID_108709526, Xlae__GeneID_108717237, Xlae__GeneID_373609, Xlae__GeneID_373647, Xlae__GeneID_373649, Xlae__GeneID_379629, Xlae__GeneID_379812, Xlae__GeneID_380430, Xlae__GeneID_734720	many-to-many	shared HOG	8	1	3	3	4	1	8	13
Sjap__EWB00_004629	Sjap__EWB00_004629	matched	OG0004907	OG0004907	Hsap__GeneID_1020	one-to-one	Cele__WBGene00000407	one-to-one	Dmel__GeneID_36727	one-to-one	Mmus__GeneID_12568	one-to-one	Xlae__GeneID_399296	one-to-one	shared HOG	1	1	1	1	1	1	1	1
Sjap__EWB00_004650	Sjap__EWB00_004650	matched	OG0001985	OG0001985	Hsap__GeneID_5562, Hsap__GeneID_5563	one-to-many	Cele__WBGene00020142	one-to-one	Dmel__GeneID_43904	one-to-one	Mmus__GeneID_105787, Mmus__GeneID_108079	one-to-many	Xlae__GeneID_108714249, Xlae__GeneID_108715541, Xlae__GeneID_399172, Xlae__GeneID_495290	one-to-many	shared HOG	2	1	1	1	1	1	2	4
Sjap__EWB00_004811	Sjap__EWB00_004811	matched	OG0001587	OG0001587	Hsap__GeneID_6790, Hsap__GeneID_6795, Hsap__GeneID_9212	one-to-many	Cele__WBGene00000099	one-to-one	Dmel__GeneID_34504	one-to-one	Mmus__GeneID_20871, Mmus__GeneID_20877, Mmus__GeneID_20878	one-to-many	Xlae__GeneID_397925, Xlae__GeneID_398349, Xlae__GeneID_398457, Xlae__GeneID_444083	one-to-many	shared HOG	3	1	1	1	1	1	3	4
Sjap__EWB00_004872	Sjap__EWB00_004872	matched	OG0001524	OG0001524	Hsap__GeneID_100131244, Hsap__GeneID_100310846, Hsap__GeneID_157567, Hsap__GeneID_92565	one-to-many		no direct pairwise orthologue detected	Dmel__GeneID_35795	one-to-one	Mmus__GeneID_383787, Mmus__GeneID_66729, Mmus__GeneID_66930, Mmus__GeneID_68839	one-to-many	Xlae__GeneID_108695394, Xlae__GeneID_108696122, Xlae__GeneID_108699253, Xlae__GeneID_108719343	one-to-many	shared HOG	4	0	1	1	1	1	4	4
Sjap__EWB00_004876	Sjap__EWB00_004876	matched	OG0010705	OG0010705	Hsap__GeneID_345651	one-to-one		no direct pairwise orthologue detected		no direct pairwise orthologue detected	Mmus__GeneID_238880	one-to-one		no direct pairwise orthologue detected	shared HOG	1	0	0	1	0	0	1	0
Sjap__EWB00_004878	Sjap__EWB00_004878	matched	OG0013868	OG0013868		no direct pairwise orthologue detected		no direct pairwise orthologue detected		no direct pairwise orthologue detected		no direct pairwise orthologue detected		no direct pairwise orthologue detected	Schistosoma-only in sampled HOG	0	0	1	1	0	0	0	0
Sjap__EWB00_004965	Sjap__EWB00_004965	matched	OG0002012	OG0002012	Hsap__GeneID_126374, Hsap__GeneID_84962, Hsap__GeneID_8994	one-to-many		no direct pairwise orthologue detected	Dmel__GeneID_32351	one-to-one	Mmus__GeneID_101543, Mmus__GeneID_16475, Mmus__GeneID_29806	one-to-many	Xlae__GeneID_100127345, Xlae__GeneID_108704088, Xlae__GeneID_779085	one-to-many	shared HOG	3	0	1	1	1	1	3	3
Sjap__EWB00_005112	Sjap__EWB00_005112	matched	OG0012655	OG0012655		no direct pairwise orthologue detected		no direct pairwise orthologue detected		no direct pairwise orthologue detected		no direct pairwise orthologue detected		no direct pairwise orthologue detected	Schistosoma-only in sampled HOG	0	0	1	1	1	0	0	0
Sjap__EWB00_005166	Sjap__EWB00_005166	matched	OG0002418	OG0002418	Hsap__GeneID_6198, Hsap__GeneID_6199	one-to-many	Cele__WBGene00012929, Cele__WBGene00044281	one-to-many	Dmel__GeneID_38654	one-to-one	Mmus__GeneID_58988, Mmus__GeneID_72508	one-to-many	Xlae__GeneID_394276, Xlae__GeneID_394347	one-to-many	shared HOG	2	2	1	1	1	1	2	2
Sjap__EWB00_005385	Sjap__EWB00_005385	matched	OG0002422	OG0002422	Hsap__GeneID_11329, Hsap__GeneID_23012	one-to-many	Cele__WBGene00004727	one-to-one	Dmel__GeneID_40165	one-to-one	Mmus__GeneID_106504, Mmus__GeneID_232533	one-to-many	Xlae__GeneID_108710710, Xlae__GeneID_380110, Xlae__GeneID_414693	one-to-many	shared HOG	2	1	1	1	1	1	2	3
Sjap__EWB00_005467	Sjap__EWB00_005467	matched	OG0002104	OG0002104	Hsap__GeneID_5584, Hsap__GeneID_5590	one-to-many	Cele__WBGene00004034	one-to-one	Dmel__GeneID_47594	one-to-one	Mmus__GeneID_18759, Mmus__GeneID_18762	one-to-many	Xlae__GeneID_108697633, Xlae__GeneID_108705375, Xlae__GeneID_373768, Xlae__GeneID_399287	one-to-many	shared HOG	2	1	1	1	1	1	2	4
Sjap__EWB00_005528	Sjap__EWB00_005528	matched	OG0013520	OG0013520		no direct pairwise orthologue detected		no direct pairwise orthologue detected		no direct pairwise orthologue detected		no direct pairwise orthologue detected		no direct pairwise orthologue detected	Schistosoma-only in sampled HOG	0	0	1	1	1	0	0	0
Sjap__EWB00_005624	Sjap__EWB00_005624	matched	OG0002052	OG0002052	Hsap__GeneID_1024, Hsap__GeneID_23097	one-to-many	Cele__WBGene00000409	one-to-one	Dmel__GeneID_39157	one-to-one	Mmus__GeneID_264064, Mmus__GeneID_78334	one-to-many	Xlae__GeneID_108708713, Xlae__GeneID_108717939, Xlae__GeneID_380415, Xlae__GeneID_447409	one-to-many	shared HOG	2	1	1	1	1	1	2	4
Sjap__EWB00_005849	Sjap__EWB00_005849	matched	OG0002474	OG0002474	Hsap__GeneID_1445, Hsap__GeneID_4145	one-to-many	Cele__WBGene00000812	one-to-one	Dmel__GeneID_41398	one-to-one	Mmus__GeneID_12988, Mmus__GeneID_17179	one-to-many	Xlae__GeneID_121399356, Xlae__GeneID_373593, Xlae__GeneID_378532	one-to-many	shared HOG	2	1	1	1	1	1	2	3
Sjap__EWB00_005902	Sjap__EWB00_005902	matched	OG0001835	OG0001835	Hsap__GeneID_3092, Hsap__GeneID_9026	one-to-many	Cele__WBGene00006484, Cele__WBGene00022717	one-to-many	Dmel__GeneID_39450	one-to-one	Mmus__GeneID_215114, Mmus__GeneID_29816	one-to-many	Xlae__GeneID_108708045, Xlae__GeneID_108709361, Xlae__GeneID_432028, Xlae__GeneID_446450	one-to-many	shared HOG	2	2	1	1	1	1	2	4
Sjap__EWB00_006002	Sjap__EWB00_006002	matched	OG0004470	OG0004470	Hsap__GeneID_55860	one-to-one	Cele__WBGene00016793	one-to-one	Dmel__GeneID_32969	one-to-one	Mmus__GeneID_56444	one-to-one	Xlae__GeneID_444368, Xlae__GeneID_495357	one-to-many	shared HOG	1	1	1	1	1	1	1	2
Sjap__EWB00_006050	Sjap__EWB00_006050	matched	OG0000625	OG0000625	Hsap__GeneID_81, Hsap__GeneID_87, Hsap__GeneID_88, Hsap__GeneID_89	many-to-many	Cele__WBGene00000228	many-to-one	Dmel__GeneID_31166	many-to-one	Mmus__GeneID_109711, Mmus__GeneID_11472, Mmus__GeneID_11474, Mmus__GeneID_60595	many-to-many	Xlae__GeneID_108715125, Xlae__GeneID_399422, Xlae__GeneID_431885, Xlae__GeneID_432169, Xlae__GeneID_446326, Xlae__GeneID_446752, Xlae__GeneID_446865, Xlae__GeneID_734930	many-to-many	shared HOG	4	1	2	2	2	1	4	8
Sjap__EWB00_006126	Sjap__EWB00_006126	matched	OG0001908	OG0001908	Hsap__GeneID_10319, Hsap__GeneID_3915, Hsap__GeneID_3918	one-to-many	Cele__WBGene00016913	one-to-one	Dmel__GeneID_39118	one-to-one	Mmus__GeneID_16782, Mmus__GeneID_226519, Mmus__GeneID_23928	one-to-many	Xlae__GeneID_108714355, Xlae__GeneID_108714357, Xlae__GeneID_108715634	one-to-many	shared HOG	3	1	1	1	1	1	3	3
Sjap__EWB00_006199	Sjap__EWB00_006199	matched	OG0000309	OG0000309	Hsap__GeneID_1282, Hsap__GeneID_1284, Hsap__GeneID_1285, Hsap__GeneID_1286, Hsap__GeneID_1287, Hsap__GeneID_1288	many-to-many	Cele__WBGene00001263, Cele__WBGene00002280	many-to-many	Dmel__GeneID_33726, Dmel__GeneID_33727	many-to-many	Mmus__GeneID_12826, Mmus__GeneID_12827, Mmus__GeneID_12828, Mmus__GeneID_12829, Mmus__GeneID_12830, Mmus__GeneID_94216	many-to-many	Xlae__GeneID_108698394, Xlae__GeneID_108698395, Xlae__GeneID_108700098, Xlae__GeneID_108700099, Xlae__GeneID_108709738, Xlae__GeneID_108709739, Xlae__GeneID_373763, Xlae__GeneID_373764	many-to-many	shared HOG	6	2	3	4	4	2	6	8
Sjap__EWB00_006200	Sjap__EWB00_006200	matched	OG0000309	OG0000309	Hsap__GeneID_1282, Hsap__GeneID_1284, Hsap__GeneID_1285, Hsap__GeneID_1286, Hsap__GeneID_1287, Hsap__GeneID_1288	many-to-many	Cele__WBGene00001263, Cele__WBGene00002280	many-to-many	Dmel__GeneID_33726, Dmel__GeneID_33727	many-to-many	Mmus__GeneID_12826, Mmus__GeneID_12827, Mmus__GeneID_12828, Mmus__GeneID_12829, Mmus__GeneID_12830, Mmus__GeneID_94216	many-to-many	Xlae__GeneID_108698394, Xlae__GeneID_108698395, Xlae__GeneID_108700098, Xlae__GeneID_108700099, Xlae__GeneID_108709738, Xlae__GeneID_108709739, Xlae__GeneID_373763, Xlae__GeneID_373764	many-to-many	shared HOG	6	2	3	4	4	2	6	8
Sjap__EWB00_006201	Sjap__EWB00_006201	matched	OG0000309	OG0000309	Hsap__GeneID_1282, Hsap__GeneID_1284, Hsap__GeneID_1285, Hsap__GeneID_1286, Hsap__GeneID_1287, Hsap__GeneID_1288	many-to-many	Cele__WBGene00001263, Cele__WBGene00002280	many-to-many	Dmel__GeneID_33726, Dmel__GeneID_33727	many-to-many	Mmus__GeneID_12826, Mmus__GeneID_12827, Mmus__GeneID_12828, Mmus__GeneID_12829, Mmus__GeneID_12830, Mmus__GeneID_94216	many-to-many	Xlae__GeneID_108698394, Xlae__GeneID_108698395, Xlae__GeneID_108700098, Xlae__GeneID_108700099, Xlae__GeneID_108709738, Xlae__GeneID_108709739, Xlae__GeneID_373763, Xlae__GeneID_373764	many-to-many	shared HOG	6	2	3	4	4	2	6	8
Sjap__EWB00_006209	Sjap__EWB00_006209	matched	OG0012466	OG0012466		no direct pairwise orthologue detected		no direct pairwise orthologue detected		no direct pairwise orthologue detected		no direct pairwise orthologue detected		no direct pairwise orthologue detected	Schistosoma-only in sampled HOG	0	0	1	1	1	0	0	0
Sjap__EWB00_006234	Sjap__EWB00_006234	matched	OG0000767	OG0000767	Hsap__GeneID_2316, Hsap__GeneID_2317, Hsap__GeneID_2318	many-to-many	Cele__WBGene00022048	many-to-one	Dmel__GeneID_42066	many-to-one	Mmus__GeneID_192176, Mmus__GeneID_286940, Mmus__GeneID_68794	many-to-many	Xlae__GeneID_108699999, Xlae__GeneID_108704467, Xlae__GeneID_108705104, Xlae__GeneID_108715054, Xlae__GeneID_121393384, Xlae__GeneID_121393385, Xlae__GeneID_733321, Xlae__GeneID_734178	many-to-many	shared HOG	3	1	2	2	2	1	3	8
Sjap__EWB00_006315	Sjap__EWB00_006315	matched	OG0000688	OG0000688	Hsap__GeneID_8899	many-to-one	Cele__WBGene00004186	many-to-one	Dmel__GeneID_38032	many-to-one	Mmus__GeneID_19134	many-to-one	Xlae__GeneID_100037169, Xlae__GeneID_495151	many-to-many	shared HOG	1	1	5	6	6	1	1	2
Sjap__EWB00_006350	Sjap__EWB00_006350	matched	OG0007344	OG0007344		no direct pairwise orthologue detected	Cele__WBGene00003402, Cele__WBGene00017277	one-to-many		no direct pairwise orthologue detected		no direct pairwise orthologue detected		no direct pairwise orthologue detected	shared HOG	0	2	1	1	1	0	0	0
Sjap__EWB00_006505	Sjap__EWB00_006505	matched	OG0001448	OG0001448	Hsap__GeneID_7094, Hsap__GeneID_83660	many-to-many	Cele__WBGene00006771	many-to-one	Dmel__GeneID_38978	many-to-one	Mmus__GeneID_21894, Mmus__GeneID_70549	many-to-many	Xlae__GeneID_100037170, Xlae__GeneID_108711290, Xlae__GeneID_108712994, Xlae__GeneID_733283	many-to-many	shared HOG	2	1	2	2	2	1	2	4
Sjap__EWB00_006602	Sjap__EWB00_006602	matched	OG0006090	OG0006090	Hsap__GeneID_1022	one-to-one	Cele__WBGene00000408	one-to-one	Dmel__GeneID_31441	one-to-one	Mmus__GeneID_12572	one-to-one	Xlae__GeneID_399461	one-to-one	shared HOG	1	1	0	1	1	1	1	1
Sjap__EWB00_006607	Sjap__EWB00_006607	matched	OG0001998	OG0001998	Hsap__GeneID_10612, Hsap__GeneID_23321	many-to-many		no direct pairwise orthologue detected	Dmel__GeneID_37190	many-to-one	Mmus__GeneID_55992, Mmus__GeneID_80890	many-to-many	Xlae__GeneID_108708789, Xlae__GeneID_443918, Xlae__GeneID_444525, Xlae__GeneID_495223	many-to-many	shared HOG	2	0	1	2	1	1	2	4
Sjap__EWB00_006747	Sjap__EWB00_006747	matched	OG0013508	OG0013508		no direct pairwise orthologue detected		no direct pairwise orthologue detected		no direct pairwise orthologue detected		no direct pairwise orthologue detected		no direct pairwise orthologue detected	Schistosoma-only in sampled HOG	0	0	1	1	1	0	0	0
Sjap__EWB00_006779	Sjap__EWB00_006779	matched	OG0008154	OG0008154		no direct pairwise orthologue detected	Cele__WBGene00003599	one-to-one		no direct pairwise orthologue detected		no direct pairwise orthologue detected		no direct pairwise orthologue detected	shared HOG	0	1	1	1	1	0	0	0
Sjap__EWB00_007161	Sjap__EWB00_007161	matched	OG0002154	OG0002154	Hsap__GeneID_7867, Hsap__GeneID_9261	one-to-many	Cele__WBGene00007007	one-to-one	Dmel__GeneID_44573	one-to-one	Mmus__GeneID_102626, Mmus__GeneID_17164	one-to-many	Xlae__GeneID_108714604, Xlae__GeneID_432084, Xlae__GeneID_495118, Xlae__GeneID_779225	one-to-many	shared HOG	2	1	1	1	1	1	2	4
Sjap__EWB00_007221	Sjap__EWB00_007221	matched	OG0002878	OG0002878	Hsap__GeneID_6259	one-to-one	Cele__WBGene00003007	one-to-one	Dmel__GeneID_35207, Dmel__GeneID_36436, Dmel__GeneID_44355	one-to-many	Mmus__GeneID_20187	one-to-one	Xlae__GeneID_444707, Xlae__GeneID_734495	one-to-many	shared HOG	1	1	1	1	1	3	1	2
Sjap__EWB00_007274	Sjap__EWB00_007274	matched	OG0002191	OG0002191	Hsap__GeneID_1627, Hsap__GeneID_28988	one-to-many	Cele__WBGene00010664	one-to-one	Dmel__GeneID_39520	one-to-one	Mmus__GeneID_13169, Mmus__GeneID_56320	one-to-many	Xlae__GeneID_108710970, Xlae__GeneID_379806, Xlae__GeneID_444592, Xlae__GeneID_494829	one-to-many	shared HOG	2	1	1	1	1	1	2	4
Sjap__EWB00_007322	Sjap__EWB00_007322	matched	OG0002086	OG0002086	Hsap__GeneID_2185, Hsap__GeneID_5747	one-to-many	Cele__WBGene00002213	one-to-one	Dmel__GeneID_37233	one-to-one	Mmus__GeneID_14083, Mmus__GeneID_19229	one-to-many	Xlae__GeneID_108717254, Xlae__GeneID_108718305, Xlae__GeneID_399286, Xlae__GeneID_432072	one-to-many	shared HOG	2	1	1	1	1	1	2	4
Sjap__EWB00_007395	Sjap__EWB00_007395	matched	OG0000283	OG0000283	Hsap__GeneID_1277, Hsap__GeneID_1278, Hsap__GeneID_1280, Hsap__GeneID_1281, Hsap__GeneID_1290, Hsap__GeneID_255631, Hsap__GeneID_85301	many-to-many		no direct pairwise orthologue detected		no direct pairwise orthologue detected	Mmus__GeneID_12824, Mmus__GeneID_12825, Mmus__GeneID_12832, Mmus__GeneID_12842, Mmus__GeneID_12843, Mmus__GeneID_373864, Mmus__GeneID_71355	many-to-many	Xlae__GeneID_108699974, Xlae__GeneID_108700840, Xlae__GeneID_108701482, Xlae__GeneID_108701483, Xlae__GeneID_108703076, Xlae__GeneID_108705040, Xlae__GeneID_108714172, Xlae__GeneID_108719903, Xlae__GeneID_380419, Xlae__GeneID_380515, Xlae__GeneID_397738, Xlae__GeneID_397739, Xlae__GeneID_398983	many-to-many	shared HOG	7	0	3	3	3	0	7	13
Sjap__EWB00_007426	Sjap__EWB00_007426	matched	OG0002841	OG0002841	Hsap__GeneID_10096, Hsap__GeneID_57180	one-to-many	Cele__WBGene00000199	one-to-one	Dmel__GeneID_38898	one-to-one	Mmus__GeneID_242894, Mmus__GeneID_74117	one-to-many	Xlae__GeneID_108701232, Xlae__GeneID_380084	one-to-many	shared HOG	2	1	1	1	1	1	2	2
Sjap__EWB00_007512	Sjap__EWB00_007512	matched	OG0000878	OG0000878	Hsap__GeneID_5566, Hsap__GeneID_5567, Hsap__GeneID_5568	many-to-many	Cele__WBGene00002189	many-to-one	Dmel__GeneID_34284	many-to-one	Mmus__GeneID_18747, Mmus__GeneID_18749	many-to-many	Xlae__GeneID_100101276, Xlae__GeneID_108711677, Xlae__GeneID_108714187, Xlae__GeneID_380388	many-to-many	shared HOG	3	1	3	3	3	1	2	4
Sjap__EWB00_007517	Sjap__EWB00_007517	matched	OG0002779	OG0002779	Hsap__GeneID_139741, Hsap__GeneID_140625, Hsap__GeneID_84517	one-to-many		no direct pairwise orthologue detected	Dmel__GeneID_36879	one-to-one	Mmus__GeneID_73353, Mmus__GeneID_76652	one-to-many		no direct pairwise orthologue detected	shared HOG	3	0	2	1	2	1	2	0
Sjap__EWB00_007519	Sjap__EWB00_007519	matched	OG0001799	OG0001799	Hsap__GeneID_5599, Hsap__GeneID_5601, Hsap__GeneID_5602	one-to-many	Cele__WBGene00002178	one-to-one	Dmel__GeneID_44801	one-to-one	Mmus__GeneID_26414, Mmus__GeneID_26419, Mmus__GeneID_26420	one-to-many	Xlae__GeneID_108704101, Xlae__GeneID_108711504, Xlae__GeneID_379876, Xlae__GeneID_398499	one-to-many	shared HOG	3	1	0	1	1	1	3	4
Sjap__EWB00_007520	Sjap__EWB00_007520	matched	OG0000213	OG0000213	Hsap__GeneID_2268, Hsap__GeneID_2534, Hsap__GeneID_3055, Hsap__GeneID_3932, Hsap__GeneID_4067, Hsap__GeneID_640, Hsap__GeneID_6714, Hsap__GeneID_7525	many-to-many	Cele__WBGene00005077	many-to-one	Dmel__GeneID_48973	many-to-one	Mmus__GeneID_12143, Mmus__GeneID_14191, Mmus__GeneID_14360, Mmus__GeneID_15162, Mmus__GeneID_16818, Mmus__GeneID_17096, Mmus__GeneID_20779, Mmus__GeneID_22612	many-to-many	Xlae__GeneID_100036955, Xlae__GeneID_108695301, Xlae__GeneID_108708097, Xlae__GeneID_108708930, Xlae__GeneID_108709526, Xlae__GeneID_108717237, Xlae__GeneID_373609, Xlae__GeneID_373647, Xlae__GeneID_373649, Xlae__GeneID_379629, Xlae__GeneID_379812, Xlae__GeneID_380430, Xlae__GeneID_734720	many-to-many	shared HOG	8	1	3	3	4	1	8	13
Sjap__EWB00_007640	Sjap__EWB00_007640	matched	OG0001389	OG0001389	Hsap__GeneID_4293, Hsap__GeneID_4294, Hsap__GeneID_4296, Hsap__GeneID_84451	one-to-many	Cele__WBGene00003374	one-to-one	Dmel__GeneID_44111	one-to-one	Mmus__GeneID_234878, Mmus__GeneID_26403, Mmus__GeneID_269881, Mmus__GeneID_338372	one-to-many	Xlae__GeneID_100381159, Xlae__GeneID_108699730, Xlae__GeneID_398612	one-to-many	shared HOG	4	1	1	1	1	1	4	3
Sjap__EWB00_007650	Sjap__EWB00_007650	matched	OG0001410	OG0001410	Hsap__GeneID_10494, Hsap__GeneID_51765, Hsap__GeneID_8428	one-to-many	Cele__WBGene00001526	one-to-one	Dmel__GeneID_42064	one-to-one	Mmus__GeneID_223255, Mmus__GeneID_59041, Mmus__GeneID_70415	one-to-many	Xlae__GeneID_108698480, Xlae__GeneID_108709753, Xlae__GeneID_432004, Xlae__GeneID_444155, Xlae__GeneID_444523	one-to-many	shared HOG	3	1	1	1	1	1	3	5
Sjap__EWB00_007721	Sjap__EWB00_007721	matched	OG0000878	OG0000878	Hsap__GeneID_5566, Hsap__GeneID_5567, Hsap__GeneID_5568	many-to-many	Cele__WBGene00002189	many-to-one	Dmel__GeneID_34284	many-to-one	Mmus__GeneID_18747, Mmus__GeneID_18749	many-to-many	Xlae__GeneID_100101276, Xlae__GeneID_108711677, Xlae__GeneID_108714187, Xlae__GeneID_380388	many-to-many	shared HOG	3	1	3	3	3	1	2	4
Sjap__EWB00_007739	Sjap__EWB00_007739	matched	OG0002257	OG0002257	Hsap__GeneID_11344, Hsap__GeneID_5756	one-to-many	Cele__WBGene00018187	one-to-one	Dmel__GeneID_41719	one-to-one	Mmus__GeneID_19230, Mmus__GeneID_23999	one-to-many	Xlae__GeneID_108711121, Xlae__GeneID_379995, Xlae__GeneID_447307, Xlae__GeneID_447782	one-to-many	shared HOG	2	1	1	1	1	1	2	4
Sjap__EWB00_007873	Sjap__EWB00_007873	matched	OG0000213	OG0000213	Hsap__GeneID_2268, Hsap__GeneID_2534, Hsap__GeneID_3055, Hsap__GeneID_3932, Hsap__GeneID_4067, Hsap__GeneID_640, Hsap__GeneID_6714, Hsap__GeneID_7525	many-to-many	Cele__WBGene00005077	many-to-one	Dmel__GeneID_48973	many-to-one	Mmus__GeneID_12143, Mmus__GeneID_14191, Mmus__GeneID_14360, Mmus__GeneID_15162, Mmus__GeneID_16818, Mmus__GeneID_17096, Mmus__GeneID_20779, Mmus__GeneID_22612	many-to-many	Xlae__GeneID_100036955, Xlae__GeneID_108695301, Xlae__GeneID_108708097, Xlae__GeneID_108708930, Xlae__GeneID_108709526, Xlae__GeneID_108717237, Xlae__GeneID_373609, Xlae__GeneID_373647, Xlae__GeneID_373649, Xlae__GeneID_379629, Xlae__GeneID_379812, Xlae__GeneID_380430, Xlae__GeneID_734720	many-to-many	shared HOG	8	1	3	3	4	1	8	13
Sjap__EWB00_007959	Sjap__EWB00_007959	matched	OG0002880	OG0002880	Hsap__GeneID_51701	one-to-one	Cele__WBGene00003048	one-to-one	Dmel__GeneID_38890	one-to-one	Mmus__GeneID_18099	one-to-one	Xlae__GeneID_108703801, Xlae__GeneID_108709347, Xlae__GeneID_398295, Xlae__GeneID_414522	one-to-many	shared HOG	1	1	1	1	1	1	1	4
Sjap__EWB00_007965	Sjap__EWB00_007965	matched	OG0000805	OG0000805	Hsap__GeneID_3480, Hsap__GeneID_3643, Hsap__GeneID_3645	many-to-many	Cele__WBGene00000898	many-to-one	Dmel__GeneID_41809, Dmel__GeneID_42549	many-to-many	Mmus__GeneID_16001, Mmus__GeneID_16337, Mmus__GeneID_23920	many-to-many	Xlae__GeneID_100158430, Xlae__GeneID_108700357, Xlae__GeneID_108711478, Xlae__GeneID_398006, Xlae__GeneID_398022, Xlae__GeneID_398941	many-to-many	shared HOG	3	1	2	2	2	2	3	6
Sjap__EWB00_008035	Sjap__EWB00_008035	matched	OG0003202	OG0003202	Hsap__GeneID_10783, Hsap__GeneID_140609	one-to-many	Cele__WBGene00008956	one-to-one		no direct pairwise orthologue detected	Mmus__GeneID_59125, Mmus__GeneID_59126	one-to-many	Xlae__GeneID_100036860, Xlae__GeneID_414882	one-to-many	shared HOG	2	1	1	1	1	0	2	2
Sjap__EWB00_008162	Sjap__EWB00_008162	matched	OG0000088	OG0000088	Hsap__GeneID_1969, Hsap__GeneID_2041, Hsap__GeneID_2042, Hsap__GeneID_2043, Hsap__GeneID_2044, Hsap__GeneID_2045, Hsap__GeneID_2046, Hsap__GeneID_2047, Hsap__GeneID_2048, Hsap__GeneID_2049, Hsap__GeneID_2050, Hsap__GeneID_2051, Hsap__GeneID_284656, Hsap__GeneID_285220	many-to-many	Cele__WBGene00006868	many-to-one	Dmel__GeneID_43803	many-to-one	Mmus__GeneID_13835, Mmus__GeneID_13836, Mmus__GeneID_13837, Mmus__GeneID_13838, Mmus__GeneID_13839, Mmus__GeneID_13840, Mmus__GeneID_13841, Mmus__GeneID_13842, Mmus__GeneID_13844, Mmus__GeneID_13845, Mmus__GeneID_13846, Mmus__GeneID_13848, Mmus__GeneID_230735, Mmus__GeneID_270190	many-to-many	Xlae__GeneID_100191023, Xlae__GeneID_100191024, Xlae__GeneID_108695684, Xlae__GeneID_108697272, Xlae__GeneID_108697840, Xlae__GeneID_108704562, Xlae__GeneID_108705066, Xlae__GeneID_108707429, Xlae__GeneID_108707501, Xlae__GeneID_108707897, Xlae__GeneID_108708233, Xlae__GeneID_108708862, Xlae__GeneID_108709206, Xlae__GeneID_108709572, Xlae__GeneID_108711356, Xlae__GeneID_108716868, Xlae__GeneID_108717147, Xlae__GeneID_108717159, Xlae__GeneID_108717965, Xlae__GeneID_108718198, Xlae__GeneID_108718221, Xlae__GeneID_121401677, Xlae__GeneID_378530, Xlae__GeneID_379148, Xlae__GeneID_394370, Xlae__GeneID_398362, Xlae__GeneID_734241, Xlae__GeneID_779062, Xlae__GeneID_779117	many-to-many	shared HOG	14	1	1	2	1	1	14	29
Sjap__EWB00_008189	Sjap__EWB00_008189	matched	OG0008169	OG0008169		no direct pairwise orthologue detected		no direct pairwise orthologue detected	Dmel__GeneID_44353	one-to-one		no direct pairwise orthologue detected		no direct pairwise orthologue detected	shared HOG	0	0	1	1	1	1	0	0
Sjap__EWB00_008231	Sjap__EWB00_008231	matched	OG0008159	OG0008159		no direct pairwise orthologue detected		no direct pairwise orthologue detected	Dmel__GeneID_41995	one-to-one		no direct pairwise orthologue detected		no direct pairwise orthologue detected	shared HOG	0	0	1	1	1	1	0	0
Sjap__EWB00_008239	Sjap__EWB00_008239	matched	OG0000283	OG0000283	Hsap__GeneID_1277, Hsap__GeneID_1278, Hsap__GeneID_1280, Hsap__GeneID_1281, Hsap__GeneID_1290, Hsap__GeneID_255631, Hsap__GeneID_85301	many-to-many		no direct pairwise orthologue detected		no direct pairwise orthologue detected	Mmus__GeneID_12824, Mmus__GeneID_12825, Mmus__GeneID_12832, Mmus__GeneID_12842, Mmus__GeneID_12843, Mmus__GeneID_373864, Mmus__GeneID_71355	many-to-many	Xlae__GeneID_108699974, Xlae__GeneID_108700840, Xlae__GeneID_108701482, Xlae__GeneID_108701483, Xlae__GeneID_108703076, Xlae__GeneID_108705040, Xlae__GeneID_108714172, Xlae__GeneID_108719903, Xlae__GeneID_380419, Xlae__GeneID_380515, Xlae__GeneID_397738, Xlae__GeneID_397739, Xlae__GeneID_398983	many-to-many	shared HOG	7	0	3	3	3	0	7	13
Sjap__EWB00_008286	Sjap__EWB00_008286	matched	OG0002218	OG0002218	Hsap__GeneID_27347, Hsap__GeneID_9943	one-to-many	Cele__WBGene00013355	one-to-one	Dmel__GeneID_44233	one-to-one	Mmus__GeneID_108737, Mmus__GeneID_53416	one-to-many	Xlae__GeneID_108701360, Xlae__GeneID_108702982, Xlae__GeneID_446749, Xlae__GeneID_446771	one-to-many	shared HOG	2	1	1	1	1	1	2	4
Sjap__EWB00_008372	Sjap__EWB00_008372	matched	OG0001424	OG0001424	Hsap__GeneID_1263, Hsap__GeneID_126520, Hsap__GeneID_5347	one-to-many	Cele__WBGene00004042, Cele__WBGene00004043	one-to-many	Dmel__GeneID_40232	one-to-one	Mmus__GeneID_12795, Mmus__GeneID_18817, Mmus__GeneID_216166	one-to-many	Xlae__GeneID_100381164, Xlae__GeneID_100505422, Xlae__GeneID_108701628, Xlae__GeneID_380481	one-to-many	shared HOG	3	2	1	1	1	1	3	4
Sjap__EWB00_008528	Sjap__EWB00_008528	matched	OG0001988	OG0001988	Hsap__GeneID_5770, Hsap__GeneID_5771	one-to-many	Cele__WBGene00017630	one-to-one	Dmel__GeneID_38160	one-to-one	Mmus__GeneID_19246, Mmus__GeneID_19255	one-to-many	Xlae__GeneID_108702596, Xlae__GeneID_431888, Xlae__GeneID_444514, Xlae__GeneID_446745	one-to-many	shared HOG	2	1	1	1	1	1	2	4
Sjap__EWB00_008648	Sjap__EWB00_008648	matched				no direct pairwise orthologue detected		no direct pairwise orthologue detected		no direct pairwise orthologue detected		no direct pairwise orthologue detected		no direct pairwise orthologue detected	not found in selected HOG table								
Sjap__EWB00_008683	Sjap__EWB00_008683	matched	OG0001730	OG0001730	Hsap__GeneID_5594, Hsap__GeneID_5595	many-to-many	Cele__WBGene00003401	many-to-one	Dmel__GeneID_3354888	many-to-one	Mmus__GeneID_26413, Mmus__GeneID_26417	many-to-many	Xlae__GeneID_397785, Xlae__GeneID_398985	many-to-many	shared HOG	2	1	2	2	2	1	2	2
Sjap__EWB00_008724	Sjap__EWB00_008724	matched	OG0000304	OG0000304	Hsap__GeneID_139728, Hsap__GeneID_149069, Hsap__GeneID_51473, Hsap__GeneID_57118, Hsap__GeneID_6101, Hsap__GeneID_728597, Hsap__GeneID_8536	many-to-many	Cele__WBGene00000553, Cele__WBGene00012328, Cele__WBGene00012332, Cele__WBGene00017860	many-to-many	Dmel__GeneID_43792	many-to-one	Mmus__GeneID_100504491, Mmus__GeneID_195208, Mmus__GeneID_19888, Mmus__GeneID_227541, Mmus__GeneID_52163, Mmus__GeneID_68511, Mmus__GeneID_93843	many-to-many	Xlae__GeneID_100381138, Xlae__GeneID_108699989, Xlae__GeneID_108720125, Xlae__GeneID_379332, Xlae__GeneID_379971, Xlae__GeneID_398402, Xlae__GeneID_398621, Xlae__GeneID_399357, Xlae__GeneID_444524, Xlae__GeneID_447052	many-to-many	shared HOG	7	4	2	2	2	1	7	10
Sjap__EWB00_008747	Sjap__EWB00_008747	matched	OG0000730	OG0000730	Hsap__GeneID_10611, Hsap__GeneID_11155, Hsap__GeneID_9260	one-to-many	Cele__WBGene00001132, Cele__WBGene00004112, Cele__WBGene00014262	one-to-many	Dmel__GeneID_246501, Dmel__GeneID_326182, Dmel__GeneID_32656, Dmel__GeneID_35393, Dmel__GeneID_36740	one-to-many	Mmus__GeneID_24131, Mmus__GeneID_56376, Mmus__GeneID_67399	one-to-many	Xlae__GeneID_100101292, Xlae__GeneID_108696280, Xlae__GeneID_108710972, Xlae__GeneID_379929, Xlae__GeneID_447619	one-to-many	shared HOG	3	3	1	1	1	5	3	5
Sjap__EWB00_008748	Sjap__EWB00_008748	matched	OG0000574	OG0000574	Hsap__GeneID_2260, Hsap__GeneID_2261, Hsap__GeneID_2263, Hsap__GeneID_2264	one-to-many	Cele__WBGene00001184, Cele__WBGene00002195, Cele__WBGene00020106	one-to-many	Dmel__GeneID_39564, Dmel__GeneID_42160, Dmel__GeneID_43026	one-to-many	Mmus__GeneID_14182, Mmus__GeneID_14183, Mmus__GeneID_14184, Mmus__GeneID_14186	one-to-many	Xlae__GeneID_108697372, Xlae__GeneID_397701, Xlae__GeneID_397782, Xlae__GeneID_398181, Xlae__GeneID_399325, Xlae__GeneID_399347, Xlae__GeneID_399444, Xlae__GeneID_779370	one-to-many	shared HOG	4	3	1	1	1	3	4	8
Sjap__EWB00_008807	Sjap__EWB00_008807	matched	OG0000643	OG0000643	Hsap__GeneID_1072, Hsap__GeneID_1073, Hsap__GeneID_11034, Hsap__GeneID_729454	many-to-many	Cele__WBGene00006794, Cele__WBGene00302980	many-to-many	Dmel__GeneID_32861, Dmel__GeneID_37841	many-to-many	Mmus__GeneID_12631, Mmus__GeneID_12632, Mmus__GeneID_56431	many-to-many	Xlae__GeneID_108699719, Xlae__GeneID_108716609, Xlae__GeneID_379172, Xlae__GeneID_379258, Xlae__GeneID_379282, Xlae__GeneID_494995	many-to-many	shared HOG	4	2	2	2	3	2	3	6
Sjap__EWB00_008857	Sjap__EWB00_008857	matched	OG0002778	OG0002778	Hsap__GeneID_10120, Hsap__GeneID_10121	one-to-many	Cele__WBGene00013168	one-to-one	Dmel__GeneID_41566	one-to-one	Mmus__GeneID_226977, Mmus__GeneID_54130	one-to-many	Xlae__GeneID_108697423, Xlae__GeneID_446316	one-to-many	shared HOG	2	1	1	1	1	1	2	2
Sjap__EWB00_008932	Sjap__EWB00_008932	matched	OG0006026	OG0006026	Hsap__GeneID_6787	one-to-one		no direct pairwise orthologue detected		no direct pairwise orthologue detected	Mmus__GeneID_23955	one-to-one	Xlae__GeneID_108698255, Xlae__GeneID_414527	one-to-many	shared HOG	1	0	1	1	1	0	1	2
Sjap__EWB00_008993	Sjap__EWB00_008993	matched	OG0003750	OG0003750	Hsap__GeneID_124923	one-to-one	Cele__WBGene00017950	one-to-one	Dmel__GeneID_45970	one-to-one	Mmus__GeneID_216976	one-to-one	Xlae__GeneID_108707957	one-to-one	shared HOG	1	1	1	1	2	1	1	1
Sjap__EWB00_009095	Sjap__EWB00_009095	matched	OG0012665	OG0012665		no direct pairwise orthologue detected		no direct pairwise orthologue detected		no direct pairwise orthologue detected		no direct pairwise orthologue detected		no direct pairwise orthologue detected	Schistosoma-only in sampled HOG	0	0	1	1	1	0	0	0
Sjap__EWB00_009117	Sjap__EWB00_009117	matched	OG0004739	OG0004739	Hsap__GeneID_57763, Hsap__GeneID_8625	one-to-many		no direct pairwise orthologue detected	Dmel__GeneID_34326	one-to-one	Mmus__GeneID_19727, Mmus__GeneID_68558	one-to-many	Xlae__GeneID_431881, Xlae__GeneID_734461	one-to-many	shared HOG	2	0	0	1	1	1	2	2
Sjap__EWB00_009122	Sjap__EWB00_009122	matched	OG0000787	OG0000787	Hsap__GeneID_1432, Hsap__GeneID_5600, Hsap__GeneID_5603, Hsap__GeneID_6300	one-to-many	Cele__WBGene00004055, Cele__WBGene00004056	one-to-many	Dmel__GeneID_2768679, Dmel__GeneID_34780, Dmel__GeneID_42866	one-to-many	Mmus__GeneID_19094, Mmus__GeneID_26415, Mmus__GeneID_26416, Mmus__GeneID_29857	one-to-many	Xlae__GeneID_100329215, Xlae__GeneID_108711159, Xlae__GeneID_379992, Xlae__GeneID_398592, Xlae__GeneID_494669	one-to-many	shared HOG	4	2	1	1	1	3	4	5
Sjap__EWB00_009161	Sjap__EWB00_009161	matched	OG0013354	OG0013354		no direct pairwise orthologue detected		no direct pairwise orthologue detected		no direct pairwise orthologue detected		no direct pairwise orthologue detected		no direct pairwise orthologue detected	Schistosoma-only in sampled HOG	0	0	1	1	1	0	0	0
Sjap__EWB00_009162	Sjap__EWB00_009162	matched	OG0010704	OG0010704		no direct pairwise orthologue detected		no direct pairwise orthologue detected		no direct pairwise orthologue detected		no direct pairwise orthologue detected		no direct pairwise orthologue detected	Schistosoma-only in sampled HOG	0	0	1	1	1	0	0	0
Sjap__EWB00_009224	Sjap__EWB00_009224	matched	OG0002082	OG0002082	Hsap__GeneID_5798, Hsap__GeneID_5799	one-to-many	Cele__WBGene00002048	one-to-one	Dmel__GeneID_33277	one-to-one	Mmus__GeneID_19275, Mmus__GeneID_19276	one-to-many	Xlae__GeneID_108702927, Xlae__GeneID_108718467, Xlae__GeneID_108719827, Xlae__GeneID_444138	one-to-many	shared HOG	2	1	1	1	1	1	2	4
Sjap__EWB00_009267	Sjap__EWB00_009267	matched				no direct pairwise orthologue detected		no direct pairwise orthologue detected		no direct pairwise orthologue detected		no direct pairwise orthologue detected		no direct pairwise orthologue detected	not found in selected HOG table								
Sjap__EWB00_009287	Sjap__EWB00_009287	matched	OG0001746	OG0001746	Hsap__GeneID_102800317, Hsap__GeneID_1453, Hsap__GeneID_1454	one-to-many	Cele__WBGene00002203	one-to-one	Dmel__GeneID_43673	one-to-one	Mmus__GeneID_104318, Mmus__GeneID_27373	one-to-many	Xlae__GeneID_108701007, Xlae__GeneID_108715790, Xlae__GeneID_380361, Xlae__GeneID_399381	one-to-many	shared HOG	3	1	1	1	1	1	2	4
Sjap__EWB00_009305	Sjap__EWB00_009305	matched	OG0005855	OG0005855	Hsap__GeneID_79913	many-to-one		no direct pairwise orthologue detected	Dmel__GeneID_42173	many-to-one	Mmus__GeneID_109275	many-to-one	Xlae__GeneID_443572	many-to-one	shared HOG	1	0	1	2	1	1	1	1
Sjap__EWB00_009358	Sjap__EWB00_009358	matched	OG0000474	OG0000474	Hsap__GeneID_5578, Hsap__GeneID_5579, Hsap__GeneID_5580, Hsap__GeneID_5582, Hsap__GeneID_5588	one-to-many	Cele__WBGene00004033, Cele__WBGene00006599	one-to-many	Dmel__GeneID_36897, Dmel__GeneID_48311	one-to-many	Mmus__GeneID_18750, Mmus__GeneID_18751, Mmus__GeneID_18752, Mmus__GeneID_18753, Mmus__GeneID_18761	one-to-many	Xlae__GeneID_108696776, Xlae__GeneID_108697820, Xlae__GeneID_108701647, Xlae__GeneID_108702159, Xlae__GeneID_108703204, Xlae__GeneID_108711231, Xlae__GeneID_404226, Xlae__GeneID_404227, Xlae__GeneID_447031	one-to-many	shared HOG	5	2	2	1	2	2	5	9
Sjap__EWB00_009388	Sjap__EWB00_009388	matched	OG0000150	OG0000150	Hsap__GeneID_144165, Hsap__GeneID_166336, Hsap__GeneID_2273, Hsap__GeneID_2274, Hsap__GeneID_2275, Hsap__GeneID_26136, Hsap__GeneID_29964, Hsap__GeneID_4007, Hsap__GeneID_9457	many-to-many	Cele__WBGene00006407, Cele__WBGene00015217, Cele__WBGene00022727	many-to-many	Dmel__GeneID_45343, Dmel__GeneID_53557	many-to-many	Mmus__GeneID_106042, Mmus__GeneID_14199, Mmus__GeneID_14200, Mmus__GeneID_14201, Mmus__GeneID_14202, Mmus__GeneID_21753, Mmus__GeneID_236749, Mmus__GeneID_243548, Mmus__GeneID_381104, Mmus__GeneID_54630, Mmus__GeneID_57756	many-to-many	Xlae__GeneID_100127273, Xlae__GeneID_108699981, Xlae__GeneID_108708232, Xlae__GeneID_108708415, Xlae__GeneID_108709459, Xlae__GeneID_108709713, Xlae__GeneID_108713109, Xlae__GeneID_108714730, Xlae__GeneID_108715929, Xlae__GeneID_108717963, Xlae__GeneID_380398, Xlae__GeneID_398256, Xlae__GeneID_398264, Xlae__GeneID_444152, Xlae__GeneID_446852, Xlae__GeneID_447182, Xlae__GeneID_447738	many-to-many	shared HOG	9	3	2	2	2	2	11	17
Sjap__EWB00_009456	Sjap__EWB00_009456	matched	OG0012651	OG0012651		no direct pairwise orthologue detected		no direct pairwise orthologue detected		no direct pairwise orthologue detected		no direct pairwise orthologue detected		no direct pairwise orthologue detected	Schistosoma-only in sampled HOG	0	0	1	1	1	0	0	0
Sjap__EWB00_009479	Sjap__EWB00_009479	matched	OG0002065	OG0002065	Hsap__GeneID_22858, Hsap__GeneID_4117	one-to-many	Cele__WBGene00001121	one-to-one	Dmel__GeneID_34319	one-to-one	Mmus__GeneID_17152, Mmus__GeneID_56542	one-to-many	Xlae__GeneID_108716907, Xlae__GeneID_121395135, Xlae__GeneID_121395136, Xlae__GeneID_447015	one-to-many	shared HOG	2	1	1	1	1	1	2	4
Sjap__EWB00_009480	Sjap__EWB00_009480	matched	OG0002465	OG0002465	Hsap__GeneID_1025	many-to-one	Cele__WBGene00000410	many-to-one	Dmel__GeneID_37586	many-to-one	Mmus__GeneID_107951	many-to-one	Xlae__GeneID_380229, Xlae__GeneID_735101	many-to-many	shared HOG	1	1	2	2	2	1	1	2
Sjap__EWB00_009541	Sjap__EWB00_009541	matched	OG0002150	OG0002150	Hsap__GeneID_100288695, Hsap__GeneID_3987, Hsap__GeneID_55679, Hsap__GeneID_96626	one-to-many	Cele__WBGene00006826	one-to-one	Dmel__GeneID_40999	one-to-one	Mmus__GeneID_110829, Mmus__GeneID_225341	one-to-many	Xlae__GeneID_432196, Xlae__GeneID_444502	one-to-many	shared HOG	4	1	1	1	1	1	2	2
Sjap__EWB00_009560	Sjap__EWB00_009560	matched	OG0000983	OG0000983	Hsap__GeneID_4026, Hsap__GeneID_54751, Hsap__GeneID_7205, Hsap__GeneID_7791	one-to-many	Cele__WBGene00006999	one-to-one	Dmel__GeneID_317824	one-to-one	Mmus__GeneID_210126, Mmus__GeneID_22051, Mmus__GeneID_22793, Mmus__GeneID_74202	one-to-many	Xlae__GeneID_100049724, Xlae__GeneID_100137707, Xlae__GeneID_108695689, Xlae__GeneID_108696847, Xlae__GeneID_108718052, Xlae__GeneID_735087	one-to-many	shared HOG	4	1	1	1	1	1	4	6
Sjap__EWB00_009605	Sjap__EWB00_009605	matched	OG0013459	OG0013459		no direct pairwise orthologue detected		no direct pairwise orthologue detected		no direct pairwise orthologue detected		no direct pairwise orthologue detected		no direct pairwise orthologue detected	Schistosoma-only in sampled HOG	0	0	1	1	1	0	0	0
Sjap__EWB00_009781	Sjap__EWB00_009781	matched	OG0000685	OG0000685	Hsap__GeneID_11035, Hsap__GeneID_51776, Hsap__GeneID_6885	one-to-many	Cele__WBGene00003396, Cele__WBGene00006971, Cele__WBGene00013643	one-to-many	Dmel__GeneID_318725, Dmel__GeneID_39659, Dmel__GeneID_42692	one-to-many	Mmus__GeneID_26409, Mmus__GeneID_56532, Mmus__GeneID_65964	one-to-many	Xlae__GeneID_101027300, Xlae__GeneID_108699326, Xlae__GeneID_108699327, Xlae__GeneID_108702997, Xlae__GeneID_108715017, Xlae__GeneID_379399, Xlae__GeneID_399459, Xlae__GeneID_733239	one-to-many	shared HOG	3	3	1	1	1	3	3	8
Sjap__EWB00_010219	Sjap__EWB00_010219	matched	OG0002465	OG0002465	Hsap__GeneID_1025	many-to-one	Cele__WBGene00000410	many-to-one	Dmel__GeneID_37586	many-to-one	Mmus__GeneID_107951	many-to-one	Xlae__GeneID_380229, Xlae__GeneID_735101	many-to-many	shared HOG	1	1	2	2	2	1	1	2
Sjap__EWB00_010398	Sjap__EWB00_010398	matched	OG0003976	OG0003976	Hsap__GeneID_3611	one-to-one	Cele__WBGene00003931	one-to-one	Dmel__GeneID_53573	one-to-one	Mmus__GeneID_16202	one-to-one	Xlae__GeneID_444414, Xlae__GeneID_446640	one-to-many	shared HOG	1	1	1	1	1	1	1	2
Sjap__EWB00_010448	Sjap__EWB00_010448	matched	OG0000283	OG0000283	Hsap__GeneID_1277, Hsap__GeneID_1278, Hsap__GeneID_1280, Hsap__GeneID_1281, Hsap__GeneID_1290, Hsap__GeneID_255631, Hsap__GeneID_85301	many-to-many		no direct pairwise orthologue detected		no direct pairwise orthologue detected	Mmus__GeneID_12824, Mmus__GeneID_12825, Mmus__GeneID_12832, Mmus__GeneID_12842, Mmus__GeneID_12843, Mmus__GeneID_373864, Mmus__GeneID_71355	many-to-many	Xlae__GeneID_108699974, Xlae__GeneID_108700840, Xlae__GeneID_108701482, Xlae__GeneID_108701483, Xlae__GeneID_108703076, Xlae__GeneID_108705040, Xlae__GeneID_108714172, Xlae__GeneID_108719903, Xlae__GeneID_380419, Xlae__GeneID_380515, Xlae__GeneID_397738, Xlae__GeneID_397739, Xlae__GeneID_398983	many-to-many	shared HOG	7	0	3	3	3	0	7	13
Sjap__EWB00_010449	Sjap__EWB00_010449	matched	OG0006365	OG0006365	Hsap__GeneID_8646	one-to-one		no direct pairwise orthologue detected	Dmel__GeneID_32498	one-to-one	Mmus__GeneID_12667	one-to-one	Xlae__GeneID_108716188, Xlae__GeneID_108716939, Xlae__GeneID_398045	one-to-many	shared HOG	1	0	0	1	0	1	1	3
Sjap__EWB00_010450	Sjap__EWB00_010450	matched	OG0012988	OG0012988		no direct pairwise orthologue detected		no direct pairwise orthologue detected		no direct pairwise orthologue detected		no direct pairwise orthologue detected		no direct pairwise orthologue detected	Schistosoma-only in sampled HOG	0	0	1	1	1	0	0	0
Sjap__EWB00_010647	Sjap__EWB00_010647	matched	OG0003844	OG0003844	Hsap__GeneID_10097	one-to-one	Cele__WBGene00000200	one-to-one	Dmel__GeneID_32623	one-to-one	Mmus__GeneID_66713	one-to-one	Xlae__GeneID_443741, Xlae__GeneID_734239	one-to-many	shared HOG	1	1	1	1	1	1	1	2
Sjap__EWB00_010649	Sjap__EWB00_010649	matched	OG0000625	OG0000625	Hsap__GeneID_81, Hsap__GeneID_87, Hsap__GeneID_88, Hsap__GeneID_89	many-to-many	Cele__WBGene00000228	many-to-one	Dmel__GeneID_31166	many-to-one	Mmus__GeneID_109711, Mmus__GeneID_11472, Mmus__GeneID_11474, Mmus__GeneID_60595	many-to-many	Xlae__GeneID_108715125, Xlae__GeneID_399422, Xlae__GeneID_431885, Xlae__GeneID_432169, Xlae__GeneID_446326, Xlae__GeneID_446752, Xlae__GeneID_446865, Xlae__GeneID_734930	many-to-many	shared HOG	4	1	2	2	2	1	4	8
Sjap__EWB00_010687	Sjap__EWB00_010687	matched	OG0001364	OG0001364	Hsap__GeneID_25, Hsap__GeneID_27	many-to-many	Cele__WBGene00000018	many-to-one	Dmel__GeneID_45821	many-to-one	Mmus__GeneID_11350, Mmus__GeneID_11352	many-to-many	Xlae__GeneID_108699954, Xlae__GeneID_108704697, Xlae__GeneID_373818, Xlae__GeneID_403362	many-to-many	shared HOG	2	1	2	2	2	1	2	4
Sjap__EWB00_010727	Sjap__EWB00_010727	matched	OG0000486	OG0000486	Hsap__GeneID_51332, Hsap__GeneID_57731, Hsap__GeneID_6710, Hsap__GeneID_6711, Hsap__GeneID_6712	many-to-many	Cele__WBGene00004855, Cele__WBGene00006803	many-to-many	Dmel__GeneID_32746, Dmel__GeneID_38418	many-to-many	Mmus__GeneID_20741, Mmus__GeneID_20742, Mmus__GeneID_20743, Mmus__GeneID_640524, Mmus__GeneID_80297	many-to-many	Xlae__GeneID_108698614, Xlae__GeneID_108698979, Xlae__GeneID_108699197, Xlae__GeneID_108700575, Xlae__GeneID_108715130, Xlae__GeneID_108716412, Xlae__GeneID_108717395, Xlae__GeneID_398511	many-to-many	shared HOG	5	2	2	2	2	2	5	8
Sjap__EWB00_011039	Sjap__EWB00_011039	matched	OG0001220	OG0001220	Hsap__GeneID_3655, Hsap__GeneID_3675, Hsap__GeneID_3679	one-to-many	Cele__WBGene00002081	one-to-one	Dmel__GeneID_32275	one-to-one	Mmus__GeneID_16400, Mmus__GeneID_16403, Mmus__GeneID_16404	one-to-many	Xlae__GeneID_108702534, Xlae__GeneID_108702994, Xlae__GeneID_108708560, Xlae__GeneID_108708991, Xlae__GeneID_373657, Xlae__GeneID_397985	one-to-many	shared HOG	3	1	1	1	1	1	3	6
Sjap__EWB00_011156	Sjap__EWB00_011156	matched	OG0007364	OG0007364		no direct pairwise orthologue detected	Cele__WBGene00000098	one-to-one	Dmel__GeneID_41446	one-to-one		no direct pairwise orthologue detected		no direct pairwise orthologue detected	shared HOG	0	1	1	1	1	1	0	0
Sjap__EWB00_011263	Sjap__EWB00_011263	matched	OG0001397	OG0001397	Hsap__GeneID_10000, Hsap__GeneID_207, Hsap__GeneID_208	one-to-many	Cele__WBGene00000102, Cele__WBGene00000103	one-to-many	Dmel__GeneID_41957	one-to-one	Mmus__GeneID_11651, Mmus__GeneID_11652, Mmus__GeneID_23797	one-to-many	Xlae__GeneID_108698803, Xlae__GeneID_379783, Xlae__GeneID_399170, Xlae__GeneID_432172	one-to-many	shared HOG	3	2	1	1	1	1	3	4
Sjap__EWB00_011320	Sjap__EWB00_011320	matched	OG0003204	OG0003204	Hsap__GeneID_9262, Hsap__GeneID_9263	one-to-many		no direct pairwise orthologue detected	Dmel__GeneID_32097	one-to-one	Mmus__GeneID_98267	one-to-one	Xlae__GeneID_100037118, Xlae__GeneID_100049105, Xlae__GeneID_108700745, Xlae__GeneID_734454	one-to-many	shared HOG	2	0	0	1	1	1	1	4
Sman__Smp_000100	Sman__Smp_000100	matched	OG0000767	OG0000767	Hsap__GeneID_2316, Hsap__GeneID_2317, Hsap__GeneID_2318	many-to-many	Cele__WBGene00022048	many-to-one	Dmel__GeneID_42066	many-to-one	Mmus__GeneID_192176, Mmus__GeneID_286940, Mmus__GeneID_68794	many-to-many	Xlae__GeneID_108699999, Xlae__GeneID_108704467, Xlae__GeneID_108705104, Xlae__GeneID_108715054, Xlae__GeneID_121393384, Xlae__GeneID_121393385, Xlae__GeneID_733321, Xlae__GeneID_734178	many-to-many	shared HOG	3	1	2	2	2	1	3	8
Sman__Smp_003000	Sman__Smp_003000	matched	OG0002465	OG0002465	Hsap__GeneID_1025	many-to-one	Cele__WBGene00000410	many-to-one	Dmel__GeneID_37586	many-to-one	Mmus__GeneID_107951	many-to-one	Xlae__GeneID_380229, Xlae__GeneID_735101	many-to-many	shared HOG	1	1	2	2	2	1	1	2
Sman__Smp_006920	Sman__Smp_006920	matched	OG0000213	OG0000213	Hsap__GeneID_2268, Hsap__GeneID_2534, Hsap__GeneID_3055, Hsap__GeneID_3932, Hsap__GeneID_4067, Hsap__GeneID_640, Hsap__GeneID_6714, Hsap__GeneID_7525	many-to-many	Cele__WBGene00005077	many-to-one	Dmel__GeneID_48973	many-to-one	Mmus__GeneID_12143, Mmus__GeneID_14191, Mmus__GeneID_14360, Mmus__GeneID_15162, Mmus__GeneID_16818, Mmus__GeneID_17096, Mmus__GeneID_20779, Mmus__GeneID_22612	many-to-many	Xlae__GeneID_100036955, Xlae__GeneID_108695301, Xlae__GeneID_108708097, Xlae__GeneID_108708930, Xlae__GeneID_108709526, Xlae__GeneID_108717237, Xlae__GeneID_373609, Xlae__GeneID_373647, Xlae__GeneID_373649, Xlae__GeneID_379629, Xlae__GeneID_379812, Xlae__GeneID_380430, Xlae__GeneID_734720	many-to-many	shared HOG	8	1	3	3	4	1	8	13
Sman__Smp_008260	Sman__Smp_008260	matched	OG0002453	OG0002453	Hsap__GeneID_2931, Hsap__GeneID_2932	one-to-many		no direct pairwise orthologue detected	Dmel__GeneID_31248	one-to-one	Mmus__GeneID_56637, Mmus__GeneID_606496	one-to-many	Xlae__GeneID_100189575, Xlae__GeneID_398338, Xlae__GeneID_399097, Xlae__GeneID_779056	one-to-many	shared HOG	2	0	1	1	1	1	2	4
Sman__Smp_009540	Sman__Smp_009540	matched	OG0008154	OG0008154		no direct pairwise orthologue detected	Cele__WBGene00003599	one-to-one		no direct pairwise orthologue detected		no direct pairwise orthologue detected		no direct pairwise orthologue detected	shared HOG	0	1	1	1	1	0	0	0
Sman__Smp_009600	Sman__Smp_009600	matched	OG0001424	OG0001424	Hsap__GeneID_1263, Hsap__GeneID_126520, Hsap__GeneID_5347	one-to-many	Cele__WBGene00004042, Cele__WBGene00004043	one-to-many	Dmel__GeneID_40232	one-to-one	Mmus__GeneID_12795, Mmus__GeneID_18817, Mmus__GeneID_216166	one-to-many	Xlae__GeneID_100381164, Xlae__GeneID_100505422, Xlae__GeneID_108701628, Xlae__GeneID_380481	one-to-many	shared HOG	3	2	1	1	1	1	3	4
Sman__Smp_009800	Sman__Smp_009800	matched	OG0006027	OG0006027	Hsap__GeneID_152110	one-to-one	Cele__WBGene00017033	one-to-one		no direct pairwise orthologue detected	Mmus__GeneID_674895	one-to-one	Xlae__GeneID_108718926	one-to-one	shared HOG	1	1	1	1	1	0	1	1
Sman__Smp_011660	Sman__Smp_011660	matched	OG0000917	OG0000917	Hsap__GeneID_815, Hsap__GeneID_816, Hsap__GeneID_817, Hsap__GeneID_818	one-to-many	Cele__WBGene00006779	one-to-one	Dmel__GeneID_43828	one-to-one	Mmus__GeneID_108058, Mmus__GeneID_12322, Mmus__GeneID_12323, Mmus__GeneID_12325	one-to-many	Xlae__GeneID_108696257, Xlae__GeneID_108712641, Xlae__GeneID_380508, Xlae__GeneID_397789, Xlae__GeneID_398376, Xlae__GeneID_399160, Xlae__GeneID_399284	one-to-many	shared HOG	4	1	1	1	1	1	4	7
Sman__Smp_011700	Sman__Smp_011700	matched	OG0001084	OG0001084	Hsap__GeneID_238, Hsap__GeneID_4058, Hsap__GeneID_6098	one-to-many	Cele__WBGene00004740	one-to-one	Dmel__GeneID_32039, Dmel__GeneID_53425	one-to-many	Mmus__GeneID_11682, Mmus__GeneID_17005, Mmus__GeneID_19886	one-to-many	Xlae__GeneID_108698980, Xlae__GeneID_108699739, Xlae__GeneID_108716096, Xlae__GeneID_108716156, Xlae__GeneID_108717382, Xlae__GeneID_121394155	one-to-many	shared HOG	3	1	1	1	1	2	3	6
Sman__Smp_012740	Sman__Smp_012740	matched	OG0002477	OG0002477	Hsap__GeneID_57037	one-to-one	Cele__WBGene00000917	one-to-one	Dmel__GeneID_39210	one-to-one	Mmus__GeneID_217473	one-to-one	Xlae__GeneID_108719915, Xlae__GeneID_121394544, Xlae__GeneID_121394551, Xlae__GeneID_121394552, Xlae__GeneID_121394553	one-to-many	shared HOG	1	1	1	1	1	1	1	5
Sman__Smp_014780	Sman__Smp_014780	matched	OG0000625	OG0000625	Hsap__GeneID_81, Hsap__GeneID_87, Hsap__GeneID_88, Hsap__GeneID_89	many-to-many	Cele__WBGene00000228	many-to-one	Dmel__GeneID_31166	many-to-one	Mmus__GeneID_109711, Mmus__GeneID_11472, Mmus__GeneID_11474, Mmus__GeneID_60595	many-to-many	Xlae__GeneID_108715125, Xlae__GeneID_399422, Xlae__GeneID_431885, Xlae__GeneID_432169, Xlae__GeneID_446326, Xlae__GeneID_446752, Xlae__GeneID_446865, Xlae__GeneID_734930	many-to-many	shared HOG	4	1	2	2	2	1	4	8
Sman__Smp_020540	Sman__Smp_020540	matched	OG0013668	OG0013668		no direct pairwise orthologue detected		no direct pairwise orthologue detected		no direct pairwise orthologue detected		no direct pairwise orthologue detected		no direct pairwise orthologue detected	Schistosoma-only in sampled HOG	0	0	1	1	1	0	0	0
Sman__Smp_026510	Sman__Smp_026510	matched	OG0002882	OG0002882	Hsap__GeneID_5604, Hsap__GeneID_5605	one-to-many	Cele__WBGene00003186	one-to-one	Dmel__GeneID_31872	one-to-one	Mmus__GeneID_26395, Mmus__GeneID_26396	one-to-many	Xlae__GeneID_108712802, Xlae__GeneID_379991	one-to-many	shared HOG	2	1	1	1	1	1	2	2
Sman__Smp_034550	Sman__Smp_034550	matched	OG0000625	OG0000625	Hsap__GeneID_81, Hsap__GeneID_87, Hsap__GeneID_88, Hsap__GeneID_89	many-to-many	Cele__WBGene00000228	many-to-one	Dmel__GeneID_31166	many-to-one	Mmus__GeneID_109711, Mmus__GeneID_11472, Mmus__GeneID_11474, Mmus__GeneID_60595	many-to-many	Xlae__GeneID_108715125, Xlae__GeneID_399422, Xlae__GeneID_431885, Xlae__GeneID_432169, Xlae__GeneID_446326, Xlae__GeneID_446752, Xlae__GeneID_446865, Xlae__GeneID_734930	many-to-many	shared HOG	4	1	2	2	2	1	4	8
Sman__Smp_040190	Sman__Smp_040190	matched	OG0001726	OG0001726	Hsap__GeneID_102724428, Hsap__GeneID_150094, Hsap__GeneID_23235	one-to-many	Cele__WBGene00002210	one-to-one	Dmel__GeneID_31170, Dmel__GeneID_37152	one-to-many	Mmus__GeneID_17691, Mmus__GeneID_235344	one-to-many	Xlae__GeneID_100502576, Xlae__GeneID_108697582, Xlae__GeneID_108709301	one-to-many	shared HOG	3	1	1	1	1	2	2	3
Sman__Smp_044530	Sman__Smp_044530	matched	OG0012648	OG0012648		no direct pairwise orthologue detected		no direct pairwise orthologue detected		no direct pairwise orthologue detected		no direct pairwise orthologue detected		no direct pairwise orthologue detected	Schistosoma-only in sampled HOG	0	0	1	1	1	0	0	0
Sman__Smp_047870	Sman__Smp_047870	matched	OG0002696	OG0002696	Hsap__GeneID_3984, Hsap__GeneID_3985	one-to-many		no direct pairwise orthologue detected	Dmel__GeneID_32207	one-to-one	Mmus__GeneID_16885, Mmus__GeneID_16886	one-to-many	Xlae__GeneID_108705108, Xlae__GeneID_108709319, Xlae__GeneID_397696, Xlae__GeneID_398298	one-to-many	shared HOG	2	0	1	1	1	1	2	4
Sman__Smp_047900	Sman__Smp_047900	matched	OG0001730	OG0001730	Hsap__GeneID_5594, Hsap__GeneID_5595	many-to-many	Cele__WBGene00003401	many-to-one	Dmel__GeneID_3354888	many-to-one	Mmus__GeneID_26413, Mmus__GeneID_26417	many-to-many	Xlae__GeneID_397785, Xlae__GeneID_398985	many-to-many	shared HOG	2	1	2	2	2	1	2	2
Sman__Smp_048560	Sman__Smp_048560	matched	OG0000150	OG0000150	Hsap__GeneID_144165, Hsap__GeneID_166336, Hsap__GeneID_2273, Hsap__GeneID_2274, Hsap__GeneID_2275, Hsap__GeneID_26136, Hsap__GeneID_29964, Hsap__GeneID_4007, Hsap__GeneID_9457	many-to-many	Cele__WBGene00006407, Cele__WBGene00015217, Cele__WBGene00022727	many-to-many	Dmel__GeneID_45343, Dmel__GeneID_53557	many-to-many	Mmus__GeneID_106042, Mmus__GeneID_14199, Mmus__GeneID_14200, Mmus__GeneID_14201, Mmus__GeneID_14202, Mmus__GeneID_21753, Mmus__GeneID_236749, Mmus__GeneID_243548, Mmus__GeneID_381104, Mmus__GeneID_54630, Mmus__GeneID_57756	many-to-many	Xlae__GeneID_100127273, Xlae__GeneID_108699981, Xlae__GeneID_108708232, Xlae__GeneID_108708415, Xlae__GeneID_108709459, Xlae__GeneID_108709713, Xlae__GeneID_108713109, Xlae__GeneID_108714730, Xlae__GeneID_108715929, Xlae__GeneID_108717963, Xlae__GeneID_380398, Xlae__GeneID_398256, Xlae__GeneID_398264, Xlae__GeneID_444152, Xlae__GeneID_446852, Xlae__GeneID_447182, Xlae__GeneID_447738	many-to-many	shared HOG	9	3	2	2	2	2	11	17
Sman__Smp_049760	Sman__Smp_049760	matched	OG0001365	OG0001365	Hsap__GeneID_130399, Hsap__GeneID_7046, Hsap__GeneID_91	one-to-many		no direct pairwise orthologue detected	Dmel__GeneID_35900	one-to-one	Mmus__GeneID_11479, Mmus__GeneID_21812, Mmus__GeneID_269275	one-to-many	Xlae__GeneID_108701335, Xlae__GeneID_108702964, Xlae__GeneID_108708537, Xlae__GeneID_108719029, Xlae__GeneID_399295, Xlae__GeneID_399454	one-to-many	shared HOG	3	0	1	1	1	1	3	6
Sman__Smp_053420	Sman__Smp_053420	matched	OG0001282	OG0001282	Hsap__GeneID_10979, Hsap__GeneID_55612, Hsap__GeneID_83706	one-to-many	Cele__WBGene00006836	one-to-one	Dmel__GeneID_38488, Dmel__GeneID_39907	one-to-many	Mmus__GeneID_108101, Mmus__GeneID_218952, Mmus__GeneID_241639	one-to-many	Xlae__GeneID_100049120, Xlae__GeneID_108713911, Xlae__GeneID_379119, Xlae__GeneID_446790, Xlae__GeneID_494682	one-to-many	shared HOG	3	1	1	1	1	2	3	5
Sman__Smp_053560	Sman__Smp_053560	matched	OG0002154	OG0002154	Hsap__GeneID_7867, Hsap__GeneID_9261	one-to-many	Cele__WBGene00007007	one-to-one	Dmel__GeneID_44573	one-to-one	Mmus__GeneID_102626, Mmus__GeneID_17164	one-to-many	Xlae__GeneID_108714604, Xlae__GeneID_432084, Xlae__GeneID_495118, Xlae__GeneID_779225	one-to-many	shared HOG	2	1	1	1	1	1	2	4
Sman__Smp_058620	Sman__Smp_058620	matched	OG0000749	OG0000749	Hsap__GeneID_1195, Hsap__GeneID_1196, Hsap__GeneID_1198, Hsap__GeneID_57396	many-to-many	Cele__WBGene00006517	many-to-one	Dmel__GeneID_43415	many-to-one	Mmus__GeneID_102414, Mmus__GeneID_105943584, Mmus__GeneID_12747, Mmus__GeneID_12748, Mmus__GeneID_12750	many-to-many	Xlae__GeneID_100049134, Xlae__GeneID_100101302, Xlae__GeneID_108712973, Xlae__GeneID_379763, Xlae__GeneID_734822	many-to-many	shared HOG	4	1	2	2	2	1	5	5
Sman__Smp_058790	Sman__Smp_058790	matched	OG0000685	OG0000685	Hsap__GeneID_11035, Hsap__GeneID_51776, Hsap__GeneID_6885	one-to-many	Cele__WBGene00003396, Cele__WBGene00006971, Cele__WBGene00013643	one-to-many	Dmel__GeneID_318725, Dmel__GeneID_39659, Dmel__GeneID_42692	one-to-many	Mmus__GeneID_26409, Mmus__GeneID_56532, Mmus__GeneID_65964	one-to-many	Xlae__GeneID_101027300, Xlae__GeneID_108699326, Xlae__GeneID_108699327, Xlae__GeneID_108702997, Xlae__GeneID_108715017, Xlae__GeneID_379399, Xlae__GeneID_399459, Xlae__GeneID_733239	one-to-many	shared HOG	3	3	1	1	1	3	3	8
Sman__Smp_063040	Sman__Smp_063040	matched	OG0002682	OG0002682	Hsap__GeneID_51412, Hsap__GeneID_86	one-to-many	Cele__WBGene00022774	one-to-one	Dmel__GeneID_36956	one-to-one	Mmus__GeneID_56456, Mmus__GeneID_83766	one-to-many	Xlae__GeneID_108703569, Xlae__GeneID_108717002, Xlae__GeneID_380143	one-to-many	shared HOG	2	1	1	1	1	1	2	3
Sman__Smp_064040	Sman__Smp_064040	matched	OG0008159	OG0008159		no direct pairwise orthologue detected		no direct pairwise orthologue detected	Dmel__GeneID_41995	one-to-one		no direct pairwise orthologue detected		no direct pairwise orthologue detected	shared HOG	0	0	1	1	1	1	0	0
Sman__Smp_065290	Sman__Smp_065290	matched	OG0000304	OG0000304	Hsap__GeneID_139728, Hsap__GeneID_149069, Hsap__GeneID_51473, Hsap__GeneID_57118, Hsap__GeneID_6101, Hsap__GeneID_728597, Hsap__GeneID_8536	many-to-many	Cele__WBGene00000553, Cele__WBGene00012328, Cele__WBGene00012332, Cele__WBGene00017860	many-to-many	Dmel__GeneID_43792	many-to-one	Mmus__GeneID_100504491, Mmus__GeneID_195208, Mmus__GeneID_19888, Mmus__GeneID_227541, Mmus__GeneID_52163, Mmus__GeneID_68511, Mmus__GeneID_93843	many-to-many	Xlae__GeneID_100381138, Xlae__GeneID_108699989, Xlae__GeneID_108720125, Xlae__GeneID_379332, Xlae__GeneID_379971, Xlae__GeneID_398402, Xlae__GeneID_398621, Xlae__GeneID_399357, Xlae__GeneID_444524, Xlae__GeneID_447052	many-to-many	shared HOG	7	4	2	2	2	1	7	10
Sman__Smp_068960	Sman__Smp_068960	matched	OG0000688	OG0000688	Hsap__GeneID_8899	many-to-one	Cele__WBGene00004186	many-to-one	Dmel__GeneID_38032	many-to-one	Mmus__GeneID_19134	many-to-one	Xlae__GeneID_100037169, Xlae__GeneID_495151	many-to-many	shared HOG	1	1	5	6	6	1	1	2
Sman__Smp_070640	Sman__Smp_070640	matched	OG0013508	OG0013508		no direct pairwise orthologue detected		no direct pairwise orthologue detected		no direct pairwise orthologue detected		no direct pairwise orthologue detected		no direct pairwise orthologue detected	Schistosoma-only in sampled HOG	0	0	1	1	1	0	0	0
Sman__Smp_072870	Sman__Smp_072870	matched	OG0002778	OG0002778	Hsap__GeneID_10120, Hsap__GeneID_10121	one-to-many	Cele__WBGene00013168	one-to-one	Dmel__GeneID_41566	one-to-one	Mmus__GeneID_226977, Mmus__GeneID_54130	one-to-many	Xlae__GeneID_108697423, Xlae__GeneID_446316	one-to-many	shared HOG	2	1	1	1	1	1	2	2
Sman__Smp_073340	Sman__Smp_073340	matched	OG0004907	OG0004907	Hsap__GeneID_1020	one-to-one	Cele__WBGene00000407	one-to-one	Dmel__GeneID_36727	one-to-one	Mmus__GeneID_12568	one-to-one	Xlae__GeneID_399296	one-to-one	shared HOG	1	1	1	1	1	1	1	1
Sman__Smp_073490	Sman__Smp_073490	matched	OG0012651	OG0012651		no direct pairwise orthologue detected		no direct pairwise orthologue detected		no direct pairwise orthologue detected		no direct pairwise orthologue detected		no direct pairwise orthologue detected	Schistosoma-only in sampled HOG	0	0	1	1	1	0	0	0
Sman__Smp_073510	Sman__Smp_073510	matched	OG0012655	OG0012655		no direct pairwise orthologue detected		no direct pairwise orthologue detected		no direct pairwise orthologue detected		no direct pairwise orthologue detected		no direct pairwise orthologue detected	Schistosoma-only in sampled HOG	0	0	1	1	1	0	0	0
Sman__Smp_074080	Sman__Smp_074080	matched	OG0002880	OG0002880	Hsap__GeneID_51701	one-to-one	Cele__WBGene00003048	one-to-one	Dmel__GeneID_38890	one-to-one	Mmus__GeneID_18099	one-to-one	Xlae__GeneID_108703801, Xlae__GeneID_108709347, Xlae__GeneID_398295, Xlae__GeneID_414522	one-to-many	shared HOG	1	1	1	1	1	1	1	4
Sman__Smp_077180	Sman__Smp_077180	matched	OG0001786	OG0001786	Hsap__GeneID_1111	one-to-one	Cele__WBGene00000498, Cele__WBGene00012792, Cele__WBGene00017083, Cele__WBGene00019814, Cele__WBGene00019815, Cele__WBGene00019817	one-to-many	Dmel__GeneID_34993	one-to-one	Mmus__GeneID_12649	one-to-one	Xlae__GeneID_108696394, Xlae__GeneID_398191	one-to-many	shared HOG	1	6	1	1	1	1	1	2
Sman__Smp_077850	Sman__Smp_077850	matched	OG0013354	OG0013354		no direct pairwise orthologue detected		no direct pairwise orthologue detected		no direct pairwise orthologue detected		no direct pairwise orthologue detected		no direct pairwise orthologue detected	Schistosoma-only in sampled HOG	0	0	1	1	1	0	0	0
Sman__Smp_077860	Sman__Smp_077860	matched	OG0010704	OG0010704		no direct pairwise orthologue detected		no direct pairwise orthologue detected		no direct pairwise orthologue detected		no direct pairwise orthologue detected		no direct pairwise orthologue detected	Schistosoma-only in sampled HOG	0	0	1	1	1	0	0	0
Sman__Smp_078230	Sman__Smp_078230	matched	OG0002810	OG0002810	Hsap__GeneID_5592	many-to-one		no direct pairwise orthologue detected	Dmel__GeneID_44817	many-to-one	Mmus__GeneID_19091	many-to-one	Xlae__GeneID_108696071, Xlae__GeneID_108697357	many-to-many	shared HOG	1	0	2	2	2	1	1	2
Sman__Smp_079760	Sman__Smp_079760	matched	OG0003976	OG0003976	Hsap__GeneID_3611	one-to-one	Cele__WBGene00003931	one-to-one	Dmel__GeneID_53573	one-to-one	Mmus__GeneID_16202	one-to-one	Xlae__GeneID_444414, Xlae__GeneID_446640	one-to-many	shared HOG	1	1	1	1	1	1	1	2
Sman__Smp_080730	Sman__Smp_080730	matched	OG0001595	OG0001595	Hsap__GeneID_1017, Hsap__GeneID_1018, Hsap__GeneID_983	one-to-many	Cele__WBGene00000405	one-to-one	Dmel__GeneID_34411, Dmel__GeneID_42453	one-to-many	Mmus__GeneID_12534, Mmus__GeneID_12566	one-to-many	Xlae__GeneID_379785, Xlae__GeneID_380246, Xlae__GeneID_399314, Xlae__GeneID_432036	one-to-many	shared HOG	3	1	1	1	1	2	2	4
Sman__Smp_080920	Sman__Smp_080920	matched				no direct pairwise orthologue detected		no direct pairwise orthologue detected		no direct pairwise orthologue detected		no direct pairwise orthologue detected		no direct pairwise orthologue detected	not found in selected HOG table								
Sman__Smp_085690	Sman__Smp_085690	matched	OG0003750	OG0003750	Hsap__GeneID_124923	many-to-one	Cele__WBGene00017950	many-to-one	Dmel__GeneID_45970	many-to-one	Mmus__GeneID_216976	many-to-one	Xlae__GeneID_108707957	many-to-one	shared HOG	1	1	1	1	2	1	1	1
Sman__Smp_086590	Sman__Smp_086590	matched	OG0000643	OG0000643	Hsap__GeneID_1072, Hsap__GeneID_1073, Hsap__GeneID_11034, Hsap__GeneID_729454	many-to-many	Cele__WBGene00006794, Cele__WBGene00302980	many-to-many	Dmel__GeneID_32861, Dmel__GeneID_37841	many-to-many	Mmus__GeneID_12631, Mmus__GeneID_12632, Mmus__GeneID_56431	many-to-many	Xlae__GeneID_108699719, Xlae__GeneID_108716609, Xlae__GeneID_379172, Xlae__GeneID_379258, Xlae__GeneID_379282, Xlae__GeneID_494995	many-to-many	shared HOG	4	2	2	2	3	2	3	6
Sman__Smp_086690	Sman__Smp_086690	matched	OG0003225	OG0003225	Hsap__GeneID_6416	one-to-one	Cele__WBGene00003368, Cele__WBGene00012162	one-to-many	Dmel__GeneID_41020	one-to-one	Mmus__GeneID_26398	one-to-one	Xlae__GeneID_399471, Xlae__GeneID_431908	one-to-many	shared HOG	1	2	1	1	1	1	1	2
Sman__Smp_089700	Sman__Smp_089700	matched	OG0000547	OG0000547	Hsap__GeneID_3688, Hsap__GeneID_3689, Hsap__GeneID_3690, Hsap__GeneID_3693, Hsap__GeneID_3694, Hsap__GeneID_3695	one-to-many	Cele__WBGene00003930	one-to-one	Dmel__GeneID_44885	one-to-one	Mmus__GeneID_16412, Mmus__GeneID_16414, Mmus__GeneID_16415, Mmus__GeneID_16416, Mmus__GeneID_16419, Mmus__GeneID_16420, Mmus__GeneID_16421	one-to-many	Xlae__GeneID_108702890, Xlae__GeneID_108708650, Xlae__GeneID_378686, Xlae__GeneID_379708, Xlae__GeneID_397699, Xlae__GeneID_397755, Xlae__GeneID_399443, Xlae__GeneID_446423	one-to-many	shared HOG	6	1	1	1	1	1	7	8
Sman__Smp_093230	Sman__Smp_093230	matched	OG0004470	OG0004470	Hsap__GeneID_55860	one-to-one	Cele__WBGene00016793	one-to-one	Dmel__GeneID_32969	one-to-one	Mmus__GeneID_56444	one-to-one	Xlae__GeneID_444368, Xlae__GeneID_495357	one-to-many	shared HOG	1	1	1	1	1	1	1	2
Sman__Smp_094190	Sman__Smp_094190	matched	OG0004237	OG0004237	Hsap__GeneID_167359	one-to-one	Cele__WBGene00009867	one-to-one	Dmel__GeneID_33284	one-to-one	Mmus__GeneID_245269	one-to-one	Xlae__GeneID_108707299, Xlae__GeneID_108718398	one-to-many	shared HOG	1	1	1	1	1	1	1	2
Sman__Smp_094250	Sman__Smp_094250	matched	OG0005108	OG0005108	Hsap__GeneID_5170	one-to-one	Cele__WBGene00003965	one-to-one	Dmel__GeneID_38017	one-to-one	Mmus__GeneID_18607	one-to-one	Xlae__GeneID_108703133, Xlae__GeneID_444529	one-to-many	shared HOG	1	1	0	1	1	1	1	2
Sman__Smp_094760	Sman__Smp_094760	matched	OG0002465	OG0002465	Hsap__GeneID_1025	many-to-one	Cele__WBGene00000410	many-to-one	Dmel__GeneID_37586	many-to-one	Mmus__GeneID_107951	many-to-one	Xlae__GeneID_380229, Xlae__GeneID_735101	many-to-many	shared HOG	1	1	2	2	2	1	1	2
Sman__Smp_096310	Sman__Smp_096310	matched	OG0002104	OG0002104	Hsap__GeneID_5584, Hsap__GeneID_5590	one-to-many	Cele__WBGene00004034	one-to-one	Dmel__GeneID_47594	one-to-one	Mmus__GeneID_18759, Mmus__GeneID_18762	one-to-many	Xlae__GeneID_108697633, Xlae__GeneID_108705375, Xlae__GeneID_373768, Xlae__GeneID_399287	one-to-many	shared HOG	2	1	1	1	1	1	2	4
Sman__Smp_096640	Sman__Smp_096640	matched	OG0001410	OG0001410	Hsap__GeneID_10494, Hsap__GeneID_51765, Hsap__GeneID_8428	one-to-many	Cele__WBGene00001526	one-to-one	Dmel__GeneID_42064	one-to-one	Mmus__GeneID_223255, Mmus__GeneID_59041, Mmus__GeneID_70415	one-to-many	Xlae__GeneID_108698480, Xlae__GeneID_108709753, Xlae__GeneID_432004, Xlae__GeneID_444155, Xlae__GeneID_444523	one-to-many	shared HOG	3	1	1	1	1	1	3	5
Sman__Smp_097940	Sman__Smp_097940	matched	OG0003202	OG0003202	Hsap__GeneID_10783, Hsap__GeneID_140609	one-to-many	Cele__WBGene00008956	one-to-one		no direct pairwise orthologue detected	Mmus__GeneID_59125, Mmus__GeneID_59126	one-to-many	Xlae__GeneID_100036860, Xlae__GeneID_414882	one-to-many	shared HOG	2	1	1	1	1	0	2	2
Sman__Smp_098840	Sman__Smp_098840	matched	OG0002667	OG0002667	Hsap__GeneID_5260, Hsap__GeneID_5261	one-to-many	Cele__WBGene00021753	one-to-one	Dmel__GeneID_32120	one-to-one	Mmus__GeneID_18682, Mmus__GeneID_68961	one-to-many	Xlae__GeneID_108708334, Xlae__GeneID_373780, Xlae__GeneID_496328	one-to-many	shared HOG	2	1	1	1	1	1	2	3
Sman__Smp_101290	Sman__Smp_101290	matched	OG0003844	OG0003844	Hsap__GeneID_10097	one-to-one	Cele__WBGene00000200	one-to-one	Dmel__GeneID_32623	one-to-one	Mmus__GeneID_66713	one-to-one	Xlae__GeneID_443741, Xlae__GeneID_734239	one-to-many	shared HOG	1	1	1	1	1	1	1	2
Sman__Smp_103570	Sman__Smp_103570	matched	OG0002422	OG0002422	Hsap__GeneID_11329, Hsap__GeneID_23012	one-to-many	Cele__WBGene00004727	one-to-one	Dmel__GeneID_40165	one-to-one	Mmus__GeneID_106504, Mmus__GeneID_232533	one-to-many	Xlae__GeneID_108710710, Xlae__GeneID_380110, Xlae__GeneID_414693	one-to-many	shared HOG	2	1	1	1	1	1	2	3
Sman__Smp_103950	Sman__Smp_103950	matched	OG0006409	OG0006409	Hsap__GeneID_8558	one-to-one		no direct pairwise orthologue detected	Dmel__GeneID_36051	one-to-one	Mmus__GeneID_234854	one-to-one	Xlae__GeneID_100036925	one-to-one	shared HOG	1	0	1	1	1	1	1	1
Sman__Smp_120700	Sman__Smp_120700	matched	OG0000643	OG0000643	Hsap__GeneID_1072, Hsap__GeneID_1073, Hsap__GeneID_11034, Hsap__GeneID_729454	many-to-many	Cele__WBGene00006794, Cele__WBGene00302980	many-to-many	Dmel__GeneID_32861, Dmel__GeneID_37841	many-to-many	Mmus__GeneID_12631, Mmus__GeneID_12632, Mmus__GeneID_56431	many-to-many	Xlae__GeneID_108699719, Xlae__GeneID_108716609, Xlae__GeneID_379172, Xlae__GeneID_379258, Xlae__GeneID_379282, Xlae__GeneID_494995	many-to-many	shared HOG	4	2	2	2	3	2	3	6
Sman__Smp_121780	Sman__Smp_121780	matched	OG0000873	OG0000873	Hsap__GeneID_10290, Hsap__GeneID_340156, Hsap__GeneID_85366, Hsap__GeneID_91807	one-to-many	Cele__WBGene00013869	one-to-one	Dmel__GeneID_36002	one-to-one	Mmus__GeneID_11790, Mmus__GeneID_213435, Mmus__GeneID_228785, Mmus__GeneID_238564	one-to-many	Xlae__GeneID_108700969, Xlae__GeneID_108701290, Xlae__GeneID_108702928, Xlae__GeneID_108714133, Xlae__GeneID_108715487, Xlae__GeneID_108719107, Xlae__GeneID_108720081	one-to-many	shared HOG	4	1	1	1	1	1	4	7
Sman__Smp_123640	Sman__Smp_123640	matched	OG0000544	OG0000544	Hsap__GeneID_131890, Hsap__GeneID_2868, Hsap__GeneID_2869, Hsap__GeneID_2870, Hsap__GeneID_6011	one-to-many	Cele__WBGene00001708	one-to-one	Dmel__GeneID_49045	one-to-one	Mmus__GeneID_14772, Mmus__GeneID_14773, Mmus__GeneID_24013, Mmus__GeneID_26385	one-to-many	Xlae__GeneID_100192358, Xlae__GeneID_100192359, Xlae__GeneID_108696022, Xlae__GeneID_108697324, Xlae__GeneID_108711651, Xlae__GeneID_108712671, Xlae__GeneID_443726, Xlae__GeneID_446831, Xlae__GeneID_447337, Xlae__GeneID_474158, Xlae__GeneID_733223, Xlae__GeneID_733256	one-to-many	shared HOG	5	1	1	1	1	1	4	12
Sman__Smp_123830	Sman__Smp_123830	matched	OG0000784	OG0000784	Hsap__GeneID_1289, Hsap__GeneID_1301, Hsap__GeneID_1302, Hsap__GeneID_50509	many-to-many		no direct pairwise orthologue detected		no direct pairwise orthologue detected	Mmus__GeneID_12814, Mmus__GeneID_12815, Mmus__GeneID_12831, Mmus__GeneID_53867	many-to-many	Xlae__GeneID_108699914, Xlae__GeneID_108700220, Xlae__GeneID_108711695, Xlae__GeneID_108713331, Xlae__GeneID_108714428, Xlae__GeneID_108715007, Xlae__GeneID_398739	many-to-many	shared HOG	4	0	2	2	2	0	4	7
Sman__Smp_124130	Sman__Smp_124130	matched	OG0001395	OG0001395	Hsap__GeneID_344387, Hsap__GeneID_8814	many-to-many	Cele__WBGene00012779	many-to-one	Dmel__GeneID_33798	many-to-one	Mmus__GeneID_381113, Mmus__GeneID_71091	many-to-many	Xlae__GeneID_108698750, Xlae__GeneID_108699794, Xlae__GeneID_108704730, Xlae__GeneID_121398949	many-to-many	shared HOG	2	1	2	2	2	1	2	4
Sman__Smp_124850	Sman__Smp_124850	matched	OG0001055	OG0001055	Hsap__GeneID_3702, Hsap__GeneID_660, Hsap__GeneID_695, Hsap__GeneID_7006, Hsap__GeneID_7294	one-to-many		no direct pairwise orthologue detected	Dmel__GeneID_34132	one-to-one	Mmus__GeneID_12169, Mmus__GeneID_12229, Mmus__GeneID_16428, Mmus__GeneID_21682, Mmus__GeneID_22165	one-to-many	Xlae__GeneID_108698274, Xlae__GeneID_108706583, Xlae__GeneID_108710759, Xlae__GeneID_121402817, Xlae__GeneID_734996	one-to-many	shared HOG	5	0	1	1	1	1	5	5
Sman__Smp_125360	Sman__Smp_125360	matched	OG0002474	OG0002474	Hsap__GeneID_1445, Hsap__GeneID_4145	one-to-many	Cele__WBGene00000812	one-to-one	Dmel__GeneID_41398	one-to-one	Mmus__GeneID_12988, Mmus__GeneID_17179	one-to-many	Xlae__GeneID_121399356, Xlae__GeneID_373593, Xlae__GeneID_378532	one-to-many	shared HOG	2	1	1	1	1	1	2	3
Sman__Smp_125790	Sman__Smp_125790	matched	OG0005855	OG0005855	Hsap__GeneID_79913	one-to-one		no direct pairwise orthologue detected	Dmel__GeneID_42173	one-to-one	Mmus__GeneID_109275	one-to-one	Xlae__GeneID_443572	one-to-one	shared HOG	1	0	1	2	1	1	1	1
Sman__Smp_126140	Sman__Smp_126140	matched	OG0000401	OG0000401	Hsap__GeneID_3674, Hsap__GeneID_3676, Hsap__GeneID_3678, Hsap__GeneID_3680, Hsap__GeneID_3685, Hsap__GeneID_8516	one-to-many	Cele__WBGene00003929	one-to-one	Dmel__GeneID_32661, Dmel__GeneID_36692, Dmel__GeneID_36693, Dmel__GeneID_37732	one-to-many	Mmus__GeneID_104099, Mmus__GeneID_16399, Mmus__GeneID_16401, Mmus__GeneID_16402, Mmus__GeneID_16410, Mmus__GeneID_241226	one-to-many	Xlae__GeneID_100191022, Xlae__GeneID_108701397, Xlae__GeneID_108718824, Xlae__GeneID_108719000, Xlae__GeneID_108719885, Xlae__GeneID_394366, Xlae__GeneID_397839, Xlae__GeneID_397842, Xlae__GeneID_397997, Xlae__GeneID_495051	one-to-many	shared HOG	6	1	1	1	1	4	6	10
Sman__Smp_128480	Sman__Smp_128480	matched	OG0000474	OG0000474	Hsap__GeneID_5578, Hsap__GeneID_5579, Hsap__GeneID_5580, Hsap__GeneID_5582, Hsap__GeneID_5588	many-to-many	Cele__WBGene00004033, Cele__WBGene00006599	many-to-many	Dmel__GeneID_36897, Dmel__GeneID_48311	many-to-many	Mmus__GeneID_18750, Mmus__GeneID_18751, Mmus__GeneID_18752, Mmus__GeneID_18753, Mmus__GeneID_18761	many-to-many	Xlae__GeneID_108696776, Xlae__GeneID_108697820, Xlae__GeneID_108701647, Xlae__GeneID_108702159, Xlae__GeneID_108703204, Xlae__GeneID_108711231, Xlae__GeneID_404226, Xlae__GeneID_404227, Xlae__GeneID_447031	many-to-many	shared HOG	5	2	2	1	2	2	5	9
Sman__Smp_128790	Sman__Smp_128790	matched	OG0001364	OG0001364	Hsap__GeneID_25, Hsap__GeneID_27	many-to-many	Cele__WBGene00000018	many-to-one	Dmel__GeneID_45821	many-to-one	Mmus__GeneID_11350, Mmus__GeneID_11352	many-to-many	Xlae__GeneID_108699954, Xlae__GeneID_108704697, Xlae__GeneID_373818, Xlae__GeneID_403362	many-to-many	shared HOG	2	1	2	2	2	1	2	4
Sman__Smp_128920	Sman__Smp_128920	matched	OG0000486	OG0000486	Hsap__GeneID_51332, Hsap__GeneID_57731, Hsap__GeneID_6710, Hsap__GeneID_6711, Hsap__GeneID_6712	many-to-many	Cele__WBGene00004855, Cele__WBGene00006803	many-to-many	Dmel__GeneID_32746, Dmel__GeneID_38418	many-to-many	Mmus__GeneID_20741, Mmus__GeneID_20742, Mmus__GeneID_20743, Mmus__GeneID_640524, Mmus__GeneID_80297	many-to-many	Xlae__GeneID_108698614, Xlae__GeneID_108698979, Xlae__GeneID_108699197, Xlae__GeneID_108700575, Xlae__GeneID_108715130, Xlae__GeneID_108716412, Xlae__GeneID_108717395, Xlae__GeneID_398511	many-to-many	shared HOG	5	2	2	2	2	2	5	8
Sman__Smp_130900	Sman__Smp_130900	matched	OG0001602	OG0001602	Hsap__GeneID_1495, Hsap__GeneID_1496, Hsap__GeneID_29119	one-to-many	Cele__WBGene00001978	one-to-one	Dmel__GeneID_40517	one-to-one	Mmus__GeneID_12385, Mmus__GeneID_12386, Mmus__GeneID_216033	one-to-many	Xlae__GeneID_108706501, Xlae__GeneID_108710831, Xlae__GeneID_399303, Xlae__GeneID_444710	one-to-many	shared HOG	3	1	1	1	1	1	3	4
Sman__Smp_131800	Sman__Smp_131800	matched	OG0002218	OG0002218	Hsap__GeneID_27347, Hsap__GeneID_9943	one-to-many	Cele__WBGene00013355	one-to-one	Dmel__GeneID_44233	one-to-one	Mmus__GeneID_108737, Mmus__GeneID_53416	one-to-many	Xlae__GeneID_108701360, Xlae__GeneID_108702982, Xlae__GeneID_446749, Xlae__GeneID_446771	one-to-many	shared HOG	2	1	1	1	1	1	2	4
Sman__Smp_133020	Sman__Smp_133020	matched	OG0000787	OG0000787	Hsap__GeneID_1432, Hsap__GeneID_5600, Hsap__GeneID_5603, Hsap__GeneID_6300	one-to-many	Cele__WBGene00004055, Cele__WBGene00004056	one-to-many	Dmel__GeneID_2768679, Dmel__GeneID_34780, Dmel__GeneID_42866	one-to-many	Mmus__GeneID_19094, Mmus__GeneID_26415, Mmus__GeneID_26416, Mmus__GeneID_29857	one-to-many	Xlae__GeneID_100329215, Xlae__GeneID_108711159, Xlae__GeneID_379992, Xlae__GeneID_398592, Xlae__GeneID_494669	one-to-many	shared HOG	4	2	1	1	1	3	4	5
Sman__Smp_134260	Sman__Smp_134260	matched	OG0007344	OG0007344		no direct pairwise orthologue detected	Cele__WBGene00003402, Cele__WBGene00017277	one-to-many		no direct pairwise orthologue detected		no direct pairwise orthologue detected		no direct pairwise orthologue detected	shared HOG	0	2	1	1	1	0	0	0
Sman__Smp_135560	Sman__Smp_135560	matched	OG0000283	OG0000283	Hsap__GeneID_1277, Hsap__GeneID_1278, Hsap__GeneID_1280, Hsap__GeneID_1281, Hsap__GeneID_1290, Hsap__GeneID_255631, Hsap__GeneID_85301	many-to-many		no direct pairwise orthologue detected		no direct pairwise orthologue detected	Mmus__GeneID_12824, Mmus__GeneID_12825, Mmus__GeneID_12832, Mmus__GeneID_12842, Mmus__GeneID_12843, Mmus__GeneID_373864, Mmus__GeneID_71355	many-to-many	Xlae__GeneID_108699974, Xlae__GeneID_108700840, Xlae__GeneID_108701482, Xlae__GeneID_108701483, Xlae__GeneID_108703076, Xlae__GeneID_108705040, Xlae__GeneID_108714172, Xlae__GeneID_108719903, Xlae__GeneID_380419, Xlae__GeneID_380515, Xlae__GeneID_397738, Xlae__GeneID_397739, Xlae__GeneID_398983	many-to-many	shared HOG	7	0	3	3	3	0	7	13
Sman__Smp_135570	Sman__Smp_135570	matched	OG0005197	OG0005197	Hsap__GeneID_64431	one-to-one	Cele__WBGene00007434	one-to-one	Dmel__GeneID_32514	one-to-one	Mmus__GeneID_67019	one-to-one	Xlae__GeneID_100037212	one-to-one	shared HOG	1	1	1	1	1	1	1	1
Sman__Smp_136300	Sman__Smp_136300	matched	OG0000213	OG0000213	Hsap__GeneID_2268, Hsap__GeneID_2534, Hsap__GeneID_3055, Hsap__GeneID_3932, Hsap__GeneID_4067, Hsap__GeneID_640, Hsap__GeneID_6714, Hsap__GeneID_7525	many-to-many	Cele__WBGene00005077	many-to-one	Dmel__GeneID_48973	many-to-one	Mmus__GeneID_12143, Mmus__GeneID_14191, Mmus__GeneID_14360, Mmus__GeneID_15162, Mmus__GeneID_16818, Mmus__GeneID_17096, Mmus__GeneID_20779, Mmus__GeneID_22612	many-to-many	Xlae__GeneID_100036955, Xlae__GeneID_108695301, Xlae__GeneID_108708097, Xlae__GeneID_108708930, Xlae__GeneID_108709526, Xlae__GeneID_108717237, Xlae__GeneID_373609, Xlae__GeneID_373647, Xlae__GeneID_373649, Xlae__GeneID_379629, Xlae__GeneID_379812, Xlae__GeneID_380430, Xlae__GeneID_734720	many-to-many	shared HOG	8	1	3	3	4	1	8	13
Sman__Smp_137610	Sman__Smp_137610	matched	OG0002086	OG0002086	Hsap__GeneID_2185, Hsap__GeneID_5747	one-to-many	Cele__WBGene00002213	one-to-one	Dmel__GeneID_37233	one-to-one	Mmus__GeneID_14083, Mmus__GeneID_19229	one-to-many	Xlae__GeneID_108717254, Xlae__GeneID_108718305, Xlae__GeneID_399286, Xlae__GeneID_432072	one-to-many	shared HOG	2	1	1	1	1	1	2	4
Sman__Smp_139930	Sman__Smp_139930	matched	OG0001988	OG0001988	Hsap__GeneID_5770, Hsap__GeneID_5771	one-to-many	Cele__WBGene00017630	one-to-one	Dmel__GeneID_38160	one-to-one	Mmus__GeneID_19246, Mmus__GeneID_19255	one-to-many	Xlae__GeneID_108702596, Xlae__GeneID_431888, Xlae__GeneID_444514, Xlae__GeneID_446745	one-to-many	shared HOG	2	1	1	1	1	1	2	4
Sman__Smp_140700	Sman__Smp_140700	matched	OG0015962	OG0015962		no direct pairwise orthologue detected		no direct pairwise orthologue detected		no direct pairwise orthologue detected		no direct pairwise orthologue detected		no direct pairwise orthologue detected	Schistosoma-only in sampled HOG	0	0	0	1	1	0	0	0
Sman__Smp_141230	Sman__Smp_141230	matched	OG0002448	OG0002448	Hsap__GeneID_8444, Hsap__GeneID_8445	one-to-many	Cele__WBGene00003150	one-to-one	Dmel__GeneID_3885567	one-to-one	Mmus__GeneID_226419, Mmus__GeneID_69181	one-to-many	Xlae__GeneID_108709487, Xlae__GeneID_108711086, Xlae__GeneID_108713158, Xlae__GeneID_496058	one-to-many	shared HOG	2	1	1	0	1	1	2	4
Sman__Smp_142050	Sman__Smp_142050	matched	OG0001730	OG0001730	Hsap__GeneID_5594, Hsap__GeneID_5595	many-to-many	Cele__WBGene00003401	many-to-one	Dmel__GeneID_3354888	many-to-one	Mmus__GeneID_26413, Mmus__GeneID_26417	many-to-many	Xlae__GeneID_397785, Xlae__GeneID_398985	many-to-many	shared HOG	2	1	2	2	2	1	2	2
Sman__Smp_143130	Sman__Smp_143130	matched	OG0000150	OG0000150	Hsap__GeneID_144165, Hsap__GeneID_166336, Hsap__GeneID_2273, Hsap__GeneID_2274, Hsap__GeneID_2275, Hsap__GeneID_26136, Hsap__GeneID_29964, Hsap__GeneID_4007, Hsap__GeneID_9457	many-to-many	Cele__WBGene00006407, Cele__WBGene00015217, Cele__WBGene00022727	many-to-many	Dmel__GeneID_45343, Dmel__GeneID_53557	many-to-many	Mmus__GeneID_106042, Mmus__GeneID_14199, Mmus__GeneID_14200, Mmus__GeneID_14201, Mmus__GeneID_14202, Mmus__GeneID_21753, Mmus__GeneID_236749, Mmus__GeneID_243548, Mmus__GeneID_381104, Mmus__GeneID_54630, Mmus__GeneID_57756	many-to-many	Xlae__GeneID_100127273, Xlae__GeneID_108699981, Xlae__GeneID_108708232, Xlae__GeneID_108708415, Xlae__GeneID_108709459, Xlae__GeneID_108709713, Xlae__GeneID_108713109, Xlae__GeneID_108714730, Xlae__GeneID_108715929, Xlae__GeneID_108717963, Xlae__GeneID_380398, Xlae__GeneID_398256, Xlae__GeneID_398264, Xlae__GeneID_444152, Xlae__GeneID_446852, Xlae__GeneID_447182, Xlae__GeneID_447738	many-to-many	shared HOG	9	3	2	2	2	2	11	17
Sman__Smp_143470	Sman__Smp_143470	matched	OG0000486	OG0000486	Hsap__GeneID_51332, Hsap__GeneID_57731, Hsap__GeneID_6710, Hsap__GeneID_6711, Hsap__GeneID_6712	many-to-many	Cele__WBGene00004855, Cele__WBGene00006803	many-to-many	Dmel__GeneID_32746, Dmel__GeneID_38418	many-to-many	Mmus__GeneID_20741, Mmus__GeneID_20742, Mmus__GeneID_20743, Mmus__GeneID_640524, Mmus__GeneID_80297	many-to-many	Xlae__GeneID_108698614, Xlae__GeneID_108698979, Xlae__GeneID_108699197, Xlae__GeneID_108700575, Xlae__GeneID_108715130, Xlae__GeneID_108716412, Xlae__GeneID_108717395, Xlae__GeneID_398511	many-to-many	shared HOG	5	2	2	2	2	2	5	8
Sman__Smp_145190	Sman__Smp_145190	matched	OG0006462	OG0006462	Hsap__GeneID_25989	one-to-one		no direct pairwise orthologue detected	Dmel__GeneID_41112	one-to-one	Mmus__GeneID_71742	one-to-one	Xlae__GeneID_734568	one-to-one	shared HOG	1	0	1	1	1	1	1	1
Sman__Smp_146200	Sman__Smp_146200	matched	OG0000983	OG0000983	Hsap__GeneID_4026, Hsap__GeneID_54751, Hsap__GeneID_7205, Hsap__GeneID_7791	one-to-many	Cele__WBGene00006999	one-to-one	Dmel__GeneID_317824	one-to-one	Mmus__GeneID_210126, Mmus__GeneID_22051, Mmus__GeneID_22793, Mmus__GeneID_74202	one-to-many	Xlae__GeneID_100049724, Xlae__GeneID_100137707, Xlae__GeneID_108695689, Xlae__GeneID_108696847, Xlae__GeneID_108718052, Xlae__GeneID_735087	one-to-many	shared HOG	4	1	1	1	1	1	4	6
Sman__Smp_146840	Sman__Smp_146840	matched	OG0001017	OG0001017	Hsap__GeneID_4917, Hsap__GeneID_9423	many-to-many	Cele__WBGene00006746	many-to-one	Dmel__GeneID_32398, Dmel__GeneID_32400	many-to-many	Mmus__GeneID_18208, Mmus__GeneID_18209	many-to-many	Xlae__GeneID_100127305, Xlae__GeneID_108697748, Xlae__GeneID_108701181, Xlae__GeneID_108701615, Xlae__GeneID_108703174, Xlae__GeneID_373694	many-to-many	shared HOG	2	1	2	2	2	2	2	6
Sman__Smp_148790	Sman__Smp_148790	matched	OG0001608	OG0001608	Hsap__GeneID_22798, Hsap__GeneID_3912, Hsap__GeneID_3913	one-to-many	Cele__WBGene00002247	one-to-one	Dmel__GeneID_34068	one-to-one	Mmus__GeneID_16777, Mmus__GeneID_16779	one-to-many	Xlae__GeneID_108711178, Xlae__GeneID_108711179, Xlae__GeneID_108713081, Xlae__GeneID_108715891, Xlae__GeneID_494988	one-to-many	shared HOG	3	1	1	1	1	1	2	5
Sman__Smp_150040	Sman__Smp_150040	matched	OG0006090	OG0006090	Hsap__GeneID_1022	one-to-one	Cele__WBGene00000408	one-to-one	Dmel__GeneID_31441	one-to-one	Mmus__GeneID_12572	one-to-one	Xlae__GeneID_399461	one-to-one	shared HOG	1	1	0	1	1	1	1	1
Sman__Smp_150220	Sman__Smp_150220	matched	OG0002082	OG0002082	Hsap__GeneID_5798, Hsap__GeneID_5799	one-to-many	Cele__WBGene00002048	one-to-one	Dmel__GeneID_33277	one-to-one	Mmus__GeneID_19275, Mmus__GeneID_19276	one-to-many	Xlae__GeneID_108702927, Xlae__GeneID_108718467, Xlae__GeneID_108719827, Xlae__GeneID_444138	one-to-many	shared HOG	2	1	1	1	1	1	2	4
Sman__Smp_151310	Sman__Smp_151310	matched	OG0001017	OG0001017	Hsap__GeneID_4917, Hsap__GeneID_9423	many-to-many	Cele__WBGene00006746	many-to-one	Dmel__GeneID_32398, Dmel__GeneID_32400	many-to-many	Mmus__GeneID_18208, Mmus__GeneID_18209	many-to-many	Xlae__GeneID_100127305, Xlae__GeneID_108697748, Xlae__GeneID_108701181, Xlae__GeneID_108701615, Xlae__GeneID_108703174, Xlae__GeneID_373694	many-to-many	shared HOG	2	1	2	2	2	2	2	6
Sman__Smp_151670	Sman__Smp_151670	matched	OG0012380	OG0012380		no direct pairwise orthologue detected		no direct pairwise orthologue detected		no direct pairwise orthologue detected		no direct pairwise orthologue detected		no direct pairwise orthologue detected	Schistosoma-only in sampled HOG	0	0	1	1	1	0	0	0
Sman__Smp_152330	Sman__Smp_152330	matched	OG0000878	OG0000878	Hsap__GeneID_5566, Hsap__GeneID_5567, Hsap__GeneID_5568	many-to-many	Cele__WBGene00002189	many-to-one	Dmel__GeneID_34284	many-to-one	Mmus__GeneID_18747, Mmus__GeneID_18749	many-to-many	Xlae__GeneID_100101276, Xlae__GeneID_108711677, Xlae__GeneID_108714187, Xlae__GeneID_380388	many-to-many	shared HOG	3	1	3	3	3	1	2	4
Sman__Smp_156870	Sman__Smp_156870	matched	OG0010632	OG0010632		no direct pairwise orthologue detected		no direct pairwise orthologue detected		no direct pairwise orthologue detected		no direct pairwise orthologue detected	Xlae__GeneID_108708143	one-to-one	shared HOG	0	0	1	1	1	0	0	1
Sman__Smp_157300	Sman__Smp_157300	matched	OG0000574	OG0000574	Hsap__GeneID_2260, Hsap__GeneID_2261, Hsap__GeneID_2263, Hsap__GeneID_2264	one-to-many	Cele__WBGene00001184, Cele__WBGene00002195, Cele__WBGene00020106	one-to-many	Dmel__GeneID_39564, Dmel__GeneID_42160, Dmel__GeneID_43026	one-to-many	Mmus__GeneID_14182, Mmus__GeneID_14183, Mmus__GeneID_14184, Mmus__GeneID_14186	one-to-many	Xlae__GeneID_108697372, Xlae__GeneID_397701, Xlae__GeneID_397782, Xlae__GeneID_398181, Xlae__GeneID_399325, Xlae__GeneID_399347, Xlae__GeneID_399444, Xlae__GeneID_779370	one-to-many	shared HOG	4	3	1	1	1	3	4	8
Sman__Smp_157310	Sman__Smp_157310	matched	OG0000730	OG0000730	Hsap__GeneID_10611, Hsap__GeneID_11155, Hsap__GeneID_9260	one-to-many	Cele__WBGene00001132, Cele__WBGene00004112, Cele__WBGene00014262	one-to-many	Dmel__GeneID_246501, Dmel__GeneID_326182, Dmel__GeneID_32656, Dmel__GeneID_35393, Dmel__GeneID_36740	one-to-many	Mmus__GeneID_24131, Mmus__GeneID_56376, Mmus__GeneID_67399	one-to-many	Xlae__GeneID_100101292, Xlae__GeneID_108696280, Xlae__GeneID_108710972, Xlae__GeneID_379929, Xlae__GeneID_447619	one-to-many	shared HOG	3	3	1	1	1	5	3	5
Sman__Smp_157350	Sman__Smp_157350	matched	OG0002147	OG0002147	Hsap__GeneID_8408, Hsap__GeneID_9706	one-to-many	Cele__WBGene00006786	one-to-one	Dmel__GeneID_39454	one-to-one	Mmus__GeneID_22241, Mmus__GeneID_29869	one-to-many	Xlae__GeneID_108707144, Xlae__GeneID_108708293, Xlae__GeneID_108709614, Xlae__GeneID_108716267	one-to-many	shared HOG	2	1	1	1	1	1	2	4
Sman__Smp_159600	Sman__Smp_159600	matched	OG0000309	OG0000309	Hsap__GeneID_1282, Hsap__GeneID_1284, Hsap__GeneID_1285, Hsap__GeneID_1286, Hsap__GeneID_1287, Hsap__GeneID_1288	many-to-many	Cele__WBGene00001263, Cele__WBGene00002280	many-to-many	Dmel__GeneID_33726, Dmel__GeneID_33727	many-to-many	Mmus__GeneID_12826, Mmus__GeneID_12827, Mmus__GeneID_12828, Mmus__GeneID_12829, Mmus__GeneID_12830, Mmus__GeneID_94216	many-to-many	Xlae__GeneID_108698394, Xlae__GeneID_108698395, Xlae__GeneID_108700098, Xlae__GeneID_108700099, Xlae__GeneID_108709738, Xlae__GeneID_108709739, Xlae__GeneID_373763, Xlae__GeneID_373764	many-to-many	shared HOG	6	2	3	4	4	2	6	8
Sman__Smp_162710	Sman__Smp_162710	matched	OG0007364	OG0007364		no direct pairwise orthologue detected	Cele__WBGene00000098	one-to-one	Dmel__GeneID_41446	one-to-one		no direct pairwise orthologue detected		no direct pairwise orthologue detected	shared HOG	0	1	1	1	1	1	0	0
Sman__Smp_163810	Sman__Smp_163810	matched	OG0001908	OG0001908	Hsap__GeneID_10319, Hsap__GeneID_3915, Hsap__GeneID_3918	one-to-many	Cele__WBGene00016913	one-to-one	Dmel__GeneID_39118	one-to-one	Mmus__GeneID_16782, Mmus__GeneID_226519, Mmus__GeneID_23928	one-to-many	Xlae__GeneID_108714355, Xlae__GeneID_108714357, Xlae__GeneID_108715634	one-to-many	shared HOG	3	1	1	1	1	1	3	3
Sman__Smp_164380	Sman__Smp_164380	matched	OG0000878	OG0000878	Hsap__GeneID_5566, Hsap__GeneID_5567, Hsap__GeneID_5568	many-to-many	Cele__WBGene00002189	many-to-one	Dmel__GeneID_34284	many-to-one	Mmus__GeneID_18747, Mmus__GeneID_18749	many-to-many	Xlae__GeneID_100101276, Xlae__GeneID_108711677, Xlae__GeneID_108714187, Xlae__GeneID_380388	many-to-many	shared HOG	3	1	3	3	3	1	2	4
Sman__Smp_164590	Sman__Smp_164590	matched	OG0000283	OG0000283	Hsap__GeneID_1277, Hsap__GeneID_1278, Hsap__GeneID_1280, Hsap__GeneID_1281, Hsap__GeneID_1290, Hsap__GeneID_255631, Hsap__GeneID_85301	many-to-many		no direct pairwise orthologue detected		no direct pairwise orthologue detected	Mmus__GeneID_12824, Mmus__GeneID_12825, Mmus__GeneID_12832, Mmus__GeneID_12842, Mmus__GeneID_12843, Mmus__GeneID_373864, Mmus__GeneID_71355	many-to-many	Xlae__GeneID_108699974, Xlae__GeneID_108700840, Xlae__GeneID_108701482, Xlae__GeneID_108701483, Xlae__GeneID_108703076, Xlae__GeneID_108705040, Xlae__GeneID_108714172, Xlae__GeneID_108719903, Xlae__GeneID_380419, Xlae__GeneID_380515, Xlae__GeneID_397738, Xlae__GeneID_397739, Xlae__GeneID_398983	many-to-many	shared HOG	7	0	3	3	3	0	7	13
Sman__Smp_165070	Sman__Smp_165070	matched	OG0002150	OG0002150	Hsap__GeneID_100288695, Hsap__GeneID_3987, Hsap__GeneID_55679, Hsap__GeneID_96626	one-to-many	Cele__WBGene00006826	one-to-one	Dmel__GeneID_40999	one-to-one	Mmus__GeneID_110829, Mmus__GeneID_225341	one-to-many	Xlae__GeneID_432196, Xlae__GeneID_444502	one-to-many	shared HOG	4	1	1	1	1	1	2	2
Sman__Smp_167010	Sman__Smp_167010	matched	OG0001448	OG0001448	Hsap__GeneID_7094, Hsap__GeneID_83660	many-to-many	Cele__WBGene00006771	many-to-one	Dmel__GeneID_38978	many-to-one	Mmus__GeneID_21894, Mmus__GeneID_70549	many-to-many	Xlae__GeneID_100037170, Xlae__GeneID_108711290, Xlae__GeneID_108712994, Xlae__GeneID_733283	many-to-many	shared HOG	2	1	2	2	2	1	2	4
Sman__Smp_169950	Sman__Smp_169950	matched	OG0001746	OG0001746	Hsap__GeneID_102800317, Hsap__GeneID_1453, Hsap__GeneID_1454	one-to-many	Cele__WBGene00002203	one-to-one	Dmel__GeneID_43673	one-to-one	Mmus__GeneID_104318, Mmus__GeneID_27373	one-to-many	Xlae__GeneID_108701007, Xlae__GeneID_108715790, Xlae__GeneID_380361, Xlae__GeneID_399381	one-to-many	shared HOG	3	1	1	1	1	1	2	4
Sman__Smp_170280	Sman__Smp_170280	matched	OG0012466	OG0012466		no direct pairwise orthologue detected		no direct pairwise orthologue detected		no direct pairwise orthologue detected		no direct pairwise orthologue detected		no direct pairwise orthologue detected	Schistosoma-only in sampled HOG	0	0	1	1	1	0	0	0
Sman__Smp_170340	Sman__Smp_170340	matched	OG0000309	OG0000309	Hsap__GeneID_1282, Hsap__GeneID_1284, Hsap__GeneID_1285, Hsap__GeneID_1286, Hsap__GeneID_1287, Hsap__GeneID_1288	many-to-many	Cele__WBGene00001263, Cele__WBGene00002280	many-to-many	Dmel__GeneID_33726, Dmel__GeneID_33727	many-to-many	Mmus__GeneID_12826, Mmus__GeneID_12827, Mmus__GeneID_12828, Mmus__GeneID_12829, Mmus__GeneID_12830, Mmus__GeneID_94216	many-to-many	Xlae__GeneID_108698394, Xlae__GeneID_108698395, Xlae__GeneID_108700098, Xlae__GeneID_108700099, Xlae__GeneID_108709738, Xlae__GeneID_108709739, Xlae__GeneID_373763, Xlae__GeneID_373764	many-to-many	shared HOG	6	2	3	4	4	2	6	8
Sman__Smp_171370	Sman__Smp_171370	matched	OG0003862	OG0003862	Hsap__GeneID_11200	one-to-one	Cele__WBGene00000499, Cele__WBGene00011612	one-to-many	Dmel__GeneID_35288	one-to-one	Mmus__GeneID_50883	one-to-one	Xlae__GeneID_398179	one-to-one	shared HOG	1	2	1	1	1	1	1	1
Sman__Smp_172200	Sman__Smp_172200	matched	OG0000213	OG0000213	Hsap__GeneID_2268, Hsap__GeneID_2534, Hsap__GeneID_3055, Hsap__GeneID_3932, Hsap__GeneID_4067, Hsap__GeneID_640, Hsap__GeneID_6714, Hsap__GeneID_7525	many-to-many	Cele__WBGene00005077	many-to-one	Dmel__GeneID_48973	many-to-one	Mmus__GeneID_12143, Mmus__GeneID_14191, Mmus__GeneID_14360, Mmus__GeneID_15162, Mmus__GeneID_16818, Mmus__GeneID_17096, Mmus__GeneID_20779, Mmus__GeneID_22612	many-to-many	Xlae__GeneID_100036955, Xlae__GeneID_108695301, Xlae__GeneID_108708097, Xlae__GeneID_108708930, Xlae__GeneID_108709526, Xlae__GeneID_108717237, Xlae__GeneID_373609, Xlae__GeneID_373647, Xlae__GeneID_373649, Xlae__GeneID_379629, Xlae__GeneID_379812, Xlae__GeneID_380430, Xlae__GeneID_734720	many-to-many	shared HOG	8	1	3	3	4	1	8	13
Sman__Smp_172240	Sman__Smp_172240	matched	OG0001799	OG0001799	Hsap__GeneID_5599, Hsap__GeneID_5601, Hsap__GeneID_5602	one-to-many	Cele__WBGene00002178	one-to-one	Dmel__GeneID_44801	one-to-one	Mmus__GeneID_26414, Mmus__GeneID_26419, Mmus__GeneID_26420	one-to-many	Xlae__GeneID_108704101, Xlae__GeneID_108711504, Xlae__GeneID_379876, Xlae__GeneID_398499	one-to-many	shared HOG	3	1	0	1	1	1	3	4
Sman__Smp_175590	Sman__Smp_175590	matched	OG0013203	OG0013203		no direct pairwise orthologue detected		no direct pairwise orthologue detected		no direct pairwise orthologue detected		no direct pairwise orthologue detected		no direct pairwise orthologue detected	Schistosoma-only in sampled HOG	0	0	1	1	1	0	0	0
Sman__Smp_175630	Sman__Smp_175630	matched	OG0013520	OG0013520		no direct pairwise orthologue detected		no direct pairwise orthologue detected		no direct pairwise orthologue detected		no direct pairwise orthologue detected		no direct pairwise orthologue detected	Schistosoma-only in sampled HOG	0	0	1	1	1	0	0	0
Sman__Smp_176750	Sman__Smp_176750	matched	OG0002125	OG0002125	Hsap__GeneID_22848, Hsap__GeneID_55589	one-to-many	Cele__WBGene00004762	one-to-one	Dmel__GeneID_35154	one-to-one	Mmus__GeneID_140780, Mmus__GeneID_269774	one-to-many	Xlae__GeneID_108706817, Xlae__GeneID_108711545, Xlae__GeneID_108712220, Xlae__GeneID_108712767	one-to-many	shared HOG	2	1	1	1	1	1	2	4
Sman__Smp_179070	Sman__Smp_179070	matched	OG0002418	OG0002418	Hsap__GeneID_6198, Hsap__GeneID_6199	one-to-many	Cele__WBGene00012929, Cele__WBGene00044281	one-to-many	Dmel__GeneID_38654	one-to-one	Mmus__GeneID_58988, Mmus__GeneID_72508	one-to-many	Xlae__GeneID_394276, Xlae__GeneID_394347	one-to-many	shared HOG	2	2	1	1	1	1	2	2
Sman__Smp_181490	Sman__Smp_181490	matched	OG0001080	OG0001080	Hsap__GeneID_1612, Hsap__GeneID_1613, Hsap__GeneID_23604	one-to-many	Cele__WBGene00003400	one-to-one		no direct pairwise orthologue detected	Mmus__GeneID_13143, Mmus__GeneID_13144, Mmus__GeneID_69635	one-to-many	Xlae__GeneID_108700356, Xlae__GeneID_108711286, Xlae__GeneID_108712999, Xlae__GeneID_431807, Xlae__GeneID_432161, Xlae__GeneID_446562, Xlae__GeneID_496293, Xlae__GeneID_734514	one-to-many	shared HOG	3	1	1	1	1	0	3	8
Sman__Smp_183710	Sman__Smp_183710	matched	OG0010706	OG0010706		no direct pairwise orthologue detected		no direct pairwise orthologue detected		no direct pairwise orthologue detected		no direct pairwise orthologue detected		no direct pairwise orthologue detected	Schistosoma-only in sampled HOG	0	0	1	0	2	0	0	0
Sman__Smp_194270	Sman__Smp_194270	matched	OG0004909	OG0004909		no direct pairwise orthologue detected		no direct pairwise orthologue detected	Dmel__GeneID_32188	many-to-one		no direct pairwise orthologue detected		no direct pairwise orthologue detected	shared HOG	0	0	2	2	3	1	0	0
Sman__Smp_194610	Sman__Smp_194610	matched	OG0004902	OG0004902	Hsap__GeneID_5613	one-to-one	Cele__WBGene00018569	one-to-one	Dmel__GeneID_39733	one-to-one	Mmus__GeneID_19108	one-to-one	Xlae__GeneID_108707975	one-to-one	shared HOG	1	1	1	1	1	1	1	1
Sman__Smp_195080	Sman__Smp_195080	matched	OG0000643	OG0000643	Hsap__GeneID_1072, Hsap__GeneID_1073, Hsap__GeneID_11034, Hsap__GeneID_729454	many-to-many	Cele__WBGene00006794, Cele__WBGene00302980	many-to-many	Dmel__GeneID_32861, Dmel__GeneID_37841	many-to-many	Mmus__GeneID_12631, Mmus__GeneID_12632, Mmus__GeneID_56431	many-to-many	Xlae__GeneID_108699719, Xlae__GeneID_108716609, Xlae__GeneID_379172, Xlae__GeneID_379258, Xlae__GeneID_379282, Xlae__GeneID_494995	many-to-many	shared HOG	4	2	2	2	3	2	3	6
Sman__Smp_196840	Sman__Smp_196840	matched	OG0000784	OG0000784	Hsap__GeneID_1289, Hsap__GeneID_1301, Hsap__GeneID_1302, Hsap__GeneID_50509	many-to-many		no direct pairwise orthologue detected		no direct pairwise orthologue detected	Mmus__GeneID_12814, Mmus__GeneID_12815, Mmus__GeneID_12831, Mmus__GeneID_53867	many-to-many	Xlae__GeneID_108699914, Xlae__GeneID_108700220, Xlae__GeneID_108711695, Xlae__GeneID_108713331, Xlae__GeneID_108714428, Xlae__GeneID_108715007, Xlae__GeneID_398739	many-to-many	shared HOG	4	0	2	2	2	0	4	7
Sman__Smp_197370	Sman__Smp_197370	matched	OG0012988	OG0012988		no direct pairwise orthologue detected		no direct pairwise orthologue detected		no direct pairwise orthologue detected		no direct pairwise orthologue detected		no direct pairwise orthologue detected	Schistosoma-only in sampled HOG	0	0	1	1	1	0	0	0
Sman__Smp_202970	Sman__Smp_202970	matched	OG0002779	OG0002779	Hsap__GeneID_139741, Hsap__GeneID_140625, Hsap__GeneID_84517	many-to-many		no direct pairwise orthologue detected	Dmel__GeneID_36879	many-to-one	Mmus__GeneID_73353, Mmus__GeneID_76652	many-to-many		no direct pairwise orthologue detected	shared HOG	3	0	2	1	2	1	2	0
Sman__Smp_203130	Sman__Smp_203130	matched	OG0002779	OG0002779	Hsap__GeneID_139741, Hsap__GeneID_140625, Hsap__GeneID_84517	many-to-many		no direct pairwise orthologue detected	Dmel__GeneID_36879	many-to-one	Mmus__GeneID_73353, Mmus__GeneID_76652	many-to-many		no direct pairwise orthologue detected	shared HOG	3	0	2	1	2	1	2	0
Sman__Smp_210740	Sman__Smp_210740	matched	OG0002841	OG0002841	Hsap__GeneID_10096, Hsap__GeneID_57180	one-to-many	Cele__WBGene00000199	one-to-one	Dmel__GeneID_38898	one-to-one	Mmus__GeneID_242894, Mmus__GeneID_74117	one-to-many	Xlae__GeneID_108701232, Xlae__GeneID_380084	one-to-many	shared HOG	2	1	1	1	1	1	2	2
Sman__Smp_212730	Sman__Smp_212730	matched	OG0003193	OG0003193	Hsap__GeneID_2444	one-to-one	Cele__WBGene00005078	one-to-one	Dmel__GeneID_35524	one-to-one	Mmus__GeneID_14302	one-to-one	Xlae__GeneID_108716819, Xlae__GeneID_108717930	one-to-many	shared HOG	1	1	2	1	1	1	1	2
Sman__Smp_213390	Sman__Smp_213390	matched	OG0001759	OG0001759	Hsap__GeneID_56254, Hsap__GeneID_9810	many-to-many	Cele__WBGene00007008	many-to-one	Dmel__GeneID_38652	many-to-one	Mmus__GeneID_109331, Mmus__GeneID_233900	many-to-many	Xlae__GeneID_100127292, Xlae__GeneID_398495, Xlae__GeneID_398536	many-to-many	shared HOG	2	1	2	1	2	1	2	3
Sman__Smp_213900	Sman__Smp_213900	matched	OG0000309	OG0000309	Hsap__GeneID_1282, Hsap__GeneID_1284, Hsap__GeneID_1285, Hsap__GeneID_1286, Hsap__GeneID_1287, Hsap__GeneID_1288	many-to-many	Cele__WBGene00001263, Cele__WBGene00002280	many-to-many	Dmel__GeneID_33726, Dmel__GeneID_33727	many-to-many	Mmus__GeneID_12826, Mmus__GeneID_12827, Mmus__GeneID_12828, Mmus__GeneID_12829, Mmus__GeneID_12830, Mmus__GeneID_94216	many-to-many	Xlae__GeneID_108698394, Xlae__GeneID_108698395, Xlae__GeneID_108700098, Xlae__GeneID_108700099, Xlae__GeneID_108709738, Xlae__GeneID_108709739, Xlae__GeneID_373763, Xlae__GeneID_373764	many-to-many	shared HOG	6	2	3	4	4	2	6	8
Sman__Smp_213910	Sman__Smp_213910	matched	OG0000309	OG0000309	Hsap__GeneID_1282, Hsap__GeneID_1284, Hsap__GeneID_1285, Hsap__GeneID_1286, Hsap__GeneID_1287, Hsap__GeneID_1288	many-to-many	Cele__WBGene00001263, Cele__WBGene00002280	many-to-many	Dmel__GeneID_33726, Dmel__GeneID_33727	many-to-many	Mmus__GeneID_12826, Mmus__GeneID_12827, Mmus__GeneID_12828, Mmus__GeneID_12829, Mmus__GeneID_12830, Mmus__GeneID_94216	many-to-many	Xlae__GeneID_108698394, Xlae__GeneID_108698395, Xlae__GeneID_108700098, Xlae__GeneID_108700099, Xlae__GeneID_108709738, Xlae__GeneID_108709739, Xlae__GeneID_373763, Xlae__GeneID_373764	many-to-many	shared HOG	6	2	3	4	4	2	6	8
Sman__Smp_214100	Sman__Smp_214100	matched	OG0001985	OG0001985	Hsap__GeneID_5562, Hsap__GeneID_5563	one-to-many	Cele__WBGene00020142	one-to-one	Dmel__GeneID_43904	one-to-one	Mmus__GeneID_105787, Mmus__GeneID_108079	one-to-many	Xlae__GeneID_108714249, Xlae__GeneID_108715541, Xlae__GeneID_399172, Xlae__GeneID_495290	one-to-many	shared HOG	2	1	1	1	1	1	2	4
Sman__Smp_241420	Sman__Smp_241420	matched	OG0000474	OG0000474	Hsap__GeneID_5578, Hsap__GeneID_5579, Hsap__GeneID_5580, Hsap__GeneID_5582, Hsap__GeneID_5588	many-to-many	Cele__WBGene00004033, Cele__WBGene00006599	many-to-many	Dmel__GeneID_36897, Dmel__GeneID_48311	many-to-many	Mmus__GeneID_18750, Mmus__GeneID_18751, Mmus__GeneID_18752, Mmus__GeneID_18753, Mmus__GeneID_18761	many-to-many	Xlae__GeneID_108696776, Xlae__GeneID_108697820, Xlae__GeneID_108701647, Xlae__GeneID_108702159, Xlae__GeneID_108703204, Xlae__GeneID_108711231, Xlae__GeneID_404226, Xlae__GeneID_404227, Xlae__GeneID_447031	many-to-many	shared HOG	5	2	2	1	2	2	5	9
Sman__Smp_243630	Sman__Smp_243630	matched	OG0001397	OG0001397	Hsap__GeneID_10000, Hsap__GeneID_207, Hsap__GeneID_208	one-to-many	Cele__WBGene00000102, Cele__WBGene00000103	one-to-many	Dmel__GeneID_41957	one-to-one	Mmus__GeneID_11651, Mmus__GeneID_11652, Mmus__GeneID_23797	one-to-many	Xlae__GeneID_108698803, Xlae__GeneID_379783, Xlae__GeneID_399170, Xlae__GeneID_432172	one-to-many	shared HOG	3	2	1	1	1	1	3	4
Sman__Smp_246050	Sman__Smp_246050	matched	OG0005046	OG0005046	Hsap__GeneID_7414	one-to-one	Cele__WBGene00000942	one-to-one	Dmel__GeneID_31201	one-to-one	Mmus__GeneID_22330	one-to-one	Xlae__GeneID_373770	one-to-one	shared HOG	1	1	1	1	1	1	1	1
Sman__Smp_246550	Sman__Smp_246550	matched	OG0001835	OG0001835	Hsap__GeneID_3092, Hsap__GeneID_9026	one-to-many	Cele__WBGene00006484, Cele__WBGene00022717	one-to-many	Dmel__GeneID_39450	one-to-one	Mmus__GeneID_215114, Mmus__GeneID_29816	one-to-many	Xlae__GeneID_108708045, Xlae__GeneID_108709361, Xlae__GeneID_432028, Xlae__GeneID_446450	one-to-many	shared HOG	2	2	1	1	1	1	2	4
Sman__Smp_247600	Sman__Smp_247600	matched	OG0006302	OG0006302	Hsap__GeneID_9833	one-to-one	Cele__WBGene00021012	one-to-one		no direct pairwise orthologue detected	Mmus__GeneID_17279	one-to-one	Xlae__GeneID_397927	one-to-one	shared HOG	1	1	1	1	1	0	1	1
Sman__Smp_247740	Sman__Smp_247740	matched	OG0002191	OG0002191	Hsap__GeneID_1627, Hsap__GeneID_28988	one-to-many	Cele__WBGene00010664	one-to-one	Dmel__GeneID_39520	one-to-one	Mmus__GeneID_13169, Mmus__GeneID_56320	one-to-many	Xlae__GeneID_108710970, Xlae__GeneID_379806, Xlae__GeneID_444592, Xlae__GeneID_494829	one-to-many	shared HOG	2	1	1	1	1	1	2	4
Sman__Smp_248010	Sman__Smp_248010	matched	OG0002012	OG0002012	Hsap__GeneID_126374, Hsap__GeneID_84962, Hsap__GeneID_8994	one-to-many		no direct pairwise orthologue detected	Dmel__GeneID_32351	one-to-one	Mmus__GeneID_101543, Mmus__GeneID_16475, Mmus__GeneID_29806	one-to-many	Xlae__GeneID_100127345, Xlae__GeneID_108704088, Xlae__GeneID_779085	one-to-many	shared HOG	3	0	1	1	1	1	3	3
Sman__Smp_304500	Sman__Smp_304500	matched	OG0000334	OG0000334	Hsap__GeneID_23659, Hsap__GeneID_3931, Hsap__GeneID_79858	many-to-many	Cele__WBGene00010872	many-to-one	Dmel__GeneID_261623, Dmel__GeneID_326109	many-to-many	Mmus__GeneID_16816, Mmus__GeneID_192654, Mmus__GeneID_208583	many-to-many	Xlae__GeneID_108704815, Xlae__GeneID_108713973, Xlae__GeneID_108718960, Xlae__GeneID_447501, Xlae__GeneID_734415	many-to-many	shared HOG	3	1	5	9	6	2	3	5
Sman__Smp_306600	Sman__Smp_306600	matched	OG0010706	OG0010706		no direct pairwise orthologue detected		no direct pairwise orthologue detected		no direct pairwise orthologue detected		no direct pairwise orthologue detected		no direct pairwise orthologue detected	Schistosoma-only in sampled HOG	0	0	1	0	2	0	0	0
Sman__Smp_306910	Sman__Smp_306910	matched	OG0001220	OG0001220	Hsap__GeneID_3655, Hsap__GeneID_3675, Hsap__GeneID_3679	one-to-many	Cele__WBGene00002081	one-to-one	Dmel__GeneID_32275	one-to-one	Mmus__GeneID_16400, Mmus__GeneID_16403, Mmus__GeneID_16404	one-to-many	Xlae__GeneID_108702534, Xlae__GeneID_108702994, Xlae__GeneID_108708560, Xlae__GeneID_108708991, Xlae__GeneID_373657, Xlae__GeneID_397985	one-to-many	shared HOG	3	1	1	1	1	1	3	6
Sman__Smp_307010	Sman__Smp_307010	matched	OG0000053	OG0000053	Hsap__GeneID_100287399, Hsap__GeneID_100288966, Hsap__GeneID_100996331, Hsap__GeneID_101927345, Hsap__GeneID_101927375, Hsap__GeneID_102723382, Hsap__GeneID_102723502, Hsap__GeneID_102724631, Hsap__GeneID_105375816, Hsap__GeneID_105375817, Hsap__GeneID_105379417, Hsap__GeneID_112268044, Hsap__GeneID_22852, Hsap__GeneID_23784, Hsap__GeneID_253650, Hsap__GeneID_317754, Hsap__GeneID_340441, Hsap__GeneID_342850, Hsap__GeneID_374860, Hsap__GeneID_375248, Hsap__GeneID_388468, Hsap__GeneID_400986, Hsap__GeneID_404785, Hsap__GeneID_441459, Hsap__GeneID_445582, Hsap__GeneID_554226, Hsap__GeneID_56311, Hsap__GeneID_57730, Hsap__GeneID_58, Hsap__GeneID_59, Hsap__GeneID_60, Hsap__GeneID_641455, Hsap__GeneID_653269, Hsap__GeneID_653781, Hsap__GeneID_70, Hsap__GeneID_71, Hsap__GeneID_72, Hsap__GeneID_728378, Hsap__GeneID_84210, Hsap__GeneID_91074, Hsap__GeneID_9720	many-to-many	Cele__WBGene00000063, Cele__WBGene00000064, Cele__WBGene00000065, Cele__WBGene00000066, Cele__WBGene00000067	many-to-many	Dmel__GeneID_31521, Dmel__GeneID_35526, Dmel__GeneID_37368, Dmel__GeneID_40444, Dmel__GeneID_41885, Dmel__GeneID_48632	many-to-many	Mmus__GeneID_11459, Mmus__GeneID_11461, Mmus__GeneID_11464, Mmus__GeneID_11465, Mmus__GeneID_11468, Mmus__GeneID_11475, Mmus__GeneID_232339, Mmus__GeneID_75196	many-to-many	Xlae__GeneID_100337595, Xlae__GeneID_100653490, Xlae__GeneID_108699710, Xlae__GeneID_108703086, Xlae__GeneID_108711140, Xlae__GeneID_108713105, Xlae__GeneID_108716753, Xlae__GeneID_379351, Xlae__GeneID_379752, Xlae__GeneID_398426, Xlae__GeneID_398459, Xlae__GeneID_431847, Xlae__GeneID_432314, Xlae__GeneID_734918, Xlae__GeneID_779096, Xlae__GeneID_779129	many-to-many	shared HOG	41	5	1	1	2	6	8	16
Sman__Smp_307020	Sman__Smp_307020	matched	OG0000053	OG0000053	Hsap__GeneID_100287399, Hsap__GeneID_100288966, Hsap__GeneID_100996331, Hsap__GeneID_101927345, Hsap__GeneID_101927375, Hsap__GeneID_102723382, Hsap__GeneID_102723502, Hsap__GeneID_102724631, Hsap__GeneID_105375816, Hsap__GeneID_105375817, Hsap__GeneID_105379417, Hsap__GeneID_112268044, Hsap__GeneID_22852, Hsap__GeneID_23784, Hsap__GeneID_253650, Hsap__GeneID_317754, Hsap__GeneID_340441, Hsap__GeneID_342850, Hsap__GeneID_374860, Hsap__GeneID_375248, Hsap__GeneID_388468, Hsap__GeneID_400986, Hsap__GeneID_404785, Hsap__GeneID_441459, Hsap__GeneID_445582, Hsap__GeneID_554226, Hsap__GeneID_56311, Hsap__GeneID_57730, Hsap__GeneID_58, Hsap__GeneID_59, Hsap__GeneID_60, Hsap__GeneID_641455, Hsap__GeneID_653269, Hsap__GeneID_653781, Hsap__GeneID_70, Hsap__GeneID_71, Hsap__GeneID_72, Hsap__GeneID_728378, Hsap__GeneID_84210, Hsap__GeneID_91074, Hsap__GeneID_9720	many-to-many	Cele__WBGene00000063, Cele__WBGene00000064, Cele__WBGene00000065, Cele__WBGene00000066, Cele__WBGene00000067	many-to-many	Dmel__GeneID_31521, Dmel__GeneID_35526, Dmel__GeneID_37368, Dmel__GeneID_40444, Dmel__GeneID_41885, Dmel__GeneID_48632	many-to-many	Mmus__GeneID_11459, Mmus__GeneID_11461, Mmus__GeneID_11464, Mmus__GeneID_11465, Mmus__GeneID_11468, Mmus__GeneID_11475, Mmus__GeneID_232339, Mmus__GeneID_75196	many-to-many	Xlae__GeneID_100337595, Xlae__GeneID_100653490, Xlae__GeneID_108699710, Xlae__GeneID_108703086, Xlae__GeneID_108711140, Xlae__GeneID_108713105, Xlae__GeneID_108716753, Xlae__GeneID_379351, Xlae__GeneID_379752, Xlae__GeneID_398426, Xlae__GeneID_398459, Xlae__GeneID_431847, Xlae__GeneID_432314, Xlae__GeneID_734918, Xlae__GeneID_779096, Xlae__GeneID_779129	many-to-many	shared HOG	41	5	1	1	2	6	8	16
Sman__Smp_307260	Sman__Smp_307260	matched	OG0000878	OG0000878	Hsap__GeneID_5566, Hsap__GeneID_5567, Hsap__GeneID_5568	many-to-many	Cele__WBGene00002189	many-to-one	Dmel__GeneID_34284	many-to-one	Mmus__GeneID_18747, Mmus__GeneID_18749	many-to-many	Xlae__GeneID_100101276, Xlae__GeneID_108711677, Xlae__GeneID_108714187, Xlae__GeneID_380388	many-to-many	shared HOG	3	1	3	3	3	1	2	4
Sman__Smp_308420	Sman__Smp_308420	matched	OG0002257	OG0002257	Hsap__GeneID_11344, Hsap__GeneID_5756	one-to-many	Cele__WBGene00018187	one-to-one	Dmel__GeneID_41719	one-to-one	Mmus__GeneID_19230, Mmus__GeneID_23999	one-to-many	Xlae__GeneID_108711121, Xlae__GeneID_379995, Xlae__GeneID_447307, Xlae__GeneID_447782	one-to-many	shared HOG	2	1	1	1	1	1	2	4
Sman__Smp_309860	Sman__Smp_309860	matched	OG0004739	OG0004739	Hsap__GeneID_57763, Hsap__GeneID_8625	one-to-many		no direct pairwise orthologue detected	Dmel__GeneID_34326	one-to-one	Mmus__GeneID_19727, Mmus__GeneID_68558	one-to-many	Xlae__GeneID_431881, Xlae__GeneID_734461	one-to-many	shared HOG	2	0	0	1	1	1	2	2
Sman__Smp_313640	Sman__Smp_313640	matched	OG0006997	OG0006997	Hsap__GeneID_93973	one-to-one		no direct pairwise orthologue detected	Dmel__GeneID_32769	one-to-one	Mmus__GeneID_56249	one-to-one	Xlae__GeneID_380417	one-to-one	shared HOG	1	0	1	0	1	1	1	1
Sman__Smp_315700	Sman__Smp_315700	matched	OG0002006	OG0002006	Hsap__GeneID_5829, Hsap__GeneID_7041, Hsap__GeneID_9404	one-to-many	Cele__WBGene00016197	one-to-one	Dmel__GeneID_35215	one-to-one	Mmus__GeneID_107321, Mmus__GeneID_19303, Mmus__GeneID_21804	one-to-many	Xlae__GeneID_734182, Xlae__GeneID_779337	one-to-many	shared HOG	3	1	1	1	1	1	3	2
Sman__Smp_315810	Sman__Smp_315810	matched	OG0006689	OG0006689		no direct pairwise orthologue detected	Cele__WBGene00006876	one-to-one	Dmel__GeneID_36542	one-to-one		no direct pairwise orthologue detected		no direct pairwise orthologue detected	shared HOG	0	1	1	2	1	1	0	0
Sman__Smp_317420	Sman__Smp_317420	matched	OG0000767	OG0000767	Hsap__GeneID_2316, Hsap__GeneID_2317, Hsap__GeneID_2318	many-to-many	Cele__WBGene00022048	many-to-one	Dmel__GeneID_42066	many-to-one	Mmus__GeneID_192176, Mmus__GeneID_286940, Mmus__GeneID_68794	many-to-many	Xlae__GeneID_108699999, Xlae__GeneID_108704467, Xlae__GeneID_108705104, Xlae__GeneID_108715054, Xlae__GeneID_121393384, Xlae__GeneID_121393385, Xlae__GeneID_733321, Xlae__GeneID_734178	many-to-many	shared HOG	3	1	2	2	2	1	3	8
Sman__Smp_328200	Sman__Smp_328200	matched	OG0002291	OG0002291	Hsap__GeneID_2764, Hsap__GeneID_9535	one-to-many	Cele__WBGene00021758	one-to-one	Dmel__GeneID_34963	one-to-one	Mmus__GeneID_100040018, Mmus__GeneID_63985, Mmus__GeneID_63986	one-to-many	Xlae__GeneID_108700478, Xlae__GeneID_414456, Xlae__GeneID_447077, Xlae__GeneID_495362	one-to-many	shared HOG	2	1	1	0	1	1	3	4
Sman__Smp_331960	Sman__Smp_331960	matched	OG0001083	OG0001083	Hsap__GeneID_2241, Hsap__GeneID_2242	many-to-many	Cele__WBGene00001487, Cele__WBGene00002198, Cele__WBGene00020659, Cele__WBGene00022780	many-to-many	Dmel__GeneID_41118	many-to-one	Mmus__GeneID_14158, Mmus__GeneID_14159	many-to-many	Xlae__GeneID_108695677, Xlae__GeneID_108707219, Xlae__GeneID_108711440, Xlae__GeneID_444292	many-to-many	shared HOG	2	4	1	1	3	1	2	4
Sman__Smp_332370	Sman__Smp_332370	matched	OG0001083	OG0001083	Hsap__GeneID_2241, Hsap__GeneID_2242	many-to-many	Cele__WBGene00001487, Cele__WBGene00002198, Cele__WBGene00020659, Cele__WBGene00022780	many-to-many	Dmel__GeneID_41118	many-to-one	Mmus__GeneID_14158, Mmus__GeneID_14159	many-to-many	Xlae__GeneID_108695677, Xlae__GeneID_108707219, Xlae__GeneID_108711440, Xlae__GeneID_444292	many-to-many	shared HOG	2	4	1	1	3	1	2	4
Sman__Smp_332820	Sman__Smp_332820	matched	OG0000961	OG0000961		no direct pairwise orthologue detected		no direct pairwise orthologue detected		no direct pairwise orthologue detected		no direct pairwise orthologue detected		no direct pairwise orthologue detected	Schistosoma-only in sampled HOG	0	0	4	15	1	0	0	0
Sman__Smp_333410	Sman__Smp_333410	matched	OG0001312	OG0001312	Hsap__GeneID_6788, Hsap__GeneID_6789, Hsap__GeneID_80122	one-to-many	Cele__WBGene00016038, Cele__WBGene00017472	one-to-many	Dmel__GeneID_37247	one-to-one	Mmus__GeneID_22625, Mmus__GeneID_56274, Mmus__GeneID_58231	one-to-many	Xlae__GeneID_108701280, Xlae__GeneID_108719348, Xlae__GeneID_398925, Xlae__GeneID_432210, Xlae__GeneID_779226	one-to-many	shared HOG	3	2	1	1	1	1	3	5
Sman__Smp_334130	Sman__Smp_334130	matched	OG0001998	OG0001998	Hsap__GeneID_10612, Hsap__GeneID_23321	one-to-many		no direct pairwise orthologue detected	Dmel__GeneID_37190	one-to-one	Mmus__GeneID_55992, Mmus__GeneID_80890	one-to-many	Xlae__GeneID_108708789, Xlae__GeneID_443918, Xlae__GeneID_444525, Xlae__GeneID_495223	one-to-many	shared HOG	2	0	1	2	1	1	2	4
Sman__Smp_334370	Sman__Smp_334370	matched	OG0000470	OG0000470	Hsap__GeneID_269, Hsap__GeneID_659, Hsap__GeneID_7048, Hsap__GeneID_92, Hsap__GeneID_93	one-to-many	Cele__WBGene00000900	one-to-one	Dmel__GeneID_41772, Dmel__GeneID_44096	one-to-many	Mmus__GeneID_110542, Mmus__GeneID_11480, Mmus__GeneID_11481, Mmus__GeneID_12168, Mmus__GeneID_21813	one-to-many	Xlae__GeneID_108701455, Xlae__GeneID_108702885, Xlae__GeneID_108709904, Xlae__GeneID_108718935, Xlae__GeneID_108719963, Xlae__GeneID_121400055, Xlae__GeneID_373815, Xlae__GeneID_397859, Xlae__GeneID_397981, Xlae__GeneID_399277, Xlae__GeneID_399283, Xlae__GeneID_495087	one-to-many	shared HOG	5	1	1	1	1	2	5	12
Sman__Smp_335730	Sman__Smp_335730	matched	OG0001587	OG0001587	Hsap__GeneID_6790, Hsap__GeneID_6795, Hsap__GeneID_9212	one-to-many	Cele__WBGene00000099	one-to-one	Dmel__GeneID_34504	one-to-one	Mmus__GeneID_20871, Mmus__GeneID_20877, Mmus__GeneID_20878	one-to-many	Xlae__GeneID_397925, Xlae__GeneID_398349, Xlae__GeneID_398457, Xlae__GeneID_444083	one-to-many	shared HOG	3	1	1	1	1	1	3	4
Sman__Smp_335950	Sman__Smp_335950	matched	OG0001083	OG0001083	Hsap__GeneID_2241, Hsap__GeneID_2242	many-to-many	Cele__WBGene00001487, Cele__WBGene00002198, Cele__WBGene00020659, Cele__WBGene00022780	many-to-many	Dmel__GeneID_41118	many-to-one	Mmus__GeneID_14158, Mmus__GeneID_14159	many-to-many	Xlae__GeneID_108695677, Xlae__GeneID_108707219, Xlae__GeneID_108711440, Xlae__GeneID_444292	many-to-many	shared HOG	2	4	1	1	3	1	2	4
Sman__Smp_336830	Sman__Smp_336830	matched	OG0001118	OG0001118	Hsap__GeneID_100533105, Hsap__GeneID_10110, Hsap__GeneID_23678, Hsap__GeneID_6446	many-to-many	Cele__WBGene00004789	many-to-one		no direct pairwise orthologue detected	Mmus__GeneID_170755, Mmus__GeneID_20393, Mmus__GeneID_27219	many-to-many	Xlae__GeneID_108695327, Xlae__GeneID_108704609, Xlae__GeneID_108719280, Xlae__GeneID_399130, Xlae__GeneID_444618	many-to-many	shared HOG	4	1	1	2	2	0	3	5
Sman__Smp_340300	Sman__Smp_340300	matched	OG0000522	OG0000522	Hsap__GeneID_27330, Hsap__GeneID_6195, Hsap__GeneID_6196, Hsap__GeneID_6197, Hsap__GeneID_8986, Hsap__GeneID_9252	one-to-many	Cele__WBGene00008311, Cele__WBGene00011352	one-to-many	Dmel__GeneID_33139	one-to-one	Mmus__GeneID_110651, Mmus__GeneID_20111, Mmus__GeneID_20112, Mmus__GeneID_56613, Mmus__GeneID_67071, Mmus__GeneID_73086	one-to-many	Xlae__GeneID_100037253, Xlae__GeneID_108698451, Xlae__GeneID_108698712, Xlae__GeneID_108700150, Xlae__GeneID_108709331, Xlae__GeneID_108717877, Xlae__GeneID_399376, Xlae__GeneID_443729, Xlae__GeneID_445821	one-to-many	shared HOG	6	2	1	1	1	1	6	9
Sman__Smp_342370	Sman__Smp_342370	matched	OG0012665	OG0012665		no direct pairwise orthologue detected		no direct pairwise orthologue detected		no direct pairwise orthologue detected		no direct pairwise orthologue detected		no direct pairwise orthologue detected	Schistosoma-only in sampled HOG	0	0	1	1	1	0	0	0
Sman__Smp_343540	Sman__Smp_343540	matched	OG0001448	OG0001448	Hsap__GeneID_7094, Hsap__GeneID_83660	many-to-many	Cele__WBGene00006771	many-to-one	Dmel__GeneID_38978	many-to-one	Mmus__GeneID_21894, Mmus__GeneID_70549	many-to-many	Xlae__GeneID_100037170, Xlae__GeneID_108711290, Xlae__GeneID_108712994, Xlae__GeneID_733283	many-to-many	shared HOG	2	1	2	2	2	1	2	4
Sman__Smp_343650	Sman__Smp_343650	matched	OG0002087	OG0002087	Hsap__GeneID_284217, Hsap__GeneID_3908	one-to-many	Cele__WBGene00002248	one-to-one	Dmel__GeneID_43946	one-to-one	Mmus__GeneID_16772, Mmus__GeneID_16773	one-to-many	Xlae__GeneID_108716137, Xlae__GeneID_108718546	one-to-many	shared HOG	2	1	3	1	1	1	2	2
Sman__Smp_343740	Sman__Smp_343740	matched	OG0000283	OG0000283	Hsap__GeneID_1277, Hsap__GeneID_1278, Hsap__GeneID_1280, Hsap__GeneID_1281, Hsap__GeneID_1290, Hsap__GeneID_255631, Hsap__GeneID_85301	many-to-many		no direct pairwise orthologue detected		no direct pairwise orthologue detected	Mmus__GeneID_12824, Mmus__GeneID_12825, Mmus__GeneID_12832, Mmus__GeneID_12842, Mmus__GeneID_12843, Mmus__GeneID_373864, Mmus__GeneID_71355	many-to-many	Xlae__GeneID_108699974, Xlae__GeneID_108700840, Xlae__GeneID_108701482, Xlae__GeneID_108701483, Xlae__GeneID_108703076, Xlae__GeneID_108705040, Xlae__GeneID_108714172, Xlae__GeneID_108719903, Xlae__GeneID_380419, Xlae__GeneID_380515, Xlae__GeneID_397738, Xlae__GeneID_397739, Xlae__GeneID_398983	many-to-many	shared HOG	7	0	3	3	3	0	7	13
Sman__Smp_344780	Sman__Smp_344780	matched	OG0002878	OG0002878	Hsap__GeneID_6259	one-to-one	Cele__WBGene00003007	one-to-one	Dmel__GeneID_35207, Dmel__GeneID_36436, Dmel__GeneID_44355	one-to-many	Mmus__GeneID_20187	one-to-one	Xlae__GeneID_444707, Xlae__GeneID_734495	one-to-many	shared HOG	1	1	1	1	1	3	1	2
Sman__Smp_348670	Sman__Smp_348670	matched	OG0000213	OG0000213	Hsap__GeneID_2268, Hsap__GeneID_2534, Hsap__GeneID_3055, Hsap__GeneID_3932, Hsap__GeneID_4067, Hsap__GeneID_640, Hsap__GeneID_6714, Hsap__GeneID_7525	many-to-many	Cele__WBGene00005077	many-to-one	Dmel__GeneID_48973	many-to-one	Mmus__GeneID_12143, Mmus__GeneID_14191, Mmus__GeneID_14360, Mmus__GeneID_15162, Mmus__GeneID_16818, Mmus__GeneID_17096, Mmus__GeneID_20779, Mmus__GeneID_22612	many-to-many	Xlae__GeneID_100036955, Xlae__GeneID_108695301, Xlae__GeneID_108708097, Xlae__GeneID_108708930, Xlae__GeneID_108709526, Xlae__GeneID_108717237, Xlae__GeneID_373609, Xlae__GeneID_373647, Xlae__GeneID_373649, Xlae__GeneID_379629, Xlae__GeneID_379812, Xlae__GeneID_380430, Xlae__GeneID_734720	many-to-many	shared HOG	8	1	3	3	4	1	8	13
