candidate_id	reference_species	orthologues	relationship	source_group_size	target_group_size	source_file
Shae__MS3_00000825	Cele	Cele__WBGene00044435	many-to-one	64	1	Orthologues/Cele.tsv
Shae__MS3_00000359	Cele	Cele__WBGene00044435	many-to-one	64	1	Orthologues/Cele.tsv
Shae__MS3_00004525	Cele	Cele__WBGene00000063, Cele__WBGene00000064, Cele__WBGene00000065, Cele__WBGene00000066, Cele__WBGene00000067	one-to-many	1	5	Orthologues/Cele.tsv
Shae__MS3_00003616	Cele	Cele__WBGene00006407, Cele__WBGene00015217, Cele__WBGene00022727	many-to-many	2	3	Orthologues/Cele.tsv
Shae__MS3_00002568	Cele	Cele__WBGene00006407, Cele__WBGene00015217, Cele__WBGene00022727	many-to-many	2	3	Orthologues/Cele.tsv
Shae__MS3_00008738	Cele	Cele__WBGene00005077	many-to-one	3	1	Orthologues/Cele.tsv
Shae__MS3_00002771	Cele	Cele__WBGene00005077	many-to-one	3	1	Orthologues/Cele.tsv
Shae__MS3_00009264	Cele	Cele__WBGene00005077	many-to-one	3	1	Orthologues/Cele.tsv
Shae__MS3_00006308	Cele	Cele__WBGene00000553, Cele__WBGene00012328, Cele__WBGene00012332, Cele__WBGene00017860	many-to-many	2	4	Orthologues/Cele.tsv
Shae__MS3_00001861	Cele	Cele__WBGene00001263, Cele__WBGene00002280	many-to-many	3	2	Orthologues/Cele.tsv
Shae__MS3_00000941	Cele	Cele__WBGene00001263, Cele__WBGene00002280	many-to-many	3	2	Orthologues/Cele.tsv
Shae__MS3_00010191	Cele	Cele__WBGene00001263, Cele__WBGene00002280	many-to-many	3	2	Orthologues/Cele.tsv
Shae__MS3_00009872	Cele	Cele__WBGene00003929	one-to-one	1	1	Orthologues/Cele.tsv
Shae__MS3_00007339	Cele	Cele__WBGene00000900	one-to-one	1	1	Orthologues/Cele.tsv
Shae__MS3_00003923	Cele	Cele__WBGene00004033, Cele__WBGene00006599	many-to-many	2	2	Orthologues/Cele.tsv
Shae__MS3_00003400	Cele	Cele__WBGene00004033, Cele__WBGene00006599	many-to-many	2	2	Orthologues/Cele.tsv
Shae__MS3_00006229	Cele	Cele__WBGene00004855, Cele__WBGene00006803	many-to-many	2	2	Orthologues/Cele.tsv
Shae__MS3_00008194	Cele	Cele__WBGene00004855, Cele__WBGene00006803	many-to-many	2	2	Orthologues/Cele.tsv
Shae__MS3_00010396	Cele	Cele__WBGene00008311, Cele__WBGene00011352	one-to-many	1	2	Orthologues/Cele.tsv
Shae__MS3_00005588	Cele	Cele__WBGene00001708	one-to-one	1	1	Orthologues/Cele.tsv
Shae__MS3_00009865	Cele	Cele__WBGene00003930	one-to-one	1	1	Orthologues/Cele.tsv
Shae__MS3_00006334	Cele	Cele__WBGene00001184, Cele__WBGene00002195, Cele__WBGene00020106	one-to-many	1	3	Orthologues/Cele.tsv
Shae__MS3_00006934	Cele	Cele__WBGene00000228	many-to-one	2	1	Orthologues/Cele.tsv
Shae__MS3_00006657	Cele	Cele__WBGene00000228	many-to-one	2	1	Orthologues/Cele.tsv
Shae__MS3_00004398	Cele	Cele__WBGene00006794, Cele__WBGene00302980	many-to-many	2	2	Orthologues/Cele.tsv
Shae__MS3_00005166	Cele	Cele__WBGene00006794, Cele__WBGene00302980	many-to-many	2	2	Orthologues/Cele.tsv
Shae__MS3_00003104	Cele	Cele__WBGene00003396, Cele__WBGene00006971, Cele__WBGene00013643	one-to-many	1	3	Orthologues/Cele.tsv
Shae__MS3_00006333	Cele	Cele__WBGene00001132, Cele__WBGene00004112, Cele__WBGene00014262	one-to-many	1	3	Orthologues/Cele.tsv
Shae__MS3_00003948	Cele	Cele__WBGene00006517	many-to-one	2	1	Orthologues/Cele.tsv
Shae__MS3_00005799	Cele	Cele__WBGene00022048	many-to-one	2	1	Orthologues/Cele.tsv
Shae__MS3_00007970	Cele	Cele__WBGene00022048	many-to-one	2	1	Orthologues/Cele.tsv
Shae__MS3_00006560	Cele	Cele__WBGene00004055, Cele__WBGene00004056	one-to-many	1	2	Orthologues/Cele.tsv
Shae__MS3_00005028	Cele	Cele__WBGene00000898	many-to-one	2	1	Orthologues/Cele.tsv
Shae__MS3_00010577	Cele	Cele__WBGene00013869	one-to-one	1	1	Orthologues/Cele.tsv
Shae__MS3_00003633	Cele	Cele__WBGene00002189	many-to-one	3	1	Orthologues/Cele.tsv
Shae__MS3_00002636	Cele	Cele__WBGene00002189	many-to-one	3	1	Orthologues/Cele.tsv
Shae__MS3_00008682	Cele	Cele__WBGene00002189	many-to-one	3	1	Orthologues/Cele.tsv
Shae__MS3_00003383	Cele	Cele__WBGene00006779	one-to-one	1	1	Orthologues/Cele.tsv
Shae__MS3_00003129	Cele	Cele__WBGene00006999	one-to-one	1	1	Orthologues/Cele.tsv
Shae__MS3_00004070	Cele	Cele__WBGene00006746	many-to-one	2	1	Orthologues/Cele.tsv
Shae__MS3_00003962	Cele	Cele__WBGene00006746	many-to-one	2	1	Orthologues/Cele.tsv
Shae__MS3_00005260	Cele	Cele__WBGene00003400	one-to-one	1	1	Orthologues/Cele.tsv
Shae__MS3_00009762	Cele	Cele__WBGene00001487, Cele__WBGene00002198, Cele__WBGene00020659, Cele__WBGene00022780	one-to-many	1	4	Orthologues/Cele.tsv
Shae__MS3_00010367	Cele	Cele__WBGene00004740	one-to-one	1	1	Orthologues/Cele.tsv
Shae__MS3_00002812	Cele	Cele__WBGene00004789	one-to-one	1	1	Orthologues/Cele.tsv
Shae__MS3_00007742	Cele	Cele__WBGene00002081	one-to-one	1	1	Orthologues/Cele.tsv
Shae__MS3_00003235	Cele	Cele__WBGene00006836	one-to-one	1	1	Orthologues/Cele.tsv
Shae__MS3_00004635	Cele	Cele__WBGene00016038, Cele__WBGene00017472	one-to-many	1	2	Orthologues/Cele.tsv
Shae__MS3_00006730	Cele	Cele__WBGene00000018	many-to-one	2	1	Orthologues/Cele.tsv
Shae__MS3_00008672	Cele	Cele__WBGene00001528, Cele__WBGene00001530, Cele__WBGene00001531, Cele__WBGene00001532, Cele__WBGene00001533, Cele__WBGene00001534, Cele__WBGene00001539, Cele__WBGene00001540, Cele__WBGene00001542, Cele__WBGene00001544, Cele__WBGene00001545, Cele__WBGene00001547	one-to-many	1	12	Orthologues/Cele.tsv
Shae__MS3_00002403	Cele	Cele__WBGene00012779	many-to-one	2	1	Orthologues/Cele.tsv
Shae__MS3_00005037	Cele	Cele__WBGene00000102, Cele__WBGene00000103	one-to-many	1	2	Orthologues/Cele.tsv
Shae__MS3_00004152	Cele	Cele__WBGene00001526	one-to-one	1	1	Orthologues/Cele.tsv
Shae__MS3_00001471	Cele	Cele__WBGene00004042, Cele__WBGene00004043	one-to-many	1	2	Orthologues/Cele.tsv
Shae__MS3_00001770	Cele	Cele__WBGene00006771	many-to-one	2	1	Orthologues/Cele.tsv
Shae__MS3_00000278	Cele	Cele__WBGene00006771	many-to-one	2	1	Orthologues/Cele.tsv
Shae__MS3_00004019	Cele	Cele__WBGene00000099	one-to-one	1	1	Orthologues/Cele.tsv
Shae__MS3_00008679	Cele	Cele__WBGene00000405	one-to-one	1	1	Orthologues/Cele.tsv
Shae__MS3_00007343	Cele	Cele__WBGene00001978	one-to-one	1	1	Orthologues/Cele.tsv
Shae__MS3_00000487	Cele	Cele__WBGene00002247	one-to-one	1	1	Orthologues/Cele.tsv
Shae__MS3_00002201	Cele	Cele__WBGene00002210	one-to-one	1	1	Orthologues/Cele.tsv
Shae__MS3_00010729	Cele	Cele__WBGene00003401	many-to-one	2	1	Orthologues/Cele.tsv
Shae__MS3_00008190	Cele	Cele__WBGene00003401	many-to-one	2	1	Orthologues/Cele.tsv
Shae__MS3_00008614	Cele	Cele__WBGene00002203	one-to-one	1	1	Orthologues/Cele.tsv
Shae__MS3_00004470	Cele	Cele__WBGene00000498, Cele__WBGene00012792, Cele__WBGene00017083, Cele__WBGene00019814, Cele__WBGene00019815, Cele__WBGene00019817	one-to-many	1	6	Orthologues/Cele.tsv
Shae__MS3_00005288	Cele	Cele__WBGene00006484, Cele__WBGene00022717	one-to-many	1	2	Orthologues/Cele.tsv
Shae__MS3_00004459	Cele	Cele__WBGene00016913	one-to-one	1	1	Orthologues/Cele.tsv
Shae__MS3_00002715	Cele	Cele__WBGene00020142	one-to-one	1	1	Orthologues/Cele.tsv
Shae__MS3_00003183	Cele	Cele__WBGene00017630	one-to-one	1	1	Orthologues/Cele.tsv
Shae__MS3_00001381	Cele	Cele__WBGene00016197	one-to-one	1	1	Orthologues/Cele.tsv
Shae__MS3_00003535	Cele	Cele__WBGene00001121	one-to-one	1	1	Orthologues/Cele.tsv
Shae__MS3_00005371	Cele	Cele__WBGene00002048	one-to-one	1	1	Orthologues/Cele.tsv
Shae__MS3_00002824	Cele	Cele__WBGene00002213	one-to-one	1	1	Orthologues/Cele.tsv
Shae__MS3_00008957	Cele	Cele__WBGene00002248	many-to-one	3	1	Orthologues/Cele.tsv
Shae__MS3_00004315	Cele	Cele__WBGene00004034	one-to-one	1	1	Orthologues/Cele.tsv
Shae__MS3_00008601	Cele	Cele__WBGene00004762	one-to-one	1	1	Orthologues/Cele.tsv
Shae__MS3_00006313	Cele	Cele__WBGene00006786	one-to-one	1	1	Orthologues/Cele.tsv
Shae__MS3_00001825	Cele	Cele__WBGene00006826	one-to-one	1	1	Orthologues/Cele.tsv
Shae__MS3_00007604	Cele	Cele__WBGene00007007	one-to-one	1	1	Orthologues/Cele.tsv
Shae__MS3_00007496	Cele	Cele__WBGene00010664	one-to-one	1	1	Orthologues/Cele.tsv
Shae__MS3_00002424	Cele	Cele__WBGene00013355	one-to-one	1	1	Orthologues/Cele.tsv
Shae__MS3_00005251	Cele	Cele__WBGene00018187	one-to-one	1	1	Orthologues/Cele.tsv
Shae__MS3_00006566	Cele	Cele__WBGene00021758	one-to-one	1	1	Orthologues/Cele.tsv
Shae__MS3_00007109	Cele	Cele__WBGene00012929, Cele__WBGene00044281	one-to-many	1	2	Orthologues/Cele.tsv
Shae__MS3_00006767	Cele	Cele__WBGene00004727	one-to-one	1	1	Orthologues/Cele.tsv
Shae__MS3_00005586	Cele	Cele__WBGene00003150	one-to-one	1	1	Orthologues/Cele.tsv
Shae__MS3_00003544	Cele	Cele__WBGene00000410	many-to-one	2	1	Orthologues/Cele.tsv
Shae__MS3_00002534	Cele	Cele__WBGene00000410	many-to-one	2	1	Orthologues/Cele.tsv
Shae__MS3_00009653	Cele	Cele__WBGene00000812	one-to-one	1	1	Orthologues/Cele.tsv
Shae__MS3_00008061	Cele	Cele__WBGene00000917	one-to-one	1	1	Orthologues/Cele.tsv
Shae__MS3_00005382	Cele	Cele__WBGene00007135	one-to-one	1	1	Orthologues/Cele.tsv
Shae__MS3_00001786	Cele	Cele__WBGene00021753	one-to-one	1	1	Orthologues/Cele.tsv
Shae__MS3_00008174	Cele	Cele__WBGene00022774	one-to-one	1	1	Orthologues/Cele.tsv
Shae__MS3_00004774	Cele	Cele__WBGene00013168	one-to-one	1	1	Orthologues/Cele.tsv
Shae__MS3_00011163	Cele	Cele__WBGene00000199	one-to-one	1	1	Orthologues/Cele.tsv
Shae__MS3_00006556	Cele	Cele__WBGene00003007	one-to-one	1	1	Orthologues/Cele.tsv
Shae__MS3_00005021	Cele	Cele__WBGene00003048	one-to-one	1	1	Orthologues/Cele.tsv
Shae__MS3_00004657	Cele	Cele__WBGene00003186	one-to-one	1	1	Orthologues/Cele.tsv
Shae__MS3_00004068	Cele	Cele__WBGene00005078	many-to-one	2	1	Orthologues/Cele.tsv
Shae__MS3_00003724	Cele	Cele__WBGene00008956	one-to-one	1	1	Orthologues/Cele.tsv
Shae__MS3_00008971	Cele	Cele__WBGene00003368, Cele__WBGene00012162	one-to-many	1	2	Orthologues/Cele.tsv
Shae__MS3_00008673	Cele	Cele__WBGene00017950	one-to-one	1	1	Orthologues/Cele.tsv
Shae__MS3_00010803	Cele	Cele__WBGene00000200	one-to-one	1	1	Orthologues/Cele.tsv
Shae__MS3_00007174	Cele	Cele__WBGene00000499, Cele__WBGene00011612	one-to-many	1	2	Orthologues/Cele.tsv
Shae__MS3_00005632	Cele	Cele__WBGene00003931	one-to-one	1	1	Orthologues/Cele.tsv
Shae__MS3_00004076	Cele	Cele__WBGene00009867	one-to-one	1	1	Orthologues/Cele.tsv
Shae__MS3_00007430	Cele	Cele__WBGene00016793	one-to-one	1	1	Orthologues/Cele.tsv
Shae__MS3_00008566	Cele	Cele__WBGene00000407	one-to-one	1	1	Orthologues/Cele.tsv
Shae__MS3_00007047	Cele	Cele__WBGene00000942	one-to-one	1	1	Orthologues/Cele.tsv
Shae__MS3_00007700	Cele	Cele__WBGene00007434	one-to-one	1	1	Orthologues/Cele.tsv
Shae__MS3_00009134	Cele	Cele__WBGene00007985, Cele__WBGene00017831	one-to-many	1	2	Orthologues/Cele.tsv
Shae__MS3_00001622	Cele	Cele__WBGene00017033	one-to-one	1	1	Orthologues/Cele.tsv
Shae__MS3_00007449	Cele	Cele__WBGene00021012	one-to-one	1	1	Orthologues/Cele.tsv
Shae__MS3_00010478	Cele	Cele__WBGene00006876	one-to-one	1	1	Orthologues/Cele.tsv
Shae__MS3_00002992	Cele	Cele__WBGene00003402, Cele__WBGene00017277	one-to-many	1	2	Orthologues/Cele.tsv
Shae__MS3_00005180	Cele	Cele__WBGene00000098	one-to-one	1	1	Orthologues/Cele.tsv
Shae__MS3_00006521	Cele	Cele__WBGene00003599	one-to-one	1	1	Orthologues/Cele.tsv
Shae__MS3_00009666	Cele	Cele__WBGene00001746	one-to-one	1	1	Orthologues/Cele.tsv
Sjap__EWB00_002502	Cele	Cele__WBGene00000063, Cele__WBGene00000064, Cele__WBGene00000065, Cele__WBGene00000066, Cele__WBGene00000067	one-to-many	1	5	Orthologues/Cele.tsv
Sjap__EWB00_008162	Cele	Cele__WBGene00006868	many-to-one	2	1	Orthologues/Cele.tsv
Sjap__EWB00_009388	Cele	Cele__WBGene00006407, Cele__WBGene00015217, Cele__WBGene00022727	many-to-many	2	3	Orthologues/Cele.tsv
Sjap__EWB00_003590	Cele	Cele__WBGene00006407, Cele__WBGene00015217, Cele__WBGene00022727	many-to-many	2	3	Orthologues/Cele.tsv
Sjap__EWB00_004406	Cele	Cele__WBGene00005077	many-to-one	3	1	Orthologues/Cele.tsv
Sjap__EWB00_007873	Cele	Cele__WBGene00005077	many-to-one	3	1	Orthologues/Cele.tsv
Sjap__EWB00_007520	Cele	Cele__WBGene00005077	many-to-one	3	1	Orthologues/Cele.tsv
Sjap__EWB00_008724	Cele	Cele__WBGene00000553, Cele__WBGene00012328, Cele__WBGene00012332, Cele__WBGene00017860	many-to-many	2	4	Orthologues/Cele.tsv
Sjap__EWB00_006199	Cele	Cele__WBGene00001263, Cele__WBGene00002280	many-to-many	4	2	Orthologues/Cele.tsv
Sjap__EWB00_006201	Cele	Cele__WBGene00001263, Cele__WBGene00002280	many-to-many	4	2	Orthologues/Cele.tsv
Sjap__EWB00_001102	Cele	Cele__WBGene00001263, Cele__WBGene00002280	many-to-many	4	2	Orthologues/Cele.tsv
Sjap__EWB00_006200	Cele	Cele__WBGene00001263, Cele__WBGene00002280	many-to-many	4	2	Orthologues/Cele.tsv
Sjap__EWB00_002919	Cele	Cele__WBGene00003929	one-to-one	1	1	Orthologues/Cele.tsv
Sjap__EWB00_001228	Cele	Cele__WBGene00000900	one-to-one	1	1	Orthologues/Cele.tsv
Sjap__EWB00_009358	Cele	Cele__WBGene00004033, Cele__WBGene00006599	one-to-many	1	2	Orthologues/Cele.tsv
Sjap__EWB00_010727	Cele	Cele__WBGene00004855, Cele__WBGene00006803	many-to-many	2	2	Orthologues/Cele.tsv
Sjap__EWB00_004137	Cele	Cele__WBGene00004855, Cele__WBGene00006803	many-to-many	2	2	Orthologues/Cele.tsv
Sjap__EWB00_002194	Cele	Cele__WBGene00008311, Cele__WBGene00011352	one-to-many	1	2	Orthologues/Cele.tsv
Sjap__EWB00_002869	Cele	Cele__WBGene00003930	one-to-one	1	1	Orthologues/Cele.tsv
Sjap__EWB00_008748	Cele	Cele__WBGene00001184, Cele__WBGene00002195, Cele__WBGene00020106	one-to-many	1	3	Orthologues/Cele.tsv
Sjap__EWB00_006050	Cele	Cele__WBGene00000228	many-to-one	2	1	Orthologues/Cele.tsv
Sjap__EWB00_010649	Cele	Cele__WBGene00000228	many-to-one	2	1	Orthologues/Cele.tsv
Sjap__EWB00_008807	Cele	Cele__WBGene00006794, Cele__WBGene00302980	many-to-many	2	2	Orthologues/Cele.tsv
Sjap__EWB00_003359	Cele	Cele__WBGene00006794, Cele__WBGene00302980	many-to-many	2	2	Orthologues/Cele.tsv
Sjap__EWB00_009781	Cele	Cele__WBGene00003396, Cele__WBGene00006971, Cele__WBGene00013643	one-to-many	1	3	Orthologues/Cele.tsv
Sjap__EWB00_006315	Cele	Cele__WBGene00004186	many-to-one	6	1	Orthologues/Cele.tsv
Sjap__EWB00_008747	Cele	Cele__WBGene00001132, Cele__WBGene00004112, Cele__WBGene00014262	one-to-many	1	3	Orthologues/Cele.tsv
Sjap__EWB00_004179	Cele	Cele__WBGene00006517	many-to-one	2	1	Orthologues/Cele.tsv
Sjap__EWB00_002775	Cele	Cele__WBGene00022048	many-to-one	2	1	Orthologues/Cele.tsv
Sjap__EWB00_006234	Cele	Cele__WBGene00022048	many-to-one	2	1	Orthologues/Cele.tsv
Sjap__EWB00_009122	Cele	Cele__WBGene00004055, Cele__WBGene00004056	one-to-many	1	2	Orthologues/Cele.tsv
Sjap__EWB00_007965	Cele	Cele__WBGene00000898	many-to-one	2	1	Orthologues/Cele.tsv
Sjap__EWB00_003876	Cele	Cele__WBGene00013869	one-to-one	1	1	Orthologues/Cele.tsv
Sjap__EWB00_007512	Cele	Cele__WBGene00002189	many-to-one	3	1	Orthologues/Cele.tsv
Sjap__EWB00_004196	Cele	Cele__WBGene00002189	many-to-one	3	1	Orthologues/Cele.tsv
Sjap__EWB00_007721	Cele	Cele__WBGene00002189	many-to-one	3	1	Orthologues/Cele.tsv
Sjap__EWB00_003065	Cele	Cele__WBGene00006779	one-to-one	1	1	Orthologues/Cele.tsv
Sjap__EWB00_009560	Cele	Cele__WBGene00006999	one-to-one	1	1	Orthologues/Cele.tsv
Sjap__EWB00_003107	Cele	Cele__WBGene00006746	many-to-one	2	1	Orthologues/Cele.tsv
Sjap__EWB00_002313	Cele	Cele__WBGene00006746	many-to-one	2	1	Orthologues/Cele.tsv
Sjap__EWB00_003747	Cele	Cele__WBGene00001487, Cele__WBGene00002198, Cele__WBGene00020659, Cele__WBGene00022780	one-to-many	1	4	Orthologues/Cele.tsv
Sjap__EWB00_003063	Cele	Cele__WBGene00004740	one-to-one	1	1	Orthologues/Cele.tsv
Sjap__EWB00_011039	Cele	Cele__WBGene00002081	one-to-one	1	1	Orthologues/Cele.tsv
Sjap__EWB00_002103	Cele	Cele__WBGene00006836	one-to-one	1	1	Orthologues/Cele.tsv
Sjap__EWB00_002413	Cele	Cele__WBGene00016038, Cele__WBGene00017472	one-to-many	1	2	Orthologues/Cele.tsv
Sjap__EWB00_010687	Cele	Cele__WBGene00000018	many-to-one	2	1	Orthologues/Cele.tsv
Sjap__EWB00_007640	Cele	Cele__WBGene00003374	one-to-one	1	1	Orthologues/Cele.tsv
Sjap__EWB00_004212	Cele	Cele__WBGene00012779	many-to-one	2	1	Orthologues/Cele.tsv
Sjap__EWB00_011263	Cele	Cele__WBGene00000102, Cele__WBGene00000103	one-to-many	1	2	Orthologues/Cele.tsv
Sjap__EWB00_007650	Cele	Cele__WBGene00001526	one-to-one	1	1	Orthologues/Cele.tsv
Sjap__EWB00_008372	Cele	Cele__WBGene00004042, Cele__WBGene00004043	one-to-many	1	2	Orthologues/Cele.tsv
Sjap__EWB00_006505	Cele	Cele__WBGene00006771	many-to-one	2	1	Orthologues/Cele.tsv
Sjap__EWB00_003146	Cele	Cele__WBGene00006771	many-to-one	2	1	Orthologues/Cele.tsv
Sjap__EWB00_004811	Cele	Cele__WBGene00000099	one-to-one	1	1	Orthologues/Cele.tsv
Sjap__EWB00_003272	Cele	Cele__WBGene00000405	one-to-one	1	1	Orthologues/Cele.tsv
Sjap__EWB00_001225	Cele	Cele__WBGene00001978	one-to-one	1	1	Orthologues/Cele.tsv
Sjap__EWB00_002741	Cele	Cele__WBGene00002247	one-to-one	1	1	Orthologues/Cele.tsv
Sjap__EWB00_001036	Cele	Cele__WBGene00012019, Cele__WBGene00012352	one-to-many	1	2	Orthologues/Cele.tsv
Sjap__EWB00_002797	Cele	Cele__WBGene00002210	one-to-one	1	1	Orthologues/Cele.tsv
Sjap__EWB00_008683	Cele	Cele__WBGene00003401	many-to-one	2	1	Orthologues/Cele.tsv
Sjap__EWB00_004095	Cele	Cele__WBGene00003401	many-to-one	2	1	Orthologues/Cele.tsv
Sjap__EWB00_009287	Cele	Cele__WBGene00002203	one-to-one	1	1	Orthologues/Cele.tsv
Sjap__EWB00_007519	Cele	Cele__WBGene00002178	one-to-one	1	1	Orthologues/Cele.tsv
Sjap__EWB00_005902	Cele	Cele__WBGene00006484, Cele__WBGene00022717	one-to-many	1	2	Orthologues/Cele.tsv
Sjap__EWB00_006126	Cele	Cele__WBGene00016913	one-to-one	1	1	Orthologues/Cele.tsv
Sjap__EWB00_004650	Cele	Cele__WBGene00020142	one-to-one	1	1	Orthologues/Cele.tsv
Sjap__EWB00_008528	Cele	Cele__WBGene00017630	one-to-one	1	1	Orthologues/Cele.tsv
Sjap__EWB00_003429	Cele	Cele__WBGene00016197	one-to-one	1	1	Orthologues/Cele.tsv
Sjap__EWB00_005624	Cele	Cele__WBGene00000409	one-to-one	1	1	Orthologues/Cele.tsv
Sjap__EWB00_003710	Cele	Cele__WBGene00001043, Cele__WBGene00018516	one-to-many	1	2	Orthologues/Cele.tsv
Sjap__EWB00_009479	Cele	Cele__WBGene00001121	one-to-one	1	1	Orthologues/Cele.tsv
Sjap__EWB00_009224	Cele	Cele__WBGene00002048	one-to-one	1	1	Orthologues/Cele.tsv
Sjap__EWB00_007322	Cele	Cele__WBGene00002213	one-to-one	1	1	Orthologues/Cele.tsv
Sjap__EWB00_001328	Cele	Cele__WBGene00002248	one-to-one	1	1	Orthologues/Cele.tsv
Sjap__EWB00_005467	Cele	Cele__WBGene00004034	one-to-one	1	1	Orthologues/Cele.tsv
Sjap__EWB00_001961	Cele	Cele__WBGene00004762	one-to-one	1	1	Orthologues/Cele.tsv
Sjap__EWB00_009541	Cele	Cele__WBGene00006826	one-to-one	1	1	Orthologues/Cele.tsv
Sjap__EWB00_007161	Cele	Cele__WBGene00007007	one-to-one	1	1	Orthologues/Cele.tsv
Sjap__EWB00_007274	Cele	Cele__WBGene00010664	one-to-one	1	1	Orthologues/Cele.tsv
Sjap__EWB00_008286	Cele	Cele__WBGene00013355	one-to-one	1	1	Orthologues/Cele.tsv
Sjap__EWB00_007739	Cele	Cele__WBGene00018187	one-to-one	1	1	Orthologues/Cele.tsv
Sjap__EWB00_005166	Cele	Cele__WBGene00012929, Cele__WBGene00044281	one-to-many	1	2	Orthologues/Cele.tsv
Sjap__EWB00_005385	Cele	Cele__WBGene00004727	one-to-one	1	1	Orthologues/Cele.tsv
Sjap__EWB00_009480	Cele	Cele__WBGene00000410	many-to-one	2	1	Orthologues/Cele.tsv
Sjap__EWB00_010219	Cele	Cele__WBGene00000410	many-to-one	2	1	Orthologues/Cele.tsv
Sjap__EWB00_005849	Cele	Cele__WBGene00000812	one-to-one	1	1	Orthologues/Cele.tsv
Sjap__EWB00_001091	Cele	Cele__WBGene00021753	one-to-one	1	1	Orthologues/Cele.tsv
Sjap__EWB00_001618	Cele	Cele__WBGene00022774	one-to-one	1	1	Orthologues/Cele.tsv
Sjap__EWB00_008857	Cele	Cele__WBGene00013168	one-to-one	1	1	Orthologues/Cele.tsv
Sjap__EWB00_007426	Cele	Cele__WBGene00000199	one-to-one	1	1	Orthologues/Cele.tsv
Sjap__EWB00_007221	Cele	Cele__WBGene00003007	one-to-one	1	1	Orthologues/Cele.tsv
Sjap__EWB00_007959	Cele	Cele__WBGene00003048	one-to-one	1	1	Orthologues/Cele.tsv
Sjap__EWB00_002386	Cele	Cele__WBGene00003186	one-to-one	1	1	Orthologues/Cele.tsv
Sjap__EWB00_003104	Cele	Cele__WBGene00005078	one-to-one	1	1	Orthologues/Cele.tsv
Sjap__EWB00_008035	Cele	Cele__WBGene00008956	one-to-one	1	1	Orthologues/Cele.tsv
Sjap__EWB00_002781	Cele	Cele__WBGene00002202	one-to-one	1	1	Orthologues/Cele.tsv
Sjap__EWB00_001343	Cele	Cele__WBGene00003368, Cele__WBGene00012162	one-to-many	1	2	Orthologues/Cele.tsv
Sjap__EWB00_008993	Cele	Cele__WBGene00017950	one-to-one	1	1	Orthologues/Cele.tsv
Sjap__EWB00_010647	Cele	Cele__WBGene00000200	one-to-one	1	1	Orthologues/Cele.tsv
Sjap__EWB00_003470	Cele	Cele__WBGene00000499, Cele__WBGene00011612	one-to-many	1	2	Orthologues/Cele.tsv
Sjap__EWB00_010398	Cele	Cele__WBGene00003931	one-to-one	1	1	Orthologues/Cele.tsv
Sjap__EWB00_003114	Cele	Cele__WBGene00009867	one-to-one	1	1	Orthologues/Cele.tsv
Sjap__EWB00_006002	Cele	Cele__WBGene00016793	one-to-one	1	1	Orthologues/Cele.tsv
Sjap__EWB00_004629	Cele	Cele__WBGene00000407	one-to-one	1	1	Orthologues/Cele.tsv
Sjap__EWB00_003565	Cele	Cele__WBGene00000942	one-to-one	1	1	Orthologues/Cele.tsv
Sjap__EWB00_000516	Cele	Cele__WBGene00003965	one-to-one	1	1	Orthologues/Cele.tsv
Sjap__EWB00_001408	Cele	Cele__WBGene00007434	one-to-one	1	1	Orthologues/Cele.tsv
Sjap__EWB00_004325	Cele	Cele__WBGene00017033	one-to-one	1	1	Orthologues/Cele.tsv
Sjap__EWB00_006602	Cele	Cele__WBGene00000408	one-to-one	1	1	Orthologues/Cele.tsv
Sjap__EWB00_006350	Cele	Cele__WBGene00003402, Cele__WBGene00017277	one-to-many	1	2	Orthologues/Cele.tsv
Sjap__EWB00_011156	Cele	Cele__WBGene00000098	one-to-one	1	1	Orthologues/Cele.tsv
Sjap__EWB00_006779	Cele	Cele__WBGene00003599	one-to-one	1	1	Orthologues/Cele.tsv
Sman__Smp_307010	Cele	Cele__WBGene00000063, Cele__WBGene00000064, Cele__WBGene00000065, Cele__WBGene00000066, Cele__WBGene00000067	many-to-many	2	5	Orthologues/Cele.tsv
Sman__Smp_307020	Cele	Cele__WBGene00000063, Cele__WBGene00000064, Cele__WBGene00000065, Cele__WBGene00000066, Cele__WBGene00000067	many-to-many	2	5	Orthologues/Cele.tsv
Sman__Smp_048560	Cele	Cele__WBGene00006407, Cele__WBGene00015217, Cele__WBGene00022727	many-to-many	2	3	Orthologues/Cele.tsv
Sman__Smp_143130	Cele	Cele__WBGene00006407, Cele__WBGene00015217, Cele__WBGene00022727	many-to-many	2	3	Orthologues/Cele.tsv
Sman__Smp_172200	Cele	Cele__WBGene00005077	many-to-one	4	1	Orthologues/Cele.tsv
Sman__Smp_348670	Cele	Cele__WBGene00005077	many-to-one	4	1	Orthologues/Cele.tsv
Sman__Smp_006920	Cele	Cele__WBGene00005077	many-to-one	4	1	Orthologues/Cele.tsv
Sman__Smp_136300	Cele	Cele__WBGene00005077	many-to-one	4	1	Orthologues/Cele.tsv
Sman__Smp_065290	Cele	Cele__WBGene00000553, Cele__WBGene00012328, Cele__WBGene00012332, Cele__WBGene00017860	many-to-many	2	4	Orthologues/Cele.tsv
Sman__Smp_170340	Cele	Cele__WBGene00001263, Cele__WBGene00002280	many-to-many	4	2	Orthologues/Cele.tsv
Sman__Smp_213910	Cele	Cele__WBGene00001263, Cele__WBGene00002280	many-to-many	4	2	Orthologues/Cele.tsv
Sman__Smp_213900	Cele	Cele__WBGene00001263, Cele__WBGene00002280	many-to-many	4	2	Orthologues/Cele.tsv
Sman__Smp_159600	Cele	Cele__WBGene00001263, Cele__WBGene00002280	many-to-many	4	2	Orthologues/Cele.tsv
Sman__Smp_304500	Cele	Cele__WBGene00010872	many-to-one	6	1	Orthologues/Cele.tsv
Sman__Smp_126140	Cele	Cele__WBGene00003929	one-to-one	1	1	Orthologues/Cele.tsv
Sman__Smp_334370	Cele	Cele__WBGene00000900	one-to-one	1	1	Orthologues/Cele.tsv
Sman__Smp_128480	Cele	Cele__WBGene00004033, Cele__WBGene00006599	many-to-many	2	2	Orthologues/Cele.tsv
Sman__Smp_241420	Cele	Cele__WBGene00004033, Cele__WBGene00006599	many-to-many	2	2	Orthologues/Cele.tsv
Sman__Smp_128920	Cele	Cele__WBGene00004855, Cele__WBGene00006803	many-to-many	2	2	Orthologues/Cele.tsv
Sman__Smp_143470	Cele	Cele__WBGene00004855, Cele__WBGene00006803	many-to-many	2	2	Orthologues/Cele.tsv
Sman__Smp_340300	Cele	Cele__WBGene00008311, Cele__WBGene00011352	one-to-many	1	2	Orthologues/Cele.tsv
Sman__Smp_123640	Cele	Cele__WBGene00001708	one-to-one	1	1	Orthologues/Cele.tsv
Sman__Smp_089700	Cele	Cele__WBGene00003930	one-to-one	1	1	Orthologues/Cele.tsv
Sman__Smp_157300	Cele	Cele__WBGene00001184, Cele__WBGene00002195, Cele__WBGene00020106	one-to-many	1	3	Orthologues/Cele.tsv
Sman__Smp_034550	Cele	Cele__WBGene00000228	many-to-one	2	1	Orthologues/Cele.tsv
Sman__Smp_014780	Cele	Cele__WBGene00000228	many-to-one	2	1	Orthologues/Cele.tsv
Sman__Smp_086590	Cele	Cele__WBGene00006794, Cele__WBGene00302980	many-to-many	3	2	Orthologues/Cele.tsv
Sman__Smp_195080	Cele	Cele__WBGene00006794, Cele__WBGene00302980	many-to-many	3	2	Orthologues/Cele.tsv
Sman__Smp_120700	Cele	Cele__WBGene00006794, Cele__WBGene00302980	many-to-many	3	2	Orthologues/Cele.tsv
Sman__Smp_058790	Cele	Cele__WBGene00003396, Cele__WBGene00006971, Cele__WBGene00013643	one-to-many	1	3	Orthologues/Cele.tsv
Sman__Smp_068960	Cele	Cele__WBGene00004186	many-to-one	6	1	Orthologues/Cele.tsv
Sman__Smp_157310	Cele	Cele__WBGene00001132, Cele__WBGene00004112, Cele__WBGene00014262	one-to-many	1	3	Orthologues/Cele.tsv
Sman__Smp_058620	Cele	Cele__WBGene00006517	many-to-one	2	1	Orthologues/Cele.tsv
Sman__Smp_317420	Cele	Cele__WBGene00022048	many-to-one	2	1	Orthologues/Cele.tsv
Sman__Smp_000100	Cele	Cele__WBGene00022048	many-to-one	2	1	Orthologues/Cele.tsv
Sman__Smp_133020	Cele	Cele__WBGene00004055, Cele__WBGene00004056	one-to-many	1	2	Orthologues/Cele.tsv
Sman__Smp_121780	Cele	Cele__WBGene00013869	one-to-one	1	1	Orthologues/Cele.tsv
Sman__Smp_164380	Cele	Cele__WBGene00002189	many-to-one	3	1	Orthologues/Cele.tsv
Sman__Smp_152330	Cele	Cele__WBGene00002189	many-to-one	3	1	Orthologues/Cele.tsv
Sman__Smp_307260	Cele	Cele__WBGene00002189	many-to-one	3	1	Orthologues/Cele.tsv
Sman__Smp_011660	Cele	Cele__WBGene00006779	one-to-one	1	1	Orthologues/Cele.tsv
Sman__Smp_146200	Cele	Cele__WBGene00006999	one-to-one	1	1	Orthologues/Cele.tsv
Sman__Smp_146840	Cele	Cele__WBGene00006746	many-to-one	2	1	Orthologues/Cele.tsv
Sman__Smp_151310	Cele	Cele__WBGene00006746	many-to-one	2	1	Orthologues/Cele.tsv
Sman__Smp_181490	Cele	Cele__WBGene00003400	one-to-one	1	1	Orthologues/Cele.tsv
Sman__Smp_335950	Cele	Cele__WBGene00001487, Cele__WBGene00002198, Cele__WBGene00020659, Cele__WBGene00022780	many-to-many	3	4	Orthologues/Cele.tsv
Sman__Smp_332370	Cele	Cele__WBGene00001487, Cele__WBGene00002198, Cele__WBGene00020659, Cele__WBGene00022780	many-to-many	3	4	Orthologues/Cele.tsv
Sman__Smp_331960	Cele	Cele__WBGene00001487, Cele__WBGene00002198, Cele__WBGene00020659, Cele__WBGene00022780	many-to-many	3	4	Orthologues/Cele.tsv
Sman__Smp_011700	Cele	Cele__WBGene00004740	one-to-one	1	1	Orthologues/Cele.tsv
Sman__Smp_336830	Cele	Cele__WBGene00004789	many-to-one	2	1	Orthologues/Cele.tsv
Sman__Smp_306910	Cele	Cele__WBGene00002081	one-to-one	1	1	Orthologues/Cele.tsv
Sman__Smp_053420	Cele	Cele__WBGene00006836	one-to-one	1	1	Orthologues/Cele.tsv
Sman__Smp_333410	Cele	Cele__WBGene00016038, Cele__WBGene00017472	one-to-many	1	2	Orthologues/Cele.tsv
Sman__Smp_128790	Cele	Cele__WBGene00000018	many-to-one	2	1	Orthologues/Cele.tsv
Sman__Smp_124130	Cele	Cele__WBGene00012779	many-to-one	2	1	Orthologues/Cele.tsv
Sman__Smp_243630	Cele	Cele__WBGene00000102, Cele__WBGene00000103	one-to-many	1	2	Orthologues/Cele.tsv
Sman__Smp_096640	Cele	Cele__WBGene00001526	one-to-one	1	1	Orthologues/Cele.tsv
Sman__Smp_009600	Cele	Cele__WBGene00004042, Cele__WBGene00004043	one-to-many	1	2	Orthologues/Cele.tsv
Sman__Smp_167010	Cele	Cele__WBGene00006771	many-to-one	2	1	Orthologues/Cele.tsv
Sman__Smp_343540	Cele	Cele__WBGene00006771	many-to-one	2	1	Orthologues/Cele.tsv
Sman__Smp_335730	Cele	Cele__WBGene00000099	one-to-one	1	1	Orthologues/Cele.tsv
Sman__Smp_080730	Cele	Cele__WBGene00000405	one-to-one	1	1	Orthologues/Cele.tsv
Sman__Smp_130900	Cele	Cele__WBGene00001978	one-to-one	1	1	Orthologues/Cele.tsv
Sman__Smp_148790	Cele	Cele__WBGene00002247	one-to-one	1	1	Orthologues/Cele.tsv
Sman__Smp_040190	Cele	Cele__WBGene00002210	one-to-one	1	1	Orthologues/Cele.tsv
Sman__Smp_142050	Cele	Cele__WBGene00003401	many-to-one	2	1	Orthologues/Cele.tsv
Sman__Smp_047900	Cele	Cele__WBGene00003401	many-to-one	2	1	Orthologues/Cele.tsv
Sman__Smp_169950	Cele	Cele__WBGene00002203	one-to-one	1	1	Orthologues/Cele.tsv
Sman__Smp_213390	Cele	Cele__WBGene00007008	many-to-one	2	1	Orthologues/Cele.tsv
Sman__Smp_077180	Cele	Cele__WBGene00000498, Cele__WBGene00012792, Cele__WBGene00017083, Cele__WBGene00019814, Cele__WBGene00019815, Cele__WBGene00019817	one-to-many	1	6	Orthologues/Cele.tsv
Sman__Smp_172240	Cele	Cele__WBGene00002178	one-to-one	1	1	Orthologues/Cele.tsv
Sman__Smp_246550	Cele	Cele__WBGene00006484, Cele__WBGene00022717	one-to-many	1	2	Orthologues/Cele.tsv
Sman__Smp_163810	Cele	Cele__WBGene00016913	one-to-one	1	1	Orthologues/Cele.tsv
Sman__Smp_214100	Cele	Cele__WBGene00020142	one-to-one	1	1	Orthologues/Cele.tsv
Sman__Smp_139930	Cele	Cele__WBGene00017630	one-to-one	1	1	Orthologues/Cele.tsv
Sman__Smp_315700	Cele	Cele__WBGene00016197	one-to-one	1	1	Orthologues/Cele.tsv
Sman__Smp_150220	Cele	Cele__WBGene00002048	one-to-one	1	1	Orthologues/Cele.tsv
Sman__Smp_137610	Cele	Cele__WBGene00002213	one-to-one	1	1	Orthologues/Cele.tsv
Sman__Smp_343650	Cele	Cele__WBGene00002248	one-to-one	1	1	Orthologues/Cele.tsv
Sman__Smp_096310	Cele	Cele__WBGene00004034	one-to-one	1	1	Orthologues/Cele.tsv
Sman__Smp_176750	Cele	Cele__WBGene00004762	one-to-one	1	1	Orthologues/Cele.tsv
Sman__Smp_157350	Cele	Cele__WBGene00006786	one-to-one	1	1	Orthologues/Cele.tsv
Sman__Smp_165070	Cele	Cele__WBGene00006826	one-to-one	1	1	Orthologues/Cele.tsv
Sman__Smp_053560	Cele	Cele__WBGene00007007	one-to-one	1	1	Orthologues/Cele.tsv
Sman__Smp_247740	Cele	Cele__WBGene00010664	one-to-one	1	1	Orthologues/Cele.tsv
Sman__Smp_131800	Cele	Cele__WBGene00013355	one-to-one	1	1	Orthologues/Cele.tsv
Sman__Smp_308420	Cele	Cele__WBGene00018187	one-to-one	1	1	Orthologues/Cele.tsv
Sman__Smp_328200	Cele	Cele__WBGene00021758	one-to-one	1	1	Orthologues/Cele.tsv
Sman__Smp_179070	Cele	Cele__WBGene00012929, Cele__WBGene00044281	one-to-many	1	2	Orthologues/Cele.tsv
Sman__Smp_103570	Cele	Cele__WBGene00004727	one-to-one	1	1	Orthologues/Cele.tsv
Sman__Smp_141230	Cele	Cele__WBGene00003150	one-to-one	1	1	Orthologues/Cele.tsv
Sman__Smp_003000	Cele	Cele__WBGene00000410	many-to-one	2	1	Orthologues/Cele.tsv
Sman__Smp_094760	Cele	Cele__WBGene00000410	many-to-one	2	1	Orthologues/Cele.tsv
Sman__Smp_125360	Cele	Cele__WBGene00000812	one-to-one	1	1	Orthologues/Cele.tsv
Sman__Smp_012740	Cele	Cele__WBGene00000917	one-to-one	1	1	Orthologues/Cele.tsv
Sman__Smp_098840	Cele	Cele__WBGene00021753	one-to-one	1	1	Orthologues/Cele.tsv
Sman__Smp_063040	Cele	Cele__WBGene00022774	one-to-one	1	1	Orthologues/Cele.tsv
Sman__Smp_072870	Cele	Cele__WBGene00013168	one-to-one	1	1	Orthologues/Cele.tsv
Sman__Smp_210740	Cele	Cele__WBGene00000199	one-to-one	1	1	Orthologues/Cele.tsv
Sman__Smp_344780	Cele	Cele__WBGene00003007	one-to-one	1	1	Orthologues/Cele.tsv
Sman__Smp_074080	Cele	Cele__WBGene00003048	one-to-one	1	1	Orthologues/Cele.tsv
Sman__Smp_026510	Cele	Cele__WBGene00003186	one-to-one	1	1	Orthologues/Cele.tsv
Sman__Smp_212730	Cele	Cele__WBGene00005078	one-to-one	1	1	Orthologues/Cele.tsv
Sman__Smp_097940	Cele	Cele__WBGene00008956	one-to-one	1	1	Orthologues/Cele.tsv
Sman__Smp_086690	Cele	Cele__WBGene00003368, Cele__WBGene00012162	one-to-many	1	2	Orthologues/Cele.tsv
Sman__Smp_085690	Cele	Cele__WBGene00017950	many-to-one	2	1	Orthologues/Cele.tsv
Sman__Smp_101290	Cele	Cele__WBGene00000200	one-to-one	1	1	Orthologues/Cele.tsv
Sman__Smp_171370	Cele	Cele__WBGene00000499, Cele__WBGene00011612	one-to-many	1	2	Orthologues/Cele.tsv
Sman__Smp_079760	Cele	Cele__WBGene00003931	one-to-one	1	1	Orthologues/Cele.tsv
Sman__Smp_094190	Cele	Cele__WBGene00009867	one-to-one	1	1	Orthologues/Cele.tsv
Sman__Smp_093230	Cele	Cele__WBGene00016793	one-to-one	1	1	Orthologues/Cele.tsv
Sman__Smp_194610	Cele	Cele__WBGene00018569	one-to-one	1	1	Orthologues/Cele.tsv
Sman__Smp_073340	Cele	Cele__WBGene00000407	one-to-one	1	1	Orthologues/Cele.tsv
Sman__Smp_246050	Cele	Cele__WBGene00000942	one-to-one	1	1	Orthologues/Cele.tsv
Sman__Smp_094250	Cele	Cele__WBGene00003965	one-to-one	1	1	Orthologues/Cele.tsv
Sman__Smp_135570	Cele	Cele__WBGene00007434	one-to-one	1	1	Orthologues/Cele.tsv
Sman__Smp_009800	Cele	Cele__WBGene00017033	one-to-one	1	1	Orthologues/Cele.tsv
Sman__Smp_150040	Cele	Cele__WBGene00000408	one-to-one	1	1	Orthologues/Cele.tsv
Sman__Smp_247600	Cele	Cele__WBGene00021012	one-to-one	1	1	Orthologues/Cele.tsv
Sman__Smp_315810	Cele	Cele__WBGene00006876	one-to-one	1	1	Orthologues/Cele.tsv
Sman__Smp_134260	Cele	Cele__WBGene00003402, Cele__WBGene00017277	one-to-many	1	2	Orthologues/Cele.tsv
Sman__Smp_162710	Cele	Cele__WBGene00000098	one-to-one	1	1	Orthologues/Cele.tsv
Sman__Smp_009540	Cele	Cele__WBGene00003599	one-to-one	1	1	Orthologues/Cele.tsv
Shae__MS3_00004525	Dmel	Dmel__GeneID_31521, Dmel__GeneID_35526, Dmel__GeneID_37368, Dmel__GeneID_40444, Dmel__GeneID_41885, Dmel__GeneID_48632	one-to-many	1	6	Orthologues/Dmel.tsv
Shae__MS3_00003616	Dmel	Dmel__GeneID_45343, Dmel__GeneID_53557	many-to-many	2	2	Orthologues/Dmel.tsv
Shae__MS3_00002568	Dmel	Dmel__GeneID_45343, Dmel__GeneID_53557	many-to-many	2	2	Orthologues/Dmel.tsv
Shae__MS3_00008738	Dmel	Dmel__GeneID_48973	many-to-one	3	1	Orthologues/Dmel.tsv
Shae__MS3_00002771	Dmel	Dmel__GeneID_48973	many-to-one	3	1	Orthologues/Dmel.tsv
Shae__MS3_00009264	Dmel	Dmel__GeneID_48973	many-to-one	3	1	Orthologues/Dmel.tsv
Shae__MS3_00006308	Dmel	Dmel__GeneID_43792	many-to-one	2	1	Orthologues/Dmel.tsv
Shae__MS3_00001861	Dmel	Dmel__GeneID_33726, Dmel__GeneID_33727	many-to-many	3	2	Orthologues/Dmel.tsv
Shae__MS3_00000941	Dmel	Dmel__GeneID_33726, Dmel__GeneID_33727	many-to-many	3	2	Orthologues/Dmel.tsv
Shae__MS3_00010191	Dmel	Dmel__GeneID_33726, Dmel__GeneID_33727	many-to-many	3	2	Orthologues/Dmel.tsv
Shae__MS3_00009872	Dmel	Dmel__GeneID_32661, Dmel__GeneID_36692, Dmel__GeneID_36693, Dmel__GeneID_37732	one-to-many	1	4	Orthologues/Dmel.tsv
Shae__MS3_00007339	Dmel	Dmel__GeneID_41772, Dmel__GeneID_44096	one-to-many	1	2	Orthologues/Dmel.tsv
Shae__MS3_00003923	Dmel	Dmel__GeneID_36897, Dmel__GeneID_48311	many-to-many	2	2	Orthologues/Dmel.tsv
Shae__MS3_00003400	Dmel	Dmel__GeneID_36897, Dmel__GeneID_48311	many-to-many	2	2	Orthologues/Dmel.tsv
Shae__MS3_00006229	Dmel	Dmel__GeneID_32746, Dmel__GeneID_38418	many-to-many	2	2	Orthologues/Dmel.tsv
Shae__MS3_00008194	Dmel	Dmel__GeneID_32746, Dmel__GeneID_38418	many-to-many	2	2	Orthologues/Dmel.tsv
Shae__MS3_00010396	Dmel	Dmel__GeneID_33139	one-to-one	1	1	Orthologues/Dmel.tsv
Shae__MS3_00005588	Dmel	Dmel__GeneID_49045	one-to-one	1	1	Orthologues/Dmel.tsv
Shae__MS3_00009865	Dmel	Dmel__GeneID_44885	one-to-one	1	1	Orthologues/Dmel.tsv
Shae__MS3_00006334	Dmel	Dmel__GeneID_39564, Dmel__GeneID_42160, Dmel__GeneID_43026	one-to-many	1	3	Orthologues/Dmel.tsv
Shae__MS3_00006934	Dmel	Dmel__GeneID_31166	many-to-one	2	1	Orthologues/Dmel.tsv
Shae__MS3_00006657	Dmel	Dmel__GeneID_31166	many-to-one	2	1	Orthologues/Dmel.tsv
Shae__MS3_00004398	Dmel	Dmel__GeneID_32861, Dmel__GeneID_37841	many-to-many	2	2	Orthologues/Dmel.tsv
Shae__MS3_00005166	Dmel	Dmel__GeneID_32861, Dmel__GeneID_37841	many-to-many	2	2	Orthologues/Dmel.tsv
Shae__MS3_00003104	Dmel	Dmel__GeneID_318725, Dmel__GeneID_39659, Dmel__GeneID_42692	one-to-many	1	3	Orthologues/Dmel.tsv
Shae__MS3_00006333	Dmel	Dmel__GeneID_246501, Dmel__GeneID_326182, Dmel__GeneID_32656, Dmel__GeneID_35393, Dmel__GeneID_36740	one-to-many	1	5	Orthologues/Dmel.tsv
Shae__MS3_00003948	Dmel	Dmel__GeneID_43415	many-to-one	2	1	Orthologues/Dmel.tsv
Shae__MS3_00005799	Dmel	Dmel__GeneID_42066	many-to-one	2	1	Orthologues/Dmel.tsv
Shae__MS3_00007970	Dmel	Dmel__GeneID_42066	many-to-one	2	1	Orthologues/Dmel.tsv
Shae__MS3_00006560	Dmel	Dmel__GeneID_2768679, Dmel__GeneID_34780, Dmel__GeneID_42866	one-to-many	1	3	Orthologues/Dmel.tsv
Shae__MS3_00005028	Dmel	Dmel__GeneID_41809, Dmel__GeneID_42549	many-to-many	2	2	Orthologues/Dmel.tsv
Shae__MS3_00010577	Dmel	Dmel__GeneID_36002	one-to-one	1	1	Orthologues/Dmel.tsv
Shae__MS3_00003633	Dmel	Dmel__GeneID_34284	many-to-one	3	1	Orthologues/Dmel.tsv
Shae__MS3_00002636	Dmel	Dmel__GeneID_34284	many-to-one	3	1	Orthologues/Dmel.tsv
Shae__MS3_00008682	Dmel	Dmel__GeneID_34284	many-to-one	3	1	Orthologues/Dmel.tsv
Shae__MS3_00003383	Dmel	Dmel__GeneID_43828	one-to-one	1	1	Orthologues/Dmel.tsv
Shae__MS3_00003129	Dmel	Dmel__GeneID_317824	one-to-one	1	1	Orthologues/Dmel.tsv
Shae__MS3_00004070	Dmel	Dmel__GeneID_32398, Dmel__GeneID_32400	many-to-many	2	2	Orthologues/Dmel.tsv
Shae__MS3_00003962	Dmel	Dmel__GeneID_32398, Dmel__GeneID_32400	many-to-many	2	2	Orthologues/Dmel.tsv
Shae__MS3_00001484	Dmel	Dmel__GeneID_34132	one-to-one	1	1	Orthologues/Dmel.tsv
Shae__MS3_00009762	Dmel	Dmel__GeneID_41118	one-to-one	1	1	Orthologues/Dmel.tsv
Shae__MS3_00010367	Dmel	Dmel__GeneID_32039, Dmel__GeneID_53425	one-to-many	1	2	Orthologues/Dmel.tsv
Shae__MS3_00007742	Dmel	Dmel__GeneID_32275	one-to-one	1	1	Orthologues/Dmel.tsv
Shae__MS3_00003235	Dmel	Dmel__GeneID_38488, Dmel__GeneID_39907	one-to-many	1	2	Orthologues/Dmel.tsv
Shae__MS3_00004635	Dmel	Dmel__GeneID_37247	one-to-one	1	1	Orthologues/Dmel.tsv
Shae__MS3_00006730	Dmel	Dmel__GeneID_45821	many-to-one	2	1	Orthologues/Dmel.tsv
Shae__MS3_00008020	Dmel	Dmel__GeneID_35900	one-to-one	1	1	Orthologues/Dmel.tsv
Shae__MS3_00002403	Dmel	Dmel__GeneID_33798	many-to-one	2	1	Orthologues/Dmel.tsv
Shae__MS3_00005037	Dmel	Dmel__GeneID_41957	one-to-one	1	1	Orthologues/Dmel.tsv
Shae__MS3_00004152	Dmel	Dmel__GeneID_42064	one-to-one	1	1	Orthologues/Dmel.tsv
Shae__MS3_00001471	Dmel	Dmel__GeneID_40232	one-to-one	1	1	Orthologues/Dmel.tsv
Shae__MS3_00001770	Dmel	Dmel__GeneID_38978	many-to-one	2	1	Orthologues/Dmel.tsv
Shae__MS3_00000278	Dmel	Dmel__GeneID_38978	many-to-one	2	1	Orthologues/Dmel.tsv
Shae__MS3_00004019	Dmel	Dmel__GeneID_34504	one-to-one	1	1	Orthologues/Dmel.tsv
Shae__MS3_00008679	Dmel	Dmel__GeneID_34411, Dmel__GeneID_42453	one-to-many	1	2	Orthologues/Dmel.tsv
Shae__MS3_00007343	Dmel	Dmel__GeneID_40517	one-to-one	1	1	Orthologues/Dmel.tsv
Shae__MS3_00000487	Dmel	Dmel__GeneID_34068	one-to-one	1	1	Orthologues/Dmel.tsv
Shae__MS3_00002201	Dmel	Dmel__GeneID_31170, Dmel__GeneID_37152	one-to-many	1	2	Orthologues/Dmel.tsv
Shae__MS3_00010729	Dmel	Dmel__GeneID_3354888	many-to-one	2	1	Orthologues/Dmel.tsv
Shae__MS3_00008190	Dmel	Dmel__GeneID_3354888	many-to-one	2	1	Orthologues/Dmel.tsv
Shae__MS3_00008614	Dmel	Dmel__GeneID_43673	one-to-one	1	1	Orthologues/Dmel.tsv
Shae__MS3_00004470	Dmel	Dmel__GeneID_34993	one-to-one	1	1	Orthologues/Dmel.tsv
Shae__MS3_00005288	Dmel	Dmel__GeneID_39450	one-to-one	1	1	Orthologues/Dmel.tsv
Shae__MS3_00004459	Dmel	Dmel__GeneID_39118	one-to-one	1	1	Orthologues/Dmel.tsv
Shae__MS3_00002715	Dmel	Dmel__GeneID_43904	one-to-one	1	1	Orthologues/Dmel.tsv
Shae__MS3_00003183	Dmel	Dmel__GeneID_38160	one-to-one	1	1	Orthologues/Dmel.tsv
Shae__MS3_00007880	Dmel	Dmel__GeneID_37190	one-to-one	1	1	Orthologues/Dmel.tsv
Shae__MS3_00001381	Dmel	Dmel__GeneID_35215	one-to-one	1	1	Orthologues/Dmel.tsv
Shae__MS3_00008284	Dmel	Dmel__GeneID_32351	one-to-one	1	1	Orthologues/Dmel.tsv
Shae__MS3_00003535	Dmel	Dmel__GeneID_34319	one-to-one	1	1	Orthologues/Dmel.tsv
Shae__MS3_00005371	Dmel	Dmel__GeneID_33277	one-to-one	1	1	Orthologues/Dmel.tsv
Shae__MS3_00002824	Dmel	Dmel__GeneID_37233	one-to-one	1	1	Orthologues/Dmel.tsv
Shae__MS3_00008957	Dmel	Dmel__GeneID_43946	many-to-one	3	1	Orthologues/Dmel.tsv
Shae__MS3_00004315	Dmel	Dmel__GeneID_47594	one-to-one	1	1	Orthologues/Dmel.tsv
Shae__MS3_00008601	Dmel	Dmel__GeneID_35154	one-to-one	1	1	Orthologues/Dmel.tsv
Shae__MS3_00006313	Dmel	Dmel__GeneID_39454	one-to-one	1	1	Orthologues/Dmel.tsv
Shae__MS3_00001825	Dmel	Dmel__GeneID_40999	one-to-one	1	1	Orthologues/Dmel.tsv
Shae__MS3_00007604	Dmel	Dmel__GeneID_44573	one-to-one	1	1	Orthologues/Dmel.tsv
Shae__MS3_00007496	Dmel	Dmel__GeneID_39520	one-to-one	1	1	Orthologues/Dmel.tsv
Shae__MS3_00002424	Dmel	Dmel__GeneID_44233	one-to-one	1	1	Orthologues/Dmel.tsv
Shae__MS3_00005251	Dmel	Dmel__GeneID_41719	one-to-one	1	1	Orthologues/Dmel.tsv
Shae__MS3_00006566	Dmel	Dmel__GeneID_34963	one-to-one	1	1	Orthologues/Dmel.tsv
Shae__MS3_00007109	Dmel	Dmel__GeneID_38654	one-to-one	1	1	Orthologues/Dmel.tsv
Shae__MS3_00006767	Dmel	Dmel__GeneID_40165	one-to-one	1	1	Orthologues/Dmel.tsv
Shae__MS3_00004405	Dmel	Dmel__GeneID_33253	many-to-one	2	1	Orthologues/Dmel.tsv
Shae__MS3_00005586	Dmel	Dmel__GeneID_3885567	one-to-one	1	1	Orthologues/Dmel.tsv
Shae__MS3_00001662	Dmel	Dmel__GeneID_31248	one-to-one	1	1	Orthologues/Dmel.tsv
Shae__MS3_00003544	Dmel	Dmel__GeneID_37586	many-to-one	2	1	Orthologues/Dmel.tsv
Shae__MS3_00002534	Dmel	Dmel__GeneID_37586	many-to-one	2	1	Orthologues/Dmel.tsv
Shae__MS3_00009653	Dmel	Dmel__GeneID_41398	one-to-one	1	1	Orthologues/Dmel.tsv
Shae__MS3_00008061	Dmel	Dmel__GeneID_39210	one-to-one	1	1	Orthologues/Dmel.tsv
Shae__MS3_00005382	Dmel	Dmel__GeneID_40385	one-to-one	1	1	Orthologues/Dmel.tsv
Shae__MS3_00001786	Dmel	Dmel__GeneID_32120	one-to-one	1	1	Orthologues/Dmel.tsv
Shae__MS3_00008174	Dmel	Dmel__GeneID_36956	one-to-one	1	1	Orthologues/Dmel.tsv
Shae__MS3_00006076	Dmel	Dmel__GeneID_32207	one-to-one	1	1	Orthologues/Dmel.tsv
Shae__MS3_00004774	Dmel	Dmel__GeneID_41566	one-to-one	1	1	Orthologues/Dmel.tsv
Shae__MS3_00008746	Dmel	Dmel__GeneID_36879	many-to-one	2	1	Orthologues/Dmel.tsv
Shae__MS3_00008744	Dmel	Dmel__GeneID_36879	many-to-one	2	1	Orthologues/Dmel.tsv
Shae__MS3_00008685	Dmel	Dmel__GeneID_44817	many-to-one	2	1	Orthologues/Dmel.tsv
Shae__MS3_00011163	Dmel	Dmel__GeneID_38898	one-to-one	1	1	Orthologues/Dmel.tsv
Shae__MS3_00006556	Dmel	Dmel__GeneID_35207, Dmel__GeneID_36436, Dmel__GeneID_44355	one-to-many	1	3	Orthologues/Dmel.tsv
Shae__MS3_00005021	Dmel	Dmel__GeneID_38890	one-to-one	1	1	Orthologues/Dmel.tsv
Shae__MS3_00004657	Dmel	Dmel__GeneID_31872	one-to-one	1	1	Orthologues/Dmel.tsv
Shae__MS3_00004068	Dmel	Dmel__GeneID_35524	many-to-one	2	1	Orthologues/Dmel.tsv
Shae__MS3_00008971	Dmel	Dmel__GeneID_41020	one-to-one	1	1	Orthologues/Dmel.tsv
Shae__MS3_00008673	Dmel	Dmel__GeneID_45970	one-to-one	1	1	Orthologues/Dmel.tsv
Shae__MS3_00010803	Dmel	Dmel__GeneID_32623	one-to-one	1	1	Orthologues/Dmel.tsv
Shae__MS3_00007174	Dmel	Dmel__GeneID_35288	one-to-one	1	1	Orthologues/Dmel.tsv
Shae__MS3_00005632	Dmel	Dmel__GeneID_53573	one-to-one	1	1	Orthologues/Dmel.tsv
Shae__MS3_00004076	Dmel	Dmel__GeneID_33284	one-to-one	1	1	Orthologues/Dmel.tsv
Shae__MS3_00007430	Dmel	Dmel__GeneID_32969	one-to-one	1	1	Orthologues/Dmel.tsv
Shae__MS3_00008566	Dmel	Dmel__GeneID_36727	one-to-one	1	1	Orthologues/Dmel.tsv
Shae__MS3_00003290	Dmel	Dmel__GeneID_32188	many-to-one	2	1	Orthologues/Dmel.tsv
Shae__MS3_00007047	Dmel	Dmel__GeneID_31201	one-to-one	1	1	Orthologues/Dmel.tsv
Shae__MS3_00007700	Dmel	Dmel__GeneID_32514	one-to-one	1	1	Orthologues/Dmel.tsv
Shae__MS3_00009134	Dmel	Dmel__GeneID_34874	one-to-one	1	1	Orthologues/Dmel.tsv
Shae__MS3_00007688	Dmel	Dmel__GeneID_41112	one-to-one	1	1	Orthologues/Dmel.tsv
Shae__MS3_00010478	Dmel	Dmel__GeneID_36542	one-to-one	1	1	Orthologues/Dmel.tsv
Shae__MS3_00007411	Dmel	Dmel__GeneID_32769	one-to-one	1	1	Orthologues/Dmel.tsv
Shae__MS3_00005180	Dmel	Dmel__GeneID_41446	one-to-one	1	1	Orthologues/Dmel.tsv
Shae__MS3_00010929	Dmel	Dmel__GeneID_41995	one-to-one	1	1	Orthologues/Dmel.tsv
Shae__MS3_00007266	Dmel	Dmel__GeneID_44353	one-to-one	1	1	Orthologues/Dmel.tsv
Shae__MS3_00009666	Dmel	Dmel__GeneID_318552	one-to-one	1	1	Orthologues/Dmel.tsv
Sjap__EWB00_002502	Dmel	Dmel__GeneID_31521, Dmel__GeneID_35526, Dmel__GeneID_37368, Dmel__GeneID_40444, Dmel__GeneID_41885, Dmel__GeneID_48632	one-to-many	1	6	Orthologues/Dmel.tsv
Sjap__EWB00_008162	Dmel	Dmel__GeneID_43803	many-to-one	2	1	Orthologues/Dmel.tsv
Sjap__EWB00_009388	Dmel	Dmel__GeneID_45343, Dmel__GeneID_53557	many-to-many	2	2	Orthologues/Dmel.tsv
Sjap__EWB00_003590	Dmel	Dmel__GeneID_45343, Dmel__GeneID_53557	many-to-many	2	2	Orthologues/Dmel.tsv
Sjap__EWB00_004406	Dmel	Dmel__GeneID_48973	many-to-one	3	1	Orthologues/Dmel.tsv
Sjap__EWB00_007873	Dmel	Dmel__GeneID_48973	many-to-one	3	1	Orthologues/Dmel.tsv
Sjap__EWB00_007520	Dmel	Dmel__GeneID_48973	many-to-one	3	1	Orthologues/Dmel.tsv
Sjap__EWB00_008724	Dmel	Dmel__GeneID_43792	many-to-one	2	1	Orthologues/Dmel.tsv
Sjap__EWB00_006199	Dmel	Dmel__GeneID_33726, Dmel__GeneID_33727	many-to-many	4	2	Orthologues/Dmel.tsv
Sjap__EWB00_006201	Dmel	Dmel__GeneID_33726, Dmel__GeneID_33727	many-to-many	4	2	Orthologues/Dmel.tsv
Sjap__EWB00_001102	Dmel	Dmel__GeneID_33726, Dmel__GeneID_33727	many-to-many	4	2	Orthologues/Dmel.tsv
Sjap__EWB00_006200	Dmel	Dmel__GeneID_33726, Dmel__GeneID_33727	many-to-many	4	2	Orthologues/Dmel.tsv
Sjap__EWB00_002919	Dmel	Dmel__GeneID_32661, Dmel__GeneID_36692, Dmel__GeneID_36693, Dmel__GeneID_37732	one-to-many	1	4	Orthologues/Dmel.tsv
Sjap__EWB00_001228	Dmel	Dmel__GeneID_41772, Dmel__GeneID_44096	one-to-many	1	2	Orthologues/Dmel.tsv
Sjap__EWB00_009358	Dmel	Dmel__GeneID_36897, Dmel__GeneID_48311	one-to-many	1	2	Orthologues/Dmel.tsv
Sjap__EWB00_010727	Dmel	Dmel__GeneID_32746, Dmel__GeneID_38418	many-to-many	2	2	Orthologues/Dmel.tsv
Sjap__EWB00_004137	Dmel	Dmel__GeneID_32746, Dmel__GeneID_38418	many-to-many	2	2	Orthologues/Dmel.tsv
Sjap__EWB00_002194	Dmel	Dmel__GeneID_33139	one-to-one	1	1	Orthologues/Dmel.tsv
Sjap__EWB00_002869	Dmel	Dmel__GeneID_44885	one-to-one	1	1	Orthologues/Dmel.tsv
Sjap__EWB00_008748	Dmel	Dmel__GeneID_39564, Dmel__GeneID_42160, Dmel__GeneID_43026	one-to-many	1	3	Orthologues/Dmel.tsv
Sjap__EWB00_006050	Dmel	Dmel__GeneID_31166	many-to-one	2	1	Orthologues/Dmel.tsv
Sjap__EWB00_010649	Dmel	Dmel__GeneID_31166	many-to-one	2	1	Orthologues/Dmel.tsv
Sjap__EWB00_008807	Dmel	Dmel__GeneID_32861, Dmel__GeneID_37841	many-to-many	2	2	Orthologues/Dmel.tsv
Sjap__EWB00_003359	Dmel	Dmel__GeneID_32861, Dmel__GeneID_37841	many-to-many	2	2	Orthologues/Dmel.tsv
Sjap__EWB00_009781	Dmel	Dmel__GeneID_318725, Dmel__GeneID_39659, Dmel__GeneID_42692	one-to-many	1	3	Orthologues/Dmel.tsv
Sjap__EWB00_006315	Dmel	Dmel__GeneID_38032	many-to-one	6	1	Orthologues/Dmel.tsv
Sjap__EWB00_008747	Dmel	Dmel__GeneID_246501, Dmel__GeneID_326182, Dmel__GeneID_32656, Dmel__GeneID_35393, Dmel__GeneID_36740	one-to-many	1	5	Orthologues/Dmel.tsv
Sjap__EWB00_004179	Dmel	Dmel__GeneID_43415	many-to-one	2	1	Orthologues/Dmel.tsv
Sjap__EWB00_002775	Dmel	Dmel__GeneID_42066	many-to-one	2	1	Orthologues/Dmel.tsv
Sjap__EWB00_006234	Dmel	Dmel__GeneID_42066	many-to-one	2	1	Orthologues/Dmel.tsv
Sjap__EWB00_009122	Dmel	Dmel__GeneID_2768679, Dmel__GeneID_34780, Dmel__GeneID_42866	one-to-many	1	3	Orthologues/Dmel.tsv
Sjap__EWB00_007965	Dmel	Dmel__GeneID_41809, Dmel__GeneID_42549	many-to-many	2	2	Orthologues/Dmel.tsv
Sjap__EWB00_003876	Dmel	Dmel__GeneID_36002	one-to-one	1	1	Orthologues/Dmel.tsv
Sjap__EWB00_007512	Dmel	Dmel__GeneID_34284	many-to-one	3	1	Orthologues/Dmel.tsv
Sjap__EWB00_004196	Dmel	Dmel__GeneID_34284	many-to-one	3	1	Orthologues/Dmel.tsv
Sjap__EWB00_007721	Dmel	Dmel__GeneID_34284	many-to-one	3	1	Orthologues/Dmel.tsv
Sjap__EWB00_003065	Dmel	Dmel__GeneID_43828	one-to-one	1	1	Orthologues/Dmel.tsv
Sjap__EWB00_009560	Dmel	Dmel__GeneID_317824	one-to-one	1	1	Orthologues/Dmel.tsv
Sjap__EWB00_003107	Dmel	Dmel__GeneID_32398, Dmel__GeneID_32400	many-to-many	2	2	Orthologues/Dmel.tsv
Sjap__EWB00_002313	Dmel	Dmel__GeneID_32398, Dmel__GeneID_32400	many-to-many	2	2	Orthologues/Dmel.tsv
Sjap__EWB00_001471	Dmel	Dmel__GeneID_34132	one-to-one	1	1	Orthologues/Dmel.tsv
Sjap__EWB00_003747	Dmel	Dmel__GeneID_41118	one-to-one	1	1	Orthologues/Dmel.tsv
Sjap__EWB00_003063	Dmel	Dmel__GeneID_32039, Dmel__GeneID_53425	one-to-many	1	2	Orthologues/Dmel.tsv
Sjap__EWB00_011039	Dmel	Dmel__GeneID_32275	one-to-one	1	1	Orthologues/Dmel.tsv
Sjap__EWB00_002103	Dmel	Dmel__GeneID_38488, Dmel__GeneID_39907	one-to-many	1	2	Orthologues/Dmel.tsv
Sjap__EWB00_002413	Dmel	Dmel__GeneID_37247	one-to-one	1	1	Orthologues/Dmel.tsv
Sjap__EWB00_010687	Dmel	Dmel__GeneID_45821	many-to-one	2	1	Orthologues/Dmel.tsv
Sjap__EWB00_001594	Dmel	Dmel__GeneID_35900	one-to-one	1	1	Orthologues/Dmel.tsv
Sjap__EWB00_007640	Dmel	Dmel__GeneID_44111	one-to-one	1	1	Orthologues/Dmel.tsv
Sjap__EWB00_004212	Dmel	Dmel__GeneID_33798	many-to-one	2	1	Orthologues/Dmel.tsv
Sjap__EWB00_011263	Dmel	Dmel__GeneID_41957	one-to-one	1	1	Orthologues/Dmel.tsv
Sjap__EWB00_007650	Dmel	Dmel__GeneID_42064	one-to-one	1	1	Orthologues/Dmel.tsv
Sjap__EWB00_008372	Dmel	Dmel__GeneID_40232	one-to-one	1	1	Orthologues/Dmel.tsv
Sjap__EWB00_006505	Dmel	Dmel__GeneID_38978	many-to-one	2	1	Orthologues/Dmel.tsv
Sjap__EWB00_003146	Dmel	Dmel__GeneID_38978	many-to-one	2	1	Orthologues/Dmel.tsv
Sjap__EWB00_004872	Dmel	Dmel__GeneID_35795	one-to-one	1	1	Orthologues/Dmel.tsv
Sjap__EWB00_004811	Dmel	Dmel__GeneID_34504	one-to-one	1	1	Orthologues/Dmel.tsv
Sjap__EWB00_003272	Dmel	Dmel__GeneID_34411, Dmel__GeneID_42453	one-to-many	1	2	Orthologues/Dmel.tsv
Sjap__EWB00_001225	Dmel	Dmel__GeneID_40517	one-to-one	1	1	Orthologues/Dmel.tsv
Sjap__EWB00_002741	Dmel	Dmel__GeneID_34068	one-to-one	1	1	Orthologues/Dmel.tsv
Sjap__EWB00_001036	Dmel	Dmel__GeneID_42203	one-to-one	1	1	Orthologues/Dmel.tsv
Sjap__EWB00_002797	Dmel	Dmel__GeneID_31170, Dmel__GeneID_37152	one-to-many	1	2	Orthologues/Dmel.tsv
Sjap__EWB00_008683	Dmel	Dmel__GeneID_3354888	many-to-one	2	1	Orthologues/Dmel.tsv
Sjap__EWB00_004095	Dmel	Dmel__GeneID_3354888	many-to-one	2	1	Orthologues/Dmel.tsv
Sjap__EWB00_009287	Dmel	Dmel__GeneID_43673	one-to-one	1	1	Orthologues/Dmel.tsv
Sjap__EWB00_007519	Dmel	Dmel__GeneID_44801	one-to-one	1	1	Orthologues/Dmel.tsv
Sjap__EWB00_005902	Dmel	Dmel__GeneID_39450	one-to-one	1	1	Orthologues/Dmel.tsv
Sjap__EWB00_006126	Dmel	Dmel__GeneID_39118	one-to-one	1	1	Orthologues/Dmel.tsv
Sjap__EWB00_004650	Dmel	Dmel__GeneID_43904	one-to-one	1	1	Orthologues/Dmel.tsv
Sjap__EWB00_008528	Dmel	Dmel__GeneID_38160	one-to-one	1	1	Orthologues/Dmel.tsv
Sjap__EWB00_006607	Dmel	Dmel__GeneID_37190	many-to-one	2	1	Orthologues/Dmel.tsv
Sjap__EWB00_003429	Dmel	Dmel__GeneID_35215	one-to-one	1	1	Orthologues/Dmel.tsv
Sjap__EWB00_004965	Dmel	Dmel__GeneID_32351	one-to-one	1	1	Orthologues/Dmel.tsv
Sjap__EWB00_005624	Dmel	Dmel__GeneID_39157	one-to-one	1	1	Orthologues/Dmel.tsv
Sjap__EWB00_003710	Dmel	Dmel__GeneID_40527	one-to-one	1	1	Orthologues/Dmel.tsv
Sjap__EWB00_009479	Dmel	Dmel__GeneID_34319	one-to-one	1	1	Orthologues/Dmel.tsv
Sjap__EWB00_009224	Dmel	Dmel__GeneID_33277	one-to-one	1	1	Orthologues/Dmel.tsv
Sjap__EWB00_007322	Dmel	Dmel__GeneID_37233	one-to-one	1	1	Orthologues/Dmel.tsv
Sjap__EWB00_001328	Dmel	Dmel__GeneID_43946	one-to-one	1	1	Orthologues/Dmel.tsv
Sjap__EWB00_005467	Dmel	Dmel__GeneID_47594	one-to-one	1	1	Orthologues/Dmel.tsv
Sjap__EWB00_001961	Dmel	Dmel__GeneID_35154	one-to-one	1	1	Orthologues/Dmel.tsv
Sjap__EWB00_009541	Dmel	Dmel__GeneID_40999	one-to-one	1	1	Orthologues/Dmel.tsv
Sjap__EWB00_007161	Dmel	Dmel__GeneID_44573	one-to-one	1	1	Orthologues/Dmel.tsv
Sjap__EWB00_007274	Dmel	Dmel__GeneID_39520	one-to-one	1	1	Orthologues/Dmel.tsv
Sjap__EWB00_008286	Dmel	Dmel__GeneID_44233	one-to-one	1	1	Orthologues/Dmel.tsv
Sjap__EWB00_007739	Dmel	Dmel__GeneID_41719	one-to-one	1	1	Orthologues/Dmel.tsv
Sjap__EWB00_005166	Dmel	Dmel__GeneID_38654	one-to-one	1	1	Orthologues/Dmel.tsv
Sjap__EWB00_005385	Dmel	Dmel__GeneID_40165	one-to-one	1	1	Orthologues/Dmel.tsv
Sjap__EWB00_004368	Dmel	Dmel__GeneID_31248	one-to-one	1	1	Orthologues/Dmel.tsv
Sjap__EWB00_009480	Dmel	Dmel__GeneID_37586	many-to-one	2	1	Orthologues/Dmel.tsv
Sjap__EWB00_010219	Dmel	Dmel__GeneID_37586	many-to-one	2	1	Orthologues/Dmel.tsv
Sjap__EWB00_005849	Dmel	Dmel__GeneID_41398	one-to-one	1	1	Orthologues/Dmel.tsv
Sjap__EWB00_001091	Dmel	Dmel__GeneID_32120	one-to-one	1	1	Orthologues/Dmel.tsv
Sjap__EWB00_001618	Dmel	Dmel__GeneID_36956	one-to-one	1	1	Orthologues/Dmel.tsv
Sjap__EWB00_002531	Dmel	Dmel__GeneID_32207	one-to-one	1	1	Orthologues/Dmel.tsv
Sjap__EWB00_008857	Dmel	Dmel__GeneID_41566	one-to-one	1	1	Orthologues/Dmel.tsv
Sjap__EWB00_007517	Dmel	Dmel__GeneID_36879	one-to-one	1	1	Orthologues/Dmel.tsv
Sjap__EWB00_000320	Dmel	Dmel__GeneID_44817	many-to-one	2	1	Orthologues/Dmel.tsv
Sjap__EWB00_007426	Dmel	Dmel__GeneID_38898	one-to-one	1	1	Orthologues/Dmel.tsv
Sjap__EWB00_007221	Dmel	Dmel__GeneID_35207, Dmel__GeneID_36436, Dmel__GeneID_44355	one-to-many	1	3	Orthologues/Dmel.tsv
Sjap__EWB00_007959	Dmel	Dmel__GeneID_38890	one-to-one	1	1	Orthologues/Dmel.tsv
Sjap__EWB00_002386	Dmel	Dmel__GeneID_31872	one-to-one	1	1	Orthologues/Dmel.tsv
Sjap__EWB00_003104	Dmel	Dmel__GeneID_35524	one-to-one	1	1	Orthologues/Dmel.tsv
Sjap__EWB00_011320	Dmel	Dmel__GeneID_32097	one-to-one	1	1	Orthologues/Dmel.tsv
Sjap__EWB00_002781	Dmel	Dmel__GeneID_32221	one-to-one	1	1	Orthologues/Dmel.tsv
Sjap__EWB00_001343	Dmel	Dmel__GeneID_41020	one-to-one	1	1	Orthologues/Dmel.tsv
Sjap__EWB00_008993	Dmel	Dmel__GeneID_45970	one-to-one	1	1	Orthologues/Dmel.tsv
Sjap__EWB00_010647	Dmel	Dmel__GeneID_32623	one-to-one	1	1	Orthologues/Dmel.tsv
Sjap__EWB00_003470	Dmel	Dmel__GeneID_35288	one-to-one	1	1	Orthologues/Dmel.tsv
Sjap__EWB00_010398	Dmel	Dmel__GeneID_53573	one-to-one	1	1	Orthologues/Dmel.tsv
Sjap__EWB00_003114	Dmel	Dmel__GeneID_33284	one-to-one	1	1	Orthologues/Dmel.tsv
Sjap__EWB00_006002	Dmel	Dmel__GeneID_32969	one-to-one	1	1	Orthologues/Dmel.tsv
Sjap__EWB00_009117	Dmel	Dmel__GeneID_34326	one-to-one	1	1	Orthologues/Dmel.tsv
Sjap__EWB00_004629	Dmel	Dmel__GeneID_36727	one-to-one	1	1	Orthologues/Dmel.tsv
Sjap__EWB00_000422	Dmel	Dmel__GeneID_32188	many-to-one	2	1	Orthologues/Dmel.tsv
Sjap__EWB00_000811	Dmel	Dmel__GeneID_32188	many-to-one	2	1	Orthologues/Dmel.tsv
Sjap__EWB00_003565	Dmel	Dmel__GeneID_31201	one-to-one	1	1	Orthologues/Dmel.tsv
Sjap__EWB00_000516	Dmel	Dmel__GeneID_38017	one-to-one	1	1	Orthologues/Dmel.tsv
Sjap__EWB00_001408	Dmel	Dmel__GeneID_32514	one-to-one	1	1	Orthologues/Dmel.tsv
Sjap__EWB00_009305	Dmel	Dmel__GeneID_42173	many-to-one	2	1	Orthologues/Dmel.tsv
Sjap__EWB00_006602	Dmel	Dmel__GeneID_31441	one-to-one	1	1	Orthologues/Dmel.tsv
Sjap__EWB00_010449	Dmel	Dmel__GeneID_32498	one-to-one	1	1	Orthologues/Dmel.tsv
Sjap__EWB00_001391	Dmel	Dmel__GeneID_41112	one-to-one	1	1	Orthologues/Dmel.tsv
Sjap__EWB00_011156	Dmel	Dmel__GeneID_41446	one-to-one	1	1	Orthologues/Dmel.tsv
Sjap__EWB00_008231	Dmel	Dmel__GeneID_41995	one-to-one	1	1	Orthologues/Dmel.tsv
Sjap__EWB00_008189	Dmel	Dmel__GeneID_44353	one-to-one	1	1	Orthologues/Dmel.tsv
Sman__Smp_307010	Dmel	Dmel__GeneID_31521, Dmel__GeneID_35526, Dmel__GeneID_37368, Dmel__GeneID_40444, Dmel__GeneID_41885, Dmel__GeneID_48632	many-to-many	2	6	Orthologues/Dmel.tsv
Sman__Smp_307020	Dmel	Dmel__GeneID_31521, Dmel__GeneID_35526, Dmel__GeneID_37368, Dmel__GeneID_40444, Dmel__GeneID_41885, Dmel__GeneID_48632	many-to-many	2	6	Orthologues/Dmel.tsv
Sman__Smp_048560	Dmel	Dmel__GeneID_45343, Dmel__GeneID_53557	many-to-many	2	2	Orthologues/Dmel.tsv
Sman__Smp_143130	Dmel	Dmel__GeneID_45343, Dmel__GeneID_53557	many-to-many	2	2	Orthologues/Dmel.tsv
Sman__Smp_172200	Dmel	Dmel__GeneID_48973	many-to-one	4	1	Orthologues/Dmel.tsv
Sman__Smp_348670	Dmel	Dmel__GeneID_48973	many-to-one	4	1	Orthologues/Dmel.tsv
Sman__Smp_006920	Dmel	Dmel__GeneID_48973	many-to-one	4	1	Orthologues/Dmel.tsv
Sman__Smp_136300	Dmel	Dmel__GeneID_48973	many-to-one	4	1	Orthologues/Dmel.tsv
Sman__Smp_065290	Dmel	Dmel__GeneID_43792	many-to-one	2	1	Orthologues/Dmel.tsv
Sman__Smp_170340	Dmel	Dmel__GeneID_33726, Dmel__GeneID_33727	many-to-many	4	2	Orthologues/Dmel.tsv
Sman__Smp_213910	Dmel	Dmel__GeneID_33726, Dmel__GeneID_33727	many-to-many	4	2	Orthologues/Dmel.tsv
Sman__Smp_213900	Dmel	Dmel__GeneID_33726, Dmel__GeneID_33727	many-to-many	4	2	Orthologues/Dmel.tsv
Sman__Smp_159600	Dmel	Dmel__GeneID_33726, Dmel__GeneID_33727	many-to-many	4	2	Orthologues/Dmel.tsv
Sman__Smp_304500	Dmel	Dmel__GeneID_261623, Dmel__GeneID_326109	many-to-many	6	2	Orthologues/Dmel.tsv
Sman__Smp_126140	Dmel	Dmel__GeneID_32661, Dmel__GeneID_36692, Dmel__GeneID_36693, Dmel__GeneID_37732	one-to-many	1	4	Orthologues/Dmel.tsv
Sman__Smp_334370	Dmel	Dmel__GeneID_41772, Dmel__GeneID_44096	one-to-many	1	2	Orthologues/Dmel.tsv
Sman__Smp_128480	Dmel	Dmel__GeneID_36897, Dmel__GeneID_48311	many-to-many	2	2	Orthologues/Dmel.tsv
Sman__Smp_241420	Dmel	Dmel__GeneID_36897, Dmel__GeneID_48311	many-to-many	2	2	Orthologues/Dmel.tsv
Sman__Smp_128920	Dmel	Dmel__GeneID_32746, Dmel__GeneID_38418	many-to-many	2	2	Orthologues/Dmel.tsv
Sman__Smp_143470	Dmel	Dmel__GeneID_32746, Dmel__GeneID_38418	many-to-many	2	2	Orthologues/Dmel.tsv
Sman__Smp_340300	Dmel	Dmel__GeneID_33139	one-to-one	1	1	Orthologues/Dmel.tsv
Sman__Smp_123640	Dmel	Dmel__GeneID_49045	one-to-one	1	1	Orthologues/Dmel.tsv
Sman__Smp_089700	Dmel	Dmel__GeneID_44885	one-to-one	1	1	Orthologues/Dmel.tsv
Sman__Smp_157300	Dmel	Dmel__GeneID_39564, Dmel__GeneID_42160, Dmel__GeneID_43026	one-to-many	1	3	Orthologues/Dmel.tsv
Sman__Smp_034550	Dmel	Dmel__GeneID_31166	many-to-one	2	1	Orthologues/Dmel.tsv
Sman__Smp_014780	Dmel	Dmel__GeneID_31166	many-to-one	2	1	Orthologues/Dmel.tsv
Sman__Smp_086590	Dmel	Dmel__GeneID_32861, Dmel__GeneID_37841	many-to-many	3	2	Orthologues/Dmel.tsv
Sman__Smp_195080	Dmel	Dmel__GeneID_32861, Dmel__GeneID_37841	many-to-many	3	2	Orthologues/Dmel.tsv
Sman__Smp_120700	Dmel	Dmel__GeneID_32861, Dmel__GeneID_37841	many-to-many	3	2	Orthologues/Dmel.tsv
Sman__Smp_058790	Dmel	Dmel__GeneID_318725, Dmel__GeneID_39659, Dmel__GeneID_42692	one-to-many	1	3	Orthologues/Dmel.tsv
Sman__Smp_068960	Dmel	Dmel__GeneID_38032	many-to-one	6	1	Orthologues/Dmel.tsv
Sman__Smp_157310	Dmel	Dmel__GeneID_246501, Dmel__GeneID_326182, Dmel__GeneID_32656, Dmel__GeneID_35393, Dmel__GeneID_36740	one-to-many	1	5	Orthologues/Dmel.tsv
Sman__Smp_058620	Dmel	Dmel__GeneID_43415	many-to-one	2	1	Orthologues/Dmel.tsv
Sman__Smp_317420	Dmel	Dmel__GeneID_42066	many-to-one	2	1	Orthologues/Dmel.tsv
Sman__Smp_000100	Dmel	Dmel__GeneID_42066	many-to-one	2	1	Orthologues/Dmel.tsv
Sman__Smp_133020	Dmel	Dmel__GeneID_2768679, Dmel__GeneID_34780, Dmel__GeneID_42866	one-to-many	1	3	Orthologues/Dmel.tsv
Sman__Smp_121780	Dmel	Dmel__GeneID_36002	one-to-one	1	1	Orthologues/Dmel.tsv
Sman__Smp_164380	Dmel	Dmel__GeneID_34284	many-to-one	3	1	Orthologues/Dmel.tsv
Sman__Smp_152330	Dmel	Dmel__GeneID_34284	many-to-one	3	1	Orthologues/Dmel.tsv
Sman__Smp_307260	Dmel	Dmel__GeneID_34284	many-to-one	3	1	Orthologues/Dmel.tsv
Sman__Smp_011660	Dmel	Dmel__GeneID_43828	one-to-one	1	1	Orthologues/Dmel.tsv
Sman__Smp_146200	Dmel	Dmel__GeneID_317824	one-to-one	1	1	Orthologues/Dmel.tsv
Sman__Smp_146840	Dmel	Dmel__GeneID_32398, Dmel__GeneID_32400	many-to-many	2	2	Orthologues/Dmel.tsv
Sman__Smp_151310	Dmel	Dmel__GeneID_32398, Dmel__GeneID_32400	many-to-many	2	2	Orthologues/Dmel.tsv
Sman__Smp_124850	Dmel	Dmel__GeneID_34132	one-to-one	1	1	Orthologues/Dmel.tsv
Sman__Smp_335950	Dmel	Dmel__GeneID_41118	many-to-one	3	1	Orthologues/Dmel.tsv
Sman__Smp_332370	Dmel	Dmel__GeneID_41118	many-to-one	3	1	Orthologues/Dmel.tsv
Sman__Smp_331960	Dmel	Dmel__GeneID_41118	many-to-one	3	1	Orthologues/Dmel.tsv
Sman__Smp_011700	Dmel	Dmel__GeneID_32039, Dmel__GeneID_53425	one-to-many	1	2	Orthologues/Dmel.tsv
Sman__Smp_306910	Dmel	Dmel__GeneID_32275	one-to-one	1	1	Orthologues/Dmel.tsv
Sman__Smp_053420	Dmel	Dmel__GeneID_38488, Dmel__GeneID_39907	one-to-many	1	2	Orthologues/Dmel.tsv
Sman__Smp_333410	Dmel	Dmel__GeneID_37247	one-to-one	1	1	Orthologues/Dmel.tsv
Sman__Smp_128790	Dmel	Dmel__GeneID_45821	many-to-one	2	1	Orthologues/Dmel.tsv
Sman__Smp_049760	Dmel	Dmel__GeneID_35900	one-to-one	1	1	Orthologues/Dmel.tsv
Sman__Smp_124130	Dmel	Dmel__GeneID_33798	many-to-one	2	1	Orthologues/Dmel.tsv
Sman__Smp_243630	Dmel	Dmel__GeneID_41957	one-to-one	1	1	Orthologues/Dmel.tsv
Sman__Smp_096640	Dmel	Dmel__GeneID_42064	one-to-one	1	1	Orthologues/Dmel.tsv
Sman__Smp_009600	Dmel	Dmel__GeneID_40232	one-to-one	1	1	Orthologues/Dmel.tsv
Sman__Smp_167010	Dmel	Dmel__GeneID_38978	many-to-one	2	1	Orthologues/Dmel.tsv
Sman__Smp_343540	Dmel	Dmel__GeneID_38978	many-to-one	2	1	Orthologues/Dmel.tsv
Sman__Smp_335730	Dmel	Dmel__GeneID_34504	one-to-one	1	1	Orthologues/Dmel.tsv
Sman__Smp_080730	Dmel	Dmel__GeneID_34411, Dmel__GeneID_42453	one-to-many	1	2	Orthologues/Dmel.tsv
Sman__Smp_130900	Dmel	Dmel__GeneID_40517	one-to-one	1	1	Orthologues/Dmel.tsv
Sman__Smp_148790	Dmel	Dmel__GeneID_34068	one-to-one	1	1	Orthologues/Dmel.tsv
Sman__Smp_040190	Dmel	Dmel__GeneID_31170, Dmel__GeneID_37152	one-to-many	1	2	Orthologues/Dmel.tsv
Sman__Smp_142050	Dmel	Dmel__GeneID_3354888	many-to-one	2	1	Orthologues/Dmel.tsv
Sman__Smp_047900	Dmel	Dmel__GeneID_3354888	many-to-one	2	1	Orthologues/Dmel.tsv
Sman__Smp_169950	Dmel	Dmel__GeneID_43673	one-to-one	1	1	Orthologues/Dmel.tsv
Sman__Smp_213390	Dmel	Dmel__GeneID_38652	many-to-one	2	1	Orthologues/Dmel.tsv
Sman__Smp_077180	Dmel	Dmel__GeneID_34993	one-to-one	1	1	Orthologues/Dmel.tsv
Sman__Smp_172240	Dmel	Dmel__GeneID_44801	one-to-one	1	1	Orthologues/Dmel.tsv
Sman__Smp_246550	Dmel	Dmel__GeneID_39450	one-to-one	1	1	Orthologues/Dmel.tsv
Sman__Smp_163810	Dmel	Dmel__GeneID_39118	one-to-one	1	1	Orthologues/Dmel.tsv
Sman__Smp_214100	Dmel	Dmel__GeneID_43904	one-to-one	1	1	Orthologues/Dmel.tsv
Sman__Smp_139930	Dmel	Dmel__GeneID_38160	one-to-one	1	1	Orthologues/Dmel.tsv
Sman__Smp_334130	Dmel	Dmel__GeneID_37190	one-to-one	1	1	Orthologues/Dmel.tsv
Sman__Smp_315700	Dmel	Dmel__GeneID_35215	one-to-one	1	1	Orthologues/Dmel.tsv
Sman__Smp_248010	Dmel	Dmel__GeneID_32351	one-to-one	1	1	Orthologues/Dmel.tsv
Sman__Smp_150220	Dmel	Dmel__GeneID_33277	one-to-one	1	1	Orthologues/Dmel.tsv
Sman__Smp_137610	Dmel	Dmel__GeneID_37233	one-to-one	1	1	Orthologues/Dmel.tsv
Sman__Smp_343650	Dmel	Dmel__GeneID_43946	one-to-one	1	1	Orthologues/Dmel.tsv
Sman__Smp_096310	Dmel	Dmel__GeneID_47594	one-to-one	1	1	Orthologues/Dmel.tsv
Sman__Smp_176750	Dmel	Dmel__GeneID_35154	one-to-one	1	1	Orthologues/Dmel.tsv
Sman__Smp_157350	Dmel	Dmel__GeneID_39454	one-to-one	1	1	Orthologues/Dmel.tsv
Sman__Smp_165070	Dmel	Dmel__GeneID_40999	one-to-one	1	1	Orthologues/Dmel.tsv
Sman__Smp_053560	Dmel	Dmel__GeneID_44573	one-to-one	1	1	Orthologues/Dmel.tsv
Sman__Smp_247740	Dmel	Dmel__GeneID_39520	one-to-one	1	1	Orthologues/Dmel.tsv
Sman__Smp_131800	Dmel	Dmel__GeneID_44233	one-to-one	1	1	Orthologues/Dmel.tsv
Sman__Smp_308420	Dmel	Dmel__GeneID_41719	one-to-one	1	1	Orthologues/Dmel.tsv
Sman__Smp_328200	Dmel	Dmel__GeneID_34963	one-to-one	1	1	Orthologues/Dmel.tsv
Sman__Smp_179070	Dmel	Dmel__GeneID_38654	one-to-one	1	1	Orthologues/Dmel.tsv
Sman__Smp_103570	Dmel	Dmel__GeneID_40165	one-to-one	1	1	Orthologues/Dmel.tsv
Sman__Smp_141230	Dmel	Dmel__GeneID_3885567	one-to-one	1	1	Orthologues/Dmel.tsv
Sman__Smp_008260	Dmel	Dmel__GeneID_31248	one-to-one	1	1	Orthologues/Dmel.tsv
Sman__Smp_003000	Dmel	Dmel__GeneID_37586	many-to-one	2	1	Orthologues/Dmel.tsv
Sman__Smp_094760	Dmel	Dmel__GeneID_37586	many-to-one	2	1	Orthologues/Dmel.tsv
Sman__Smp_125360	Dmel	Dmel__GeneID_41398	one-to-one	1	1	Orthologues/Dmel.tsv
Sman__Smp_012740	Dmel	Dmel__GeneID_39210	one-to-one	1	1	Orthologues/Dmel.tsv
Sman__Smp_098840	Dmel	Dmel__GeneID_32120	one-to-one	1	1	Orthologues/Dmel.tsv
Sman__Smp_063040	Dmel	Dmel__GeneID_36956	one-to-one	1	1	Orthologues/Dmel.tsv
Sman__Smp_047870	Dmel	Dmel__GeneID_32207	one-to-one	1	1	Orthologues/Dmel.tsv
Sman__Smp_072870	Dmel	Dmel__GeneID_41566	one-to-one	1	1	Orthologues/Dmel.tsv
Sman__Smp_202970	Dmel	Dmel__GeneID_36879	many-to-one	2	1	Orthologues/Dmel.tsv
Sman__Smp_203130	Dmel	Dmel__GeneID_36879	many-to-one	2	1	Orthologues/Dmel.tsv
Sman__Smp_078230	Dmel	Dmel__GeneID_44817	many-to-one	2	1	Orthologues/Dmel.tsv
Sman__Smp_210740	Dmel	Dmel__GeneID_38898	one-to-one	1	1	Orthologues/Dmel.tsv
Sman__Smp_344780	Dmel	Dmel__GeneID_35207, Dmel__GeneID_36436, Dmel__GeneID_44355	one-to-many	1	3	Orthologues/Dmel.tsv
Sman__Smp_074080	Dmel	Dmel__GeneID_38890	one-to-one	1	1	Orthologues/Dmel.tsv
Sman__Smp_026510	Dmel	Dmel__GeneID_31872	one-to-one	1	1	Orthologues/Dmel.tsv
Sman__Smp_212730	Dmel	Dmel__GeneID_35524	one-to-one	1	1	Orthologues/Dmel.tsv
Sman__Smp_086690	Dmel	Dmel__GeneID_41020	one-to-one	1	1	Orthologues/Dmel.tsv
Sman__Smp_085690	Dmel	Dmel__GeneID_45970	many-to-one	2	1	Orthologues/Dmel.tsv
Sman__Smp_101290	Dmel	Dmel__GeneID_32623	one-to-one	1	1	Orthologues/Dmel.tsv
Sman__Smp_171370	Dmel	Dmel__GeneID_35288	one-to-one	1	1	Orthologues/Dmel.tsv
Sman__Smp_079760	Dmel	Dmel__GeneID_53573	one-to-one	1	1	Orthologues/Dmel.tsv
Sman__Smp_094190	Dmel	Dmel__GeneID_33284	one-to-one	1	1	Orthologues/Dmel.tsv
Sman__Smp_093230	Dmel	Dmel__GeneID_32969	one-to-one	1	1	Orthologues/Dmel.tsv
Sman__Smp_309860	Dmel	Dmel__GeneID_34326	one-to-one	1	1	Orthologues/Dmel.tsv
Sman__Smp_194610	Dmel	Dmel__GeneID_39733	one-to-one	1	1	Orthologues/Dmel.tsv
Sman__Smp_073340	Dmel	Dmel__GeneID_36727	one-to-one	1	1	Orthologues/Dmel.tsv
Sman__Smp_194270	Dmel	Dmel__GeneID_32188	many-to-one	3	1	Orthologues/Dmel.tsv
Sman__Smp_246050	Dmel	Dmel__GeneID_31201	one-to-one	1	1	Orthologues/Dmel.tsv
Sman__Smp_094250	Dmel	Dmel__GeneID_38017	one-to-one	1	1	Orthologues/Dmel.tsv
Sman__Smp_135570	Dmel	Dmel__GeneID_32514	one-to-one	1	1	Orthologues/Dmel.tsv
Sman__Smp_125790	Dmel	Dmel__GeneID_42173	one-to-one	1	1	Orthologues/Dmel.tsv
Sman__Smp_150040	Dmel	Dmel__GeneID_31441	one-to-one	1	1	Orthologues/Dmel.tsv
Sman__Smp_103950	Dmel	Dmel__GeneID_36051	one-to-one	1	1	Orthologues/Dmel.tsv
Sman__Smp_145190	Dmel	Dmel__GeneID_41112	one-to-one	1	1	Orthologues/Dmel.tsv
Sman__Smp_315810	Dmel	Dmel__GeneID_36542	one-to-one	1	1	Orthologues/Dmel.tsv
Sman__Smp_313640	Dmel	Dmel__GeneID_32769	one-to-one	1	1	Orthologues/Dmel.tsv
Sman__Smp_162710	Dmel	Dmel__GeneID_41446	one-to-one	1	1	Orthologues/Dmel.tsv
Sman__Smp_064040	Dmel	Dmel__GeneID_41995	one-to-one	1	1	Orthologues/Dmel.tsv
Shae__MS3_00004525	Hsap	Hsap__GeneID_100287399, Hsap__GeneID_100288966, Hsap__GeneID_100996331, Hsap__GeneID_101927345, Hsap__GeneID_101927375, Hsap__GeneID_102723382, Hsap__GeneID_102723502, Hsap__GeneID_102724631, Hsap__GeneID_105375816, Hsap__GeneID_105375817, Hsap__GeneID_105379417, Hsap__GeneID_112268044, Hsap__GeneID_22852, Hsap__GeneID_23784, Hsap__GeneID_253650, Hsap__GeneID_317754, Hsap__GeneID_340441, Hsap__GeneID_342850, Hsap__GeneID_374860, Hsap__GeneID_375248, Hsap__GeneID_388468, Hsap__GeneID_400986, Hsap__GeneID_404785, Hsap__GeneID_441459, Hsap__GeneID_445582, Hsap__GeneID_554226, Hsap__GeneID_56311, Hsap__GeneID_57730, Hsap__GeneID_58, Hsap__GeneID_59, Hsap__GeneID_60, Hsap__GeneID_641455, Hsap__GeneID_653269, Hsap__GeneID_653781, Hsap__GeneID_70, Hsap__GeneID_71, Hsap__GeneID_72, Hsap__GeneID_728378, Hsap__GeneID_84210, Hsap__GeneID_91074, Hsap__GeneID_9720	one-to-many	1	41	Orthologues/Hsap.tsv
Shae__MS3_00003616	Hsap	Hsap__GeneID_144165, Hsap__GeneID_166336, Hsap__GeneID_2273, Hsap__GeneID_2274, Hsap__GeneID_2275, Hsap__GeneID_26136, Hsap__GeneID_29964, Hsap__GeneID_4007, Hsap__GeneID_9457	many-to-many	2	9	Orthologues/Hsap.tsv
Shae__MS3_00002568	Hsap	Hsap__GeneID_144165, Hsap__GeneID_166336, Hsap__GeneID_2273, Hsap__GeneID_2274, Hsap__GeneID_2275, Hsap__GeneID_26136, Hsap__GeneID_29964, Hsap__GeneID_4007, Hsap__GeneID_9457	many-to-many	2	9	Orthologues/Hsap.tsv
Shae__MS3_00008738	Hsap	Hsap__GeneID_2268, Hsap__GeneID_2534, Hsap__GeneID_3055, Hsap__GeneID_3932, Hsap__GeneID_4067, Hsap__GeneID_640, Hsap__GeneID_6714, Hsap__GeneID_7525	many-to-many	3	8	Orthologues/Hsap.tsv
Shae__MS3_00002771	Hsap	Hsap__GeneID_2268, Hsap__GeneID_2534, Hsap__GeneID_3055, Hsap__GeneID_3932, Hsap__GeneID_4067, Hsap__GeneID_640, Hsap__GeneID_6714, Hsap__GeneID_7525	many-to-many	3	8	Orthologues/Hsap.tsv
Shae__MS3_00009264	Hsap	Hsap__GeneID_2268, Hsap__GeneID_2534, Hsap__GeneID_3055, Hsap__GeneID_3932, Hsap__GeneID_4067, Hsap__GeneID_640, Hsap__GeneID_6714, Hsap__GeneID_7525	many-to-many	3	8	Orthologues/Hsap.tsv
Shae__MS3_00005611	Hsap	Hsap__GeneID_1277, Hsap__GeneID_1278, Hsap__GeneID_1280, Hsap__GeneID_1281, Hsap__GeneID_1290, Hsap__GeneID_255631, Hsap__GeneID_85301	many-to-many	3	7	Orthologues/Hsap.tsv
Shae__MS3_00007363	Hsap	Hsap__GeneID_1277, Hsap__GeneID_1278, Hsap__GeneID_1280, Hsap__GeneID_1281, Hsap__GeneID_1290, Hsap__GeneID_255631, Hsap__GeneID_85301	many-to-many	3	7	Orthologues/Hsap.tsv
Shae__MS3_00007701	Hsap	Hsap__GeneID_1277, Hsap__GeneID_1278, Hsap__GeneID_1280, Hsap__GeneID_1281, Hsap__GeneID_1290, Hsap__GeneID_255631, Hsap__GeneID_85301	many-to-many	3	7	Orthologues/Hsap.tsv
Shae__MS3_00006308	Hsap	Hsap__GeneID_139728, Hsap__GeneID_149069, Hsap__GeneID_51473, Hsap__GeneID_57118, Hsap__GeneID_6101, Hsap__GeneID_728597, Hsap__GeneID_8536	many-to-many	2	7	Orthologues/Hsap.tsv
Shae__MS3_00001861	Hsap	Hsap__GeneID_1282, Hsap__GeneID_1284, Hsap__GeneID_1285, Hsap__GeneID_1286, Hsap__GeneID_1287, Hsap__GeneID_1288	many-to-many	3	6	Orthologues/Hsap.tsv
Shae__MS3_00000941	Hsap	Hsap__GeneID_1282, Hsap__GeneID_1284, Hsap__GeneID_1285, Hsap__GeneID_1286, Hsap__GeneID_1287, Hsap__GeneID_1288	many-to-many	3	6	Orthologues/Hsap.tsv
Shae__MS3_00010191	Hsap	Hsap__GeneID_1282, Hsap__GeneID_1284, Hsap__GeneID_1285, Hsap__GeneID_1286, Hsap__GeneID_1287, Hsap__GeneID_1288	many-to-many	3	6	Orthologues/Hsap.tsv
Shae__MS3_00009872	Hsap	Hsap__GeneID_3674, Hsap__GeneID_3676, Hsap__GeneID_3678, Hsap__GeneID_3680, Hsap__GeneID_3685, Hsap__GeneID_8516	one-to-many	1	6	Orthologues/Hsap.tsv
Shae__MS3_00007339	Hsap	Hsap__GeneID_269, Hsap__GeneID_659, Hsap__GeneID_7048, Hsap__GeneID_92, Hsap__GeneID_93	one-to-many	1	5	Orthologues/Hsap.tsv
Shae__MS3_00003923	Hsap	Hsap__GeneID_5578, Hsap__GeneID_5579, Hsap__GeneID_5580, Hsap__GeneID_5582, Hsap__GeneID_5588	many-to-many	2	5	Orthologues/Hsap.tsv
Shae__MS3_00003400	Hsap	Hsap__GeneID_5578, Hsap__GeneID_5579, Hsap__GeneID_5580, Hsap__GeneID_5582, Hsap__GeneID_5588	many-to-many	2	5	Orthologues/Hsap.tsv
Shae__MS3_00006229	Hsap	Hsap__GeneID_51332, Hsap__GeneID_57731, Hsap__GeneID_6710, Hsap__GeneID_6711, Hsap__GeneID_6712	many-to-many	2	5	Orthologues/Hsap.tsv
Shae__MS3_00008194	Hsap	Hsap__GeneID_51332, Hsap__GeneID_57731, Hsap__GeneID_6710, Hsap__GeneID_6711, Hsap__GeneID_6712	many-to-many	2	5	Orthologues/Hsap.tsv
Shae__MS3_00010396	Hsap	Hsap__GeneID_27330, Hsap__GeneID_6195, Hsap__GeneID_6196, Hsap__GeneID_6197, Hsap__GeneID_8986, Hsap__GeneID_9252	one-to-many	1	6	Orthologues/Hsap.tsv
Shae__MS3_00005588	Hsap	Hsap__GeneID_131890, Hsap__GeneID_2868, Hsap__GeneID_2869, Hsap__GeneID_2870, Hsap__GeneID_6011	one-to-many	1	5	Orthologues/Hsap.tsv
Shae__MS3_00009865	Hsap	Hsap__GeneID_3688, Hsap__GeneID_3689, Hsap__GeneID_3690, Hsap__GeneID_3693, Hsap__GeneID_3694, Hsap__GeneID_3695	one-to-many	1	6	Orthologues/Hsap.tsv
Shae__MS3_00006334	Hsap	Hsap__GeneID_2260, Hsap__GeneID_2261, Hsap__GeneID_2263, Hsap__GeneID_2264	one-to-many	1	4	Orthologues/Hsap.tsv
Shae__MS3_00006934	Hsap	Hsap__GeneID_81, Hsap__GeneID_87, Hsap__GeneID_88, Hsap__GeneID_89	many-to-many	2	4	Orthologues/Hsap.tsv
Shae__MS3_00006657	Hsap	Hsap__GeneID_81, Hsap__GeneID_87, Hsap__GeneID_88, Hsap__GeneID_89	many-to-many	2	4	Orthologues/Hsap.tsv
Shae__MS3_00004398	Hsap	Hsap__GeneID_1072, Hsap__GeneID_1073, Hsap__GeneID_11034, Hsap__GeneID_729454	many-to-many	2	4	Orthologues/Hsap.tsv
Shae__MS3_00005166	Hsap	Hsap__GeneID_1072, Hsap__GeneID_1073, Hsap__GeneID_11034, Hsap__GeneID_729454	many-to-many	2	4	Orthologues/Hsap.tsv
Shae__MS3_00003104	Hsap	Hsap__GeneID_11035, Hsap__GeneID_51776, Hsap__GeneID_6885	one-to-many	1	3	Orthologues/Hsap.tsv
Shae__MS3_00006333	Hsap	Hsap__GeneID_10611, Hsap__GeneID_11155, Hsap__GeneID_9260	one-to-many	1	3	Orthologues/Hsap.tsv
Shae__MS3_00003948	Hsap	Hsap__GeneID_1195, Hsap__GeneID_1196, Hsap__GeneID_1198, Hsap__GeneID_57396	many-to-many	2	4	Orthologues/Hsap.tsv
Shae__MS3_00005799	Hsap	Hsap__GeneID_2316, Hsap__GeneID_2317, Hsap__GeneID_2318	many-to-many	2	3	Orthologues/Hsap.tsv
Shae__MS3_00007970	Hsap	Hsap__GeneID_2316, Hsap__GeneID_2317, Hsap__GeneID_2318	many-to-many	2	3	Orthologues/Hsap.tsv
Shae__MS3_00010057	Hsap	Hsap__GeneID_1289, Hsap__GeneID_1301, Hsap__GeneID_1302, Hsap__GeneID_50509	many-to-many	2	4	Orthologues/Hsap.tsv
Shae__MS3_00001716	Hsap	Hsap__GeneID_1289, Hsap__GeneID_1301, Hsap__GeneID_1302, Hsap__GeneID_50509	many-to-many	2	4	Orthologues/Hsap.tsv
Shae__MS3_00006560	Hsap	Hsap__GeneID_1432, Hsap__GeneID_5600, Hsap__GeneID_5603, Hsap__GeneID_6300	one-to-many	1	4	Orthologues/Hsap.tsv
Shae__MS3_00005028	Hsap	Hsap__GeneID_3480, Hsap__GeneID_3643, Hsap__GeneID_3645	many-to-many	2	3	Orthologues/Hsap.tsv
Shae__MS3_00010577	Hsap	Hsap__GeneID_10290, Hsap__GeneID_340156, Hsap__GeneID_85366, Hsap__GeneID_91807	one-to-many	1	4	Orthologues/Hsap.tsv
Shae__MS3_00003633	Hsap	Hsap__GeneID_5566, Hsap__GeneID_5567, Hsap__GeneID_5568	many-to-many	3	3	Orthologues/Hsap.tsv
Shae__MS3_00002636	Hsap	Hsap__GeneID_5566, Hsap__GeneID_5567, Hsap__GeneID_5568	many-to-many	3	3	Orthologues/Hsap.tsv
Shae__MS3_00008682	Hsap	Hsap__GeneID_5566, Hsap__GeneID_5567, Hsap__GeneID_5568	many-to-many	3	3	Orthologues/Hsap.tsv
Shae__MS3_00003383	Hsap	Hsap__GeneID_815, Hsap__GeneID_816, Hsap__GeneID_817, Hsap__GeneID_818	one-to-many	1	4	Orthologues/Hsap.tsv
Shae__MS3_00003129	Hsap	Hsap__GeneID_4026, Hsap__GeneID_54751, Hsap__GeneID_7205, Hsap__GeneID_7791	one-to-many	1	4	Orthologues/Hsap.tsv
Shae__MS3_00004070	Hsap	Hsap__GeneID_4917, Hsap__GeneID_9423	many-to-many	2	2	Orthologues/Hsap.tsv
Shae__MS3_00003962	Hsap	Hsap__GeneID_4917, Hsap__GeneID_9423	many-to-many	2	2	Orthologues/Hsap.tsv
Shae__MS3_00001484	Hsap	Hsap__GeneID_3702, Hsap__GeneID_660, Hsap__GeneID_695, Hsap__GeneID_7006, Hsap__GeneID_7294	one-to-many	1	5	Orthologues/Hsap.tsv
Shae__MS3_00005260	Hsap	Hsap__GeneID_1612, Hsap__GeneID_1613, Hsap__GeneID_23604	one-to-many	1	3	Orthologues/Hsap.tsv
Shae__MS3_00009762	Hsap	Hsap__GeneID_2241, Hsap__GeneID_2242	one-to-many	1	2	Orthologues/Hsap.tsv
Shae__MS3_00010367	Hsap	Hsap__GeneID_238, Hsap__GeneID_4058, Hsap__GeneID_6098	one-to-many	1	3	Orthologues/Hsap.tsv
Shae__MS3_00002812	Hsap	Hsap__GeneID_100533105, Hsap__GeneID_10110, Hsap__GeneID_23678, Hsap__GeneID_6446	one-to-many	1	4	Orthologues/Hsap.tsv
Shae__MS3_00007742	Hsap	Hsap__GeneID_3655, Hsap__GeneID_3675, Hsap__GeneID_3679	one-to-many	1	3	Orthologues/Hsap.tsv
Shae__MS3_00003235	Hsap	Hsap__GeneID_10979, Hsap__GeneID_55612, Hsap__GeneID_83706	one-to-many	1	3	Orthologues/Hsap.tsv
Shae__MS3_00004635	Hsap	Hsap__GeneID_6788, Hsap__GeneID_6789, Hsap__GeneID_80122	one-to-many	1	3	Orthologues/Hsap.tsv
Shae__MS3_00006730	Hsap	Hsap__GeneID_25, Hsap__GeneID_27	many-to-many	2	2	Orthologues/Hsap.tsv
Shae__MS3_00008020	Hsap	Hsap__GeneID_130399, Hsap__GeneID_7046, Hsap__GeneID_91	one-to-many	1	3	Orthologues/Hsap.tsv
Shae__MS3_00002403	Hsap	Hsap__GeneID_344387, Hsap__GeneID_8814	many-to-many	2	2	Orthologues/Hsap.tsv
Shae__MS3_00005037	Hsap	Hsap__GeneID_10000, Hsap__GeneID_207, Hsap__GeneID_208	one-to-many	1	3	Orthologues/Hsap.tsv
Shae__MS3_00004152	Hsap	Hsap__GeneID_10494, Hsap__GeneID_51765, Hsap__GeneID_8428	one-to-many	1	3	Orthologues/Hsap.tsv
Shae__MS3_00001471	Hsap	Hsap__GeneID_1263, Hsap__GeneID_126520, Hsap__GeneID_5347	one-to-many	1	3	Orthologues/Hsap.tsv
Shae__MS3_00001770	Hsap	Hsap__GeneID_7094, Hsap__GeneID_83660	many-to-many	2	2	Orthologues/Hsap.tsv
Shae__MS3_00000278	Hsap	Hsap__GeneID_7094, Hsap__GeneID_83660	many-to-many	2	2	Orthologues/Hsap.tsv
Shae__MS3_00004019	Hsap	Hsap__GeneID_6790, Hsap__GeneID_6795, Hsap__GeneID_9212	one-to-many	1	3	Orthologues/Hsap.tsv
Shae__MS3_00008679	Hsap	Hsap__GeneID_1017, Hsap__GeneID_1018, Hsap__GeneID_983	one-to-many	1	3	Orthologues/Hsap.tsv
Shae__MS3_00007343	Hsap	Hsap__GeneID_1495, Hsap__GeneID_1496, Hsap__GeneID_29119	one-to-many	1	3	Orthologues/Hsap.tsv
Shae__MS3_00000487	Hsap	Hsap__GeneID_22798, Hsap__GeneID_3912, Hsap__GeneID_3913	one-to-many	1	3	Orthologues/Hsap.tsv
Shae__MS3_00002201	Hsap	Hsap__GeneID_102724428, Hsap__GeneID_150094, Hsap__GeneID_23235	one-to-many	1	3	Orthologues/Hsap.tsv
Shae__MS3_00010729	Hsap	Hsap__GeneID_5594, Hsap__GeneID_5595	many-to-many	2	2	Orthologues/Hsap.tsv
Shae__MS3_00008190	Hsap	Hsap__GeneID_5594, Hsap__GeneID_5595	many-to-many	2	2	Orthologues/Hsap.tsv
Shae__MS3_00008614	Hsap	Hsap__GeneID_102800317, Hsap__GeneID_1453, Hsap__GeneID_1454	one-to-many	1	3	Orthologues/Hsap.tsv
Shae__MS3_00004470	Hsap	Hsap__GeneID_1111	one-to-one	1	1	Orthologues/Hsap.tsv
Shae__MS3_00005288	Hsap	Hsap__GeneID_3092, Hsap__GeneID_9026	one-to-many	1	2	Orthologues/Hsap.tsv
Shae__MS3_00004459	Hsap	Hsap__GeneID_10319, Hsap__GeneID_3915, Hsap__GeneID_3918	one-to-many	1	3	Orthologues/Hsap.tsv
Shae__MS3_00002715	Hsap	Hsap__GeneID_5562, Hsap__GeneID_5563	one-to-many	1	2	Orthologues/Hsap.tsv
Shae__MS3_00003183	Hsap	Hsap__GeneID_5770, Hsap__GeneID_5771	one-to-many	1	2	Orthologues/Hsap.tsv
Shae__MS3_00007880	Hsap	Hsap__GeneID_10612, Hsap__GeneID_23321	one-to-many	1	2	Orthologues/Hsap.tsv
Shae__MS3_00001381	Hsap	Hsap__GeneID_5829, Hsap__GeneID_7041, Hsap__GeneID_9404	one-to-many	1	3	Orthologues/Hsap.tsv
Shae__MS3_00008284	Hsap	Hsap__GeneID_126374, Hsap__GeneID_84962, Hsap__GeneID_8994	one-to-many	1	3	Orthologues/Hsap.tsv
Shae__MS3_00003535	Hsap	Hsap__GeneID_22858, Hsap__GeneID_4117	one-to-many	1	2	Orthologues/Hsap.tsv
Shae__MS3_00005371	Hsap	Hsap__GeneID_5798, Hsap__GeneID_5799	one-to-many	1	2	Orthologues/Hsap.tsv
Shae__MS3_00002824	Hsap	Hsap__GeneID_2185, Hsap__GeneID_5747	one-to-many	1	2	Orthologues/Hsap.tsv
Shae__MS3_00008957	Hsap	Hsap__GeneID_284217, Hsap__GeneID_3908	many-to-many	3	2	Orthologues/Hsap.tsv
Shae__MS3_00004315	Hsap	Hsap__GeneID_5584, Hsap__GeneID_5590	one-to-many	1	2	Orthologues/Hsap.tsv
Shae__MS3_00008601	Hsap	Hsap__GeneID_22848, Hsap__GeneID_55589	one-to-many	1	2	Orthologues/Hsap.tsv
Shae__MS3_00006313	Hsap	Hsap__GeneID_8408, Hsap__GeneID_9706	one-to-many	1	2	Orthologues/Hsap.tsv
Shae__MS3_00001825	Hsap	Hsap__GeneID_100288695, Hsap__GeneID_3987, Hsap__GeneID_55679, Hsap__GeneID_96626	one-to-many	1	4	Orthologues/Hsap.tsv
Shae__MS3_00007604	Hsap	Hsap__GeneID_7867, Hsap__GeneID_9261	one-to-many	1	2	Orthologues/Hsap.tsv
Shae__MS3_00007496	Hsap	Hsap__GeneID_1627, Hsap__GeneID_28988	one-to-many	1	2	Orthologues/Hsap.tsv
Shae__MS3_00002424	Hsap	Hsap__GeneID_27347, Hsap__GeneID_9943	one-to-many	1	2	Orthologues/Hsap.tsv
Shae__MS3_00005251	Hsap	Hsap__GeneID_11344, Hsap__GeneID_5756	one-to-many	1	2	Orthologues/Hsap.tsv
Shae__MS3_00006566	Hsap	Hsap__GeneID_2764, Hsap__GeneID_9535	one-to-many	1	2	Orthologues/Hsap.tsv
Shae__MS3_00007109	Hsap	Hsap__GeneID_6198, Hsap__GeneID_6199	one-to-many	1	2	Orthologues/Hsap.tsv
Shae__MS3_00006767	Hsap	Hsap__GeneID_11329, Hsap__GeneID_23012	one-to-many	1	2	Orthologues/Hsap.tsv
Shae__MS3_00004405	Hsap	Hsap__GeneID_5593	many-to-one	2	1	Orthologues/Hsap.tsv
Shae__MS3_00005586	Hsap	Hsap__GeneID_8444, Hsap__GeneID_8445	one-to-many	1	2	Orthologues/Hsap.tsv
Shae__MS3_00001662	Hsap	Hsap__GeneID_2931, Hsap__GeneID_2932	one-to-many	1	2	Orthologues/Hsap.tsv
Shae__MS3_00003544	Hsap	Hsap__GeneID_1025	many-to-one	2	1	Orthologues/Hsap.tsv
Shae__MS3_00002534	Hsap	Hsap__GeneID_1025	many-to-one	2	1	Orthologues/Hsap.tsv
Shae__MS3_00009653	Hsap	Hsap__GeneID_1445, Hsap__GeneID_4145	one-to-many	1	2	Orthologues/Hsap.tsv
Shae__MS3_00008061	Hsap	Hsap__GeneID_57037	one-to-one	1	1	Orthologues/Hsap.tsv
Shae__MS3_00005382	Hsap	Hsap__GeneID_51755, Hsap__GeneID_8621	one-to-many	1	2	Orthologues/Hsap.tsv
Shae__MS3_00001786	Hsap	Hsap__GeneID_5260, Hsap__GeneID_5261	one-to-many	1	2	Orthologues/Hsap.tsv
Shae__MS3_00008174	Hsap	Hsap__GeneID_51412, Hsap__GeneID_86	one-to-many	1	2	Orthologues/Hsap.tsv
Shae__MS3_00006076	Hsap	Hsap__GeneID_3984, Hsap__GeneID_3985	one-to-many	1	2	Orthologues/Hsap.tsv
Shae__MS3_00004774	Hsap	Hsap__GeneID_10120, Hsap__GeneID_10121	one-to-many	1	2	Orthologues/Hsap.tsv
Shae__MS3_00008746	Hsap	Hsap__GeneID_139741, Hsap__GeneID_140625, Hsap__GeneID_84517	many-to-many	2	3	Orthologues/Hsap.tsv
Shae__MS3_00008744	Hsap	Hsap__GeneID_139741, Hsap__GeneID_140625, Hsap__GeneID_84517	many-to-many	2	3	Orthologues/Hsap.tsv
Shae__MS3_00008685	Hsap	Hsap__GeneID_5592	many-to-one	2	1	Orthologues/Hsap.tsv
Shae__MS3_00011163	Hsap	Hsap__GeneID_10096, Hsap__GeneID_57180	one-to-many	1	2	Orthologues/Hsap.tsv
Shae__MS3_00006556	Hsap	Hsap__GeneID_6259	one-to-one	1	1	Orthologues/Hsap.tsv
Shae__MS3_00005021	Hsap	Hsap__GeneID_51701	one-to-one	1	1	Orthologues/Hsap.tsv
Shae__MS3_00004657	Hsap	Hsap__GeneID_5604, Hsap__GeneID_5605	one-to-many	1	2	Orthologues/Hsap.tsv
Shae__MS3_00004068	Hsap	Hsap__GeneID_2444	many-to-one	2	1	Orthologues/Hsap.tsv
Shae__MS3_00003724	Hsap	Hsap__GeneID_10783, Hsap__GeneID_140609	one-to-many	1	2	Orthologues/Hsap.tsv
Shae__MS3_00008971	Hsap	Hsap__GeneID_6416	one-to-one	1	1	Orthologues/Hsap.tsv
Shae__MS3_00008673	Hsap	Hsap__GeneID_124923	one-to-one	1	1	Orthologues/Hsap.tsv
Shae__MS3_00010803	Hsap	Hsap__GeneID_10097	one-to-one	1	1	Orthologues/Hsap.tsv
Shae__MS3_00007174	Hsap	Hsap__GeneID_11200	one-to-one	1	1	Orthologues/Hsap.tsv
Shae__MS3_00005632	Hsap	Hsap__GeneID_3611	one-to-one	1	1	Orthologues/Hsap.tsv
Shae__MS3_00004076	Hsap	Hsap__GeneID_167359	one-to-one	1	1	Orthologues/Hsap.tsv
Shae__MS3_00007430	Hsap	Hsap__GeneID_55860	one-to-one	1	1	Orthologues/Hsap.tsv
Shae__MS3_00008566	Hsap	Hsap__GeneID_1020	one-to-one	1	1	Orthologues/Hsap.tsv
Shae__MS3_00007047	Hsap	Hsap__GeneID_7414	one-to-one	1	1	Orthologues/Hsap.tsv
Shae__MS3_00007700	Hsap	Hsap__GeneID_64431	one-to-one	1	1	Orthologues/Hsap.tsv
Shae__MS3_00009134	Hsap	Hsap__GeneID_54851	one-to-one	1	1	Orthologues/Hsap.tsv
Shae__MS3_00008251	Hsap	Hsap__GeneID_338699	many-to-one	2	1	Orthologues/Hsap.tsv
Shae__MS3_00001622	Hsap	Hsap__GeneID_152110	one-to-one	1	1	Orthologues/Hsap.tsv
Shae__MS3_00007449	Hsap	Hsap__GeneID_9833	one-to-one	1	1	Orthologues/Hsap.tsv
Shae__MS3_00007688	Hsap	Hsap__GeneID_25989	one-to-one	1	1	Orthologues/Hsap.tsv
Shae__MS3_00007411	Hsap	Hsap__GeneID_93973	one-to-one	1	1	Orthologues/Hsap.tsv
Shae__MS3_00011141	Hsap	Hsap__GeneID_26095	one-to-one	1	1	Orthologues/Hsap.tsv
Sjap__EWB00_002502	Hsap	Hsap__GeneID_100287399, Hsap__GeneID_100288966, Hsap__GeneID_100996331, Hsap__GeneID_101927345, Hsap__GeneID_101927375, Hsap__GeneID_102723382, Hsap__GeneID_102723502, Hsap__GeneID_102724631, Hsap__GeneID_105375816, Hsap__GeneID_105375817, Hsap__GeneID_105379417, Hsap__GeneID_112268044, Hsap__GeneID_22852, Hsap__GeneID_23784, Hsap__GeneID_253650, Hsap__GeneID_317754, Hsap__GeneID_340441, Hsap__GeneID_342850, Hsap__GeneID_374860, Hsap__GeneID_375248, Hsap__GeneID_388468, Hsap__GeneID_400986, Hsap__GeneID_404785, Hsap__GeneID_441459, Hsap__GeneID_445582, Hsap__GeneID_554226, Hsap__GeneID_56311, Hsap__GeneID_57730, Hsap__GeneID_58, Hsap__GeneID_59, Hsap__GeneID_60, Hsap__GeneID_641455, Hsap__GeneID_653269, Hsap__GeneID_653781, Hsap__GeneID_70, Hsap__GeneID_71, Hsap__GeneID_72, Hsap__GeneID_728378, Hsap__GeneID_84210, Hsap__GeneID_91074, Hsap__GeneID_9720	one-to-many	1	41	Orthologues/Hsap.tsv
Sjap__EWB00_008162	Hsap	Hsap__GeneID_1969, Hsap__GeneID_2041, Hsap__GeneID_2042, Hsap__GeneID_2043, Hsap__GeneID_2044, Hsap__GeneID_2045, Hsap__GeneID_2046, Hsap__GeneID_2047, Hsap__GeneID_2048, Hsap__GeneID_2049, Hsap__GeneID_2050, Hsap__GeneID_2051, Hsap__GeneID_284656, Hsap__GeneID_285220	many-to-many	2	14	Orthologues/Hsap.tsv
Sjap__EWB00_009388	Hsap	Hsap__GeneID_144165, Hsap__GeneID_166336, Hsap__GeneID_2273, Hsap__GeneID_2274, Hsap__GeneID_2275, Hsap__GeneID_26136, Hsap__GeneID_29964, Hsap__GeneID_4007, Hsap__GeneID_9457	many-to-many	2	9	Orthologues/Hsap.tsv
Sjap__EWB00_003590	Hsap	Hsap__GeneID_144165, Hsap__GeneID_166336, Hsap__GeneID_2273, Hsap__GeneID_2274, Hsap__GeneID_2275, Hsap__GeneID_26136, Hsap__GeneID_29964, Hsap__GeneID_4007, Hsap__GeneID_9457	many-to-many	2	9	Orthologues/Hsap.tsv
Sjap__EWB00_004406	Hsap	Hsap__GeneID_2268, Hsap__GeneID_2534, Hsap__GeneID_3055, Hsap__GeneID_3932, Hsap__GeneID_4067, Hsap__GeneID_640, Hsap__GeneID_6714, Hsap__GeneID_7525	many-to-many	3	8	Orthologues/Hsap.tsv
Sjap__EWB00_007873	Hsap	Hsap__GeneID_2268, Hsap__GeneID_2534, Hsap__GeneID_3055, Hsap__GeneID_3932, Hsap__GeneID_4067, Hsap__GeneID_640, Hsap__GeneID_6714, Hsap__GeneID_7525	many-to-many	3	8	Orthologues/Hsap.tsv
Sjap__EWB00_007520	Hsap	Hsap__GeneID_2268, Hsap__GeneID_2534, Hsap__GeneID_3055, Hsap__GeneID_3932, Hsap__GeneID_4067, Hsap__GeneID_640, Hsap__GeneID_6714, Hsap__GeneID_7525	many-to-many	3	8	Orthologues/Hsap.tsv
Sjap__EWB00_007395	Hsap	Hsap__GeneID_1277, Hsap__GeneID_1278, Hsap__GeneID_1280, Hsap__GeneID_1281, Hsap__GeneID_1290, Hsap__GeneID_255631, Hsap__GeneID_85301	many-to-many	3	7	Orthologues/Hsap.tsv
Sjap__EWB00_008239	Hsap	Hsap__GeneID_1277, Hsap__GeneID_1278, Hsap__GeneID_1280, Hsap__GeneID_1281, Hsap__GeneID_1290, Hsap__GeneID_255631, Hsap__GeneID_85301	many-to-many	3	7	Orthologues/Hsap.tsv
Sjap__EWB00_010448	Hsap	Hsap__GeneID_1277, Hsap__GeneID_1278, Hsap__GeneID_1280, Hsap__GeneID_1281, Hsap__GeneID_1290, Hsap__GeneID_255631, Hsap__GeneID_85301	many-to-many	3	7	Orthologues/Hsap.tsv
Sjap__EWB00_008724	Hsap	Hsap__GeneID_139728, Hsap__GeneID_149069, Hsap__GeneID_51473, Hsap__GeneID_57118, Hsap__GeneID_6101, Hsap__GeneID_728597, Hsap__GeneID_8536	many-to-many	2	7	Orthologues/Hsap.tsv
Sjap__EWB00_006199	Hsap	Hsap__GeneID_1282, Hsap__GeneID_1284, Hsap__GeneID_1285, Hsap__GeneID_1286, Hsap__GeneID_1287, Hsap__GeneID_1288	many-to-many	4	6	Orthologues/Hsap.tsv
Sjap__EWB00_006201	Hsap	Hsap__GeneID_1282, Hsap__GeneID_1284, Hsap__GeneID_1285, Hsap__GeneID_1286, Hsap__GeneID_1287, Hsap__GeneID_1288	many-to-many	4	6	Orthologues/Hsap.tsv
Sjap__EWB00_001102	Hsap	Hsap__GeneID_1282, Hsap__GeneID_1284, Hsap__GeneID_1285, Hsap__GeneID_1286, Hsap__GeneID_1287, Hsap__GeneID_1288	many-to-many	4	6	Orthologues/Hsap.tsv
Sjap__EWB00_006200	Hsap	Hsap__GeneID_1282, Hsap__GeneID_1284, Hsap__GeneID_1285, Hsap__GeneID_1286, Hsap__GeneID_1287, Hsap__GeneID_1288	many-to-many	4	6	Orthologues/Hsap.tsv
Sjap__EWB00_002919	Hsap	Hsap__GeneID_3674, Hsap__GeneID_3676, Hsap__GeneID_3678, Hsap__GeneID_3680, Hsap__GeneID_3685, Hsap__GeneID_8516	one-to-many	1	6	Orthologues/Hsap.tsv
Sjap__EWB00_001228	Hsap	Hsap__GeneID_269, Hsap__GeneID_659, Hsap__GeneID_7048, Hsap__GeneID_92, Hsap__GeneID_93	one-to-many	1	5	Orthologues/Hsap.tsv
Sjap__EWB00_009358	Hsap	Hsap__GeneID_5578, Hsap__GeneID_5579, Hsap__GeneID_5580, Hsap__GeneID_5582, Hsap__GeneID_5588	one-to-many	1	5	Orthologues/Hsap.tsv
Sjap__EWB00_010727	Hsap	Hsap__GeneID_51332, Hsap__GeneID_57731, Hsap__GeneID_6710, Hsap__GeneID_6711, Hsap__GeneID_6712	many-to-many	2	5	Orthologues/Hsap.tsv
Sjap__EWB00_004137	Hsap	Hsap__GeneID_51332, Hsap__GeneID_57731, Hsap__GeneID_6710, Hsap__GeneID_6711, Hsap__GeneID_6712	many-to-many	2	5	Orthologues/Hsap.tsv
Sjap__EWB00_002194	Hsap	Hsap__GeneID_27330, Hsap__GeneID_6195, Hsap__GeneID_6196, Hsap__GeneID_6197, Hsap__GeneID_8986, Hsap__GeneID_9252	one-to-many	1	6	Orthologues/Hsap.tsv
Sjap__EWB00_002869	Hsap	Hsap__GeneID_3688, Hsap__GeneID_3689, Hsap__GeneID_3690, Hsap__GeneID_3693, Hsap__GeneID_3694, Hsap__GeneID_3695	one-to-many	1	6	Orthologues/Hsap.tsv
Sjap__EWB00_008748	Hsap	Hsap__GeneID_2260, Hsap__GeneID_2261, Hsap__GeneID_2263, Hsap__GeneID_2264	one-to-many	1	4	Orthologues/Hsap.tsv
Sjap__EWB00_006050	Hsap	Hsap__GeneID_81, Hsap__GeneID_87, Hsap__GeneID_88, Hsap__GeneID_89	many-to-many	2	4	Orthologues/Hsap.tsv
Sjap__EWB00_010649	Hsap	Hsap__GeneID_81, Hsap__GeneID_87, Hsap__GeneID_88, Hsap__GeneID_89	many-to-many	2	4	Orthologues/Hsap.tsv
Sjap__EWB00_008807	Hsap	Hsap__GeneID_1072, Hsap__GeneID_1073, Hsap__GeneID_11034, Hsap__GeneID_729454	many-to-many	2	4	Orthologues/Hsap.tsv
Sjap__EWB00_003359	Hsap	Hsap__GeneID_1072, Hsap__GeneID_1073, Hsap__GeneID_11034, Hsap__GeneID_729454	many-to-many	2	4	Orthologues/Hsap.tsv
Sjap__EWB00_009781	Hsap	Hsap__GeneID_11035, Hsap__GeneID_51776, Hsap__GeneID_6885	one-to-many	1	3	Orthologues/Hsap.tsv
Sjap__EWB00_006315	Hsap	Hsap__GeneID_8899	many-to-one	6	1	Orthologues/Hsap.tsv
Sjap__EWB00_008747	Hsap	Hsap__GeneID_10611, Hsap__GeneID_11155, Hsap__GeneID_9260	one-to-many	1	3	Orthologues/Hsap.tsv
Sjap__EWB00_004179	Hsap	Hsap__GeneID_1195, Hsap__GeneID_1196, Hsap__GeneID_1198, Hsap__GeneID_57396	many-to-many	2	4	Orthologues/Hsap.tsv
Sjap__EWB00_002775	Hsap	Hsap__GeneID_2316, Hsap__GeneID_2317, Hsap__GeneID_2318	many-to-many	2	3	Orthologues/Hsap.tsv
Sjap__EWB00_006234	Hsap	Hsap__GeneID_2316, Hsap__GeneID_2317, Hsap__GeneID_2318	many-to-many	2	3	Orthologues/Hsap.tsv
Sjap__EWB00_001311	Hsap	Hsap__GeneID_1289, Hsap__GeneID_1301, Hsap__GeneID_1302, Hsap__GeneID_50509	many-to-many	2	4	Orthologues/Hsap.tsv
Sjap__EWB00_000274	Hsap	Hsap__GeneID_1289, Hsap__GeneID_1301, Hsap__GeneID_1302, Hsap__GeneID_50509	many-to-many	2	4	Orthologues/Hsap.tsv
Sjap__EWB00_009122	Hsap	Hsap__GeneID_1432, Hsap__GeneID_5600, Hsap__GeneID_5603, Hsap__GeneID_6300	one-to-many	1	4	Orthologues/Hsap.tsv
Sjap__EWB00_007965	Hsap	Hsap__GeneID_3480, Hsap__GeneID_3643, Hsap__GeneID_3645	many-to-many	2	3	Orthologues/Hsap.tsv
Sjap__EWB00_003876	Hsap	Hsap__GeneID_10290, Hsap__GeneID_340156, Hsap__GeneID_85366, Hsap__GeneID_91807	one-to-many	1	4	Orthologues/Hsap.tsv
Sjap__EWB00_007512	Hsap	Hsap__GeneID_5566, Hsap__GeneID_5567, Hsap__GeneID_5568	many-to-many	3	3	Orthologues/Hsap.tsv
Sjap__EWB00_004196	Hsap	Hsap__GeneID_5566, Hsap__GeneID_5567, Hsap__GeneID_5568	many-to-many	3	3	Orthologues/Hsap.tsv
Sjap__EWB00_007721	Hsap	Hsap__GeneID_5566, Hsap__GeneID_5567, Hsap__GeneID_5568	many-to-many	3	3	Orthologues/Hsap.tsv
Sjap__EWB00_003065	Hsap	Hsap__GeneID_815, Hsap__GeneID_816, Hsap__GeneID_817, Hsap__GeneID_818	one-to-many	1	4	Orthologues/Hsap.tsv
Sjap__EWB00_009560	Hsap	Hsap__GeneID_4026, Hsap__GeneID_54751, Hsap__GeneID_7205, Hsap__GeneID_7791	one-to-many	1	4	Orthologues/Hsap.tsv
Sjap__EWB00_003107	Hsap	Hsap__GeneID_4917, Hsap__GeneID_9423	many-to-many	2	2	Orthologues/Hsap.tsv
Sjap__EWB00_002313	Hsap	Hsap__GeneID_4917, Hsap__GeneID_9423	many-to-many	2	2	Orthologues/Hsap.tsv
Sjap__EWB00_001471	Hsap	Hsap__GeneID_3702, Hsap__GeneID_660, Hsap__GeneID_695, Hsap__GeneID_7006, Hsap__GeneID_7294	one-to-many	1	5	Orthologues/Hsap.tsv
Sjap__EWB00_003747	Hsap	Hsap__GeneID_2241, Hsap__GeneID_2242	one-to-many	1	2	Orthologues/Hsap.tsv
Sjap__EWB00_003063	Hsap	Hsap__GeneID_238, Hsap__GeneID_4058, Hsap__GeneID_6098	one-to-many	1	3	Orthologues/Hsap.tsv
Sjap__EWB00_011039	Hsap	Hsap__GeneID_3655, Hsap__GeneID_3675, Hsap__GeneID_3679	one-to-many	1	3	Orthologues/Hsap.tsv
Sjap__EWB00_002103	Hsap	Hsap__GeneID_10979, Hsap__GeneID_55612, Hsap__GeneID_83706	one-to-many	1	3	Orthologues/Hsap.tsv
Sjap__EWB00_002413	Hsap	Hsap__GeneID_6788, Hsap__GeneID_6789, Hsap__GeneID_80122	one-to-many	1	3	Orthologues/Hsap.tsv
Sjap__EWB00_010687	Hsap	Hsap__GeneID_25, Hsap__GeneID_27	many-to-many	2	2	Orthologues/Hsap.tsv
Sjap__EWB00_001594	Hsap	Hsap__GeneID_130399, Hsap__GeneID_7046, Hsap__GeneID_91	one-to-many	1	3	Orthologues/Hsap.tsv
Sjap__EWB00_007640	Hsap	Hsap__GeneID_4293, Hsap__GeneID_4294, Hsap__GeneID_4296, Hsap__GeneID_84451	one-to-many	1	4	Orthologues/Hsap.tsv
Sjap__EWB00_004212	Hsap	Hsap__GeneID_344387, Hsap__GeneID_8814	many-to-many	2	2	Orthologues/Hsap.tsv
Sjap__EWB00_011263	Hsap	Hsap__GeneID_10000, Hsap__GeneID_207, Hsap__GeneID_208	one-to-many	1	3	Orthologues/Hsap.tsv
Sjap__EWB00_007650	Hsap	Hsap__GeneID_10494, Hsap__GeneID_51765, Hsap__GeneID_8428	one-to-many	1	3	Orthologues/Hsap.tsv
Sjap__EWB00_008372	Hsap	Hsap__GeneID_1263, Hsap__GeneID_126520, Hsap__GeneID_5347	one-to-many	1	3	Orthologues/Hsap.tsv
Sjap__EWB00_006505	Hsap	Hsap__GeneID_7094, Hsap__GeneID_83660	many-to-many	2	2	Orthologues/Hsap.tsv
Sjap__EWB00_003146	Hsap	Hsap__GeneID_7094, Hsap__GeneID_83660	many-to-many	2	2	Orthologues/Hsap.tsv
Sjap__EWB00_004872	Hsap	Hsap__GeneID_100131244, Hsap__GeneID_100310846, Hsap__GeneID_157567, Hsap__GeneID_92565	one-to-many	1	4	Orthologues/Hsap.tsv
Sjap__EWB00_004811	Hsap	Hsap__GeneID_6790, Hsap__GeneID_6795, Hsap__GeneID_9212	one-to-many	1	3	Orthologues/Hsap.tsv
Sjap__EWB00_003272	Hsap	Hsap__GeneID_1017, Hsap__GeneID_1018, Hsap__GeneID_983	one-to-many	1	3	Orthologues/Hsap.tsv
Sjap__EWB00_001225	Hsap	Hsap__GeneID_1495, Hsap__GeneID_1496, Hsap__GeneID_29119	one-to-many	1	3	Orthologues/Hsap.tsv
Sjap__EWB00_002741	Hsap	Hsap__GeneID_22798, Hsap__GeneID_3912, Hsap__GeneID_3913	one-to-many	1	3	Orthologues/Hsap.tsv
Sjap__EWB00_001036	Hsap	Hsap__GeneID_23683, Hsap__GeneID_25865, Hsap__GeneID_5587	one-to-many	1	3	Orthologues/Hsap.tsv
Sjap__EWB00_002797	Hsap	Hsap__GeneID_102724428, Hsap__GeneID_150094, Hsap__GeneID_23235	one-to-many	1	3	Orthologues/Hsap.tsv
Sjap__EWB00_008683	Hsap	Hsap__GeneID_5594, Hsap__GeneID_5595	many-to-many	2	2	Orthologues/Hsap.tsv
Sjap__EWB00_004095	Hsap	Hsap__GeneID_5594, Hsap__GeneID_5595	many-to-many	2	2	Orthologues/Hsap.tsv
Sjap__EWB00_009287	Hsap	Hsap__GeneID_102800317, Hsap__GeneID_1453, Hsap__GeneID_1454	one-to-many	1	3	Orthologues/Hsap.tsv
Sjap__EWB00_007519	Hsap	Hsap__GeneID_5599, Hsap__GeneID_5601, Hsap__GeneID_5602	one-to-many	1	3	Orthologues/Hsap.tsv
Sjap__EWB00_005902	Hsap	Hsap__GeneID_3092, Hsap__GeneID_9026	one-to-many	1	2	Orthologues/Hsap.tsv
Sjap__EWB00_006126	Hsap	Hsap__GeneID_10319, Hsap__GeneID_3915, Hsap__GeneID_3918	one-to-many	1	3	Orthologues/Hsap.tsv
Sjap__EWB00_004650	Hsap	Hsap__GeneID_5562, Hsap__GeneID_5563	one-to-many	1	2	Orthologues/Hsap.tsv
Sjap__EWB00_008528	Hsap	Hsap__GeneID_5770, Hsap__GeneID_5771	one-to-many	1	2	Orthologues/Hsap.tsv
Sjap__EWB00_006607	Hsap	Hsap__GeneID_10612, Hsap__GeneID_23321	many-to-many	2	2	Orthologues/Hsap.tsv
Sjap__EWB00_003429	Hsap	Hsap__GeneID_5829, Hsap__GeneID_7041, Hsap__GeneID_9404	one-to-many	1	3	Orthologues/Hsap.tsv
Sjap__EWB00_004965	Hsap	Hsap__GeneID_126374, Hsap__GeneID_84962, Hsap__GeneID_8994	one-to-many	1	3	Orthologues/Hsap.tsv
Sjap__EWB00_005624	Hsap	Hsap__GeneID_1024, Hsap__GeneID_23097	one-to-many	1	2	Orthologues/Hsap.tsv
Sjap__EWB00_003710	Hsap	Hsap__GeneID_2580, Hsap__GeneID_9829	one-to-many	1	2	Orthologues/Hsap.tsv
Sjap__EWB00_009479	Hsap	Hsap__GeneID_22858, Hsap__GeneID_4117	one-to-many	1	2	Orthologues/Hsap.tsv
Sjap__EWB00_009224	Hsap	Hsap__GeneID_5798, Hsap__GeneID_5799	one-to-many	1	2	Orthologues/Hsap.tsv
Sjap__EWB00_007322	Hsap	Hsap__GeneID_2185, Hsap__GeneID_5747	one-to-many	1	2	Orthologues/Hsap.tsv
Sjap__EWB00_001328	Hsap	Hsap__GeneID_284217, Hsap__GeneID_3908	one-to-many	1	2	Orthologues/Hsap.tsv
Sjap__EWB00_005467	Hsap	Hsap__GeneID_5584, Hsap__GeneID_5590	one-to-many	1	2	Orthologues/Hsap.tsv
Sjap__EWB00_001961	Hsap	Hsap__GeneID_22848, Hsap__GeneID_55589	one-to-many	1	2	Orthologues/Hsap.tsv
Sjap__EWB00_009541	Hsap	Hsap__GeneID_100288695, Hsap__GeneID_3987, Hsap__GeneID_55679, Hsap__GeneID_96626	one-to-many	1	4	Orthologues/Hsap.tsv
Sjap__EWB00_007161	Hsap	Hsap__GeneID_7867, Hsap__GeneID_9261	one-to-many	1	2	Orthologues/Hsap.tsv
Sjap__EWB00_007274	Hsap	Hsap__GeneID_1627, Hsap__GeneID_28988	one-to-many	1	2	Orthologues/Hsap.tsv
Sjap__EWB00_008286	Hsap	Hsap__GeneID_27347, Hsap__GeneID_9943	one-to-many	1	2	Orthologues/Hsap.tsv
Sjap__EWB00_007739	Hsap	Hsap__GeneID_11344, Hsap__GeneID_5756	one-to-many	1	2	Orthologues/Hsap.tsv
Sjap__EWB00_005166	Hsap	Hsap__GeneID_6198, Hsap__GeneID_6199	one-to-many	1	2	Orthologues/Hsap.tsv
Sjap__EWB00_005385	Hsap	Hsap__GeneID_11329, Hsap__GeneID_23012	one-to-many	1	2	Orthologues/Hsap.tsv
Sjap__EWB00_004368	Hsap	Hsap__GeneID_2931, Hsap__GeneID_2932	one-to-many	1	2	Orthologues/Hsap.tsv
Sjap__EWB00_009480	Hsap	Hsap__GeneID_1025	many-to-one	2	1	Orthologues/Hsap.tsv
Sjap__EWB00_010219	Hsap	Hsap__GeneID_1025	many-to-one	2	1	Orthologues/Hsap.tsv
Sjap__EWB00_005849	Hsap	Hsap__GeneID_1445, Hsap__GeneID_4145	one-to-many	1	2	Orthologues/Hsap.tsv
Sjap__EWB00_001091	Hsap	Hsap__GeneID_5260, Hsap__GeneID_5261	one-to-many	1	2	Orthologues/Hsap.tsv
Sjap__EWB00_001618	Hsap	Hsap__GeneID_51412, Hsap__GeneID_86	one-to-many	1	2	Orthologues/Hsap.tsv
Sjap__EWB00_002531	Hsap	Hsap__GeneID_3984, Hsap__GeneID_3985	one-to-many	1	2	Orthologues/Hsap.tsv
Sjap__EWB00_008857	Hsap	Hsap__GeneID_10120, Hsap__GeneID_10121	one-to-many	1	2	Orthologues/Hsap.tsv
Sjap__EWB00_007517	Hsap	Hsap__GeneID_139741, Hsap__GeneID_140625, Hsap__GeneID_84517	one-to-many	1	3	Orthologues/Hsap.tsv
Sjap__EWB00_000320	Hsap	Hsap__GeneID_5592	many-to-one	2	1	Orthologues/Hsap.tsv
Sjap__EWB00_007426	Hsap	Hsap__GeneID_10096, Hsap__GeneID_57180	one-to-many	1	2	Orthologues/Hsap.tsv
Sjap__EWB00_007221	Hsap	Hsap__GeneID_6259	one-to-one	1	1	Orthologues/Hsap.tsv
Sjap__EWB00_007959	Hsap	Hsap__GeneID_51701	one-to-one	1	1	Orthologues/Hsap.tsv
Sjap__EWB00_002386	Hsap	Hsap__GeneID_5604, Hsap__GeneID_5605	one-to-many	1	2	Orthologues/Hsap.tsv
Sjap__EWB00_003104	Hsap	Hsap__GeneID_2444	one-to-one	1	1	Orthologues/Hsap.tsv
Sjap__EWB00_008035	Hsap	Hsap__GeneID_10783, Hsap__GeneID_140609	one-to-many	1	2	Orthologues/Hsap.tsv
Sjap__EWB00_011320	Hsap	Hsap__GeneID_9262, Hsap__GeneID_9263	one-to-many	1	2	Orthologues/Hsap.tsv
Sjap__EWB00_002781	Hsap	Hsap__GeneID_122011, Hsap__GeneID_1452	one-to-many	1	2	Orthologues/Hsap.tsv
Sjap__EWB00_001343	Hsap	Hsap__GeneID_6416	one-to-one	1	1	Orthologues/Hsap.tsv
Sjap__EWB00_008993	Hsap	Hsap__GeneID_124923	one-to-one	1	1	Orthologues/Hsap.tsv
Sjap__EWB00_010647	Hsap	Hsap__GeneID_10097	one-to-one	1	1	Orthologues/Hsap.tsv
Sjap__EWB00_003470	Hsap	Hsap__GeneID_11200	one-to-one	1	1	Orthologues/Hsap.tsv
Sjap__EWB00_010398	Hsap	Hsap__GeneID_3611	one-to-one	1	1	Orthologues/Hsap.tsv
Sjap__EWB00_003114	Hsap	Hsap__GeneID_167359	one-to-one	1	1	Orthologues/Hsap.tsv
Sjap__EWB00_006002	Hsap	Hsap__GeneID_55860	one-to-one	1	1	Orthologues/Hsap.tsv
Sjap__EWB00_009117	Hsap	Hsap__GeneID_57763, Hsap__GeneID_8625	one-to-many	1	2	Orthologues/Hsap.tsv
Sjap__EWB00_004629	Hsap	Hsap__GeneID_1020	one-to-one	1	1	Orthologues/Hsap.tsv
Sjap__EWB00_003565	Hsap	Hsap__GeneID_7414	one-to-one	1	1	Orthologues/Hsap.tsv
Sjap__EWB00_000516	Hsap	Hsap__GeneID_5170	one-to-one	1	1	Orthologues/Hsap.tsv
Sjap__EWB00_001408	Hsap	Hsap__GeneID_64431	one-to-one	1	1	Orthologues/Hsap.tsv
Sjap__EWB00_009305	Hsap	Hsap__GeneID_79913	many-to-one	2	1	Orthologues/Hsap.tsv
Sjap__EWB00_008932	Hsap	Hsap__GeneID_6787	one-to-one	1	1	Orthologues/Hsap.tsv
Sjap__EWB00_004325	Hsap	Hsap__GeneID_152110	one-to-one	1	1	Orthologues/Hsap.tsv
Sjap__EWB00_006602	Hsap	Hsap__GeneID_1022	one-to-one	1	1	Orthologues/Hsap.tsv
Sjap__EWB00_010449	Hsap	Hsap__GeneID_8646	one-to-one	1	1	Orthologues/Hsap.tsv
Sjap__EWB00_001391	Hsap	Hsap__GeneID_25989	one-to-one	1	1	Orthologues/Hsap.tsv
Sjap__EWB00_004876	Hsap	Hsap__GeneID_345651	one-to-one	1	1	Orthologues/Hsap.tsv
Sman__Smp_307010	Hsap	Hsap__GeneID_100287399, Hsap__GeneID_100288966, Hsap__GeneID_100996331, Hsap__GeneID_101927345, Hsap__GeneID_101927375, Hsap__GeneID_102723382, Hsap__GeneID_102723502, Hsap__GeneID_102724631, Hsap__GeneID_105375816, Hsap__GeneID_105375817, Hsap__GeneID_105379417, Hsap__GeneID_112268044, Hsap__GeneID_22852, Hsap__GeneID_23784, Hsap__GeneID_253650, Hsap__GeneID_317754, Hsap__GeneID_340441, Hsap__GeneID_342850, Hsap__GeneID_374860, Hsap__GeneID_375248, Hsap__GeneID_388468, Hsap__GeneID_400986, Hsap__GeneID_404785, Hsap__GeneID_441459, Hsap__GeneID_445582, Hsap__GeneID_554226, Hsap__GeneID_56311, Hsap__GeneID_57730, Hsap__GeneID_58, Hsap__GeneID_59, Hsap__GeneID_60, Hsap__GeneID_641455, Hsap__GeneID_653269, Hsap__GeneID_653781, Hsap__GeneID_70, Hsap__GeneID_71, Hsap__GeneID_72, Hsap__GeneID_728378, Hsap__GeneID_84210, Hsap__GeneID_91074, Hsap__GeneID_9720	many-to-many	2	41	Orthologues/Hsap.tsv
Sman__Smp_307020	Hsap	Hsap__GeneID_100287399, Hsap__GeneID_100288966, Hsap__GeneID_100996331, Hsap__GeneID_101927345, Hsap__GeneID_101927375, Hsap__GeneID_102723382, Hsap__GeneID_102723502, Hsap__GeneID_102724631, Hsap__GeneID_105375816, Hsap__GeneID_105375817, Hsap__GeneID_105379417, Hsap__GeneID_112268044, Hsap__GeneID_22852, Hsap__GeneID_23784, Hsap__GeneID_253650, Hsap__GeneID_317754, Hsap__GeneID_340441, Hsap__GeneID_342850, Hsap__GeneID_374860, Hsap__GeneID_375248, Hsap__GeneID_388468, Hsap__GeneID_400986, Hsap__GeneID_404785, Hsap__GeneID_441459, Hsap__GeneID_445582, Hsap__GeneID_554226, Hsap__GeneID_56311, Hsap__GeneID_57730, Hsap__GeneID_58, Hsap__GeneID_59, Hsap__GeneID_60, Hsap__GeneID_641455, Hsap__GeneID_653269, Hsap__GeneID_653781, Hsap__GeneID_70, Hsap__GeneID_71, Hsap__GeneID_72, Hsap__GeneID_728378, Hsap__GeneID_84210, Hsap__GeneID_91074, Hsap__GeneID_9720	many-to-many	2	41	Orthologues/Hsap.tsv
Sman__Smp_048560	Hsap	Hsap__GeneID_144165, Hsap__GeneID_166336, Hsap__GeneID_2273, Hsap__GeneID_2274, Hsap__GeneID_2275, Hsap__GeneID_26136, Hsap__GeneID_29964, Hsap__GeneID_4007, Hsap__GeneID_9457	many-to-many	2	9	Orthologues/Hsap.tsv
Sman__Smp_143130	Hsap	Hsap__GeneID_144165, Hsap__GeneID_166336, Hsap__GeneID_2273, Hsap__GeneID_2274, Hsap__GeneID_2275, Hsap__GeneID_26136, Hsap__GeneID_29964, Hsap__GeneID_4007, Hsap__GeneID_9457	many-to-many	2	9	Orthologues/Hsap.tsv
Sman__Smp_172200	Hsap	Hsap__GeneID_2268, Hsap__GeneID_2534, Hsap__GeneID_3055, Hsap__GeneID_3932, Hsap__GeneID_4067, Hsap__GeneID_640, Hsap__GeneID_6714, Hsap__GeneID_7525	many-to-many	4	8	Orthologues/Hsap.tsv
Sman__Smp_348670	Hsap	Hsap__GeneID_2268, Hsap__GeneID_2534, Hsap__GeneID_3055, Hsap__GeneID_3932, Hsap__GeneID_4067, Hsap__GeneID_640, Hsap__GeneID_6714, Hsap__GeneID_7525	many-to-many	4	8	Orthologues/Hsap.tsv
Sman__Smp_006920	Hsap	Hsap__GeneID_2268, Hsap__GeneID_2534, Hsap__GeneID_3055, Hsap__GeneID_3932, Hsap__GeneID_4067, Hsap__GeneID_640, Hsap__GeneID_6714, Hsap__GeneID_7525	many-to-many	4	8	Orthologues/Hsap.tsv
Sman__Smp_136300	Hsap	Hsap__GeneID_2268, Hsap__GeneID_2534, Hsap__GeneID_3055, Hsap__GeneID_3932, Hsap__GeneID_4067, Hsap__GeneID_640, Hsap__GeneID_6714, Hsap__GeneID_7525	many-to-many	4	8	Orthologues/Hsap.tsv
Sman__Smp_135560	Hsap	Hsap__GeneID_1277, Hsap__GeneID_1278, Hsap__GeneID_1280, Hsap__GeneID_1281, Hsap__GeneID_1290, Hsap__GeneID_255631, Hsap__GeneID_85301	many-to-many	3	7	Orthologues/Hsap.tsv
Sman__Smp_164590	Hsap	Hsap__GeneID_1277, Hsap__GeneID_1278, Hsap__GeneID_1280, Hsap__GeneID_1281, Hsap__GeneID_1290, Hsap__GeneID_255631, Hsap__GeneID_85301	many-to-many	3	7	Orthologues/Hsap.tsv
Sman__Smp_343740	Hsap	Hsap__GeneID_1277, Hsap__GeneID_1278, Hsap__GeneID_1280, Hsap__GeneID_1281, Hsap__GeneID_1290, Hsap__GeneID_255631, Hsap__GeneID_85301	many-to-many	3	7	Orthologues/Hsap.tsv
Sman__Smp_065290	Hsap	Hsap__GeneID_139728, Hsap__GeneID_149069, Hsap__GeneID_51473, Hsap__GeneID_57118, Hsap__GeneID_6101, Hsap__GeneID_728597, Hsap__GeneID_8536	many-to-many	2	7	Orthologues/Hsap.tsv
Sman__Smp_170340	Hsap	Hsap__GeneID_1282, Hsap__GeneID_1284, Hsap__GeneID_1285, Hsap__GeneID_1286, Hsap__GeneID_1287, Hsap__GeneID_1288	many-to-many	4	6	Orthologues/Hsap.tsv
Sman__Smp_213910	Hsap	Hsap__GeneID_1282, Hsap__GeneID_1284, Hsap__GeneID_1285, Hsap__GeneID_1286, Hsap__GeneID_1287, Hsap__GeneID_1288	many-to-many	4	6	Orthologues/Hsap.tsv
Sman__Smp_213900	Hsap	Hsap__GeneID_1282, Hsap__GeneID_1284, Hsap__GeneID_1285, Hsap__GeneID_1286, Hsap__GeneID_1287, Hsap__GeneID_1288	many-to-many	4	6	Orthologues/Hsap.tsv
Sman__Smp_159600	Hsap	Hsap__GeneID_1282, Hsap__GeneID_1284, Hsap__GeneID_1285, Hsap__GeneID_1286, Hsap__GeneID_1287, Hsap__GeneID_1288	many-to-many	4	6	Orthologues/Hsap.tsv
Sman__Smp_304500	Hsap	Hsap__GeneID_23659, Hsap__GeneID_3931, Hsap__GeneID_79858	many-to-many	6	3	Orthologues/Hsap.tsv
Sman__Smp_126140	Hsap	Hsap__GeneID_3674, Hsap__GeneID_3676, Hsap__GeneID_3678, Hsap__GeneID_3680, Hsap__GeneID_3685, Hsap__GeneID_8516	one-to-many	1	6	Orthologues/Hsap.tsv
Sman__Smp_334370	Hsap	Hsap__GeneID_269, Hsap__GeneID_659, Hsap__GeneID_7048, Hsap__GeneID_92, Hsap__GeneID_93	one-to-many	1	5	Orthologues/Hsap.tsv
Sman__Smp_128480	Hsap	Hsap__GeneID_5578, Hsap__GeneID_5579, Hsap__GeneID_5580, Hsap__GeneID_5582, Hsap__GeneID_5588	many-to-many	2	5	Orthologues/Hsap.tsv
Sman__Smp_241420	Hsap	Hsap__GeneID_5578, Hsap__GeneID_5579, Hsap__GeneID_5580, Hsap__GeneID_5582, Hsap__GeneID_5588	many-to-many	2	5	Orthologues/Hsap.tsv
Sman__Smp_128920	Hsap	Hsap__GeneID_51332, Hsap__GeneID_57731, Hsap__GeneID_6710, Hsap__GeneID_6711, Hsap__GeneID_6712	many-to-many	2	5	Orthologues/Hsap.tsv
Sman__Smp_143470	Hsap	Hsap__GeneID_51332, Hsap__GeneID_57731, Hsap__GeneID_6710, Hsap__GeneID_6711, Hsap__GeneID_6712	many-to-many	2	5	Orthologues/Hsap.tsv
Sman__Smp_340300	Hsap	Hsap__GeneID_27330, Hsap__GeneID_6195, Hsap__GeneID_6196, Hsap__GeneID_6197, Hsap__GeneID_8986, Hsap__GeneID_9252	one-to-many	1	6	Orthologues/Hsap.tsv
Sman__Smp_123640	Hsap	Hsap__GeneID_131890, Hsap__GeneID_2868, Hsap__GeneID_2869, Hsap__GeneID_2870, Hsap__GeneID_6011	one-to-many	1	5	Orthologues/Hsap.tsv
Sman__Smp_089700	Hsap	Hsap__GeneID_3688, Hsap__GeneID_3689, Hsap__GeneID_3690, Hsap__GeneID_3693, Hsap__GeneID_3694, Hsap__GeneID_3695	one-to-many	1	6	Orthologues/Hsap.tsv
Sman__Smp_157300	Hsap	Hsap__GeneID_2260, Hsap__GeneID_2261, Hsap__GeneID_2263, Hsap__GeneID_2264	one-to-many	1	4	Orthologues/Hsap.tsv
Sman__Smp_034550	Hsap	Hsap__GeneID_81, Hsap__GeneID_87, Hsap__GeneID_88, Hsap__GeneID_89	many-to-many	2	4	Orthologues/Hsap.tsv
Sman__Smp_014780	Hsap	Hsap__GeneID_81, Hsap__GeneID_87, Hsap__GeneID_88, Hsap__GeneID_89	many-to-many	2	4	Orthologues/Hsap.tsv
Sman__Smp_086590	Hsap	Hsap__GeneID_1072, Hsap__GeneID_1073, Hsap__GeneID_11034, Hsap__GeneID_729454	many-to-many	3	4	Orthologues/Hsap.tsv
Sman__Smp_195080	Hsap	Hsap__GeneID_1072, Hsap__GeneID_1073, Hsap__GeneID_11034, Hsap__GeneID_729454	many-to-many	3	4	Orthologues/Hsap.tsv
Sman__Smp_120700	Hsap	Hsap__GeneID_1072, Hsap__GeneID_1073, Hsap__GeneID_11034, Hsap__GeneID_729454	many-to-many	3	4	Orthologues/Hsap.tsv
Sman__Smp_058790	Hsap	Hsap__GeneID_11035, Hsap__GeneID_51776, Hsap__GeneID_6885	one-to-many	1	3	Orthologues/Hsap.tsv
Sman__Smp_068960	Hsap	Hsap__GeneID_8899	many-to-one	6	1	Orthologues/Hsap.tsv
Sman__Smp_157310	Hsap	Hsap__GeneID_10611, Hsap__GeneID_11155, Hsap__GeneID_9260	one-to-many	1	3	Orthologues/Hsap.tsv
Sman__Smp_058620	Hsap	Hsap__GeneID_1195, Hsap__GeneID_1196, Hsap__GeneID_1198, Hsap__GeneID_57396	many-to-many	2	4	Orthologues/Hsap.tsv
Sman__Smp_317420	Hsap	Hsap__GeneID_2316, Hsap__GeneID_2317, Hsap__GeneID_2318	many-to-many	2	3	Orthologues/Hsap.tsv
Sman__Smp_000100	Hsap	Hsap__GeneID_2316, Hsap__GeneID_2317, Hsap__GeneID_2318	many-to-many	2	3	Orthologues/Hsap.tsv
Sman__Smp_196840	Hsap	Hsap__GeneID_1289, Hsap__GeneID_1301, Hsap__GeneID_1302, Hsap__GeneID_50509	many-to-many	2	4	Orthologues/Hsap.tsv
Sman__Smp_123830	Hsap	Hsap__GeneID_1289, Hsap__GeneID_1301, Hsap__GeneID_1302, Hsap__GeneID_50509	many-to-many	2	4	Orthologues/Hsap.tsv
Sman__Smp_133020	Hsap	Hsap__GeneID_1432, Hsap__GeneID_5600, Hsap__GeneID_5603, Hsap__GeneID_6300	one-to-many	1	4	Orthologues/Hsap.tsv
Sman__Smp_121780	Hsap	Hsap__GeneID_10290, Hsap__GeneID_340156, Hsap__GeneID_85366, Hsap__GeneID_91807	one-to-many	1	4	Orthologues/Hsap.tsv
Sman__Smp_164380	Hsap	Hsap__GeneID_5566, Hsap__GeneID_5567, Hsap__GeneID_5568	many-to-many	3	3	Orthologues/Hsap.tsv
Sman__Smp_152330	Hsap	Hsap__GeneID_5566, Hsap__GeneID_5567, Hsap__GeneID_5568	many-to-many	3	3	Orthologues/Hsap.tsv
Sman__Smp_307260	Hsap	Hsap__GeneID_5566, Hsap__GeneID_5567, Hsap__GeneID_5568	many-to-many	3	3	Orthologues/Hsap.tsv
Sman__Smp_011660	Hsap	Hsap__GeneID_815, Hsap__GeneID_816, Hsap__GeneID_817, Hsap__GeneID_818	one-to-many	1	4	Orthologues/Hsap.tsv
Sman__Smp_146200	Hsap	Hsap__GeneID_4026, Hsap__GeneID_54751, Hsap__GeneID_7205, Hsap__GeneID_7791	one-to-many	1	4	Orthologues/Hsap.tsv
Sman__Smp_146840	Hsap	Hsap__GeneID_4917, Hsap__GeneID_9423	many-to-many	2	2	Orthologues/Hsap.tsv
Sman__Smp_151310	Hsap	Hsap__GeneID_4917, Hsap__GeneID_9423	many-to-many	2	2	Orthologues/Hsap.tsv
Sman__Smp_124850	Hsap	Hsap__GeneID_3702, Hsap__GeneID_660, Hsap__GeneID_695, Hsap__GeneID_7006, Hsap__GeneID_7294	one-to-many	1	5	Orthologues/Hsap.tsv
Sman__Smp_181490	Hsap	Hsap__GeneID_1612, Hsap__GeneID_1613, Hsap__GeneID_23604	one-to-many	1	3	Orthologues/Hsap.tsv
Sman__Smp_335950	Hsap	Hsap__GeneID_2241, Hsap__GeneID_2242	many-to-many	3	2	Orthologues/Hsap.tsv
Sman__Smp_332370	Hsap	Hsap__GeneID_2241, Hsap__GeneID_2242	many-to-many	3	2	Orthologues/Hsap.tsv
Sman__Smp_331960	Hsap	Hsap__GeneID_2241, Hsap__GeneID_2242	many-to-many	3	2	Orthologues/Hsap.tsv
Sman__Smp_011700	Hsap	Hsap__GeneID_238, Hsap__GeneID_4058, Hsap__GeneID_6098	one-to-many	1	3	Orthologues/Hsap.tsv
Sman__Smp_336830	Hsap	Hsap__GeneID_100533105, Hsap__GeneID_10110, Hsap__GeneID_23678, Hsap__GeneID_6446	many-to-many	2	4	Orthologues/Hsap.tsv
Sman__Smp_306910	Hsap	Hsap__GeneID_3655, Hsap__GeneID_3675, Hsap__GeneID_3679	one-to-many	1	3	Orthologues/Hsap.tsv
Sman__Smp_053420	Hsap	Hsap__GeneID_10979, Hsap__GeneID_55612, Hsap__GeneID_83706	one-to-many	1	3	Orthologues/Hsap.tsv
Sman__Smp_333410	Hsap	Hsap__GeneID_6788, Hsap__GeneID_6789, Hsap__GeneID_80122	one-to-many	1	3	Orthologues/Hsap.tsv
Sman__Smp_128790	Hsap	Hsap__GeneID_25, Hsap__GeneID_27	many-to-many	2	2	Orthologues/Hsap.tsv
Sman__Smp_049760	Hsap	Hsap__GeneID_130399, Hsap__GeneID_7046, Hsap__GeneID_91	one-to-many	1	3	Orthologues/Hsap.tsv
Sman__Smp_124130	Hsap	Hsap__GeneID_344387, Hsap__GeneID_8814	many-to-many	2	2	Orthologues/Hsap.tsv
Sman__Smp_243630	Hsap	Hsap__GeneID_10000, Hsap__GeneID_207, Hsap__GeneID_208	one-to-many	1	3	Orthologues/Hsap.tsv
Sman__Smp_096640	Hsap	Hsap__GeneID_10494, Hsap__GeneID_51765, Hsap__GeneID_8428	one-to-many	1	3	Orthologues/Hsap.tsv
Sman__Smp_009600	Hsap	Hsap__GeneID_1263, Hsap__GeneID_126520, Hsap__GeneID_5347	one-to-many	1	3	Orthologues/Hsap.tsv
Sman__Smp_167010	Hsap	Hsap__GeneID_7094, Hsap__GeneID_83660	many-to-many	2	2	Orthologues/Hsap.tsv
Sman__Smp_343540	Hsap	Hsap__GeneID_7094, Hsap__GeneID_83660	many-to-many	2	2	Orthologues/Hsap.tsv
Sman__Smp_335730	Hsap	Hsap__GeneID_6790, Hsap__GeneID_6795, Hsap__GeneID_9212	one-to-many	1	3	Orthologues/Hsap.tsv
Sman__Smp_080730	Hsap	Hsap__GeneID_1017, Hsap__GeneID_1018, Hsap__GeneID_983	one-to-many	1	3	Orthologues/Hsap.tsv
Sman__Smp_130900	Hsap	Hsap__GeneID_1495, Hsap__GeneID_1496, Hsap__GeneID_29119	one-to-many	1	3	Orthologues/Hsap.tsv
Sman__Smp_148790	Hsap	Hsap__GeneID_22798, Hsap__GeneID_3912, Hsap__GeneID_3913	one-to-many	1	3	Orthologues/Hsap.tsv
Sman__Smp_040190	Hsap	Hsap__GeneID_102724428, Hsap__GeneID_150094, Hsap__GeneID_23235	one-to-many	1	3	Orthologues/Hsap.tsv
Sman__Smp_142050	Hsap	Hsap__GeneID_5594, Hsap__GeneID_5595	many-to-many	2	2	Orthologues/Hsap.tsv
Sman__Smp_047900	Hsap	Hsap__GeneID_5594, Hsap__GeneID_5595	many-to-many	2	2	Orthologues/Hsap.tsv
Sman__Smp_169950	Hsap	Hsap__GeneID_102800317, Hsap__GeneID_1453, Hsap__GeneID_1454	one-to-many	1	3	Orthologues/Hsap.tsv
Sman__Smp_213390	Hsap	Hsap__GeneID_56254, Hsap__GeneID_9810	many-to-many	2	2	Orthologues/Hsap.tsv
Sman__Smp_077180	Hsap	Hsap__GeneID_1111	one-to-one	1	1	Orthologues/Hsap.tsv
Sman__Smp_172240	Hsap	Hsap__GeneID_5599, Hsap__GeneID_5601, Hsap__GeneID_5602	one-to-many	1	3	Orthologues/Hsap.tsv
Sman__Smp_246550	Hsap	Hsap__GeneID_3092, Hsap__GeneID_9026	one-to-many	1	2	Orthologues/Hsap.tsv
Sman__Smp_163810	Hsap	Hsap__GeneID_10319, Hsap__GeneID_3915, Hsap__GeneID_3918	one-to-many	1	3	Orthologues/Hsap.tsv
Sman__Smp_214100	Hsap	Hsap__GeneID_5562, Hsap__GeneID_5563	one-to-many	1	2	Orthologues/Hsap.tsv
Sman__Smp_139930	Hsap	Hsap__GeneID_5770, Hsap__GeneID_5771	one-to-many	1	2	Orthologues/Hsap.tsv
Sman__Smp_334130	Hsap	Hsap__GeneID_10612, Hsap__GeneID_23321	one-to-many	1	2	Orthologues/Hsap.tsv
Sman__Smp_315700	Hsap	Hsap__GeneID_5829, Hsap__GeneID_7041, Hsap__GeneID_9404	one-to-many	1	3	Orthologues/Hsap.tsv
Sman__Smp_248010	Hsap	Hsap__GeneID_126374, Hsap__GeneID_84962, Hsap__GeneID_8994	one-to-many	1	3	Orthologues/Hsap.tsv
Sman__Smp_150220	Hsap	Hsap__GeneID_5798, Hsap__GeneID_5799	one-to-many	1	2	Orthologues/Hsap.tsv
Sman__Smp_137610	Hsap	Hsap__GeneID_2185, Hsap__GeneID_5747	one-to-many	1	2	Orthologues/Hsap.tsv
Sman__Smp_343650	Hsap	Hsap__GeneID_284217, Hsap__GeneID_3908	one-to-many	1	2	Orthologues/Hsap.tsv
Sman__Smp_096310	Hsap	Hsap__GeneID_5584, Hsap__GeneID_5590	one-to-many	1	2	Orthologues/Hsap.tsv
Sman__Smp_176750	Hsap	Hsap__GeneID_22848, Hsap__GeneID_55589	one-to-many	1	2	Orthologues/Hsap.tsv
Sman__Smp_157350	Hsap	Hsap__GeneID_8408, Hsap__GeneID_9706	one-to-many	1	2	Orthologues/Hsap.tsv
Sman__Smp_165070	Hsap	Hsap__GeneID_100288695, Hsap__GeneID_3987, Hsap__GeneID_55679, Hsap__GeneID_96626	one-to-many	1	4	Orthologues/Hsap.tsv
Sman__Smp_053560	Hsap	Hsap__GeneID_7867, Hsap__GeneID_9261	one-to-many	1	2	Orthologues/Hsap.tsv
Sman__Smp_247740	Hsap	Hsap__GeneID_1627, Hsap__GeneID_28988	one-to-many	1	2	Orthologues/Hsap.tsv
Sman__Smp_131800	Hsap	Hsap__GeneID_27347, Hsap__GeneID_9943	one-to-many	1	2	Orthologues/Hsap.tsv
Sman__Smp_308420	Hsap	Hsap__GeneID_11344, Hsap__GeneID_5756	one-to-many	1	2	Orthologues/Hsap.tsv
Sman__Smp_328200	Hsap	Hsap__GeneID_2764, Hsap__GeneID_9535	one-to-many	1	2	Orthologues/Hsap.tsv
Sman__Smp_179070	Hsap	Hsap__GeneID_6198, Hsap__GeneID_6199	one-to-many	1	2	Orthologues/Hsap.tsv
Sman__Smp_103570	Hsap	Hsap__GeneID_11329, Hsap__GeneID_23012	one-to-many	1	2	Orthologues/Hsap.tsv
Sman__Smp_141230	Hsap	Hsap__GeneID_8444, Hsap__GeneID_8445	one-to-many	1	2	Orthologues/Hsap.tsv
Sman__Smp_008260	Hsap	Hsap__GeneID_2931, Hsap__GeneID_2932	one-to-many	1	2	Orthologues/Hsap.tsv
Sman__Smp_003000	Hsap	Hsap__GeneID_1025	many-to-one	2	1	Orthologues/Hsap.tsv
Sman__Smp_094760	Hsap	Hsap__GeneID_1025	many-to-one	2	1	Orthologues/Hsap.tsv
Sman__Smp_125360	Hsap	Hsap__GeneID_1445, Hsap__GeneID_4145	one-to-many	1	2	Orthologues/Hsap.tsv
Sman__Smp_012740	Hsap	Hsap__GeneID_57037	one-to-one	1	1	Orthologues/Hsap.tsv
Sman__Smp_098840	Hsap	Hsap__GeneID_5260, Hsap__GeneID_5261	one-to-many	1	2	Orthologues/Hsap.tsv
Sman__Smp_063040	Hsap	Hsap__GeneID_51412, Hsap__GeneID_86	one-to-many	1	2	Orthologues/Hsap.tsv
Sman__Smp_047870	Hsap	Hsap__GeneID_3984, Hsap__GeneID_3985	one-to-many	1	2	Orthologues/Hsap.tsv
Sman__Smp_072870	Hsap	Hsap__GeneID_10120, Hsap__GeneID_10121	one-to-many	1	2	Orthologues/Hsap.tsv
Sman__Smp_202970	Hsap	Hsap__GeneID_139741, Hsap__GeneID_140625, Hsap__GeneID_84517	many-to-many	2	3	Orthologues/Hsap.tsv
Sman__Smp_203130	Hsap	Hsap__GeneID_139741, Hsap__GeneID_140625, Hsap__GeneID_84517	many-to-many	2	3	Orthologues/Hsap.tsv
Sman__Smp_078230	Hsap	Hsap__GeneID_5592	many-to-one	2	1	Orthologues/Hsap.tsv
Sman__Smp_210740	Hsap	Hsap__GeneID_10096, Hsap__GeneID_57180	one-to-many	1	2	Orthologues/Hsap.tsv
Sman__Smp_344780	Hsap	Hsap__GeneID_6259	one-to-one	1	1	Orthologues/Hsap.tsv
Sman__Smp_074080	Hsap	Hsap__GeneID_51701	one-to-one	1	1	Orthologues/Hsap.tsv
Sman__Smp_026510	Hsap	Hsap__GeneID_5604, Hsap__GeneID_5605	one-to-many	1	2	Orthologues/Hsap.tsv
Sman__Smp_212730	Hsap	Hsap__GeneID_2444	one-to-one	1	1	Orthologues/Hsap.tsv
Sman__Smp_097940	Hsap	Hsap__GeneID_10783, Hsap__GeneID_140609	one-to-many	1	2	Orthologues/Hsap.tsv
Sman__Smp_086690	Hsap	Hsap__GeneID_6416	one-to-one	1	1	Orthologues/Hsap.tsv
Sman__Smp_085690	Hsap	Hsap__GeneID_124923	many-to-one	2	1	Orthologues/Hsap.tsv
Sman__Smp_101290	Hsap	Hsap__GeneID_10097	one-to-one	1	1	Orthologues/Hsap.tsv
Sman__Smp_171370	Hsap	Hsap__GeneID_11200	one-to-one	1	1	Orthologues/Hsap.tsv
Sman__Smp_079760	Hsap	Hsap__GeneID_3611	one-to-one	1	1	Orthologues/Hsap.tsv
Sman__Smp_094190	Hsap	Hsap__GeneID_167359	one-to-one	1	1	Orthologues/Hsap.tsv
Sman__Smp_093230	Hsap	Hsap__GeneID_55860	one-to-one	1	1	Orthologues/Hsap.tsv
Sman__Smp_309860	Hsap	Hsap__GeneID_57763, Hsap__GeneID_8625	one-to-many	1	2	Orthologues/Hsap.tsv
Sman__Smp_194610	Hsap	Hsap__GeneID_5613	one-to-one	1	1	Orthologues/Hsap.tsv
Sman__Smp_073340	Hsap	Hsap__GeneID_1020	one-to-one	1	1	Orthologues/Hsap.tsv
Sman__Smp_246050	Hsap	Hsap__GeneID_7414	one-to-one	1	1	Orthologues/Hsap.tsv
Sman__Smp_094250	Hsap	Hsap__GeneID_5170	one-to-one	1	1	Orthologues/Hsap.tsv
Sman__Smp_135570	Hsap	Hsap__GeneID_64431	one-to-one	1	1	Orthologues/Hsap.tsv
Sman__Smp_125790	Hsap	Hsap__GeneID_79913	one-to-one	1	1	Orthologues/Hsap.tsv
Sman__Smp_009800	Hsap	Hsap__GeneID_152110	one-to-one	1	1	Orthologues/Hsap.tsv
Sman__Smp_150040	Hsap	Hsap__GeneID_1022	one-to-one	1	1	Orthologues/Hsap.tsv
Sman__Smp_247600	Hsap	Hsap__GeneID_9833	one-to-one	1	1	Orthologues/Hsap.tsv
Sman__Smp_103950	Hsap	Hsap__GeneID_8558	one-to-one	1	1	Orthologues/Hsap.tsv
Sman__Smp_145190	Hsap	Hsap__GeneID_25989	one-to-one	1	1	Orthologues/Hsap.tsv
Sman__Smp_313640	Hsap	Hsap__GeneID_93973	one-to-one	1	1	Orthologues/Hsap.tsv
Shae__MS3_00004525	Mmus	Mmus__GeneID_11459, Mmus__GeneID_11461, Mmus__GeneID_11464, Mmus__GeneID_11465, Mmus__GeneID_11468, Mmus__GeneID_11475, Mmus__GeneID_232339, Mmus__GeneID_75196	one-to-many	1	8	Orthologues/Mmus.tsv
Shae__MS3_00003616	Mmus	Mmus__GeneID_106042, Mmus__GeneID_14199, Mmus__GeneID_14200, Mmus__GeneID_14201, Mmus__GeneID_14202, Mmus__GeneID_21753, Mmus__GeneID_236749, Mmus__GeneID_243548, Mmus__GeneID_381104, Mmus__GeneID_54630, Mmus__GeneID_57756	many-to-many	2	11	Orthologues/Mmus.tsv
Shae__MS3_00002568	Mmus	Mmus__GeneID_106042, Mmus__GeneID_14199, Mmus__GeneID_14200, Mmus__GeneID_14201, Mmus__GeneID_14202, Mmus__GeneID_21753, Mmus__GeneID_236749, Mmus__GeneID_243548, Mmus__GeneID_381104, Mmus__GeneID_54630, Mmus__GeneID_57756	many-to-many	2	11	Orthologues/Mmus.tsv
Shae__MS3_00008738	Mmus	Mmus__GeneID_12143, Mmus__GeneID_14191, Mmus__GeneID_14360, Mmus__GeneID_15162, Mmus__GeneID_16818, Mmus__GeneID_17096, Mmus__GeneID_20779, Mmus__GeneID_22612	many-to-many	3	8	Orthologues/Mmus.tsv
Shae__MS3_00002771	Mmus	Mmus__GeneID_12143, Mmus__GeneID_14191, Mmus__GeneID_14360, Mmus__GeneID_15162, Mmus__GeneID_16818, Mmus__GeneID_17096, Mmus__GeneID_20779, Mmus__GeneID_22612	many-to-many	3	8	Orthologues/Mmus.tsv
Shae__MS3_00009264	Mmus	Mmus__GeneID_12143, Mmus__GeneID_14191, Mmus__GeneID_14360, Mmus__GeneID_15162, Mmus__GeneID_16818, Mmus__GeneID_17096, Mmus__GeneID_20779, Mmus__GeneID_22612	many-to-many	3	8	Orthologues/Mmus.tsv
Shae__MS3_00005611	Mmus	Mmus__GeneID_12824, Mmus__GeneID_12825, Mmus__GeneID_12832, Mmus__GeneID_12842, Mmus__GeneID_12843, Mmus__GeneID_373864, Mmus__GeneID_71355	many-to-many	3	7	Orthologues/Mmus.tsv
Shae__MS3_00007363	Mmus	Mmus__GeneID_12824, Mmus__GeneID_12825, Mmus__GeneID_12832, Mmus__GeneID_12842, Mmus__GeneID_12843, Mmus__GeneID_373864, Mmus__GeneID_71355	many-to-many	3	7	Orthologues/Mmus.tsv
Shae__MS3_00007701	Mmus	Mmus__GeneID_12824, Mmus__GeneID_12825, Mmus__GeneID_12832, Mmus__GeneID_12842, Mmus__GeneID_12843, Mmus__GeneID_373864, Mmus__GeneID_71355	many-to-many	3	7	Orthologues/Mmus.tsv
Shae__MS3_00006308	Mmus	Mmus__GeneID_100504491, Mmus__GeneID_195208, Mmus__GeneID_19888, Mmus__GeneID_227541, Mmus__GeneID_52163, Mmus__GeneID_68511, Mmus__GeneID_93843	many-to-many	2	7	Orthologues/Mmus.tsv
Shae__MS3_00001861	Mmus	Mmus__GeneID_12826, Mmus__GeneID_12827, Mmus__GeneID_12828, Mmus__GeneID_12829, Mmus__GeneID_12830, Mmus__GeneID_94216	many-to-many	3	6	Orthologues/Mmus.tsv
Shae__MS3_00000941	Mmus	Mmus__GeneID_12826, Mmus__GeneID_12827, Mmus__GeneID_12828, Mmus__GeneID_12829, Mmus__GeneID_12830, Mmus__GeneID_94216	many-to-many	3	6	Orthologues/Mmus.tsv
Shae__MS3_00010191	Mmus	Mmus__GeneID_12826, Mmus__GeneID_12827, Mmus__GeneID_12828, Mmus__GeneID_12829, Mmus__GeneID_12830, Mmus__GeneID_94216	many-to-many	3	6	Orthologues/Mmus.tsv
Shae__MS3_00009872	Mmus	Mmus__GeneID_104099, Mmus__GeneID_16399, Mmus__GeneID_16401, Mmus__GeneID_16402, Mmus__GeneID_16410, Mmus__GeneID_241226	one-to-many	1	6	Orthologues/Mmus.tsv
Shae__MS3_00007339	Mmus	Mmus__GeneID_110542, Mmus__GeneID_11480, Mmus__GeneID_11481, Mmus__GeneID_12168, Mmus__GeneID_21813	one-to-many	1	5	Orthologues/Mmus.tsv
Shae__MS3_00003923	Mmus	Mmus__GeneID_18750, Mmus__GeneID_18751, Mmus__GeneID_18752, Mmus__GeneID_18753, Mmus__GeneID_18761	many-to-many	2	5	Orthologues/Mmus.tsv
Shae__MS3_00003400	Mmus	Mmus__GeneID_18750, Mmus__GeneID_18751, Mmus__GeneID_18752, Mmus__GeneID_18753, Mmus__GeneID_18761	many-to-many	2	5	Orthologues/Mmus.tsv
Shae__MS3_00006229	Mmus	Mmus__GeneID_20741, Mmus__GeneID_20742, Mmus__GeneID_20743, Mmus__GeneID_640524, Mmus__GeneID_80297	many-to-many	2	5	Orthologues/Mmus.tsv
Shae__MS3_00008194	Mmus	Mmus__GeneID_20741, Mmus__GeneID_20742, Mmus__GeneID_20743, Mmus__GeneID_640524, Mmus__GeneID_80297	many-to-many	2	5	Orthologues/Mmus.tsv
Shae__MS3_00010396	Mmus	Mmus__GeneID_110651, Mmus__GeneID_20111, Mmus__GeneID_20112, Mmus__GeneID_56613, Mmus__GeneID_67071, Mmus__GeneID_73086	one-to-many	1	6	Orthologues/Mmus.tsv
Shae__MS3_00005588	Mmus	Mmus__GeneID_14772, Mmus__GeneID_14773, Mmus__GeneID_24013, Mmus__GeneID_26385	one-to-many	1	4	Orthologues/Mmus.tsv
Shae__MS3_00009865	Mmus	Mmus__GeneID_16412, Mmus__GeneID_16414, Mmus__GeneID_16415, Mmus__GeneID_16416, Mmus__GeneID_16419, Mmus__GeneID_16420, Mmus__GeneID_16421	one-to-many	1	7	Orthologues/Mmus.tsv
Shae__MS3_00006334	Mmus	Mmus__GeneID_14182, Mmus__GeneID_14183, Mmus__GeneID_14184, Mmus__GeneID_14186	one-to-many	1	4	Orthologues/Mmus.tsv
Shae__MS3_00006934	Mmus	Mmus__GeneID_109711, Mmus__GeneID_11472, Mmus__GeneID_11474, Mmus__GeneID_60595	many-to-many	2	4	Orthologues/Mmus.tsv
Shae__MS3_00006657	Mmus	Mmus__GeneID_109711, Mmus__GeneID_11472, Mmus__GeneID_11474, Mmus__GeneID_60595	many-to-many	2	4	Orthologues/Mmus.tsv
Shae__MS3_00004398	Mmus	Mmus__GeneID_12631, Mmus__GeneID_12632, Mmus__GeneID_56431	many-to-many	2	3	Orthologues/Mmus.tsv
Shae__MS3_00005166	Mmus	Mmus__GeneID_12631, Mmus__GeneID_12632, Mmus__GeneID_56431	many-to-many	2	3	Orthologues/Mmus.tsv
Shae__MS3_00003104	Mmus	Mmus__GeneID_26409, Mmus__GeneID_56532, Mmus__GeneID_65964	one-to-many	1	3	Orthologues/Mmus.tsv
Shae__MS3_00006333	Mmus	Mmus__GeneID_24131, Mmus__GeneID_56376, Mmus__GeneID_67399	one-to-many	1	3	Orthologues/Mmus.tsv
Shae__MS3_00003948	Mmus	Mmus__GeneID_102414, Mmus__GeneID_105943584, Mmus__GeneID_12747, Mmus__GeneID_12748, Mmus__GeneID_12750	many-to-many	2	5	Orthologues/Mmus.tsv
Shae__MS3_00005799	Mmus	Mmus__GeneID_192176, Mmus__GeneID_286940, Mmus__GeneID_68794	many-to-many	2	3	Orthologues/Mmus.tsv
Shae__MS3_00007970	Mmus	Mmus__GeneID_192176, Mmus__GeneID_286940, Mmus__GeneID_68794	many-to-many	2	3	Orthologues/Mmus.tsv
Shae__MS3_00010057	Mmus	Mmus__GeneID_12814, Mmus__GeneID_12815, Mmus__GeneID_12831, Mmus__GeneID_53867	many-to-many	2	4	Orthologues/Mmus.tsv
Shae__MS3_00001716	Mmus	Mmus__GeneID_12814, Mmus__GeneID_12815, Mmus__GeneID_12831, Mmus__GeneID_53867	many-to-many	2	4	Orthologues/Mmus.tsv
Shae__MS3_00006560	Mmus	Mmus__GeneID_19094, Mmus__GeneID_26415, Mmus__GeneID_26416, Mmus__GeneID_29857	one-to-many	1	4	Orthologues/Mmus.tsv
Shae__MS3_00005028	Mmus	Mmus__GeneID_16001, Mmus__GeneID_16337, Mmus__GeneID_23920	many-to-many	2	3	Orthologues/Mmus.tsv
Shae__MS3_00010577	Mmus	Mmus__GeneID_11790, Mmus__GeneID_213435, Mmus__GeneID_228785, Mmus__GeneID_238564	one-to-many	1	4	Orthologues/Mmus.tsv
Shae__MS3_00003633	Mmus	Mmus__GeneID_18747, Mmus__GeneID_18749	many-to-many	3	2	Orthologues/Mmus.tsv
Shae__MS3_00002636	Mmus	Mmus__GeneID_18747, Mmus__GeneID_18749	many-to-many	3	2	Orthologues/Mmus.tsv
Shae__MS3_00008682	Mmus	Mmus__GeneID_18747, Mmus__GeneID_18749	many-to-many	3	2	Orthologues/Mmus.tsv
Shae__MS3_00003383	Mmus	Mmus__GeneID_108058, Mmus__GeneID_12322, Mmus__GeneID_12323, Mmus__GeneID_12325	one-to-many	1	4	Orthologues/Mmus.tsv
Shae__MS3_00003129	Mmus	Mmus__GeneID_210126, Mmus__GeneID_22051, Mmus__GeneID_22793, Mmus__GeneID_74202	one-to-many	1	4	Orthologues/Mmus.tsv
Shae__MS3_00004070	Mmus	Mmus__GeneID_18208, Mmus__GeneID_18209	many-to-many	2	2	Orthologues/Mmus.tsv
Shae__MS3_00003962	Mmus	Mmus__GeneID_18208, Mmus__GeneID_18209	many-to-many	2	2	Orthologues/Mmus.tsv
Shae__MS3_00001484	Mmus	Mmus__GeneID_12169, Mmus__GeneID_12229, Mmus__GeneID_16428, Mmus__GeneID_21682, Mmus__GeneID_22165	one-to-many	1	5	Orthologues/Mmus.tsv
Shae__MS3_00005260	Mmus	Mmus__GeneID_13143, Mmus__GeneID_13144, Mmus__GeneID_69635	one-to-many	1	3	Orthologues/Mmus.tsv
Shae__MS3_00009762	Mmus	Mmus__GeneID_14158, Mmus__GeneID_14159	one-to-many	1	2	Orthologues/Mmus.tsv
Shae__MS3_00010367	Mmus	Mmus__GeneID_11682, Mmus__GeneID_17005, Mmus__GeneID_19886	one-to-many	1	3	Orthologues/Mmus.tsv
Shae__MS3_00002812	Mmus	Mmus__GeneID_170755, Mmus__GeneID_20393, Mmus__GeneID_27219	one-to-many	1	3	Orthologues/Mmus.tsv
Shae__MS3_00007742	Mmus	Mmus__GeneID_16400, Mmus__GeneID_16403, Mmus__GeneID_16404	one-to-many	1	3	Orthologues/Mmus.tsv
Shae__MS3_00003235	Mmus	Mmus__GeneID_108101, Mmus__GeneID_218952, Mmus__GeneID_241639	one-to-many	1	3	Orthologues/Mmus.tsv
Shae__MS3_00004635	Mmus	Mmus__GeneID_22625, Mmus__GeneID_56274, Mmus__GeneID_58231	one-to-many	1	3	Orthologues/Mmus.tsv
Shae__MS3_00006730	Mmus	Mmus__GeneID_11350, Mmus__GeneID_11352	many-to-many	2	2	Orthologues/Mmus.tsv
Shae__MS3_00008020	Mmus	Mmus__GeneID_11479, Mmus__GeneID_21812, Mmus__GeneID_269275	one-to-many	1	3	Orthologues/Mmus.tsv
Shae__MS3_00002403	Mmus	Mmus__GeneID_381113, Mmus__GeneID_71091	many-to-many	2	2	Orthologues/Mmus.tsv
Shae__MS3_00005037	Mmus	Mmus__GeneID_11651, Mmus__GeneID_11652, Mmus__GeneID_23797	one-to-many	1	3	Orthologues/Mmus.tsv
Shae__MS3_00004152	Mmus	Mmus__GeneID_223255, Mmus__GeneID_59041, Mmus__GeneID_70415	one-to-many	1	3	Orthologues/Mmus.tsv
Shae__MS3_00001471	Mmus	Mmus__GeneID_12795, Mmus__GeneID_18817, Mmus__GeneID_216166	one-to-many	1	3	Orthologues/Mmus.tsv
Shae__MS3_00001770	Mmus	Mmus__GeneID_21894, Mmus__GeneID_70549	many-to-many	2	2	Orthologues/Mmus.tsv
Shae__MS3_00000278	Mmus	Mmus__GeneID_21894, Mmus__GeneID_70549	many-to-many	2	2	Orthologues/Mmus.tsv
Shae__MS3_00004019	Mmus	Mmus__GeneID_20871, Mmus__GeneID_20877, Mmus__GeneID_20878	one-to-many	1	3	Orthologues/Mmus.tsv
Shae__MS3_00008679	Mmus	Mmus__GeneID_12534, Mmus__GeneID_12566	one-to-many	1	2	Orthologues/Mmus.tsv
Shae__MS3_00007343	Mmus	Mmus__GeneID_12385, Mmus__GeneID_12386, Mmus__GeneID_216033	one-to-many	1	3	Orthologues/Mmus.tsv
Shae__MS3_00000487	Mmus	Mmus__GeneID_16777, Mmus__GeneID_16779	one-to-many	1	2	Orthologues/Mmus.tsv
Shae__MS3_00002201	Mmus	Mmus__GeneID_17691, Mmus__GeneID_235344	one-to-many	1	2	Orthologues/Mmus.tsv
Shae__MS3_00010729	Mmus	Mmus__GeneID_26413, Mmus__GeneID_26417	many-to-many	2	2	Orthologues/Mmus.tsv
Shae__MS3_00008190	Mmus	Mmus__GeneID_26413, Mmus__GeneID_26417	many-to-many	2	2	Orthologues/Mmus.tsv
Shae__MS3_00008614	Mmus	Mmus__GeneID_104318, Mmus__GeneID_27373	one-to-many	1	2	Orthologues/Mmus.tsv
Shae__MS3_00004470	Mmus	Mmus__GeneID_12649	one-to-one	1	1	Orthologues/Mmus.tsv
Shae__MS3_00005288	Mmus	Mmus__GeneID_215114, Mmus__GeneID_29816	one-to-many	1	2	Orthologues/Mmus.tsv
Shae__MS3_00004459	Mmus	Mmus__GeneID_16782, Mmus__GeneID_226519, Mmus__GeneID_23928	one-to-many	1	3	Orthologues/Mmus.tsv
Shae__MS3_00002715	Mmus	Mmus__GeneID_105787, Mmus__GeneID_108079	one-to-many	1	2	Orthologues/Mmus.tsv
Shae__MS3_00003183	Mmus	Mmus__GeneID_19246, Mmus__GeneID_19255	one-to-many	1	2	Orthologues/Mmus.tsv
Shae__MS3_00007880	Mmus	Mmus__GeneID_55992, Mmus__GeneID_80890	one-to-many	1	2	Orthologues/Mmus.tsv
Shae__MS3_00001381	Mmus	Mmus__GeneID_107321, Mmus__GeneID_19303, Mmus__GeneID_21804	one-to-many	1	3	Orthologues/Mmus.tsv
Shae__MS3_00008284	Mmus	Mmus__GeneID_101543, Mmus__GeneID_16475, Mmus__GeneID_29806	one-to-many	1	3	Orthologues/Mmus.tsv
Shae__MS3_00003535	Mmus	Mmus__GeneID_17152, Mmus__GeneID_56542	one-to-many	1	2	Orthologues/Mmus.tsv
Shae__MS3_00005371	Mmus	Mmus__GeneID_19275, Mmus__GeneID_19276	one-to-many	1	2	Orthologues/Mmus.tsv
Shae__MS3_00002824	Mmus	Mmus__GeneID_14083, Mmus__GeneID_19229	one-to-many	1	2	Orthologues/Mmus.tsv
Shae__MS3_00008957	Mmus	Mmus__GeneID_16772, Mmus__GeneID_16773	many-to-many	3	2	Orthologues/Mmus.tsv
Shae__MS3_00004315	Mmus	Mmus__GeneID_18759, Mmus__GeneID_18762	one-to-many	1	2	Orthologues/Mmus.tsv
Shae__MS3_00008601	Mmus	Mmus__GeneID_140780, Mmus__GeneID_269774	one-to-many	1	2	Orthologues/Mmus.tsv
Shae__MS3_00006313	Mmus	Mmus__GeneID_22241, Mmus__GeneID_29869	one-to-many	1	2	Orthologues/Mmus.tsv
Shae__MS3_00001825	Mmus	Mmus__GeneID_110829, Mmus__GeneID_225341	one-to-many	1	2	Orthologues/Mmus.tsv
Shae__MS3_00007604	Mmus	Mmus__GeneID_102626, Mmus__GeneID_17164	one-to-many	1	2	Orthologues/Mmus.tsv
Shae__MS3_00007496	Mmus	Mmus__GeneID_13169, Mmus__GeneID_56320	one-to-many	1	2	Orthologues/Mmus.tsv
Shae__MS3_00002424	Mmus	Mmus__GeneID_108737, Mmus__GeneID_53416	one-to-many	1	2	Orthologues/Mmus.tsv
Shae__MS3_00005251	Mmus	Mmus__GeneID_19230, Mmus__GeneID_23999	one-to-many	1	2	Orthologues/Mmus.tsv
Shae__MS3_00006566	Mmus	Mmus__GeneID_100040018, Mmus__GeneID_63985, Mmus__GeneID_63986	one-to-many	1	3	Orthologues/Mmus.tsv
Shae__MS3_00007109	Mmus	Mmus__GeneID_58988, Mmus__GeneID_72508	one-to-many	1	2	Orthologues/Mmus.tsv
Shae__MS3_00006767	Mmus	Mmus__GeneID_106504, Mmus__GeneID_232533	one-to-many	1	2	Orthologues/Mmus.tsv
Shae__MS3_00004405	Mmus	Mmus__GeneID_19092	many-to-one	2	1	Orthologues/Mmus.tsv
Shae__MS3_00005586	Mmus	Mmus__GeneID_226419, Mmus__GeneID_69181	one-to-many	1	2	Orthologues/Mmus.tsv
Shae__MS3_00001662	Mmus	Mmus__GeneID_56637, Mmus__GeneID_606496	one-to-many	1	2	Orthologues/Mmus.tsv
Shae__MS3_00003544	Mmus	Mmus__GeneID_107951	many-to-one	2	1	Orthologues/Mmus.tsv
Shae__MS3_00002534	Mmus	Mmus__GeneID_107951	many-to-one	2	1	Orthologues/Mmus.tsv
Shae__MS3_00009653	Mmus	Mmus__GeneID_12988, Mmus__GeneID_17179	one-to-many	1	2	Orthologues/Mmus.tsv
Shae__MS3_00008061	Mmus	Mmus__GeneID_217473	one-to-one	1	1	Orthologues/Mmus.tsv
Shae__MS3_00005382	Mmus	Mmus__GeneID_69131, Mmus__GeneID_69562	one-to-many	1	2	Orthologues/Mmus.tsv
Shae__MS3_00001786	Mmus	Mmus__GeneID_18682, Mmus__GeneID_68961	one-to-many	1	2	Orthologues/Mmus.tsv
Shae__MS3_00008174	Mmus	Mmus__GeneID_56456, Mmus__GeneID_83766	one-to-many	1	2	Orthologues/Mmus.tsv
Shae__MS3_00006076	Mmus	Mmus__GeneID_16885, Mmus__GeneID_16886	one-to-many	1	2	Orthologues/Mmus.tsv
Shae__MS3_00004774	Mmus	Mmus__GeneID_226977, Mmus__GeneID_54130	one-to-many	1	2	Orthologues/Mmus.tsv
Shae__MS3_00008746	Mmus	Mmus__GeneID_73353, Mmus__GeneID_76652	many-to-many	2	2	Orthologues/Mmus.tsv
Shae__MS3_00008744	Mmus	Mmus__GeneID_73353, Mmus__GeneID_76652	many-to-many	2	2	Orthologues/Mmus.tsv
Shae__MS3_00008685	Mmus	Mmus__GeneID_19091	many-to-one	2	1	Orthologues/Mmus.tsv
Shae__MS3_00011163	Mmus	Mmus__GeneID_242894, Mmus__GeneID_74117	one-to-many	1	2	Orthologues/Mmus.tsv
Shae__MS3_00006556	Mmus	Mmus__GeneID_20187	one-to-one	1	1	Orthologues/Mmus.tsv
Shae__MS3_00005021	Mmus	Mmus__GeneID_18099	one-to-one	1	1	Orthologues/Mmus.tsv
Shae__MS3_00004657	Mmus	Mmus__GeneID_26395, Mmus__GeneID_26396	one-to-many	1	2	Orthologues/Mmus.tsv
Shae__MS3_00004068	Mmus	Mmus__GeneID_14302	many-to-one	2	1	Orthologues/Mmus.tsv
Shae__MS3_00003724	Mmus	Mmus__GeneID_59125, Mmus__GeneID_59126	one-to-many	1	2	Orthologues/Mmus.tsv
Shae__MS3_00008971	Mmus	Mmus__GeneID_26398	one-to-one	1	1	Orthologues/Mmus.tsv
Shae__MS3_00008673	Mmus	Mmus__GeneID_216976	one-to-one	1	1	Orthologues/Mmus.tsv
Shae__MS3_00010803	Mmus	Mmus__GeneID_66713	one-to-one	1	1	Orthologues/Mmus.tsv
Shae__MS3_00007174	Mmus	Mmus__GeneID_50883	one-to-one	1	1	Orthologues/Mmus.tsv
Shae__MS3_00005632	Mmus	Mmus__GeneID_16202	one-to-one	1	1	Orthologues/Mmus.tsv
Shae__MS3_00004076	Mmus	Mmus__GeneID_245269	one-to-one	1	1	Orthologues/Mmus.tsv
Shae__MS3_00007430	Mmus	Mmus__GeneID_56444	one-to-one	1	1	Orthologues/Mmus.tsv
Shae__MS3_00008566	Mmus	Mmus__GeneID_12568	one-to-one	1	1	Orthologues/Mmus.tsv
Shae__MS3_00007047	Mmus	Mmus__GeneID_22330	one-to-one	1	1	Orthologues/Mmus.tsv
Shae__MS3_00007700	Mmus	Mmus__GeneID_67019	one-to-one	1	1	Orthologues/Mmus.tsv
Shae__MS3_00009134	Mmus	Mmus__GeneID_56503	one-to-one	1	1	Orthologues/Mmus.tsv
Shae__MS3_00008251	Mmus	Mmus__GeneID_73845	many-to-one	2	1	Orthologues/Mmus.tsv
Shae__MS3_00001622	Mmus	Mmus__GeneID_674895	one-to-one	1	1	Orthologues/Mmus.tsv
Shae__MS3_00007449	Mmus	Mmus__GeneID_17279	one-to-one	1	1	Orthologues/Mmus.tsv
Shae__MS3_00007688	Mmus	Mmus__GeneID_71742	one-to-one	1	1	Orthologues/Mmus.tsv
Shae__MS3_00007411	Mmus	Mmus__GeneID_56249	one-to-one	1	1	Orthologues/Mmus.tsv
Shae__MS3_00011141	Mmus	Mmus__GeneID_19256	one-to-one	1	1	Orthologues/Mmus.tsv
Sjap__EWB00_002502	Mmus	Mmus__GeneID_11459, Mmus__GeneID_11461, Mmus__GeneID_11464, Mmus__GeneID_11465, Mmus__GeneID_11468, Mmus__GeneID_11475, Mmus__GeneID_232339, Mmus__GeneID_75196	one-to-many	1	8	Orthologues/Mmus.tsv
Sjap__EWB00_008162	Mmus	Mmus__GeneID_13835, Mmus__GeneID_13836, Mmus__GeneID_13837, Mmus__GeneID_13838, Mmus__GeneID_13839, Mmus__GeneID_13840, Mmus__GeneID_13841, Mmus__GeneID_13842, Mmus__GeneID_13844, Mmus__GeneID_13845, Mmus__GeneID_13846, Mmus__GeneID_13848, Mmus__GeneID_230735, Mmus__GeneID_270190	many-to-many	2	14	Orthologues/Mmus.tsv
Sjap__EWB00_009388	Mmus	Mmus__GeneID_106042, Mmus__GeneID_14199, Mmus__GeneID_14200, Mmus__GeneID_14201, Mmus__GeneID_14202, Mmus__GeneID_21753, Mmus__GeneID_236749, Mmus__GeneID_243548, Mmus__GeneID_381104, Mmus__GeneID_54630, Mmus__GeneID_57756	many-to-many	2	11	Orthologues/Mmus.tsv
Sjap__EWB00_003590	Mmus	Mmus__GeneID_106042, Mmus__GeneID_14199, Mmus__GeneID_14200, Mmus__GeneID_14201, Mmus__GeneID_14202, Mmus__GeneID_21753, Mmus__GeneID_236749, Mmus__GeneID_243548, Mmus__GeneID_381104, Mmus__GeneID_54630, Mmus__GeneID_57756	many-to-many	2	11	Orthologues/Mmus.tsv
Sjap__EWB00_004406	Mmus	Mmus__GeneID_12143, Mmus__GeneID_14191, Mmus__GeneID_14360, Mmus__GeneID_15162, Mmus__GeneID_16818, Mmus__GeneID_17096, Mmus__GeneID_20779, Mmus__GeneID_22612	many-to-many	3	8	Orthologues/Mmus.tsv
Sjap__EWB00_007873	Mmus	Mmus__GeneID_12143, Mmus__GeneID_14191, Mmus__GeneID_14360, Mmus__GeneID_15162, Mmus__GeneID_16818, Mmus__GeneID_17096, Mmus__GeneID_20779, Mmus__GeneID_22612	many-to-many	3	8	Orthologues/Mmus.tsv
Sjap__EWB00_007520	Mmus	Mmus__GeneID_12143, Mmus__GeneID_14191, Mmus__GeneID_14360, Mmus__GeneID_15162, Mmus__GeneID_16818, Mmus__GeneID_17096, Mmus__GeneID_20779, Mmus__GeneID_22612	many-to-many	3	8	Orthologues/Mmus.tsv
Sjap__EWB00_007395	Mmus	Mmus__GeneID_12824, Mmus__GeneID_12825, Mmus__GeneID_12832, Mmus__GeneID_12842, Mmus__GeneID_12843, Mmus__GeneID_373864, Mmus__GeneID_71355	many-to-many	3	7	Orthologues/Mmus.tsv
Sjap__EWB00_008239	Mmus	Mmus__GeneID_12824, Mmus__GeneID_12825, Mmus__GeneID_12832, Mmus__GeneID_12842, Mmus__GeneID_12843, Mmus__GeneID_373864, Mmus__GeneID_71355	many-to-many	3	7	Orthologues/Mmus.tsv
Sjap__EWB00_010448	Mmus	Mmus__GeneID_12824, Mmus__GeneID_12825, Mmus__GeneID_12832, Mmus__GeneID_12842, Mmus__GeneID_12843, Mmus__GeneID_373864, Mmus__GeneID_71355	many-to-many	3	7	Orthologues/Mmus.tsv
Sjap__EWB00_008724	Mmus	Mmus__GeneID_100504491, Mmus__GeneID_195208, Mmus__GeneID_19888, Mmus__GeneID_227541, Mmus__GeneID_52163, Mmus__GeneID_68511, Mmus__GeneID_93843	many-to-many	2	7	Orthologues/Mmus.tsv
Sjap__EWB00_006199	Mmus	Mmus__GeneID_12826, Mmus__GeneID_12827, Mmus__GeneID_12828, Mmus__GeneID_12829, Mmus__GeneID_12830, Mmus__GeneID_94216	many-to-many	4	6	Orthologues/Mmus.tsv
Sjap__EWB00_006201	Mmus	Mmus__GeneID_12826, Mmus__GeneID_12827, Mmus__GeneID_12828, Mmus__GeneID_12829, Mmus__GeneID_12830, Mmus__GeneID_94216	many-to-many	4	6	Orthologues/Mmus.tsv
Sjap__EWB00_001102	Mmus	Mmus__GeneID_12826, Mmus__GeneID_12827, Mmus__GeneID_12828, Mmus__GeneID_12829, Mmus__GeneID_12830, Mmus__GeneID_94216	many-to-many	4	6	Orthologues/Mmus.tsv
Sjap__EWB00_006200	Mmus	Mmus__GeneID_12826, Mmus__GeneID_12827, Mmus__GeneID_12828, Mmus__GeneID_12829, Mmus__GeneID_12830, Mmus__GeneID_94216	many-to-many	4	6	Orthologues/Mmus.tsv
Sjap__EWB00_002919	Mmus	Mmus__GeneID_104099, Mmus__GeneID_16399, Mmus__GeneID_16401, Mmus__GeneID_16402, Mmus__GeneID_16410, Mmus__GeneID_241226	one-to-many	1	6	Orthologues/Mmus.tsv
Sjap__EWB00_001228	Mmus	Mmus__GeneID_110542, Mmus__GeneID_11480, Mmus__GeneID_11481, Mmus__GeneID_12168, Mmus__GeneID_21813	one-to-many	1	5	Orthologues/Mmus.tsv
Sjap__EWB00_009358	Mmus	Mmus__GeneID_18750, Mmus__GeneID_18751, Mmus__GeneID_18752, Mmus__GeneID_18753, Mmus__GeneID_18761	one-to-many	1	5	Orthologues/Mmus.tsv
Sjap__EWB00_010727	Mmus	Mmus__GeneID_20741, Mmus__GeneID_20742, Mmus__GeneID_20743, Mmus__GeneID_640524, Mmus__GeneID_80297	many-to-many	2	5	Orthologues/Mmus.tsv
Sjap__EWB00_004137	Mmus	Mmus__GeneID_20741, Mmus__GeneID_20742, Mmus__GeneID_20743, Mmus__GeneID_640524, Mmus__GeneID_80297	many-to-many	2	5	Orthologues/Mmus.tsv
Sjap__EWB00_002194	Mmus	Mmus__GeneID_110651, Mmus__GeneID_20111, Mmus__GeneID_20112, Mmus__GeneID_56613, Mmus__GeneID_67071, Mmus__GeneID_73086	one-to-many	1	6	Orthologues/Mmus.tsv
Sjap__EWB00_002869	Mmus	Mmus__GeneID_16412, Mmus__GeneID_16414, Mmus__GeneID_16415, Mmus__GeneID_16416, Mmus__GeneID_16419, Mmus__GeneID_16420, Mmus__GeneID_16421	one-to-many	1	7	Orthologues/Mmus.tsv
Sjap__EWB00_008748	Mmus	Mmus__GeneID_14182, Mmus__GeneID_14183, Mmus__GeneID_14184, Mmus__GeneID_14186	one-to-many	1	4	Orthologues/Mmus.tsv
Sjap__EWB00_006050	Mmus	Mmus__GeneID_109711, Mmus__GeneID_11472, Mmus__GeneID_11474, Mmus__GeneID_60595	many-to-many	2	4	Orthologues/Mmus.tsv
Sjap__EWB00_010649	Mmus	Mmus__GeneID_109711, Mmus__GeneID_11472, Mmus__GeneID_11474, Mmus__GeneID_60595	many-to-many	2	4	Orthologues/Mmus.tsv
Sjap__EWB00_008807	Mmus	Mmus__GeneID_12631, Mmus__GeneID_12632, Mmus__GeneID_56431	many-to-many	2	3	Orthologues/Mmus.tsv
Sjap__EWB00_003359	Mmus	Mmus__GeneID_12631, Mmus__GeneID_12632, Mmus__GeneID_56431	many-to-many	2	3	Orthologues/Mmus.tsv
Sjap__EWB00_009781	Mmus	Mmus__GeneID_26409, Mmus__GeneID_56532, Mmus__GeneID_65964	one-to-many	1	3	Orthologues/Mmus.tsv
Sjap__EWB00_006315	Mmus	Mmus__GeneID_19134	many-to-one	6	1	Orthologues/Mmus.tsv
Sjap__EWB00_008747	Mmus	Mmus__GeneID_24131, Mmus__GeneID_56376, Mmus__GeneID_67399	one-to-many	1	3	Orthologues/Mmus.tsv
Sjap__EWB00_004179	Mmus	Mmus__GeneID_102414, Mmus__GeneID_105943584, Mmus__GeneID_12747, Mmus__GeneID_12748, Mmus__GeneID_12750	many-to-many	2	5	Orthologues/Mmus.tsv
Sjap__EWB00_002775	Mmus	Mmus__GeneID_192176, Mmus__GeneID_286940, Mmus__GeneID_68794	many-to-many	2	3	Orthologues/Mmus.tsv
Sjap__EWB00_006234	Mmus	Mmus__GeneID_192176, Mmus__GeneID_286940, Mmus__GeneID_68794	many-to-many	2	3	Orthologues/Mmus.tsv
Sjap__EWB00_001311	Mmus	Mmus__GeneID_12814, Mmus__GeneID_12815, Mmus__GeneID_12831, Mmus__GeneID_53867	many-to-many	2	4	Orthologues/Mmus.tsv
Sjap__EWB00_000274	Mmus	Mmus__GeneID_12814, Mmus__GeneID_12815, Mmus__GeneID_12831, Mmus__GeneID_53867	many-to-many	2	4	Orthologues/Mmus.tsv
Sjap__EWB00_009122	Mmus	Mmus__GeneID_19094, Mmus__GeneID_26415, Mmus__GeneID_26416, Mmus__GeneID_29857	one-to-many	1	4	Orthologues/Mmus.tsv
Sjap__EWB00_007965	Mmus	Mmus__GeneID_16001, Mmus__GeneID_16337, Mmus__GeneID_23920	many-to-many	2	3	Orthologues/Mmus.tsv
Sjap__EWB00_003876	Mmus	Mmus__GeneID_11790, Mmus__GeneID_213435, Mmus__GeneID_228785, Mmus__GeneID_238564	one-to-many	1	4	Orthologues/Mmus.tsv
Sjap__EWB00_007512	Mmus	Mmus__GeneID_18747, Mmus__GeneID_18749	many-to-many	3	2	Orthologues/Mmus.tsv
Sjap__EWB00_004196	Mmus	Mmus__GeneID_18747, Mmus__GeneID_18749	many-to-many	3	2	Orthologues/Mmus.tsv
Sjap__EWB00_007721	Mmus	Mmus__GeneID_18747, Mmus__GeneID_18749	many-to-many	3	2	Orthologues/Mmus.tsv
Sjap__EWB00_003065	Mmus	Mmus__GeneID_108058, Mmus__GeneID_12322, Mmus__GeneID_12323, Mmus__GeneID_12325	one-to-many	1	4	Orthologues/Mmus.tsv
Sjap__EWB00_009560	Mmus	Mmus__GeneID_210126, Mmus__GeneID_22051, Mmus__GeneID_22793, Mmus__GeneID_74202	one-to-many	1	4	Orthologues/Mmus.tsv
Sjap__EWB00_003107	Mmus	Mmus__GeneID_18208, Mmus__GeneID_18209	many-to-many	2	2	Orthologues/Mmus.tsv
Sjap__EWB00_002313	Mmus	Mmus__GeneID_18208, Mmus__GeneID_18209	many-to-many	2	2	Orthologues/Mmus.tsv
Sjap__EWB00_001471	Mmus	Mmus__GeneID_12169, Mmus__GeneID_12229, Mmus__GeneID_16428, Mmus__GeneID_21682, Mmus__GeneID_22165	one-to-many	1	5	Orthologues/Mmus.tsv
Sjap__EWB00_003747	Mmus	Mmus__GeneID_14158, Mmus__GeneID_14159	one-to-many	1	2	Orthologues/Mmus.tsv
Sjap__EWB00_003063	Mmus	Mmus__GeneID_11682, Mmus__GeneID_17005, Mmus__GeneID_19886	one-to-many	1	3	Orthologues/Mmus.tsv
Sjap__EWB00_011039	Mmus	Mmus__GeneID_16400, Mmus__GeneID_16403, Mmus__GeneID_16404	one-to-many	1	3	Orthologues/Mmus.tsv
Sjap__EWB00_002103	Mmus	Mmus__GeneID_108101, Mmus__GeneID_218952, Mmus__GeneID_241639	one-to-many	1	3	Orthologues/Mmus.tsv
Sjap__EWB00_002413	Mmus	Mmus__GeneID_22625, Mmus__GeneID_56274, Mmus__GeneID_58231	one-to-many	1	3	Orthologues/Mmus.tsv
Sjap__EWB00_010687	Mmus	Mmus__GeneID_11350, Mmus__GeneID_11352	many-to-many	2	2	Orthologues/Mmus.tsv
Sjap__EWB00_001594	Mmus	Mmus__GeneID_11479, Mmus__GeneID_21812, Mmus__GeneID_269275	one-to-many	1	3	Orthologues/Mmus.tsv
Sjap__EWB00_007640	Mmus	Mmus__GeneID_234878, Mmus__GeneID_26403, Mmus__GeneID_269881, Mmus__GeneID_338372	one-to-many	1	4	Orthologues/Mmus.tsv
Sjap__EWB00_004212	Mmus	Mmus__GeneID_381113, Mmus__GeneID_71091	many-to-many	2	2	Orthologues/Mmus.tsv
Sjap__EWB00_011263	Mmus	Mmus__GeneID_11651, Mmus__GeneID_11652, Mmus__GeneID_23797	one-to-many	1	3	Orthologues/Mmus.tsv
Sjap__EWB00_007650	Mmus	Mmus__GeneID_223255, Mmus__GeneID_59041, Mmus__GeneID_70415	one-to-many	1	3	Orthologues/Mmus.tsv
Sjap__EWB00_008372	Mmus	Mmus__GeneID_12795, Mmus__GeneID_18817, Mmus__GeneID_216166	one-to-many	1	3	Orthologues/Mmus.tsv
Sjap__EWB00_006505	Mmus	Mmus__GeneID_21894, Mmus__GeneID_70549	many-to-many	2	2	Orthologues/Mmus.tsv
Sjap__EWB00_003146	Mmus	Mmus__GeneID_21894, Mmus__GeneID_70549	many-to-many	2	2	Orthologues/Mmus.tsv
Sjap__EWB00_004872	Mmus	Mmus__GeneID_383787, Mmus__GeneID_66729, Mmus__GeneID_66930, Mmus__GeneID_68839	one-to-many	1	4	Orthologues/Mmus.tsv
Sjap__EWB00_004811	Mmus	Mmus__GeneID_20871, Mmus__GeneID_20877, Mmus__GeneID_20878	one-to-many	1	3	Orthologues/Mmus.tsv
Sjap__EWB00_003272	Mmus	Mmus__GeneID_12534, Mmus__GeneID_12566	one-to-many	1	2	Orthologues/Mmus.tsv
Sjap__EWB00_001225	Mmus	Mmus__GeneID_12385, Mmus__GeneID_12386, Mmus__GeneID_216033	one-to-many	1	3	Orthologues/Mmus.tsv
Sjap__EWB00_002741	Mmus	Mmus__GeneID_16777, Mmus__GeneID_16779	one-to-many	1	2	Orthologues/Mmus.tsv
Sjap__EWB00_001036	Mmus	Mmus__GeneID_101540, Mmus__GeneID_18760, Mmus__GeneID_75292	one-to-many	1	3	Orthologues/Mmus.tsv
Sjap__EWB00_002797	Mmus	Mmus__GeneID_17691, Mmus__GeneID_235344	one-to-many	1	2	Orthologues/Mmus.tsv
Sjap__EWB00_008683	Mmus	Mmus__GeneID_26413, Mmus__GeneID_26417	many-to-many	2	2	Orthologues/Mmus.tsv
Sjap__EWB00_004095	Mmus	Mmus__GeneID_26413, Mmus__GeneID_26417	many-to-many	2	2	Orthologues/Mmus.tsv
Sjap__EWB00_009287	Mmus	Mmus__GeneID_104318, Mmus__GeneID_27373	one-to-many	1	2	Orthologues/Mmus.tsv
Sjap__EWB00_007519	Mmus	Mmus__GeneID_26414, Mmus__GeneID_26419, Mmus__GeneID_26420	one-to-many	1	3	Orthologues/Mmus.tsv
Sjap__EWB00_005902	Mmus	Mmus__GeneID_215114, Mmus__GeneID_29816	one-to-many	1	2	Orthologues/Mmus.tsv
Sjap__EWB00_006126	Mmus	Mmus__GeneID_16782, Mmus__GeneID_226519, Mmus__GeneID_23928	one-to-many	1	3	Orthologues/Mmus.tsv
Sjap__EWB00_004650	Mmus	Mmus__GeneID_105787, Mmus__GeneID_108079	one-to-many	1	2	Orthologues/Mmus.tsv
Sjap__EWB00_008528	Mmus	Mmus__GeneID_19246, Mmus__GeneID_19255	one-to-many	1	2	Orthologues/Mmus.tsv
Sjap__EWB00_006607	Mmus	Mmus__GeneID_55992, Mmus__GeneID_80890	many-to-many	2	2	Orthologues/Mmus.tsv
Sjap__EWB00_003429	Mmus	Mmus__GeneID_107321, Mmus__GeneID_19303, Mmus__GeneID_21804	one-to-many	1	3	Orthologues/Mmus.tsv
Sjap__EWB00_004965	Mmus	Mmus__GeneID_101543, Mmus__GeneID_16475, Mmus__GeneID_29806	one-to-many	1	3	Orthologues/Mmus.tsv
Sjap__EWB00_005624	Mmus	Mmus__GeneID_264064, Mmus__GeneID_78334	one-to-many	1	2	Orthologues/Mmus.tsv
Sjap__EWB00_003710	Mmus	Mmus__GeneID_231580, Mmus__GeneID_72685	one-to-many	1	2	Orthologues/Mmus.tsv
Sjap__EWB00_009479	Mmus	Mmus__GeneID_17152, Mmus__GeneID_56542	one-to-many	1	2	Orthologues/Mmus.tsv
Sjap__EWB00_009224	Mmus	Mmus__GeneID_19275, Mmus__GeneID_19276	one-to-many	1	2	Orthologues/Mmus.tsv
Sjap__EWB00_007322	Mmus	Mmus__GeneID_14083, Mmus__GeneID_19229	one-to-many	1	2	Orthologues/Mmus.tsv
Sjap__EWB00_001328	Mmus	Mmus__GeneID_16772, Mmus__GeneID_16773	one-to-many	1	2	Orthologues/Mmus.tsv
Sjap__EWB00_005467	Mmus	Mmus__GeneID_18759, Mmus__GeneID_18762	one-to-many	1	2	Orthologues/Mmus.tsv
Sjap__EWB00_001961	Mmus	Mmus__GeneID_140780, Mmus__GeneID_269774	one-to-many	1	2	Orthologues/Mmus.tsv
Sjap__EWB00_009541	Mmus	Mmus__GeneID_110829, Mmus__GeneID_225341	one-to-many	1	2	Orthologues/Mmus.tsv
Sjap__EWB00_007161	Mmus	Mmus__GeneID_102626, Mmus__GeneID_17164	one-to-many	1	2	Orthologues/Mmus.tsv
Sjap__EWB00_007274	Mmus	Mmus__GeneID_13169, Mmus__GeneID_56320	one-to-many	1	2	Orthologues/Mmus.tsv
Sjap__EWB00_008286	Mmus	Mmus__GeneID_108737, Mmus__GeneID_53416	one-to-many	1	2	Orthologues/Mmus.tsv
Sjap__EWB00_007739	Mmus	Mmus__GeneID_19230, Mmus__GeneID_23999	one-to-many	1	2	Orthologues/Mmus.tsv
Sjap__EWB00_005166	Mmus	Mmus__GeneID_58988, Mmus__GeneID_72508	one-to-many	1	2	Orthologues/Mmus.tsv
Sjap__EWB00_005385	Mmus	Mmus__GeneID_106504, Mmus__GeneID_232533	one-to-many	1	2	Orthologues/Mmus.tsv
Sjap__EWB00_004368	Mmus	Mmus__GeneID_56637, Mmus__GeneID_606496	one-to-many	1	2	Orthologues/Mmus.tsv
Sjap__EWB00_009480	Mmus	Mmus__GeneID_107951	many-to-one	2	1	Orthologues/Mmus.tsv
Sjap__EWB00_010219	Mmus	Mmus__GeneID_107951	many-to-one	2	1	Orthologues/Mmus.tsv
Sjap__EWB00_005849	Mmus	Mmus__GeneID_12988, Mmus__GeneID_17179	one-to-many	1	2	Orthologues/Mmus.tsv
Sjap__EWB00_001091	Mmus	Mmus__GeneID_18682, Mmus__GeneID_68961	one-to-many	1	2	Orthologues/Mmus.tsv
Sjap__EWB00_001618	Mmus	Mmus__GeneID_56456, Mmus__GeneID_83766	one-to-many	1	2	Orthologues/Mmus.tsv
Sjap__EWB00_002531	Mmus	Mmus__GeneID_16885, Mmus__GeneID_16886	one-to-many	1	2	Orthologues/Mmus.tsv
Sjap__EWB00_008857	Mmus	Mmus__GeneID_226977, Mmus__GeneID_54130	one-to-many	1	2	Orthologues/Mmus.tsv
Sjap__EWB00_007517	Mmus	Mmus__GeneID_73353, Mmus__GeneID_76652	one-to-many	1	2	Orthologues/Mmus.tsv
Sjap__EWB00_000320	Mmus	Mmus__GeneID_19091	many-to-one	2	1	Orthologues/Mmus.tsv
Sjap__EWB00_007426	Mmus	Mmus__GeneID_242894, Mmus__GeneID_74117	one-to-many	1	2	Orthologues/Mmus.tsv
Sjap__EWB00_007221	Mmus	Mmus__GeneID_20187	one-to-one	1	1	Orthologues/Mmus.tsv
Sjap__EWB00_007959	Mmus	Mmus__GeneID_18099	one-to-one	1	1	Orthologues/Mmus.tsv
Sjap__EWB00_002386	Mmus	Mmus__GeneID_26395, Mmus__GeneID_26396	one-to-many	1	2	Orthologues/Mmus.tsv
Sjap__EWB00_003104	Mmus	Mmus__GeneID_14302	one-to-one	1	1	Orthologues/Mmus.tsv
Sjap__EWB00_008035	Mmus	Mmus__GeneID_59125, Mmus__GeneID_59126	one-to-many	1	2	Orthologues/Mmus.tsv
Sjap__EWB00_011320	Mmus	Mmus__GeneID_98267	one-to-one	1	1	Orthologues/Mmus.tsv
Sjap__EWB00_002781	Mmus	Mmus__GeneID_93687	one-to-one	1	1	Orthologues/Mmus.tsv
Sjap__EWB00_001343	Mmus	Mmus__GeneID_26398	one-to-one	1	1	Orthologues/Mmus.tsv
Sjap__EWB00_008993	Mmus	Mmus__GeneID_216976	one-to-one	1	1	Orthologues/Mmus.tsv
Sjap__EWB00_010647	Mmus	Mmus__GeneID_66713	one-to-one	1	1	Orthologues/Mmus.tsv
Sjap__EWB00_003470	Mmus	Mmus__GeneID_50883	one-to-one	1	1	Orthologues/Mmus.tsv
Sjap__EWB00_010398	Mmus	Mmus__GeneID_16202	one-to-one	1	1	Orthologues/Mmus.tsv
Sjap__EWB00_003114	Mmus	Mmus__GeneID_245269	one-to-one	1	1	Orthologues/Mmus.tsv
Sjap__EWB00_006002	Mmus	Mmus__GeneID_56444	one-to-one	1	1	Orthologues/Mmus.tsv
Sjap__EWB00_009117	Mmus	Mmus__GeneID_19727, Mmus__GeneID_68558	one-to-many	1	2	Orthologues/Mmus.tsv
Sjap__EWB00_004629	Mmus	Mmus__GeneID_12568	one-to-one	1	1	Orthologues/Mmus.tsv
Sjap__EWB00_003565	Mmus	Mmus__GeneID_22330	one-to-one	1	1	Orthologues/Mmus.tsv
Sjap__EWB00_000516	Mmus	Mmus__GeneID_18607	one-to-one	1	1	Orthologues/Mmus.tsv
Sjap__EWB00_001408	Mmus	Mmus__GeneID_67019	one-to-one	1	1	Orthologues/Mmus.tsv
Sjap__EWB00_009305	Mmus	Mmus__GeneID_109275	many-to-one	2	1	Orthologues/Mmus.tsv
Sjap__EWB00_008932	Mmus	Mmus__GeneID_23955	one-to-one	1	1	Orthologues/Mmus.tsv
Sjap__EWB00_004325	Mmus	Mmus__GeneID_674895	one-to-one	1	1	Orthologues/Mmus.tsv
Sjap__EWB00_006602	Mmus	Mmus__GeneID_12572	one-to-one	1	1	Orthologues/Mmus.tsv
Sjap__EWB00_010449	Mmus	Mmus__GeneID_12667	one-to-one	1	1	Orthologues/Mmus.tsv
Sjap__EWB00_001391	Mmus	Mmus__GeneID_71742	one-to-one	1	1	Orthologues/Mmus.tsv
Sjap__EWB00_004876	Mmus	Mmus__GeneID_238880	one-to-one	1	1	Orthologues/Mmus.tsv
Sman__Smp_307010	Mmus	Mmus__GeneID_11459, Mmus__GeneID_11461, Mmus__GeneID_11464, Mmus__GeneID_11465, Mmus__GeneID_11468, Mmus__GeneID_11475, Mmus__GeneID_232339, Mmus__GeneID_75196	many-to-many	2	8	Orthologues/Mmus.tsv
Sman__Smp_307020	Mmus	Mmus__GeneID_11459, Mmus__GeneID_11461, Mmus__GeneID_11464, Mmus__GeneID_11465, Mmus__GeneID_11468, Mmus__GeneID_11475, Mmus__GeneID_232339, Mmus__GeneID_75196	many-to-many	2	8	Orthologues/Mmus.tsv
Sman__Smp_048560	Mmus	Mmus__GeneID_106042, Mmus__GeneID_14199, Mmus__GeneID_14200, Mmus__GeneID_14201, Mmus__GeneID_14202, Mmus__GeneID_21753, Mmus__GeneID_236749, Mmus__GeneID_243548, Mmus__GeneID_381104, Mmus__GeneID_54630, Mmus__GeneID_57756	many-to-many	2	11	Orthologues/Mmus.tsv
Sman__Smp_143130	Mmus	Mmus__GeneID_106042, Mmus__GeneID_14199, Mmus__GeneID_14200, Mmus__GeneID_14201, Mmus__GeneID_14202, Mmus__GeneID_21753, Mmus__GeneID_236749, Mmus__GeneID_243548, Mmus__GeneID_381104, Mmus__GeneID_54630, Mmus__GeneID_57756	many-to-many	2	11	Orthologues/Mmus.tsv
Sman__Smp_172200	Mmus	Mmus__GeneID_12143, Mmus__GeneID_14191, Mmus__GeneID_14360, Mmus__GeneID_15162, Mmus__GeneID_16818, Mmus__GeneID_17096, Mmus__GeneID_20779, Mmus__GeneID_22612	many-to-many	4	8	Orthologues/Mmus.tsv
Sman__Smp_348670	Mmus	Mmus__GeneID_12143, Mmus__GeneID_14191, Mmus__GeneID_14360, Mmus__GeneID_15162, Mmus__GeneID_16818, Mmus__GeneID_17096, Mmus__GeneID_20779, Mmus__GeneID_22612	many-to-many	4	8	Orthologues/Mmus.tsv
Sman__Smp_006920	Mmus	Mmus__GeneID_12143, Mmus__GeneID_14191, Mmus__GeneID_14360, Mmus__GeneID_15162, Mmus__GeneID_16818, Mmus__GeneID_17096, Mmus__GeneID_20779, Mmus__GeneID_22612	many-to-many	4	8	Orthologues/Mmus.tsv
Sman__Smp_136300	Mmus	Mmus__GeneID_12143, Mmus__GeneID_14191, Mmus__GeneID_14360, Mmus__GeneID_15162, Mmus__GeneID_16818, Mmus__GeneID_17096, Mmus__GeneID_20779, Mmus__GeneID_22612	many-to-many	4	8	Orthologues/Mmus.tsv
Sman__Smp_135560	Mmus	Mmus__GeneID_12824, Mmus__GeneID_12825, Mmus__GeneID_12832, Mmus__GeneID_12842, Mmus__GeneID_12843, Mmus__GeneID_373864, Mmus__GeneID_71355	many-to-many	3	7	Orthologues/Mmus.tsv
Sman__Smp_164590	Mmus	Mmus__GeneID_12824, Mmus__GeneID_12825, Mmus__GeneID_12832, Mmus__GeneID_12842, Mmus__GeneID_12843, Mmus__GeneID_373864, Mmus__GeneID_71355	many-to-many	3	7	Orthologues/Mmus.tsv
Sman__Smp_343740	Mmus	Mmus__GeneID_12824, Mmus__GeneID_12825, Mmus__GeneID_12832, Mmus__GeneID_12842, Mmus__GeneID_12843, Mmus__GeneID_373864, Mmus__GeneID_71355	many-to-many	3	7	Orthologues/Mmus.tsv
Sman__Smp_065290	Mmus	Mmus__GeneID_100504491, Mmus__GeneID_195208, Mmus__GeneID_19888, Mmus__GeneID_227541, Mmus__GeneID_52163, Mmus__GeneID_68511, Mmus__GeneID_93843	many-to-many	2	7	Orthologues/Mmus.tsv
Sman__Smp_170340	Mmus	Mmus__GeneID_12826, Mmus__GeneID_12827, Mmus__GeneID_12828, Mmus__GeneID_12829, Mmus__GeneID_12830, Mmus__GeneID_94216	many-to-many	4	6	Orthologues/Mmus.tsv
Sman__Smp_213910	Mmus	Mmus__GeneID_12826, Mmus__GeneID_12827, Mmus__GeneID_12828, Mmus__GeneID_12829, Mmus__GeneID_12830, Mmus__GeneID_94216	many-to-many	4	6	Orthologues/Mmus.tsv
Sman__Smp_213900	Mmus	Mmus__GeneID_12826, Mmus__GeneID_12827, Mmus__GeneID_12828, Mmus__GeneID_12829, Mmus__GeneID_12830, Mmus__GeneID_94216	many-to-many	4	6	Orthologues/Mmus.tsv
Sman__Smp_159600	Mmus	Mmus__GeneID_12826, Mmus__GeneID_12827, Mmus__GeneID_12828, Mmus__GeneID_12829, Mmus__GeneID_12830, Mmus__GeneID_94216	many-to-many	4	6	Orthologues/Mmus.tsv
Sman__Smp_304500	Mmus	Mmus__GeneID_16816, Mmus__GeneID_192654, Mmus__GeneID_208583	many-to-many	6	3	Orthologues/Mmus.tsv
Sman__Smp_126140	Mmus	Mmus__GeneID_104099, Mmus__GeneID_16399, Mmus__GeneID_16401, Mmus__GeneID_16402, Mmus__GeneID_16410, Mmus__GeneID_241226	one-to-many	1	6	Orthologues/Mmus.tsv
Sman__Smp_334370	Mmus	Mmus__GeneID_110542, Mmus__GeneID_11480, Mmus__GeneID_11481, Mmus__GeneID_12168, Mmus__GeneID_21813	one-to-many	1	5	Orthologues/Mmus.tsv
Sman__Smp_128480	Mmus	Mmus__GeneID_18750, Mmus__GeneID_18751, Mmus__GeneID_18752, Mmus__GeneID_18753, Mmus__GeneID_18761	many-to-many	2	5	Orthologues/Mmus.tsv
Sman__Smp_241420	Mmus	Mmus__GeneID_18750, Mmus__GeneID_18751, Mmus__GeneID_18752, Mmus__GeneID_18753, Mmus__GeneID_18761	many-to-many	2	5	Orthologues/Mmus.tsv
Sman__Smp_128920	Mmus	Mmus__GeneID_20741, Mmus__GeneID_20742, Mmus__GeneID_20743, Mmus__GeneID_640524, Mmus__GeneID_80297	many-to-many	2	5	Orthologues/Mmus.tsv
Sman__Smp_143470	Mmus	Mmus__GeneID_20741, Mmus__GeneID_20742, Mmus__GeneID_20743, Mmus__GeneID_640524, Mmus__GeneID_80297	many-to-many	2	5	Orthologues/Mmus.tsv
Sman__Smp_340300	Mmus	Mmus__GeneID_110651, Mmus__GeneID_20111, Mmus__GeneID_20112, Mmus__GeneID_56613, Mmus__GeneID_67071, Mmus__GeneID_73086	one-to-many	1	6	Orthologues/Mmus.tsv
Sman__Smp_123640	Mmus	Mmus__GeneID_14772, Mmus__GeneID_14773, Mmus__GeneID_24013, Mmus__GeneID_26385	one-to-many	1	4	Orthologues/Mmus.tsv
Sman__Smp_089700	Mmus	Mmus__GeneID_16412, Mmus__GeneID_16414, Mmus__GeneID_16415, Mmus__GeneID_16416, Mmus__GeneID_16419, Mmus__GeneID_16420, Mmus__GeneID_16421	one-to-many	1	7	Orthologues/Mmus.tsv
Sman__Smp_157300	Mmus	Mmus__GeneID_14182, Mmus__GeneID_14183, Mmus__GeneID_14184, Mmus__GeneID_14186	one-to-many	1	4	Orthologues/Mmus.tsv
Sman__Smp_034550	Mmus	Mmus__GeneID_109711, Mmus__GeneID_11472, Mmus__GeneID_11474, Mmus__GeneID_60595	many-to-many	2	4	Orthologues/Mmus.tsv
Sman__Smp_014780	Mmus	Mmus__GeneID_109711, Mmus__GeneID_11472, Mmus__GeneID_11474, Mmus__GeneID_60595	many-to-many	2	4	Orthologues/Mmus.tsv
Sman__Smp_086590	Mmus	Mmus__GeneID_12631, Mmus__GeneID_12632, Mmus__GeneID_56431	many-to-many	3	3	Orthologues/Mmus.tsv
Sman__Smp_195080	Mmus	Mmus__GeneID_12631, Mmus__GeneID_12632, Mmus__GeneID_56431	many-to-many	3	3	Orthologues/Mmus.tsv
Sman__Smp_120700	Mmus	Mmus__GeneID_12631, Mmus__GeneID_12632, Mmus__GeneID_56431	many-to-many	3	3	Orthologues/Mmus.tsv
Sman__Smp_058790	Mmus	Mmus__GeneID_26409, Mmus__GeneID_56532, Mmus__GeneID_65964	one-to-many	1	3	Orthologues/Mmus.tsv
Sman__Smp_068960	Mmus	Mmus__GeneID_19134	many-to-one	6	1	Orthologues/Mmus.tsv
Sman__Smp_157310	Mmus	Mmus__GeneID_24131, Mmus__GeneID_56376, Mmus__GeneID_67399	one-to-many	1	3	Orthologues/Mmus.tsv
Sman__Smp_058620	Mmus	Mmus__GeneID_102414, Mmus__GeneID_105943584, Mmus__GeneID_12747, Mmus__GeneID_12748, Mmus__GeneID_12750	many-to-many	2	5	Orthologues/Mmus.tsv
Sman__Smp_317420	Mmus	Mmus__GeneID_192176, Mmus__GeneID_286940, Mmus__GeneID_68794	many-to-many	2	3	Orthologues/Mmus.tsv
Sman__Smp_000100	Mmus	Mmus__GeneID_192176, Mmus__GeneID_286940, Mmus__GeneID_68794	many-to-many	2	3	Orthologues/Mmus.tsv
Sman__Smp_196840	Mmus	Mmus__GeneID_12814, Mmus__GeneID_12815, Mmus__GeneID_12831, Mmus__GeneID_53867	many-to-many	2	4	Orthologues/Mmus.tsv
Sman__Smp_123830	Mmus	Mmus__GeneID_12814, Mmus__GeneID_12815, Mmus__GeneID_12831, Mmus__GeneID_53867	many-to-many	2	4	Orthologues/Mmus.tsv
Sman__Smp_133020	Mmus	Mmus__GeneID_19094, Mmus__GeneID_26415, Mmus__GeneID_26416, Mmus__GeneID_29857	one-to-many	1	4	Orthologues/Mmus.tsv
Sman__Smp_121780	Mmus	Mmus__GeneID_11790, Mmus__GeneID_213435, Mmus__GeneID_228785, Mmus__GeneID_238564	one-to-many	1	4	Orthologues/Mmus.tsv
Sman__Smp_164380	Mmus	Mmus__GeneID_18747, Mmus__GeneID_18749	many-to-many	3	2	Orthologues/Mmus.tsv
Sman__Smp_152330	Mmus	Mmus__GeneID_18747, Mmus__GeneID_18749	many-to-many	3	2	Orthologues/Mmus.tsv
Sman__Smp_307260	Mmus	Mmus__GeneID_18747, Mmus__GeneID_18749	many-to-many	3	2	Orthologues/Mmus.tsv
Sman__Smp_011660	Mmus	Mmus__GeneID_108058, Mmus__GeneID_12322, Mmus__GeneID_12323, Mmus__GeneID_12325	one-to-many	1	4	Orthologues/Mmus.tsv
Sman__Smp_146200	Mmus	Mmus__GeneID_210126, Mmus__GeneID_22051, Mmus__GeneID_22793, Mmus__GeneID_74202	one-to-many	1	4	Orthologues/Mmus.tsv
Sman__Smp_146840	Mmus	Mmus__GeneID_18208, Mmus__GeneID_18209	many-to-many	2	2	Orthologues/Mmus.tsv
Sman__Smp_151310	Mmus	Mmus__GeneID_18208, Mmus__GeneID_18209	many-to-many	2	2	Orthologues/Mmus.tsv
Sman__Smp_124850	Mmus	Mmus__GeneID_12169, Mmus__GeneID_12229, Mmus__GeneID_16428, Mmus__GeneID_21682, Mmus__GeneID_22165	one-to-many	1	5	Orthologues/Mmus.tsv
Sman__Smp_181490	Mmus	Mmus__GeneID_13143, Mmus__GeneID_13144, Mmus__GeneID_69635	one-to-many	1	3	Orthologues/Mmus.tsv
Sman__Smp_335950	Mmus	Mmus__GeneID_14158, Mmus__GeneID_14159	many-to-many	3	2	Orthologues/Mmus.tsv
Sman__Smp_332370	Mmus	Mmus__GeneID_14158, Mmus__GeneID_14159	many-to-many	3	2	Orthologues/Mmus.tsv
Sman__Smp_331960	Mmus	Mmus__GeneID_14158, Mmus__GeneID_14159	many-to-many	3	2	Orthologues/Mmus.tsv
Sman__Smp_011700	Mmus	Mmus__GeneID_11682, Mmus__GeneID_17005, Mmus__GeneID_19886	one-to-many	1	3	Orthologues/Mmus.tsv
Sman__Smp_336830	Mmus	Mmus__GeneID_170755, Mmus__GeneID_20393, Mmus__GeneID_27219	many-to-many	2	3	Orthologues/Mmus.tsv
Sman__Smp_306910	Mmus	Mmus__GeneID_16400, Mmus__GeneID_16403, Mmus__GeneID_16404	one-to-many	1	3	Orthologues/Mmus.tsv
Sman__Smp_053420	Mmus	Mmus__GeneID_108101, Mmus__GeneID_218952, Mmus__GeneID_241639	one-to-many	1	3	Orthologues/Mmus.tsv
Sman__Smp_333410	Mmus	Mmus__GeneID_22625, Mmus__GeneID_56274, Mmus__GeneID_58231	one-to-many	1	3	Orthologues/Mmus.tsv
Sman__Smp_128790	Mmus	Mmus__GeneID_11350, Mmus__GeneID_11352	many-to-many	2	2	Orthologues/Mmus.tsv
Sman__Smp_049760	Mmus	Mmus__GeneID_11479, Mmus__GeneID_21812, Mmus__GeneID_269275	one-to-many	1	3	Orthologues/Mmus.tsv
Sman__Smp_124130	Mmus	Mmus__GeneID_381113, Mmus__GeneID_71091	many-to-many	2	2	Orthologues/Mmus.tsv
Sman__Smp_243630	Mmus	Mmus__GeneID_11651, Mmus__GeneID_11652, Mmus__GeneID_23797	one-to-many	1	3	Orthologues/Mmus.tsv
Sman__Smp_096640	Mmus	Mmus__GeneID_223255, Mmus__GeneID_59041, Mmus__GeneID_70415	one-to-many	1	3	Orthologues/Mmus.tsv
Sman__Smp_009600	Mmus	Mmus__GeneID_12795, Mmus__GeneID_18817, Mmus__GeneID_216166	one-to-many	1	3	Orthologues/Mmus.tsv
Sman__Smp_167010	Mmus	Mmus__GeneID_21894, Mmus__GeneID_70549	many-to-many	2	2	Orthologues/Mmus.tsv
Sman__Smp_343540	Mmus	Mmus__GeneID_21894, Mmus__GeneID_70549	many-to-many	2	2	Orthologues/Mmus.tsv
Sman__Smp_335730	Mmus	Mmus__GeneID_20871, Mmus__GeneID_20877, Mmus__GeneID_20878	one-to-many	1	3	Orthologues/Mmus.tsv
Sman__Smp_080730	Mmus	Mmus__GeneID_12534, Mmus__GeneID_12566	one-to-many	1	2	Orthologues/Mmus.tsv
Sman__Smp_130900	Mmus	Mmus__GeneID_12385, Mmus__GeneID_12386, Mmus__GeneID_216033	one-to-many	1	3	Orthologues/Mmus.tsv
Sman__Smp_148790	Mmus	Mmus__GeneID_16777, Mmus__GeneID_16779	one-to-many	1	2	Orthologues/Mmus.tsv
Sman__Smp_040190	Mmus	Mmus__GeneID_17691, Mmus__GeneID_235344	one-to-many	1	2	Orthologues/Mmus.tsv
Sman__Smp_142050	Mmus	Mmus__GeneID_26413, Mmus__GeneID_26417	many-to-many	2	2	Orthologues/Mmus.tsv
Sman__Smp_047900	Mmus	Mmus__GeneID_26413, Mmus__GeneID_26417	many-to-many	2	2	Orthologues/Mmus.tsv
Sman__Smp_169950	Mmus	Mmus__GeneID_104318, Mmus__GeneID_27373	one-to-many	1	2	Orthologues/Mmus.tsv
Sman__Smp_213390	Mmus	Mmus__GeneID_109331, Mmus__GeneID_233900	many-to-many	2	2	Orthologues/Mmus.tsv
Sman__Smp_077180	Mmus	Mmus__GeneID_12649	one-to-one	1	1	Orthologues/Mmus.tsv
Sman__Smp_172240	Mmus	Mmus__GeneID_26414, Mmus__GeneID_26419, Mmus__GeneID_26420	one-to-many	1	3	Orthologues/Mmus.tsv
Sman__Smp_246550	Mmus	Mmus__GeneID_215114, Mmus__GeneID_29816	one-to-many	1	2	Orthologues/Mmus.tsv
Sman__Smp_163810	Mmus	Mmus__GeneID_16782, Mmus__GeneID_226519, Mmus__GeneID_23928	one-to-many	1	3	Orthologues/Mmus.tsv
Sman__Smp_214100	Mmus	Mmus__GeneID_105787, Mmus__GeneID_108079	one-to-many	1	2	Orthologues/Mmus.tsv
Sman__Smp_139930	Mmus	Mmus__GeneID_19246, Mmus__GeneID_19255	one-to-many	1	2	Orthologues/Mmus.tsv
Sman__Smp_334130	Mmus	Mmus__GeneID_55992, Mmus__GeneID_80890	one-to-many	1	2	Orthologues/Mmus.tsv
Sman__Smp_315700	Mmus	Mmus__GeneID_107321, Mmus__GeneID_19303, Mmus__GeneID_21804	one-to-many	1	3	Orthologues/Mmus.tsv
Sman__Smp_248010	Mmus	Mmus__GeneID_101543, Mmus__GeneID_16475, Mmus__GeneID_29806	one-to-many	1	3	Orthologues/Mmus.tsv
Sman__Smp_150220	Mmus	Mmus__GeneID_19275, Mmus__GeneID_19276	one-to-many	1	2	Orthologues/Mmus.tsv
Sman__Smp_137610	Mmus	Mmus__GeneID_14083, Mmus__GeneID_19229	one-to-many	1	2	Orthologues/Mmus.tsv
Sman__Smp_343650	Mmus	Mmus__GeneID_16772, Mmus__GeneID_16773	one-to-many	1	2	Orthologues/Mmus.tsv
Sman__Smp_096310	Mmus	Mmus__GeneID_18759, Mmus__GeneID_18762	one-to-many	1	2	Orthologues/Mmus.tsv
Sman__Smp_176750	Mmus	Mmus__GeneID_140780, Mmus__GeneID_269774	one-to-many	1	2	Orthologues/Mmus.tsv
Sman__Smp_157350	Mmus	Mmus__GeneID_22241, Mmus__GeneID_29869	one-to-many	1	2	Orthologues/Mmus.tsv
Sman__Smp_165070	Mmus	Mmus__GeneID_110829, Mmus__GeneID_225341	one-to-many	1	2	Orthologues/Mmus.tsv
Sman__Smp_053560	Mmus	Mmus__GeneID_102626, Mmus__GeneID_17164	one-to-many	1	2	Orthologues/Mmus.tsv
Sman__Smp_247740	Mmus	Mmus__GeneID_13169, Mmus__GeneID_56320	one-to-many	1	2	Orthologues/Mmus.tsv
Sman__Smp_131800	Mmus	Mmus__GeneID_108737, Mmus__GeneID_53416	one-to-many	1	2	Orthologues/Mmus.tsv
Sman__Smp_308420	Mmus	Mmus__GeneID_19230, Mmus__GeneID_23999	one-to-many	1	2	Orthologues/Mmus.tsv
Sman__Smp_328200	Mmus	Mmus__GeneID_100040018, Mmus__GeneID_63985, Mmus__GeneID_63986	one-to-many	1	3	Orthologues/Mmus.tsv
Sman__Smp_179070	Mmus	Mmus__GeneID_58988, Mmus__GeneID_72508	one-to-many	1	2	Orthologues/Mmus.tsv
Sman__Smp_103570	Mmus	Mmus__GeneID_106504, Mmus__GeneID_232533	one-to-many	1	2	Orthologues/Mmus.tsv
Sman__Smp_141230	Mmus	Mmus__GeneID_226419, Mmus__GeneID_69181	one-to-many	1	2	Orthologues/Mmus.tsv
Sman__Smp_008260	Mmus	Mmus__GeneID_56637, Mmus__GeneID_606496	one-to-many	1	2	Orthologues/Mmus.tsv
Sman__Smp_003000	Mmus	Mmus__GeneID_107951	many-to-one	2	1	Orthologues/Mmus.tsv
Sman__Smp_094760	Mmus	Mmus__GeneID_107951	many-to-one	2	1	Orthologues/Mmus.tsv
Sman__Smp_125360	Mmus	Mmus__GeneID_12988, Mmus__GeneID_17179	one-to-many	1	2	Orthologues/Mmus.tsv
Sman__Smp_012740	Mmus	Mmus__GeneID_217473	one-to-one	1	1	Orthologues/Mmus.tsv
Sman__Smp_098840	Mmus	Mmus__GeneID_18682, Mmus__GeneID_68961	one-to-many	1	2	Orthologues/Mmus.tsv
Sman__Smp_063040	Mmus	Mmus__GeneID_56456, Mmus__GeneID_83766	one-to-many	1	2	Orthologues/Mmus.tsv
Sman__Smp_047870	Mmus	Mmus__GeneID_16885, Mmus__GeneID_16886	one-to-many	1	2	Orthologues/Mmus.tsv
Sman__Smp_072870	Mmus	Mmus__GeneID_226977, Mmus__GeneID_54130	one-to-many	1	2	Orthologues/Mmus.tsv
Sman__Smp_202970	Mmus	Mmus__GeneID_73353, Mmus__GeneID_76652	many-to-many	2	2	Orthologues/Mmus.tsv
Sman__Smp_203130	Mmus	Mmus__GeneID_73353, Mmus__GeneID_76652	many-to-many	2	2	Orthologues/Mmus.tsv
Sman__Smp_078230	Mmus	Mmus__GeneID_19091	many-to-one	2	1	Orthologues/Mmus.tsv
Sman__Smp_210740	Mmus	Mmus__GeneID_242894, Mmus__GeneID_74117	one-to-many	1	2	Orthologues/Mmus.tsv
Sman__Smp_344780	Mmus	Mmus__GeneID_20187	one-to-one	1	1	Orthologues/Mmus.tsv
Sman__Smp_074080	Mmus	Mmus__GeneID_18099	one-to-one	1	1	Orthologues/Mmus.tsv
Sman__Smp_026510	Mmus	Mmus__GeneID_26395, Mmus__GeneID_26396	one-to-many	1	2	Orthologues/Mmus.tsv
Sman__Smp_212730	Mmus	Mmus__GeneID_14302	one-to-one	1	1	Orthologues/Mmus.tsv
Sman__Smp_097940	Mmus	Mmus__GeneID_59125, Mmus__GeneID_59126	one-to-many	1	2	Orthologues/Mmus.tsv
Sman__Smp_086690	Mmus	Mmus__GeneID_26398	one-to-one	1	1	Orthologues/Mmus.tsv
Sman__Smp_085690	Mmus	Mmus__GeneID_216976	many-to-one	2	1	Orthologues/Mmus.tsv
Sman__Smp_101290	Mmus	Mmus__GeneID_66713	one-to-one	1	1	Orthologues/Mmus.tsv
Sman__Smp_171370	Mmus	Mmus__GeneID_50883	one-to-one	1	1	Orthologues/Mmus.tsv
Sman__Smp_079760	Mmus	Mmus__GeneID_16202	one-to-one	1	1	Orthologues/Mmus.tsv
Sman__Smp_094190	Mmus	Mmus__GeneID_245269	one-to-one	1	1	Orthologues/Mmus.tsv
Sman__Smp_093230	Mmus	Mmus__GeneID_56444	one-to-one	1	1	Orthologues/Mmus.tsv
Sman__Smp_309860	Mmus	Mmus__GeneID_19727, Mmus__GeneID_68558	one-to-many	1	2	Orthologues/Mmus.tsv
Sman__Smp_194610	Mmus	Mmus__GeneID_19108	one-to-one	1	1	Orthologues/Mmus.tsv
Sman__Smp_073340	Mmus	Mmus__GeneID_12568	one-to-one	1	1	Orthologues/Mmus.tsv
Sman__Smp_246050	Mmus	Mmus__GeneID_22330	one-to-one	1	1	Orthologues/Mmus.tsv
Sman__Smp_094250	Mmus	Mmus__GeneID_18607	one-to-one	1	1	Orthologues/Mmus.tsv
Sman__Smp_135570	Mmus	Mmus__GeneID_67019	one-to-one	1	1	Orthologues/Mmus.tsv
Sman__Smp_125790	Mmus	Mmus__GeneID_109275	one-to-one	1	1	Orthologues/Mmus.tsv
Sman__Smp_009800	Mmus	Mmus__GeneID_674895	one-to-one	1	1	Orthologues/Mmus.tsv
Sman__Smp_150040	Mmus	Mmus__GeneID_12572	one-to-one	1	1	Orthologues/Mmus.tsv
Sman__Smp_247600	Mmus	Mmus__GeneID_17279	one-to-one	1	1	Orthologues/Mmus.tsv
Sman__Smp_103950	Mmus	Mmus__GeneID_234854	one-to-one	1	1	Orthologues/Mmus.tsv
Sman__Smp_145190	Mmus	Mmus__GeneID_71742	one-to-one	1	1	Orthologues/Mmus.tsv
Sman__Smp_313640	Mmus	Mmus__GeneID_56249	one-to-one	1	1	Orthologues/Mmus.tsv
Shae__MS3_00000825	Xlae	Xlae__GeneID_108705944, Xlae__GeneID_108712235, Xlae__GeneID_108715517, Xlae__GeneID_108717572, Xlae__GeneID_108719567, Xlae__GeneID_121393190, Xlae__GeneID_121393310, Xlae__GeneID_121393319, Xlae__GeneID_121393438, Xlae__GeneID_121393678, Xlae__GeneID_121393682, Xlae__GeneID_121393683, Xlae__GeneID_121394190, Xlae__GeneID_121394321, Xlae__GeneID_121394461, Xlae__GeneID_121394466, Xlae__GeneID_121394577, Xlae__GeneID_121394675, Xlae__GeneID_121394762, Xlae__GeneID_121394794, Xlae__GeneID_121394795, Xlae__GeneID_121395027, Xlae__GeneID_121395420, Xlae__GeneID_121395423, Xlae__GeneID_121395632, Xlae__GeneID_121396006, Xlae__GeneID_121396313, Xlae__GeneID_121396314, Xlae__GeneID_121396364, Xlae__GeneID_121396901, Xlae__GeneID_121397278, Xlae__GeneID_121397294, Xlae__GeneID_121397295, Xlae__GeneID_121397779, Xlae__GeneID_121397888, Xlae__GeneID_121397889, Xlae__GeneID_121397955, Xlae__GeneID_121398035, Xlae__GeneID_121398331, Xlae__GeneID_121398874, Xlae__GeneID_121399034, Xlae__GeneID_121399276, Xlae__GeneID_121399321, Xlae__GeneID_121399335, Xlae__GeneID_121399340, Xlae__GeneID_121399944, Xlae__GeneID_121399959, Xlae__GeneID_121399965, Xlae__GeneID_121399967, Xlae__GeneID_121399968, Xlae__GeneID_121400044, Xlae__GeneID_121400508, Xlae__GeneID_121400535, Xlae__GeneID_121400706, Xlae__GeneID_121401411, Xlae__GeneID_121402154, Xlae__GeneID_121402280, Xlae__GeneID_121402990, Xlae__GeneID_121403118, Xlae__GeneID_121403119, Xlae__GeneID_121403691	many-to-many	64	61	Orthologues/Orthologues_Shae/Shae__v__Xlae.tsv
Shae__MS3_00000359	Xlae	Xlae__GeneID_108705944, Xlae__GeneID_108712235, Xlae__GeneID_108715517, Xlae__GeneID_108717572, Xlae__GeneID_108719567, Xlae__GeneID_121393190, Xlae__GeneID_121393310, Xlae__GeneID_121393319, Xlae__GeneID_121393438, Xlae__GeneID_121393678, Xlae__GeneID_121393682, Xlae__GeneID_121393683, Xlae__GeneID_121394190, Xlae__GeneID_121394321, Xlae__GeneID_121394461, Xlae__GeneID_121394466, Xlae__GeneID_121394577, Xlae__GeneID_121394675, Xlae__GeneID_121394762, Xlae__GeneID_121394794, Xlae__GeneID_121394795, Xlae__GeneID_121395027, Xlae__GeneID_121395420, Xlae__GeneID_121395423, Xlae__GeneID_121395632, Xlae__GeneID_121396006, Xlae__GeneID_121396313, Xlae__GeneID_121396314, Xlae__GeneID_121396364, Xlae__GeneID_121396901, Xlae__GeneID_121397278, Xlae__GeneID_121397294, Xlae__GeneID_121397295, Xlae__GeneID_121397779, Xlae__GeneID_121397888, Xlae__GeneID_121397889, Xlae__GeneID_121397955, Xlae__GeneID_121398035, Xlae__GeneID_121398331, Xlae__GeneID_121398874, Xlae__GeneID_121399034, Xlae__GeneID_121399276, Xlae__GeneID_121399321, Xlae__GeneID_121399335, Xlae__GeneID_121399340, Xlae__GeneID_121399944, Xlae__GeneID_121399959, Xlae__GeneID_121399965, Xlae__GeneID_121399967, Xlae__GeneID_121399968, Xlae__GeneID_121400044, Xlae__GeneID_121400508, Xlae__GeneID_121400535, Xlae__GeneID_121400706, Xlae__GeneID_121401411, Xlae__GeneID_121402154, Xlae__GeneID_121402280, Xlae__GeneID_121402990, Xlae__GeneID_121403118, Xlae__GeneID_121403119, Xlae__GeneID_121403691	many-to-many	64	61	Orthologues/Orthologues_Shae/Shae__v__Xlae.tsv
Shae__MS3_00004525	Xlae	Xlae__GeneID_100337595, Xlae__GeneID_100653490, Xlae__GeneID_108699710, Xlae__GeneID_108703086, Xlae__GeneID_108711140, Xlae__GeneID_108713105, Xlae__GeneID_108716753, Xlae__GeneID_379351, Xlae__GeneID_379752, Xlae__GeneID_398426, Xlae__GeneID_398459, Xlae__GeneID_431847, Xlae__GeneID_432314, Xlae__GeneID_734918, Xlae__GeneID_779096, Xlae__GeneID_779129	one-to-many	1	16	Orthologues/Orthologues_Shae/Shae__v__Xlae.tsv
Shae__MS3_00003616	Xlae	Xlae__GeneID_100127273, Xlae__GeneID_108699981, Xlae__GeneID_108708232, Xlae__GeneID_108708415, Xlae__GeneID_108709459, Xlae__GeneID_108709713, Xlae__GeneID_108713109, Xlae__GeneID_108714730, Xlae__GeneID_108715929, Xlae__GeneID_108717963, Xlae__GeneID_380398, Xlae__GeneID_398256, Xlae__GeneID_398264, Xlae__GeneID_444152, Xlae__GeneID_446852, Xlae__GeneID_447182, Xlae__GeneID_447738	many-to-many	2	17	Orthologues/Orthologues_Shae/Shae__v__Xlae.tsv
Shae__MS3_00002568	Xlae	Xlae__GeneID_100127273, Xlae__GeneID_108699981, Xlae__GeneID_108708232, Xlae__GeneID_108708415, Xlae__GeneID_108709459, Xlae__GeneID_108709713, Xlae__GeneID_108713109, Xlae__GeneID_108714730, Xlae__GeneID_108715929, Xlae__GeneID_108717963, Xlae__GeneID_380398, Xlae__GeneID_398256, Xlae__GeneID_398264, Xlae__GeneID_444152, Xlae__GeneID_446852, Xlae__GeneID_447182, Xlae__GeneID_447738	many-to-many	2	17	Orthologues/Orthologues_Shae/Shae__v__Xlae.tsv
Shae__MS3_00008738	Xlae	Xlae__GeneID_100036955, Xlae__GeneID_108695301, Xlae__GeneID_108708097, Xlae__GeneID_108708930, Xlae__GeneID_108709526, Xlae__GeneID_108717237, Xlae__GeneID_373609, Xlae__GeneID_373647, Xlae__GeneID_373649, Xlae__GeneID_379629, Xlae__GeneID_379812, Xlae__GeneID_380430, Xlae__GeneID_734720	many-to-many	3	13	Orthologues/Orthologues_Shae/Shae__v__Xlae.tsv
Shae__MS3_00002771	Xlae	Xlae__GeneID_100036955, Xlae__GeneID_108695301, Xlae__GeneID_108708097, Xlae__GeneID_108708930, Xlae__GeneID_108709526, Xlae__GeneID_108717237, Xlae__GeneID_373609, Xlae__GeneID_373647, Xlae__GeneID_373649, Xlae__GeneID_379629, Xlae__GeneID_379812, Xlae__GeneID_380430, Xlae__GeneID_734720	many-to-many	3	13	Orthologues/Orthologues_Shae/Shae__v__Xlae.tsv
Shae__MS3_00009264	Xlae	Xlae__GeneID_100036955, Xlae__GeneID_108695301, Xlae__GeneID_108708097, Xlae__GeneID_108708930, Xlae__GeneID_108709526, Xlae__GeneID_108717237, Xlae__GeneID_373609, Xlae__GeneID_373647, Xlae__GeneID_373649, Xlae__GeneID_379629, Xlae__GeneID_379812, Xlae__GeneID_380430, Xlae__GeneID_734720	many-to-many	3	13	Orthologues/Orthologues_Shae/Shae__v__Xlae.tsv
Shae__MS3_00005611	Xlae	Xlae__GeneID_108699974, Xlae__GeneID_108700840, Xlae__GeneID_108701482, Xlae__GeneID_108701483, Xlae__GeneID_108703076, Xlae__GeneID_108705040, Xlae__GeneID_108714172, Xlae__GeneID_108719903, Xlae__GeneID_380419, Xlae__GeneID_380515, Xlae__GeneID_397738, Xlae__GeneID_397739, Xlae__GeneID_398983	many-to-many	3	13	Orthologues/Orthologues_Shae/Shae__v__Xlae.tsv
Shae__MS3_00007363	Xlae	Xlae__GeneID_108699974, Xlae__GeneID_108700840, Xlae__GeneID_108701482, Xlae__GeneID_108701483, Xlae__GeneID_108703076, Xlae__GeneID_108705040, Xlae__GeneID_108714172, Xlae__GeneID_108719903, Xlae__GeneID_380419, Xlae__GeneID_380515, Xlae__GeneID_397738, Xlae__GeneID_397739, Xlae__GeneID_398983	many-to-many	3	13	Orthologues/Orthologues_Shae/Shae__v__Xlae.tsv
Shae__MS3_00007701	Xlae	Xlae__GeneID_108699974, Xlae__GeneID_108700840, Xlae__GeneID_108701482, Xlae__GeneID_108701483, Xlae__GeneID_108703076, Xlae__GeneID_108705040, Xlae__GeneID_108714172, Xlae__GeneID_108719903, Xlae__GeneID_380419, Xlae__GeneID_380515, Xlae__GeneID_397738, Xlae__GeneID_397739, Xlae__GeneID_398983	many-to-many	3	13	Orthologues/Orthologues_Shae/Shae__v__Xlae.tsv
Shae__MS3_00006308	Xlae	Xlae__GeneID_100381138, Xlae__GeneID_108699989, Xlae__GeneID_108720125, Xlae__GeneID_379332, Xlae__GeneID_379971, Xlae__GeneID_398402, Xlae__GeneID_398621, Xlae__GeneID_399357, Xlae__GeneID_444524, Xlae__GeneID_447052	many-to-many	2	10	Orthologues/Orthologues_Shae/Shae__v__Xlae.tsv
Shae__MS3_00001861	Xlae	Xlae__GeneID_108698394, Xlae__GeneID_108698395, Xlae__GeneID_108700098, Xlae__GeneID_108700099, Xlae__GeneID_108709738, Xlae__GeneID_108709739, Xlae__GeneID_373763, Xlae__GeneID_373764	many-to-many	3	8	Orthologues/Orthologues_Shae/Shae__v__Xlae.tsv
Shae__MS3_00000941	Xlae	Xlae__GeneID_108698394, Xlae__GeneID_108698395, Xlae__GeneID_108700098, Xlae__GeneID_108700099, Xlae__GeneID_108709738, Xlae__GeneID_108709739, Xlae__GeneID_373763, Xlae__GeneID_373764	many-to-many	3	8	Orthologues/Orthologues_Shae/Shae__v__Xlae.tsv
Shae__MS3_00010191	Xlae	Xlae__GeneID_108698394, Xlae__GeneID_108698395, Xlae__GeneID_108700098, Xlae__GeneID_108700099, Xlae__GeneID_108709738, Xlae__GeneID_108709739, Xlae__GeneID_373763, Xlae__GeneID_373764	many-to-many	3	8	Orthologues/Orthologues_Shae/Shae__v__Xlae.tsv
Shae__MS3_00009872	Xlae	Xlae__GeneID_100191022, Xlae__GeneID_108701397, Xlae__GeneID_108718824, Xlae__GeneID_108719000, Xlae__GeneID_108719885, Xlae__GeneID_394366, Xlae__GeneID_397839, Xlae__GeneID_397842, Xlae__GeneID_397997, Xlae__GeneID_495051	one-to-many	1	10	Orthologues/Orthologues_Shae/Shae__v__Xlae.tsv
Shae__MS3_00007339	Xlae	Xlae__GeneID_108701455, Xlae__GeneID_108702885, Xlae__GeneID_108709904, Xlae__GeneID_108718935, Xlae__GeneID_108719963, Xlae__GeneID_121400055, Xlae__GeneID_373815, Xlae__GeneID_397859, Xlae__GeneID_397981, Xlae__GeneID_399277, Xlae__GeneID_399283, Xlae__GeneID_495087	one-to-many	1	12	Orthologues/Orthologues_Shae/Shae__v__Xlae.tsv
Shae__MS3_00003923	Xlae	Xlae__GeneID_108696776, Xlae__GeneID_108697820, Xlae__GeneID_108701647, Xlae__GeneID_108702159, Xlae__GeneID_108703204, Xlae__GeneID_108711231, Xlae__GeneID_404226, Xlae__GeneID_404227, Xlae__GeneID_447031	many-to-many	2	9	Orthologues/Orthologues_Shae/Shae__v__Xlae.tsv
Shae__MS3_00003400	Xlae	Xlae__GeneID_108696776, Xlae__GeneID_108697820, Xlae__GeneID_108701647, Xlae__GeneID_108702159, Xlae__GeneID_108703204, Xlae__GeneID_108711231, Xlae__GeneID_404226, Xlae__GeneID_404227, Xlae__GeneID_447031	many-to-many	2	9	Orthologues/Orthologues_Shae/Shae__v__Xlae.tsv
Shae__MS3_00006229	Xlae	Xlae__GeneID_108698614, Xlae__GeneID_108698979, Xlae__GeneID_108699197, Xlae__GeneID_108700575, Xlae__GeneID_108715130, Xlae__GeneID_108716412, Xlae__GeneID_108717395, Xlae__GeneID_398511	many-to-many	2	8	Orthologues/Orthologues_Shae/Shae__v__Xlae.tsv
Shae__MS3_00008194	Xlae	Xlae__GeneID_108698614, Xlae__GeneID_108698979, Xlae__GeneID_108699197, Xlae__GeneID_108700575, Xlae__GeneID_108715130, Xlae__GeneID_108716412, Xlae__GeneID_108717395, Xlae__GeneID_398511	many-to-many	2	8	Orthologues/Orthologues_Shae/Shae__v__Xlae.tsv
Shae__MS3_00010396	Xlae	Xlae__GeneID_100037253, Xlae__GeneID_108698451, Xlae__GeneID_108698712, Xlae__GeneID_108700150, Xlae__GeneID_108709331, Xlae__GeneID_108717877, Xlae__GeneID_399376, Xlae__GeneID_443729, Xlae__GeneID_445821	one-to-many	1	9	Orthologues/Orthologues_Shae/Shae__v__Xlae.tsv
Shae__MS3_00005588	Xlae	Xlae__GeneID_100192358, Xlae__GeneID_100192359, Xlae__GeneID_108696022, Xlae__GeneID_108697324, Xlae__GeneID_108711651, Xlae__GeneID_108712671, Xlae__GeneID_443726, Xlae__GeneID_446831, Xlae__GeneID_447337, Xlae__GeneID_474158, Xlae__GeneID_733223, Xlae__GeneID_733256	one-to-many	1	12	Orthologues/Orthologues_Shae/Shae__v__Xlae.tsv
Shae__MS3_00009865	Xlae	Xlae__GeneID_108702890, Xlae__GeneID_108708650, Xlae__GeneID_378686, Xlae__GeneID_379708, Xlae__GeneID_397699, Xlae__GeneID_397755, Xlae__GeneID_399443, Xlae__GeneID_446423	one-to-many	1	8	Orthologues/Orthologues_Shae/Shae__v__Xlae.tsv
Shae__MS3_00006334	Xlae	Xlae__GeneID_108697372, Xlae__GeneID_397701, Xlae__GeneID_397782, Xlae__GeneID_398181, Xlae__GeneID_399325, Xlae__GeneID_399347, Xlae__GeneID_399444, Xlae__GeneID_779370	one-to-many	1	8	Orthologues/Orthologues_Shae/Shae__v__Xlae.tsv
Shae__MS3_00006934	Xlae	Xlae__GeneID_108715125, Xlae__GeneID_399422, Xlae__GeneID_431885, Xlae__GeneID_432169, Xlae__GeneID_446326, Xlae__GeneID_446752, Xlae__GeneID_446865, Xlae__GeneID_734930	many-to-many	2	8	Orthologues/Orthologues_Shae/Shae__v__Xlae.tsv
Shae__MS3_00006657	Xlae	Xlae__GeneID_108715125, Xlae__GeneID_399422, Xlae__GeneID_431885, Xlae__GeneID_432169, Xlae__GeneID_446326, Xlae__GeneID_446752, Xlae__GeneID_446865, Xlae__GeneID_734930	many-to-many	2	8	Orthologues/Orthologues_Shae/Shae__v__Xlae.tsv
Shae__MS3_00004398	Xlae	Xlae__GeneID_108699719, Xlae__GeneID_108716609, Xlae__GeneID_379172, Xlae__GeneID_379258, Xlae__GeneID_379282, Xlae__GeneID_494995	many-to-many	2	6	Orthologues/Orthologues_Shae/Shae__v__Xlae.tsv
Shae__MS3_00005166	Xlae	Xlae__GeneID_108699719, Xlae__GeneID_108716609, Xlae__GeneID_379172, Xlae__GeneID_379258, Xlae__GeneID_379282, Xlae__GeneID_494995	many-to-many	2	6	Orthologues/Orthologues_Shae/Shae__v__Xlae.tsv
Shae__MS3_00003104	Xlae	Xlae__GeneID_101027300, Xlae__GeneID_108699326, Xlae__GeneID_108699327, Xlae__GeneID_108702997, Xlae__GeneID_108715017, Xlae__GeneID_379399, Xlae__GeneID_399459, Xlae__GeneID_733239	one-to-many	1	8	Orthologues/Orthologues_Shae/Shae__v__Xlae.tsv
Shae__MS3_00006333	Xlae	Xlae__GeneID_100101292, Xlae__GeneID_108696280, Xlae__GeneID_108710972, Xlae__GeneID_379929, Xlae__GeneID_447619	one-to-many	1	5	Orthologues/Orthologues_Shae/Shae__v__Xlae.tsv
Shae__MS3_00003948	Xlae	Xlae__GeneID_100049134, Xlae__GeneID_100101302, Xlae__GeneID_108712973, Xlae__GeneID_379763, Xlae__GeneID_734822	many-to-many	2	5	Orthologues/Orthologues_Shae/Shae__v__Xlae.tsv
Shae__MS3_00005799	Xlae	Xlae__GeneID_108699999, Xlae__GeneID_108704467, Xlae__GeneID_108705104, Xlae__GeneID_108715054, Xlae__GeneID_121393384, Xlae__GeneID_121393385, Xlae__GeneID_733321, Xlae__GeneID_734178	many-to-many	2	8	Orthologues/Orthologues_Shae/Shae__v__Xlae.tsv
Shae__MS3_00007970	Xlae	Xlae__GeneID_108699999, Xlae__GeneID_108704467, Xlae__GeneID_108705104, Xlae__GeneID_108715054, Xlae__GeneID_121393384, Xlae__GeneID_121393385, Xlae__GeneID_733321, Xlae__GeneID_734178	many-to-many	2	8	Orthologues/Orthologues_Shae/Shae__v__Xlae.tsv
Shae__MS3_00010057	Xlae	Xlae__GeneID_108699914, Xlae__GeneID_108700220, Xlae__GeneID_108711695, Xlae__GeneID_108713331, Xlae__GeneID_108714428, Xlae__GeneID_108715007, Xlae__GeneID_398739	many-to-many	2	7	Orthologues/Orthologues_Shae/Shae__v__Xlae.tsv
Shae__MS3_00001716	Xlae	Xlae__GeneID_108699914, Xlae__GeneID_108700220, Xlae__GeneID_108711695, Xlae__GeneID_108713331, Xlae__GeneID_108714428, Xlae__GeneID_108715007, Xlae__GeneID_398739	many-to-many	2	7	Orthologues/Orthologues_Shae/Shae__v__Xlae.tsv
Shae__MS3_00006560	Xlae	Xlae__GeneID_100329215, Xlae__GeneID_108711159, Xlae__GeneID_379992, Xlae__GeneID_398592, Xlae__GeneID_494669	one-to-many	1	5	Orthologues/Orthologues_Shae/Shae__v__Xlae.tsv
Shae__MS3_00005028	Xlae	Xlae__GeneID_100158430, Xlae__GeneID_108700357, Xlae__GeneID_108711478, Xlae__GeneID_398006, Xlae__GeneID_398022, Xlae__GeneID_398941	many-to-many	2	6	Orthologues/Orthologues_Shae/Shae__v__Xlae.tsv
Shae__MS3_00010577	Xlae	Xlae__GeneID_108700969, Xlae__GeneID_108701290, Xlae__GeneID_108702928, Xlae__GeneID_108714133, Xlae__GeneID_108715487, Xlae__GeneID_108719107, Xlae__GeneID_108720081	one-to-many	1	7	Orthologues/Orthologues_Shae/Shae__v__Xlae.tsv
Shae__MS3_00003633	Xlae	Xlae__GeneID_100101276, Xlae__GeneID_108711677, Xlae__GeneID_108714187, Xlae__GeneID_380388	many-to-many	3	4	Orthologues/Orthologues_Shae/Shae__v__Xlae.tsv
Shae__MS3_00002636	Xlae	Xlae__GeneID_100101276, Xlae__GeneID_108711677, Xlae__GeneID_108714187, Xlae__GeneID_380388	many-to-many	3	4	Orthologues/Orthologues_Shae/Shae__v__Xlae.tsv
Shae__MS3_00008682	Xlae	Xlae__GeneID_100101276, Xlae__GeneID_108711677, Xlae__GeneID_108714187, Xlae__GeneID_380388	many-to-many	3	4	Orthologues/Orthologues_Shae/Shae__v__Xlae.tsv
Shae__MS3_00003383	Xlae	Xlae__GeneID_108696257, Xlae__GeneID_108712641, Xlae__GeneID_380508, Xlae__GeneID_397789, Xlae__GeneID_398376, Xlae__GeneID_399160, Xlae__GeneID_399284	one-to-many	1	7	Orthologues/Orthologues_Shae/Shae__v__Xlae.tsv
Shae__MS3_00003129	Xlae	Xlae__GeneID_100049724, Xlae__GeneID_100137707, Xlae__GeneID_108695689, Xlae__GeneID_108696847, Xlae__GeneID_108718052, Xlae__GeneID_735087	one-to-many	1	6	Orthologues/Orthologues_Shae/Shae__v__Xlae.tsv
Shae__MS3_00004070	Xlae	Xlae__GeneID_100127305, Xlae__GeneID_108697748, Xlae__GeneID_108701181, Xlae__GeneID_108701615, Xlae__GeneID_108703174, Xlae__GeneID_373694	many-to-many	2	6	Orthologues/Orthologues_Shae/Shae__v__Xlae.tsv
Shae__MS3_00003962	Xlae	Xlae__GeneID_100127305, Xlae__GeneID_108697748, Xlae__GeneID_108701181, Xlae__GeneID_108701615, Xlae__GeneID_108703174, Xlae__GeneID_373694	many-to-many	2	6	Orthologues/Orthologues_Shae/Shae__v__Xlae.tsv
Shae__MS3_00001484	Xlae	Xlae__GeneID_108698274, Xlae__GeneID_108706583, Xlae__GeneID_108710759, Xlae__GeneID_121402817, Xlae__GeneID_734996	one-to-many	1	5	Orthologues/Orthologues_Shae/Shae__v__Xlae.tsv
Shae__MS3_00005260	Xlae	Xlae__GeneID_108700356, Xlae__GeneID_108711286, Xlae__GeneID_108712999, Xlae__GeneID_431807, Xlae__GeneID_432161, Xlae__GeneID_446562, Xlae__GeneID_496293, Xlae__GeneID_734514	one-to-many	1	8	Orthologues/Orthologues_Shae/Shae__v__Xlae.tsv
Shae__MS3_00009762	Xlae	Xlae__GeneID_108695677, Xlae__GeneID_108707219, Xlae__GeneID_108711440, Xlae__GeneID_444292	one-to-many	1	4	Orthologues/Orthologues_Shae/Shae__v__Xlae.tsv
Shae__MS3_00010367	Xlae	Xlae__GeneID_108698980, Xlae__GeneID_108699739, Xlae__GeneID_108716096, Xlae__GeneID_108716156, Xlae__GeneID_108717382, Xlae__GeneID_121394155	one-to-many	1	6	Orthologues/Orthologues_Shae/Shae__v__Xlae.tsv
Shae__MS3_00002812	Xlae	Xlae__GeneID_108695327, Xlae__GeneID_108704609, Xlae__GeneID_108719280, Xlae__GeneID_399130, Xlae__GeneID_444618	one-to-many	1	5	Orthologues/Orthologues_Shae/Shae__v__Xlae.tsv
Shae__MS3_00007742	Xlae	Xlae__GeneID_108702534, Xlae__GeneID_108702994, Xlae__GeneID_108708560, Xlae__GeneID_108708991, Xlae__GeneID_373657, Xlae__GeneID_397985	one-to-many	1	6	Orthologues/Orthologues_Shae/Shae__v__Xlae.tsv
Shae__MS3_00003235	Xlae	Xlae__GeneID_100049120, Xlae__GeneID_108713911, Xlae__GeneID_379119, Xlae__GeneID_446790, Xlae__GeneID_494682	one-to-many	1	5	Orthologues/Orthologues_Shae/Shae__v__Xlae.tsv
Shae__MS3_00004635	Xlae	Xlae__GeneID_108701280, Xlae__GeneID_108719348, Xlae__GeneID_398925, Xlae__GeneID_432210, Xlae__GeneID_779226	one-to-many	1	5	Orthologues/Orthologues_Shae/Shae__v__Xlae.tsv
Shae__MS3_00006730	Xlae	Xlae__GeneID_108699954, Xlae__GeneID_108704697, Xlae__GeneID_373818, Xlae__GeneID_403362	many-to-many	2	4	Orthologues/Orthologues_Shae/Shae__v__Xlae.tsv
Shae__MS3_00008020	Xlae	Xlae__GeneID_108701335, Xlae__GeneID_108702964, Xlae__GeneID_108708537, Xlae__GeneID_108719029, Xlae__GeneID_399295, Xlae__GeneID_399454	one-to-many	1	6	Orthologues/Orthologues_Shae/Shae__v__Xlae.tsv
Shae__MS3_00008672	Xlae	Xlae__GeneID_121393820	one-to-one	1	1	Orthologues/Orthologues_Shae/Shae__v__Xlae.tsv
Shae__MS3_00002403	Xlae	Xlae__GeneID_108698750, Xlae__GeneID_108699794, Xlae__GeneID_108704730, Xlae__GeneID_121398949	many-to-many	2	4	Orthologues/Orthologues_Shae/Shae__v__Xlae.tsv
Shae__MS3_00005037	Xlae	Xlae__GeneID_108698803, Xlae__GeneID_379783, Xlae__GeneID_399170, Xlae__GeneID_432172	one-to-many	1	4	Orthologues/Orthologues_Shae/Shae__v__Xlae.tsv
Shae__MS3_00004152	Xlae	Xlae__GeneID_108698480, Xlae__GeneID_108709753, Xlae__GeneID_432004, Xlae__GeneID_444155, Xlae__GeneID_444523	one-to-many	1	5	Orthologues/Orthologues_Shae/Shae__v__Xlae.tsv
Shae__MS3_00001471	Xlae	Xlae__GeneID_100381164, Xlae__GeneID_100505422, Xlae__GeneID_108701628, Xlae__GeneID_380481	one-to-many	1	4	Orthologues/Orthologues_Shae/Shae__v__Xlae.tsv
Shae__MS3_00001770	Xlae	Xlae__GeneID_100037170, Xlae__GeneID_108711290, Xlae__GeneID_108712994, Xlae__GeneID_733283	many-to-many	2	4	Orthologues/Orthologues_Shae/Shae__v__Xlae.tsv
Shae__MS3_00000278	Xlae	Xlae__GeneID_100037170, Xlae__GeneID_108711290, Xlae__GeneID_108712994, Xlae__GeneID_733283	many-to-many	2	4	Orthologues/Orthologues_Shae/Shae__v__Xlae.tsv
Shae__MS3_00004019	Xlae	Xlae__GeneID_397925, Xlae__GeneID_398349, Xlae__GeneID_398457, Xlae__GeneID_444083	one-to-many	1	4	Orthologues/Orthologues_Shae/Shae__v__Xlae.tsv
Shae__MS3_00008679	Xlae	Xlae__GeneID_379785, Xlae__GeneID_380246, Xlae__GeneID_399314, Xlae__GeneID_432036	one-to-many	1	4	Orthologues/Orthologues_Shae/Shae__v__Xlae.tsv
Shae__MS3_00007343	Xlae	Xlae__GeneID_108706501, Xlae__GeneID_108710831, Xlae__GeneID_399303, Xlae__GeneID_444710	one-to-many	1	4	Orthologues/Orthologues_Shae/Shae__v__Xlae.tsv
Shae__MS3_00000487	Xlae	Xlae__GeneID_108711178, Xlae__GeneID_108711179, Xlae__GeneID_108713081, Xlae__GeneID_108715891, Xlae__GeneID_494988	one-to-many	1	5	Orthologues/Orthologues_Shae/Shae__v__Xlae.tsv
Shae__MS3_00002201	Xlae	Xlae__GeneID_100502576, Xlae__GeneID_108697582, Xlae__GeneID_108709301	one-to-many	1	3	Orthologues/Orthologues_Shae/Shae__v__Xlae.tsv
Shae__MS3_00010729	Xlae	Xlae__GeneID_397785, Xlae__GeneID_398985	many-to-many	2	2	Orthologues/Orthologues_Shae/Shae__v__Xlae.tsv
Shae__MS3_00008190	Xlae	Xlae__GeneID_397785, Xlae__GeneID_398985	many-to-many	2	2	Orthologues/Orthologues_Shae/Shae__v__Xlae.tsv
Shae__MS3_00008614	Xlae	Xlae__GeneID_108701007, Xlae__GeneID_108715790, Xlae__GeneID_380361, Xlae__GeneID_399381	one-to-many	1	4	Orthologues/Orthologues_Shae/Shae__v__Xlae.tsv
Shae__MS3_00004470	Xlae	Xlae__GeneID_108696394, Xlae__GeneID_398191	one-to-many	1	2	Orthologues/Orthologues_Shae/Shae__v__Xlae.tsv
Shae__MS3_00005288	Xlae	Xlae__GeneID_108708045, Xlae__GeneID_108709361, Xlae__GeneID_432028, Xlae__GeneID_446450	one-to-many	1	4	Orthologues/Orthologues_Shae/Shae__v__Xlae.tsv
Shae__MS3_00004459	Xlae	Xlae__GeneID_108714355, Xlae__GeneID_108714357, Xlae__GeneID_108715634	one-to-many	1	3	Orthologues/Orthologues_Shae/Shae__v__Xlae.tsv
Shae__MS3_00002715	Xlae	Xlae__GeneID_108714249, Xlae__GeneID_108715541, Xlae__GeneID_399172, Xlae__GeneID_495290	one-to-many	1	4	Orthologues/Orthologues_Shae/Shae__v__Xlae.tsv
Shae__MS3_00003183	Xlae	Xlae__GeneID_108702596, Xlae__GeneID_431888, Xlae__GeneID_444514, Xlae__GeneID_446745	one-to-many	1	4	Orthologues/Orthologues_Shae/Shae__v__Xlae.tsv
Shae__MS3_00007880	Xlae	Xlae__GeneID_108708789, Xlae__GeneID_443918, Xlae__GeneID_444525, Xlae__GeneID_495223	one-to-many	1	4	Orthologues/Orthologues_Shae/Shae__v__Xlae.tsv
Shae__MS3_00001381	Xlae	Xlae__GeneID_734182, Xlae__GeneID_779337	one-to-many	1	2	Orthologues/Orthologues_Shae/Shae__v__Xlae.tsv
Shae__MS3_00008284	Xlae	Xlae__GeneID_100127345, Xlae__GeneID_108704088, Xlae__GeneID_779085	one-to-many	1	3	Orthologues/Orthologues_Shae/Shae__v__Xlae.tsv
Shae__MS3_00003535	Xlae	Xlae__GeneID_108716907, Xlae__GeneID_121395135, Xlae__GeneID_121395136, Xlae__GeneID_447015	one-to-many	1	4	Orthologues/Orthologues_Shae/Shae__v__Xlae.tsv
Shae__MS3_00005371	Xlae	Xlae__GeneID_108702927, Xlae__GeneID_108718467, Xlae__GeneID_108719827, Xlae__GeneID_444138	one-to-many	1	4	Orthologues/Orthologues_Shae/Shae__v__Xlae.tsv
Shae__MS3_00002824	Xlae	Xlae__GeneID_108717254, Xlae__GeneID_108718305, Xlae__GeneID_399286, Xlae__GeneID_432072	one-to-many	1	4	Orthologues/Orthologues_Shae/Shae__v__Xlae.tsv
Shae__MS3_00008957	Xlae	Xlae__GeneID_108716137, Xlae__GeneID_108718546	many-to-many	3	2	Orthologues/Orthologues_Shae/Shae__v__Xlae.tsv
Shae__MS3_00004315	Xlae	Xlae__GeneID_108697633, Xlae__GeneID_108705375, Xlae__GeneID_373768, Xlae__GeneID_399287	one-to-many	1	4	Orthologues/Orthologues_Shae/Shae__v__Xlae.tsv
Shae__MS3_00008601	Xlae	Xlae__GeneID_108706817, Xlae__GeneID_108711545, Xlae__GeneID_108712220, Xlae__GeneID_108712767	one-to-many	1	4	Orthologues/Orthologues_Shae/Shae__v__Xlae.tsv
Shae__MS3_00006313	Xlae	Xlae__GeneID_108707144, Xlae__GeneID_108708293, Xlae__GeneID_108709614, Xlae__GeneID_108716267	one-to-many	1	4	Orthologues/Orthologues_Shae/Shae__v__Xlae.tsv
Shae__MS3_00001825	Xlae	Xlae__GeneID_432196, Xlae__GeneID_444502	one-to-many	1	2	Orthologues/Orthologues_Shae/Shae__v__Xlae.tsv
Shae__MS3_00007604	Xlae	Xlae__GeneID_108714604, Xlae__GeneID_432084, Xlae__GeneID_495118, Xlae__GeneID_779225	one-to-many	1	4	Orthologues/Orthologues_Shae/Shae__v__Xlae.tsv
Shae__MS3_00007496	Xlae	Xlae__GeneID_108710970, Xlae__GeneID_379806, Xlae__GeneID_444592, Xlae__GeneID_494829	one-to-many	1	4	Orthologues/Orthologues_Shae/Shae__v__Xlae.tsv
Shae__MS3_00002424	Xlae	Xlae__GeneID_108701360, Xlae__GeneID_108702982, Xlae__GeneID_446749, Xlae__GeneID_446771	one-to-many	1	4	Orthologues/Orthologues_Shae/Shae__v__Xlae.tsv
Shae__MS3_00005251	Xlae	Xlae__GeneID_108711121, Xlae__GeneID_379995, Xlae__GeneID_447307, Xlae__GeneID_447782	one-to-many	1	4	Orthologues/Orthologues_Shae/Shae__v__Xlae.tsv
Shae__MS3_00006566	Xlae	Xlae__GeneID_108700478, Xlae__GeneID_414456, Xlae__GeneID_447077, Xlae__GeneID_495362	one-to-many	1	4	Orthologues/Orthologues_Shae/Shae__v__Xlae.tsv
Shae__MS3_00007109	Xlae	Xlae__GeneID_394276, Xlae__GeneID_394347	one-to-many	1	2	Orthologues/Orthologues_Shae/Shae__v__Xlae.tsv
Shae__MS3_00006767	Xlae	Xlae__GeneID_108710710, Xlae__GeneID_380110, Xlae__GeneID_414693	one-to-many	1	3	Orthologues/Orthologues_Shae/Shae__v__Xlae.tsv
Shae__MS3_00004405	Xlae	Xlae__GeneID_108696263, Xlae__GeneID_108697216, Xlae__GeneID_444025	many-to-many	2	3	Orthologues/Orthologues_Shae/Shae__v__Xlae.tsv
Shae__MS3_00005586	Xlae	Xlae__GeneID_108709487, Xlae__GeneID_108711086, Xlae__GeneID_108713158, Xlae__GeneID_496058	one-to-many	1	4	Orthologues/Orthologues_Shae/Shae__v__Xlae.tsv
Shae__MS3_00001662	Xlae	Xlae__GeneID_100189575, Xlae__GeneID_398338, Xlae__GeneID_399097, Xlae__GeneID_779056	one-to-many	1	4	Orthologues/Orthologues_Shae/Shae__v__Xlae.tsv
Shae__MS3_00003544	Xlae	Xlae__GeneID_380229, Xlae__GeneID_735101	many-to-many	2	2	Orthologues/Orthologues_Shae/Shae__v__Xlae.tsv
Shae__MS3_00002534	Xlae	Xlae__GeneID_380229, Xlae__GeneID_735101	many-to-many	2	2	Orthologues/Orthologues_Shae/Shae__v__Xlae.tsv
Shae__MS3_00009653	Xlae	Xlae__GeneID_121399356, Xlae__GeneID_373593, Xlae__GeneID_378532	one-to-many	1	3	Orthologues/Orthologues_Shae/Shae__v__Xlae.tsv
Shae__MS3_00008061	Xlae	Xlae__GeneID_108719915, Xlae__GeneID_121394544, Xlae__GeneID_121394551, Xlae__GeneID_121394552, Xlae__GeneID_121394553	one-to-many	1	5	Orthologues/Orthologues_Shae/Shae__v__Xlae.tsv
Shae__MS3_00005382	Xlae	Xlae__GeneID_108700780, Xlae__GeneID_108702496, Xlae__GeneID_108719018	one-to-many	1	3	Orthologues/Orthologues_Shae/Shae__v__Xlae.tsv
Shae__MS3_00001786	Xlae	Xlae__GeneID_108708334, Xlae__GeneID_373780, Xlae__GeneID_496328	one-to-many	1	3	Orthologues/Orthologues_Shae/Shae__v__Xlae.tsv
Shae__MS3_00008174	Xlae	Xlae__GeneID_108703569, Xlae__GeneID_108717002, Xlae__GeneID_380143	one-to-many	1	3	Orthologues/Orthologues_Shae/Shae__v__Xlae.tsv
Shae__MS3_00006076	Xlae	Xlae__GeneID_108705108, Xlae__GeneID_108709319, Xlae__GeneID_397696, Xlae__GeneID_398298	one-to-many	1	4	Orthologues/Orthologues_Shae/Shae__v__Xlae.tsv
Shae__MS3_00004774	Xlae	Xlae__GeneID_108697423, Xlae__GeneID_446316	one-to-many	1	2	Orthologues/Orthologues_Shae/Shae__v__Xlae.tsv
Shae__MS3_00008685	Xlae	Xlae__GeneID_108696071, Xlae__GeneID_108697357	many-to-many	2	2	Orthologues/Orthologues_Shae/Shae__v__Xlae.tsv
Shae__MS3_00011163	Xlae	Xlae__GeneID_108701232, Xlae__GeneID_380084	one-to-many	1	2	Orthologues/Orthologues_Shae/Shae__v__Xlae.tsv
Shae__MS3_00006556	Xlae	Xlae__GeneID_444707, Xlae__GeneID_734495	one-to-many	1	2	Orthologues/Orthologues_Shae/Shae__v__Xlae.tsv
Shae__MS3_00005021	Xlae	Xlae__GeneID_108703801, Xlae__GeneID_108709347, Xlae__GeneID_398295, Xlae__GeneID_414522	one-to-many	1	4	Orthologues/Orthologues_Shae/Shae__v__Xlae.tsv
Shae__MS3_00004657	Xlae	Xlae__GeneID_108712802, Xlae__GeneID_379991	one-to-many	1	2	Orthologues/Orthologues_Shae/Shae__v__Xlae.tsv
Shae__MS3_00004068	Xlae	Xlae__GeneID_108716819, Xlae__GeneID_108717930	many-to-many	2	2	Orthologues/Orthologues_Shae/Shae__v__Xlae.tsv
Shae__MS3_00003724	Xlae	Xlae__GeneID_100036860, Xlae__GeneID_414882	one-to-many	1	2	Orthologues/Orthologues_Shae/Shae__v__Xlae.tsv
Shae__MS3_00008971	Xlae	Xlae__GeneID_399471, Xlae__GeneID_431908	one-to-many	1	2	Orthologues/Orthologues_Shae/Shae__v__Xlae.tsv
Shae__MS3_00008673	Xlae	Xlae__GeneID_108707957	one-to-one	1	1	Orthologues/Orthologues_Shae/Shae__v__Xlae.tsv
Shae__MS3_00010803	Xlae	Xlae__GeneID_443741, Xlae__GeneID_734239	one-to-many	1	2	Orthologues/Orthologues_Shae/Shae__v__Xlae.tsv
Shae__MS3_00007174	Xlae	Xlae__GeneID_398179	one-to-one	1	1	Orthologues/Orthologues_Shae/Shae__v__Xlae.tsv
Shae__MS3_00005632	Xlae	Xlae__GeneID_444414, Xlae__GeneID_446640	one-to-many	1	2	Orthologues/Orthologues_Shae/Shae__v__Xlae.tsv
Shae__MS3_00004076	Xlae	Xlae__GeneID_108707299, Xlae__GeneID_108718398	one-to-many	1	2	Orthologues/Orthologues_Shae/Shae__v__Xlae.tsv
Shae__MS3_00007430	Xlae	Xlae__GeneID_444368, Xlae__GeneID_495357	one-to-many	1	2	Orthologues/Orthologues_Shae/Shae__v__Xlae.tsv
Shae__MS3_00008566	Xlae	Xlae__GeneID_399296	one-to-one	1	1	Orthologues/Orthologues_Shae/Shae__v__Xlae.tsv
Shae__MS3_00007047	Xlae	Xlae__GeneID_373770	one-to-one	1	1	Orthologues/Orthologues_Shae/Shae__v__Xlae.tsv
Shae__MS3_00007700	Xlae	Xlae__GeneID_100037212	one-to-one	1	1	Orthologues/Orthologues_Shae/Shae__v__Xlae.tsv
Shae__MS3_00008251	Xlae	Xlae__GeneID_100101286	many-to-one	2	1	Orthologues/Orthologues_Shae/Shae__v__Xlae.tsv
Shae__MS3_00001622	Xlae	Xlae__GeneID_108718926	one-to-one	1	1	Orthologues/Orthologues_Shae/Shae__v__Xlae.tsv
Shae__MS3_00007449	Xlae	Xlae__GeneID_397927	one-to-one	1	1	Orthologues/Orthologues_Shae/Shae__v__Xlae.tsv
Shae__MS3_00007688	Xlae	Xlae__GeneID_734568	one-to-one	1	1	Orthologues/Orthologues_Shae/Shae__v__Xlae.tsv
Shae__MS3_00007411	Xlae	Xlae__GeneID_380417	one-to-one	1	1	Orthologues/Orthologues_Shae/Shae__v__Xlae.tsv
Shae__MS3_00009095	Xlae	Xlae__GeneID_108708143	one-to-one	1	1	Orthologues/Orthologues_Shae/Shae__v__Xlae.tsv
Sjap__EWB00_002502	Xlae	Xlae__GeneID_100337595, Xlae__GeneID_100653490, Xlae__GeneID_108699710, Xlae__GeneID_108703086, Xlae__GeneID_108711140, Xlae__GeneID_108713105, Xlae__GeneID_108716753, Xlae__GeneID_379351, Xlae__GeneID_379752, Xlae__GeneID_398426, Xlae__GeneID_398459, Xlae__GeneID_431847, Xlae__GeneID_432314, Xlae__GeneID_734918, Xlae__GeneID_779096, Xlae__GeneID_779129	one-to-many	1	16	Orthologues/Orthologues_Sjap/Sjap__v__Xlae.tsv
Sjap__EWB00_008162	Xlae	Xlae__GeneID_100191023, Xlae__GeneID_100191024, Xlae__GeneID_108695684, Xlae__GeneID_108697272, Xlae__GeneID_108697840, Xlae__GeneID_108704562, Xlae__GeneID_108705066, Xlae__GeneID_108707429, Xlae__GeneID_108707501, Xlae__GeneID_108707897, Xlae__GeneID_108708233, Xlae__GeneID_108708862, Xlae__GeneID_108709206, Xlae__GeneID_108709572, Xlae__GeneID_108711356, Xlae__GeneID_108716868, Xlae__GeneID_108717147, Xlae__GeneID_108717159, Xlae__GeneID_108717965, Xlae__GeneID_108718198, Xlae__GeneID_108718221, Xlae__GeneID_121401677, Xlae__GeneID_378530, Xlae__GeneID_379148, Xlae__GeneID_394370, Xlae__GeneID_398362, Xlae__GeneID_734241, Xlae__GeneID_779062, Xlae__GeneID_779117	many-to-many	2	29	Orthologues/Orthologues_Sjap/Sjap__v__Xlae.tsv
Sjap__EWB00_009388	Xlae	Xlae__GeneID_100127273, Xlae__GeneID_108699981, Xlae__GeneID_108708232, Xlae__GeneID_108708415, Xlae__GeneID_108709459, Xlae__GeneID_108709713, Xlae__GeneID_108713109, Xlae__GeneID_108714730, Xlae__GeneID_108715929, Xlae__GeneID_108717963, Xlae__GeneID_380398, Xlae__GeneID_398256, Xlae__GeneID_398264, Xlae__GeneID_444152, Xlae__GeneID_446852, Xlae__GeneID_447182, Xlae__GeneID_447738	many-to-many	2	17	Orthologues/Orthologues_Sjap/Sjap__v__Xlae.tsv
Sjap__EWB00_003590	Xlae	Xlae__GeneID_100127273, Xlae__GeneID_108699981, Xlae__GeneID_108708232, Xlae__GeneID_108708415, Xlae__GeneID_108709459, Xlae__GeneID_108709713, Xlae__GeneID_108713109, Xlae__GeneID_108714730, Xlae__GeneID_108715929, Xlae__GeneID_108717963, Xlae__GeneID_380398, Xlae__GeneID_398256, Xlae__GeneID_398264, Xlae__GeneID_444152, Xlae__GeneID_446852, Xlae__GeneID_447182, Xlae__GeneID_447738	many-to-many	2	17	Orthologues/Orthologues_Sjap/Sjap__v__Xlae.tsv
Sjap__EWB00_004406	Xlae	Xlae__GeneID_100036955, Xlae__GeneID_108695301, Xlae__GeneID_108708097, Xlae__GeneID_108708930, Xlae__GeneID_108709526, Xlae__GeneID_108717237, Xlae__GeneID_373609, Xlae__GeneID_373647, Xlae__GeneID_373649, Xlae__GeneID_379629, Xlae__GeneID_379812, Xlae__GeneID_380430, Xlae__GeneID_734720	many-to-many	3	13	Orthologues/Orthologues_Sjap/Sjap__v__Xlae.tsv
Sjap__EWB00_007873	Xlae	Xlae__GeneID_100036955, Xlae__GeneID_108695301, Xlae__GeneID_108708097, Xlae__GeneID_108708930, Xlae__GeneID_108709526, Xlae__GeneID_108717237, Xlae__GeneID_373609, Xlae__GeneID_373647, Xlae__GeneID_373649, Xlae__GeneID_379629, Xlae__GeneID_379812, Xlae__GeneID_380430, Xlae__GeneID_734720	many-to-many	3	13	Orthologues/Orthologues_Sjap/Sjap__v__Xlae.tsv
Sjap__EWB00_007520	Xlae	Xlae__GeneID_100036955, Xlae__GeneID_108695301, Xlae__GeneID_108708097, Xlae__GeneID_108708930, Xlae__GeneID_108709526, Xlae__GeneID_108717237, Xlae__GeneID_373609, Xlae__GeneID_373647, Xlae__GeneID_373649, Xlae__GeneID_379629, Xlae__GeneID_379812, Xlae__GeneID_380430, Xlae__GeneID_734720	many-to-many	3	13	Orthologues/Orthologues_Sjap/Sjap__v__Xlae.tsv
Sjap__EWB00_007395	Xlae	Xlae__GeneID_108699974, Xlae__GeneID_108700840, Xlae__GeneID_108701482, Xlae__GeneID_108701483, Xlae__GeneID_108703076, Xlae__GeneID_108705040, Xlae__GeneID_108714172, Xlae__GeneID_108719903, Xlae__GeneID_380419, Xlae__GeneID_380515, Xlae__GeneID_397738, Xlae__GeneID_397739, Xlae__GeneID_398983	many-to-many	3	13	Orthologues/Orthologues_Sjap/Sjap__v__Xlae.tsv
Sjap__EWB00_008239	Xlae	Xlae__GeneID_108699974, Xlae__GeneID_108700840, Xlae__GeneID_108701482, Xlae__GeneID_108701483, Xlae__GeneID_108703076, Xlae__GeneID_108705040, Xlae__GeneID_108714172, Xlae__GeneID_108719903, Xlae__GeneID_380419, Xlae__GeneID_380515, Xlae__GeneID_397738, Xlae__GeneID_397739, Xlae__GeneID_398983	many-to-many	3	13	Orthologues/Orthologues_Sjap/Sjap__v__Xlae.tsv
Sjap__EWB00_010448	Xlae	Xlae__GeneID_108699974, Xlae__GeneID_108700840, Xlae__GeneID_108701482, Xlae__GeneID_108701483, Xlae__GeneID_108703076, Xlae__GeneID_108705040, Xlae__GeneID_108714172, Xlae__GeneID_108719903, Xlae__GeneID_380419, Xlae__GeneID_380515, Xlae__GeneID_397738, Xlae__GeneID_397739, Xlae__GeneID_398983	many-to-many	3	13	Orthologues/Orthologues_Sjap/Sjap__v__Xlae.tsv
Sjap__EWB00_008724	Xlae	Xlae__GeneID_100381138, Xlae__GeneID_108699989, Xlae__GeneID_108720125, Xlae__GeneID_379332, Xlae__GeneID_379971, Xlae__GeneID_398402, Xlae__GeneID_398621, Xlae__GeneID_399357, Xlae__GeneID_444524, Xlae__GeneID_447052	many-to-many	2	10	Orthologues/Orthologues_Sjap/Sjap__v__Xlae.tsv
Sjap__EWB00_006199	Xlae	Xlae__GeneID_108698394, Xlae__GeneID_108698395, Xlae__GeneID_108700098, Xlae__GeneID_108700099, Xlae__GeneID_108709738, Xlae__GeneID_108709739, Xlae__GeneID_373763, Xlae__GeneID_373764	many-to-many	4	8	Orthologues/Orthologues_Sjap/Sjap__v__Xlae.tsv
Sjap__EWB00_006201	Xlae	Xlae__GeneID_108698394, Xlae__GeneID_108698395, Xlae__GeneID_108700098, Xlae__GeneID_108700099, Xlae__GeneID_108709738, Xlae__GeneID_108709739, Xlae__GeneID_373763, Xlae__GeneID_373764	many-to-many	4	8	Orthologues/Orthologues_Sjap/Sjap__v__Xlae.tsv
Sjap__EWB00_001102	Xlae	Xlae__GeneID_108698394, Xlae__GeneID_108698395, Xlae__GeneID_108700098, Xlae__GeneID_108700099, Xlae__GeneID_108709738, Xlae__GeneID_108709739, Xlae__GeneID_373763, Xlae__GeneID_373764	many-to-many	4	8	Orthologues/Orthologues_Sjap/Sjap__v__Xlae.tsv
Sjap__EWB00_006200	Xlae	Xlae__GeneID_108698394, Xlae__GeneID_108698395, Xlae__GeneID_108700098, Xlae__GeneID_108700099, Xlae__GeneID_108709738, Xlae__GeneID_108709739, Xlae__GeneID_373763, Xlae__GeneID_373764	many-to-many	4	8	Orthologues/Orthologues_Sjap/Sjap__v__Xlae.tsv
Sjap__EWB00_002919	Xlae	Xlae__GeneID_100191022, Xlae__GeneID_108701397, Xlae__GeneID_108718824, Xlae__GeneID_108719000, Xlae__GeneID_108719885, Xlae__GeneID_394366, Xlae__GeneID_397839, Xlae__GeneID_397842, Xlae__GeneID_397997, Xlae__GeneID_495051	one-to-many	1	10	Orthologues/Orthologues_Sjap/Sjap__v__Xlae.tsv
Sjap__EWB00_001228	Xlae	Xlae__GeneID_108701455, Xlae__GeneID_108702885, Xlae__GeneID_108709904, Xlae__GeneID_108718935, Xlae__GeneID_108719963, Xlae__GeneID_121400055, Xlae__GeneID_373815, Xlae__GeneID_397859, Xlae__GeneID_397981, Xlae__GeneID_399277, Xlae__GeneID_399283, Xlae__GeneID_495087	one-to-many	1	12	Orthologues/Orthologues_Sjap/Sjap__v__Xlae.tsv
Sjap__EWB00_009358	Xlae	Xlae__GeneID_108696776, Xlae__GeneID_108697820, Xlae__GeneID_108701647, Xlae__GeneID_108702159, Xlae__GeneID_108703204, Xlae__GeneID_108711231, Xlae__GeneID_404226, Xlae__GeneID_404227, Xlae__GeneID_447031	one-to-many	1	9	Orthologues/Orthologues_Sjap/Sjap__v__Xlae.tsv
Sjap__EWB00_010727	Xlae	Xlae__GeneID_108698614, Xlae__GeneID_108698979, Xlae__GeneID_108699197, Xlae__GeneID_108700575, Xlae__GeneID_108715130, Xlae__GeneID_108716412, Xlae__GeneID_108717395, Xlae__GeneID_398511	many-to-many	2	8	Orthologues/Orthologues_Sjap/Sjap__v__Xlae.tsv
Sjap__EWB00_004137	Xlae	Xlae__GeneID_108698614, Xlae__GeneID_108698979, Xlae__GeneID_108699197, Xlae__GeneID_108700575, Xlae__GeneID_108715130, Xlae__GeneID_108716412, Xlae__GeneID_108717395, Xlae__GeneID_398511	many-to-many	2	8	Orthologues/Orthologues_Sjap/Sjap__v__Xlae.tsv
Sjap__EWB00_002194	Xlae	Xlae__GeneID_100037253, Xlae__GeneID_108698451, Xlae__GeneID_108698712, Xlae__GeneID_108700150, Xlae__GeneID_108709331, Xlae__GeneID_108717877, Xlae__GeneID_399376, Xlae__GeneID_443729, Xlae__GeneID_445821	one-to-many	1	9	Orthologues/Orthologues_Sjap/Sjap__v__Xlae.tsv
Sjap__EWB00_002869	Xlae	Xlae__GeneID_108702890, Xlae__GeneID_108708650, Xlae__GeneID_378686, Xlae__GeneID_379708, Xlae__GeneID_397699, Xlae__GeneID_397755, Xlae__GeneID_399443, Xlae__GeneID_446423	one-to-many	1	8	Orthologues/Orthologues_Sjap/Sjap__v__Xlae.tsv
Sjap__EWB00_008748	Xlae	Xlae__GeneID_108697372, Xlae__GeneID_397701, Xlae__GeneID_397782, Xlae__GeneID_398181, Xlae__GeneID_399325, Xlae__GeneID_399347, Xlae__GeneID_399444, Xlae__GeneID_779370	one-to-many	1	8	Orthologues/Orthologues_Sjap/Sjap__v__Xlae.tsv
Sjap__EWB00_006050	Xlae	Xlae__GeneID_108715125, Xlae__GeneID_399422, Xlae__GeneID_431885, Xlae__GeneID_432169, Xlae__GeneID_446326, Xlae__GeneID_446752, Xlae__GeneID_446865, Xlae__GeneID_734930	many-to-many	2	8	Orthologues/Orthologues_Sjap/Sjap__v__Xlae.tsv
Sjap__EWB00_010649	Xlae	Xlae__GeneID_108715125, Xlae__GeneID_399422, Xlae__GeneID_431885, Xlae__GeneID_432169, Xlae__GeneID_446326, Xlae__GeneID_446752, Xlae__GeneID_446865, Xlae__GeneID_734930	many-to-many	2	8	Orthologues/Orthologues_Sjap/Sjap__v__Xlae.tsv
Sjap__EWB00_008807	Xlae	Xlae__GeneID_108699719, Xlae__GeneID_108716609, Xlae__GeneID_379172, Xlae__GeneID_379258, Xlae__GeneID_379282, Xlae__GeneID_494995	many-to-many	2	6	Orthologues/Orthologues_Sjap/Sjap__v__Xlae.tsv
Sjap__EWB00_003359	Xlae	Xlae__GeneID_108699719, Xlae__GeneID_108716609, Xlae__GeneID_379172, Xlae__GeneID_379258, Xlae__GeneID_379282, Xlae__GeneID_494995	many-to-many	2	6	Orthologues/Orthologues_Sjap/Sjap__v__Xlae.tsv
Sjap__EWB00_009781	Xlae	Xlae__GeneID_101027300, Xlae__GeneID_108699326, Xlae__GeneID_108699327, Xlae__GeneID_108702997, Xlae__GeneID_108715017, Xlae__GeneID_379399, Xlae__GeneID_399459, Xlae__GeneID_733239	one-to-many	1	8	Orthologues/Orthologues_Sjap/Sjap__v__Xlae.tsv
Sjap__EWB00_006315	Xlae	Xlae__GeneID_100037169, Xlae__GeneID_495151	many-to-many	6	2	Orthologues/Orthologues_Sjap/Sjap__v__Xlae.tsv
Sjap__EWB00_008747	Xlae	Xlae__GeneID_100101292, Xlae__GeneID_108696280, Xlae__GeneID_108710972, Xlae__GeneID_379929, Xlae__GeneID_447619	one-to-many	1	5	Orthologues/Orthologues_Sjap/Sjap__v__Xlae.tsv
Sjap__EWB00_004179	Xlae	Xlae__GeneID_100049134, Xlae__GeneID_100101302, Xlae__GeneID_108712973, Xlae__GeneID_379763, Xlae__GeneID_734822	many-to-many	2	5	Orthologues/Orthologues_Sjap/Sjap__v__Xlae.tsv
Sjap__EWB00_002775	Xlae	Xlae__GeneID_108699999, Xlae__GeneID_108704467, Xlae__GeneID_108705104, Xlae__GeneID_108715054, Xlae__GeneID_121393384, Xlae__GeneID_121393385, Xlae__GeneID_733321, Xlae__GeneID_734178	many-to-many	2	8	Orthologues/Orthologues_Sjap/Sjap__v__Xlae.tsv
Sjap__EWB00_006234	Xlae	Xlae__GeneID_108699999, Xlae__GeneID_108704467, Xlae__GeneID_108705104, Xlae__GeneID_108715054, Xlae__GeneID_121393384, Xlae__GeneID_121393385, Xlae__GeneID_733321, Xlae__GeneID_734178	many-to-many	2	8	Orthologues/Orthologues_Sjap/Sjap__v__Xlae.tsv
Sjap__EWB00_001311	Xlae	Xlae__GeneID_108699914, Xlae__GeneID_108700220, Xlae__GeneID_108711695, Xlae__GeneID_108713331, Xlae__GeneID_108714428, Xlae__GeneID_108715007, Xlae__GeneID_398739	many-to-many	2	7	Orthologues/Orthologues_Sjap/Sjap__v__Xlae.tsv
Sjap__EWB00_000274	Xlae	Xlae__GeneID_108699914, Xlae__GeneID_108700220, Xlae__GeneID_108711695, Xlae__GeneID_108713331, Xlae__GeneID_108714428, Xlae__GeneID_108715007, Xlae__GeneID_398739	many-to-many	2	7	Orthologues/Orthologues_Sjap/Sjap__v__Xlae.tsv
Sjap__EWB00_009122	Xlae	Xlae__GeneID_100329215, Xlae__GeneID_108711159, Xlae__GeneID_379992, Xlae__GeneID_398592, Xlae__GeneID_494669	one-to-many	1	5	Orthologues/Orthologues_Sjap/Sjap__v__Xlae.tsv
Sjap__EWB00_007965	Xlae	Xlae__GeneID_100158430, Xlae__GeneID_108700357, Xlae__GeneID_108711478, Xlae__GeneID_398006, Xlae__GeneID_398022, Xlae__GeneID_398941	many-to-many	2	6	Orthologues/Orthologues_Sjap/Sjap__v__Xlae.tsv
Sjap__EWB00_003876	Xlae	Xlae__GeneID_108700969, Xlae__GeneID_108701290, Xlae__GeneID_108702928, Xlae__GeneID_108714133, Xlae__GeneID_108715487, Xlae__GeneID_108719107, Xlae__GeneID_108720081	one-to-many	1	7	Orthologues/Orthologues_Sjap/Sjap__v__Xlae.tsv
Sjap__EWB00_007512	Xlae	Xlae__GeneID_100101276, Xlae__GeneID_108711677, Xlae__GeneID_108714187, Xlae__GeneID_380388	many-to-many	3	4	Orthologues/Orthologues_Sjap/Sjap__v__Xlae.tsv
Sjap__EWB00_004196	Xlae	Xlae__GeneID_100101276, Xlae__GeneID_108711677, Xlae__GeneID_108714187, Xlae__GeneID_380388	many-to-many	3	4	Orthologues/Orthologues_Sjap/Sjap__v__Xlae.tsv
Sjap__EWB00_007721	Xlae	Xlae__GeneID_100101276, Xlae__GeneID_108711677, Xlae__GeneID_108714187, Xlae__GeneID_380388	many-to-many	3	4	Orthologues/Orthologues_Sjap/Sjap__v__Xlae.tsv
Sjap__EWB00_003065	Xlae	Xlae__GeneID_108696257, Xlae__GeneID_108712641, Xlae__GeneID_380508, Xlae__GeneID_397789, Xlae__GeneID_398376, Xlae__GeneID_399160, Xlae__GeneID_399284	one-to-many	1	7	Orthologues/Orthologues_Sjap/Sjap__v__Xlae.tsv
Sjap__EWB00_009560	Xlae	Xlae__GeneID_100049724, Xlae__GeneID_100137707, Xlae__GeneID_108695689, Xlae__GeneID_108696847, Xlae__GeneID_108718052, Xlae__GeneID_735087	one-to-many	1	6	Orthologues/Orthologues_Sjap/Sjap__v__Xlae.tsv
Sjap__EWB00_003107	Xlae	Xlae__GeneID_100127305, Xlae__GeneID_108697748, Xlae__GeneID_108701181, Xlae__GeneID_108701615, Xlae__GeneID_108703174, Xlae__GeneID_373694	many-to-many	2	6	Orthologues/Orthologues_Sjap/Sjap__v__Xlae.tsv
Sjap__EWB00_002313	Xlae	Xlae__GeneID_100127305, Xlae__GeneID_108697748, Xlae__GeneID_108701181, Xlae__GeneID_108701615, Xlae__GeneID_108703174, Xlae__GeneID_373694	many-to-many	2	6	Orthologues/Orthologues_Sjap/Sjap__v__Xlae.tsv
Sjap__EWB00_001471	Xlae	Xlae__GeneID_108698274, Xlae__GeneID_108706583, Xlae__GeneID_108710759, Xlae__GeneID_121402817, Xlae__GeneID_734996	one-to-many	1	5	Orthologues/Orthologues_Sjap/Sjap__v__Xlae.tsv
Sjap__EWB00_003747	Xlae	Xlae__GeneID_108695677, Xlae__GeneID_108707219, Xlae__GeneID_108711440, Xlae__GeneID_444292	one-to-many	1	4	Orthologues/Orthologues_Sjap/Sjap__v__Xlae.tsv
Sjap__EWB00_003063	Xlae	Xlae__GeneID_108698980, Xlae__GeneID_108699739, Xlae__GeneID_108716096, Xlae__GeneID_108716156, Xlae__GeneID_108717382, Xlae__GeneID_121394155	one-to-many	1	6	Orthologues/Orthologues_Sjap/Sjap__v__Xlae.tsv
Sjap__EWB00_011039	Xlae	Xlae__GeneID_108702534, Xlae__GeneID_108702994, Xlae__GeneID_108708560, Xlae__GeneID_108708991, Xlae__GeneID_373657, Xlae__GeneID_397985	one-to-many	1	6	Orthologues/Orthologues_Sjap/Sjap__v__Xlae.tsv
Sjap__EWB00_002103	Xlae	Xlae__GeneID_100049120, Xlae__GeneID_108713911, Xlae__GeneID_379119, Xlae__GeneID_446790, Xlae__GeneID_494682	one-to-many	1	5	Orthologues/Orthologues_Sjap/Sjap__v__Xlae.tsv
Sjap__EWB00_002413	Xlae	Xlae__GeneID_108701280, Xlae__GeneID_108719348, Xlae__GeneID_398925, Xlae__GeneID_432210, Xlae__GeneID_779226	one-to-many	1	5	Orthologues/Orthologues_Sjap/Sjap__v__Xlae.tsv
Sjap__EWB00_010687	Xlae	Xlae__GeneID_108699954, Xlae__GeneID_108704697, Xlae__GeneID_373818, Xlae__GeneID_403362	many-to-many	2	4	Orthologues/Orthologues_Sjap/Sjap__v__Xlae.tsv
Sjap__EWB00_001594	Xlae	Xlae__GeneID_108701335, Xlae__GeneID_108702964, Xlae__GeneID_108708537, Xlae__GeneID_108719029, Xlae__GeneID_399295, Xlae__GeneID_399454	one-to-many	1	6	Orthologues/Orthologues_Sjap/Sjap__v__Xlae.tsv
Sjap__EWB00_007640	Xlae	Xlae__GeneID_100381159, Xlae__GeneID_108699730, Xlae__GeneID_398612	one-to-many	1	3	Orthologues/Orthologues_Sjap/Sjap__v__Xlae.tsv
Sjap__EWB00_004212	Xlae	Xlae__GeneID_108698750, Xlae__GeneID_108699794, Xlae__GeneID_108704730, Xlae__GeneID_121398949	many-to-many	2	4	Orthologues/Orthologues_Sjap/Sjap__v__Xlae.tsv
Sjap__EWB00_011263	Xlae	Xlae__GeneID_108698803, Xlae__GeneID_379783, Xlae__GeneID_399170, Xlae__GeneID_432172	one-to-many	1	4	Orthologues/Orthologues_Sjap/Sjap__v__Xlae.tsv
Sjap__EWB00_007650	Xlae	Xlae__GeneID_108698480, Xlae__GeneID_108709753, Xlae__GeneID_432004, Xlae__GeneID_444155, Xlae__GeneID_444523	one-to-many	1	5	Orthologues/Orthologues_Sjap/Sjap__v__Xlae.tsv
Sjap__EWB00_008372	Xlae	Xlae__GeneID_100381164, Xlae__GeneID_100505422, Xlae__GeneID_108701628, Xlae__GeneID_380481	one-to-many	1	4	Orthologues/Orthologues_Sjap/Sjap__v__Xlae.tsv
Sjap__EWB00_006505	Xlae	Xlae__GeneID_100037170, Xlae__GeneID_108711290, Xlae__GeneID_108712994, Xlae__GeneID_733283	many-to-many	2	4	Orthologues/Orthologues_Sjap/Sjap__v__Xlae.tsv
Sjap__EWB00_003146	Xlae	Xlae__GeneID_100037170, Xlae__GeneID_108711290, Xlae__GeneID_108712994, Xlae__GeneID_733283	many-to-many	2	4	Orthologues/Orthologues_Sjap/Sjap__v__Xlae.tsv
Sjap__EWB00_004872	Xlae	Xlae__GeneID_108695394, Xlae__GeneID_108696122, Xlae__GeneID_108699253, Xlae__GeneID_108719343	one-to-many	1	4	Orthologues/Orthologues_Sjap/Sjap__v__Xlae.tsv
Sjap__EWB00_004811	Xlae	Xlae__GeneID_397925, Xlae__GeneID_398349, Xlae__GeneID_398457, Xlae__GeneID_444083	one-to-many	1	4	Orthologues/Orthologues_Sjap/Sjap__v__Xlae.tsv
Sjap__EWB00_003272	Xlae	Xlae__GeneID_379785, Xlae__GeneID_380246, Xlae__GeneID_399314, Xlae__GeneID_432036	one-to-many	1	4	Orthologues/Orthologues_Sjap/Sjap__v__Xlae.tsv
Sjap__EWB00_001225	Xlae	Xlae__GeneID_108706501, Xlae__GeneID_108710831, Xlae__GeneID_399303, Xlae__GeneID_444710	one-to-many	1	4	Orthologues/Orthologues_Sjap/Sjap__v__Xlae.tsv
Sjap__EWB00_002741	Xlae	Xlae__GeneID_108711178, Xlae__GeneID_108711179, Xlae__GeneID_108713081, Xlae__GeneID_108715891, Xlae__GeneID_494988	one-to-many	1	5	Orthologues/Orthologues_Sjap/Sjap__v__Xlae.tsv
Sjap__EWB00_001036	Xlae	Xlae__GeneID_108699707, Xlae__GeneID_108713955, Xlae__GeneID_447531	one-to-many	1	3	Orthologues/Orthologues_Sjap/Sjap__v__Xlae.tsv
Sjap__EWB00_002797	Xlae	Xlae__GeneID_100502576, Xlae__GeneID_108697582, Xlae__GeneID_108709301	one-to-many	1	3	Orthologues/Orthologues_Sjap/Sjap__v__Xlae.tsv
Sjap__EWB00_008683	Xlae	Xlae__GeneID_397785, Xlae__GeneID_398985	many-to-many	2	2	Orthologues/Orthologues_Sjap/Sjap__v__Xlae.tsv
Sjap__EWB00_004095	Xlae	Xlae__GeneID_397785, Xlae__GeneID_398985	many-to-many	2	2	Orthologues/Orthologues_Sjap/Sjap__v__Xlae.tsv
Sjap__EWB00_009287	Xlae	Xlae__GeneID_108701007, Xlae__GeneID_108715790, Xlae__GeneID_380361, Xlae__GeneID_399381	one-to-many	1	4	Orthologues/Orthologues_Sjap/Sjap__v__Xlae.tsv
Sjap__EWB00_007519	Xlae	Xlae__GeneID_108704101, Xlae__GeneID_108711504, Xlae__GeneID_379876, Xlae__GeneID_398499	one-to-many	1	4	Orthologues/Orthologues_Sjap/Sjap__v__Xlae.tsv
Sjap__EWB00_005902	Xlae	Xlae__GeneID_108708045, Xlae__GeneID_108709361, Xlae__GeneID_432028, Xlae__GeneID_446450	one-to-many	1	4	Orthologues/Orthologues_Sjap/Sjap__v__Xlae.tsv
Sjap__EWB00_006126	Xlae	Xlae__GeneID_108714355, Xlae__GeneID_108714357, Xlae__GeneID_108715634	one-to-many	1	3	Orthologues/Orthologues_Sjap/Sjap__v__Xlae.tsv
Sjap__EWB00_004650	Xlae	Xlae__GeneID_108714249, Xlae__GeneID_108715541, Xlae__GeneID_399172, Xlae__GeneID_495290	one-to-many	1	4	Orthologues/Orthologues_Sjap/Sjap__v__Xlae.tsv
Sjap__EWB00_008528	Xlae	Xlae__GeneID_108702596, Xlae__GeneID_431888, Xlae__GeneID_444514, Xlae__GeneID_446745	one-to-many	1	4	Orthologues/Orthologues_Sjap/Sjap__v__Xlae.tsv
Sjap__EWB00_006607	Xlae	Xlae__GeneID_108708789, Xlae__GeneID_443918, Xlae__GeneID_444525, Xlae__GeneID_495223	many-to-many	2	4	Orthologues/Orthologues_Sjap/Sjap__v__Xlae.tsv
Sjap__EWB00_003429	Xlae	Xlae__GeneID_734182, Xlae__GeneID_779337	one-to-many	1	2	Orthologues/Orthologues_Sjap/Sjap__v__Xlae.tsv
Sjap__EWB00_004965	Xlae	Xlae__GeneID_100127345, Xlae__GeneID_108704088, Xlae__GeneID_779085	one-to-many	1	3	Orthologues/Orthologues_Sjap/Sjap__v__Xlae.tsv
Sjap__EWB00_005624	Xlae	Xlae__GeneID_108708713, Xlae__GeneID_108717939, Xlae__GeneID_380415, Xlae__GeneID_447409	one-to-many	1	4	Orthologues/Orthologues_Sjap/Sjap__v__Xlae.tsv
Sjap__EWB00_003710	Xlae	Xlae__GeneID_108706835, Xlae__GeneID_108714220, Xlae__GeneID_108715524	one-to-many	1	3	Orthologues/Orthologues_Sjap/Sjap__v__Xlae.tsv
Sjap__EWB00_009479	Xlae	Xlae__GeneID_108716907, Xlae__GeneID_121395135, Xlae__GeneID_121395136, Xlae__GeneID_447015	one-to-many	1	4	Orthologues/Orthologues_Sjap/Sjap__v__Xlae.tsv
Sjap__EWB00_009224	Xlae	Xlae__GeneID_108702927, Xlae__GeneID_108718467, Xlae__GeneID_108719827, Xlae__GeneID_444138	one-to-many	1	4	Orthologues/Orthologues_Sjap/Sjap__v__Xlae.tsv
Sjap__EWB00_007322	Xlae	Xlae__GeneID_108717254, Xlae__GeneID_108718305, Xlae__GeneID_399286, Xlae__GeneID_432072	one-to-many	1	4	Orthologues/Orthologues_Sjap/Sjap__v__Xlae.tsv
Sjap__EWB00_001328	Xlae	Xlae__GeneID_108716137, Xlae__GeneID_108718546	one-to-many	1	2	Orthologues/Orthologues_Sjap/Sjap__v__Xlae.tsv
Sjap__EWB00_005467	Xlae	Xlae__GeneID_108697633, Xlae__GeneID_108705375, Xlae__GeneID_373768, Xlae__GeneID_399287	one-to-many	1	4	Orthologues/Orthologues_Sjap/Sjap__v__Xlae.tsv
Sjap__EWB00_001961	Xlae	Xlae__GeneID_108706817, Xlae__GeneID_108711545, Xlae__GeneID_108712220, Xlae__GeneID_108712767	one-to-many	1	4	Orthologues/Orthologues_Sjap/Sjap__v__Xlae.tsv
Sjap__EWB00_009541	Xlae	Xlae__GeneID_432196, Xlae__GeneID_444502	one-to-many	1	2	Orthologues/Orthologues_Sjap/Sjap__v__Xlae.tsv
Sjap__EWB00_007161	Xlae	Xlae__GeneID_108714604, Xlae__GeneID_432084, Xlae__GeneID_495118, Xlae__GeneID_779225	one-to-many	1	4	Orthologues/Orthologues_Sjap/Sjap__v__Xlae.tsv
Sjap__EWB00_007274	Xlae	Xlae__GeneID_108710970, Xlae__GeneID_379806, Xlae__GeneID_444592, Xlae__GeneID_494829	one-to-many	1	4	Orthologues/Orthologues_Sjap/Sjap__v__Xlae.tsv
Sjap__EWB00_008286	Xlae	Xlae__GeneID_108701360, Xlae__GeneID_108702982, Xlae__GeneID_446749, Xlae__GeneID_446771	one-to-many	1	4	Orthologues/Orthologues_Sjap/Sjap__v__Xlae.tsv
Sjap__EWB00_007739	Xlae	Xlae__GeneID_108711121, Xlae__GeneID_379995, Xlae__GeneID_447307, Xlae__GeneID_447782	one-to-many	1	4	Orthologues/Orthologues_Sjap/Sjap__v__Xlae.tsv
Sjap__EWB00_005166	Xlae	Xlae__GeneID_394276, Xlae__GeneID_394347	one-to-many	1	2	Orthologues/Orthologues_Sjap/Sjap__v__Xlae.tsv
Sjap__EWB00_005385	Xlae	Xlae__GeneID_108710710, Xlae__GeneID_380110, Xlae__GeneID_414693	one-to-many	1	3	Orthologues/Orthologues_Sjap/Sjap__v__Xlae.tsv
Sjap__EWB00_004368	Xlae	Xlae__GeneID_100189575, Xlae__GeneID_398338, Xlae__GeneID_399097, Xlae__GeneID_779056	one-to-many	1	4	Orthologues/Orthologues_Sjap/Sjap__v__Xlae.tsv
Sjap__EWB00_009480	Xlae	Xlae__GeneID_380229, Xlae__GeneID_735101	many-to-many	2	2	Orthologues/Orthologues_Sjap/Sjap__v__Xlae.tsv
Sjap__EWB00_010219	Xlae	Xlae__GeneID_380229, Xlae__GeneID_735101	many-to-many	2	2	Orthologues/Orthologues_Sjap/Sjap__v__Xlae.tsv
Sjap__EWB00_005849	Xlae	Xlae__GeneID_121399356, Xlae__GeneID_373593, Xlae__GeneID_378532	one-to-many	1	3	Orthologues/Orthologues_Sjap/Sjap__v__Xlae.tsv
Sjap__EWB00_001091	Xlae	Xlae__GeneID_108708334, Xlae__GeneID_373780, Xlae__GeneID_496328	one-to-many	1	3	Orthologues/Orthologues_Sjap/Sjap__v__Xlae.tsv
Sjap__EWB00_001618	Xlae	Xlae__GeneID_108703569, Xlae__GeneID_108717002, Xlae__GeneID_380143	one-to-many	1	3	Orthologues/Orthologues_Sjap/Sjap__v__Xlae.tsv
Sjap__EWB00_002531	Xlae	Xlae__GeneID_108705108, Xlae__GeneID_108709319, Xlae__GeneID_397696, Xlae__GeneID_398298	one-to-many	1	4	Orthologues/Orthologues_Sjap/Sjap__v__Xlae.tsv
Sjap__EWB00_008857	Xlae	Xlae__GeneID_108697423, Xlae__GeneID_446316	one-to-many	1	2	Orthologues/Orthologues_Sjap/Sjap__v__Xlae.tsv
Sjap__EWB00_000320	Xlae	Xlae__GeneID_108696071, Xlae__GeneID_108697357	many-to-many	2	2	Orthologues/Orthologues_Sjap/Sjap__v__Xlae.tsv
Sjap__EWB00_007426	Xlae	Xlae__GeneID_108701232, Xlae__GeneID_380084	one-to-many	1	2	Orthologues/Orthologues_Sjap/Sjap__v__Xlae.tsv
Sjap__EWB00_007221	Xlae	Xlae__GeneID_444707, Xlae__GeneID_734495	one-to-many	1	2	Orthologues/Orthologues_Sjap/Sjap__v__Xlae.tsv
Sjap__EWB00_007959	Xlae	Xlae__GeneID_108703801, Xlae__GeneID_108709347, Xlae__GeneID_398295, Xlae__GeneID_414522	one-to-many	1	4	Orthologues/Orthologues_Sjap/Sjap__v__Xlae.tsv
Sjap__EWB00_002386	Xlae	Xlae__GeneID_108712802, Xlae__GeneID_379991	one-to-many	1	2	Orthologues/Orthologues_Sjap/Sjap__v__Xlae.tsv
Sjap__EWB00_003104	Xlae	Xlae__GeneID_108716819, Xlae__GeneID_108717930	one-to-many	1	2	Orthologues/Orthologues_Sjap/Sjap__v__Xlae.tsv
Sjap__EWB00_008035	Xlae	Xlae__GeneID_100036860, Xlae__GeneID_414882	one-to-many	1	2	Orthologues/Orthologues_Sjap/Sjap__v__Xlae.tsv
Sjap__EWB00_011320	Xlae	Xlae__GeneID_100037118, Xlae__GeneID_100049105, Xlae__GeneID_108700745, Xlae__GeneID_734454	one-to-many	1	4	Orthologues/Orthologues_Sjap/Sjap__v__Xlae.tsv
Sjap__EWB00_002781	Xlae	Xlae__GeneID_379624, Xlae__GeneID_380238	one-to-many	1	2	Orthologues/Orthologues_Sjap/Sjap__v__Xlae.tsv
Sjap__EWB00_001343	Xlae	Xlae__GeneID_399471, Xlae__GeneID_431908	one-to-many	1	2	Orthologues/Orthologues_Sjap/Sjap__v__Xlae.tsv
Sjap__EWB00_008993	Xlae	Xlae__GeneID_108707957	one-to-one	1	1	Orthologues/Orthologues_Sjap/Sjap__v__Xlae.tsv
Sjap__EWB00_010647	Xlae	Xlae__GeneID_443741, Xlae__GeneID_734239	one-to-many	1	2	Orthologues/Orthologues_Sjap/Sjap__v__Xlae.tsv
Sjap__EWB00_003470	Xlae	Xlae__GeneID_398179	one-to-one	1	1	Orthologues/Orthologues_Sjap/Sjap__v__Xlae.tsv
Sjap__EWB00_010398	Xlae	Xlae__GeneID_444414, Xlae__GeneID_446640	one-to-many	1	2	Orthologues/Orthologues_Sjap/Sjap__v__Xlae.tsv
Sjap__EWB00_003114	Xlae	Xlae__GeneID_108707299, Xlae__GeneID_108718398	one-to-many	1	2	Orthologues/Orthologues_Sjap/Sjap__v__Xlae.tsv
Sjap__EWB00_006002	Xlae	Xlae__GeneID_444368, Xlae__GeneID_495357	one-to-many	1	2	Orthologues/Orthologues_Sjap/Sjap__v__Xlae.tsv
Sjap__EWB00_009117	Xlae	Xlae__GeneID_431881, Xlae__GeneID_734461	one-to-many	1	2	Orthologues/Orthologues_Sjap/Sjap__v__Xlae.tsv
Sjap__EWB00_004629	Xlae	Xlae__GeneID_399296	one-to-one	1	1	Orthologues/Orthologues_Sjap/Sjap__v__Xlae.tsv
Sjap__EWB00_003565	Xlae	Xlae__GeneID_373770	one-to-one	1	1	Orthologues/Orthologues_Sjap/Sjap__v__Xlae.tsv
Sjap__EWB00_000516	Xlae	Xlae__GeneID_108703133, Xlae__GeneID_444529	one-to-many	1	2	Orthologues/Orthologues_Sjap/Sjap__v__Xlae.tsv
Sjap__EWB00_001408	Xlae	Xlae__GeneID_100037212	one-to-one	1	1	Orthologues/Orthologues_Sjap/Sjap__v__Xlae.tsv
Sjap__EWB00_009305	Xlae	Xlae__GeneID_443572	many-to-one	2	1	Orthologues/Orthologues_Sjap/Sjap__v__Xlae.tsv
Sjap__EWB00_008932	Xlae	Xlae__GeneID_108698255, Xlae__GeneID_414527	one-to-many	1	2	Orthologues/Orthologues_Sjap/Sjap__v__Xlae.tsv
Sjap__EWB00_004325	Xlae	Xlae__GeneID_108718926	one-to-one	1	1	Orthologues/Orthologues_Sjap/Sjap__v__Xlae.tsv
Sjap__EWB00_006602	Xlae	Xlae__GeneID_399461	one-to-one	1	1	Orthologues/Orthologues_Sjap/Sjap__v__Xlae.tsv
Sjap__EWB00_010449	Xlae	Xlae__GeneID_108716188, Xlae__GeneID_108716939, Xlae__GeneID_398045	one-to-many	1	3	Orthologues/Orthologues_Sjap/Sjap__v__Xlae.tsv
Sjap__EWB00_001391	Xlae	Xlae__GeneID_734568	one-to-one	1	1	Orthologues/Orthologues_Sjap/Sjap__v__Xlae.tsv
Sjap__EWB00_002182	Xlae	Xlae__GeneID_108708143	one-to-one	1	1	Orthologues/Orthologues_Sjap/Sjap__v__Xlae.tsv
Sman__Smp_307010	Xlae	Xlae__GeneID_100337595, Xlae__GeneID_100653490, Xlae__GeneID_108699710, Xlae__GeneID_108703086, Xlae__GeneID_108711140, Xlae__GeneID_108713105, Xlae__GeneID_108716753, Xlae__GeneID_379351, Xlae__GeneID_379752, Xlae__GeneID_398426, Xlae__GeneID_398459, Xlae__GeneID_431847, Xlae__GeneID_432314, Xlae__GeneID_734918, Xlae__GeneID_779096, Xlae__GeneID_779129	many-to-many	2	16	Orthologues/Orthologues_Sman/Sman__v__Xlae.tsv
Sman__Smp_307020	Xlae	Xlae__GeneID_100337595, Xlae__GeneID_100653490, Xlae__GeneID_108699710, Xlae__GeneID_108703086, Xlae__GeneID_108711140, Xlae__GeneID_108713105, Xlae__GeneID_108716753, Xlae__GeneID_379351, Xlae__GeneID_379752, Xlae__GeneID_398426, Xlae__GeneID_398459, Xlae__GeneID_431847, Xlae__GeneID_432314, Xlae__GeneID_734918, Xlae__GeneID_779096, Xlae__GeneID_779129	many-to-many	2	16	Orthologues/Orthologues_Sman/Sman__v__Xlae.tsv
Sman__Smp_048560	Xlae	Xlae__GeneID_100127273, Xlae__GeneID_108699981, Xlae__GeneID_108708232, Xlae__GeneID_108708415, Xlae__GeneID_108709459, Xlae__GeneID_108709713, Xlae__GeneID_108713109, Xlae__GeneID_108714730, Xlae__GeneID_108715929, Xlae__GeneID_108717963, Xlae__GeneID_380398, Xlae__GeneID_398256, Xlae__GeneID_398264, Xlae__GeneID_444152, Xlae__GeneID_446852, Xlae__GeneID_447182, Xlae__GeneID_447738	many-to-many	2	17	Orthologues/Orthologues_Sman/Sman__v__Xlae.tsv
Sman__Smp_143130	Xlae	Xlae__GeneID_100127273, Xlae__GeneID_108699981, Xlae__GeneID_108708232, Xlae__GeneID_108708415, Xlae__GeneID_108709459, Xlae__GeneID_108709713, Xlae__GeneID_108713109, Xlae__GeneID_108714730, Xlae__GeneID_108715929, Xlae__GeneID_108717963, Xlae__GeneID_380398, Xlae__GeneID_398256, Xlae__GeneID_398264, Xlae__GeneID_444152, Xlae__GeneID_446852, Xlae__GeneID_447182, Xlae__GeneID_447738	many-to-many	2	17	Orthologues/Orthologues_Sman/Sman__v__Xlae.tsv
Sman__Smp_172200	Xlae	Xlae__GeneID_100036955, Xlae__GeneID_108695301, Xlae__GeneID_108708097, Xlae__GeneID_108708930, Xlae__GeneID_108709526, Xlae__GeneID_108717237, Xlae__GeneID_373609, Xlae__GeneID_373647, Xlae__GeneID_373649, Xlae__GeneID_379629, Xlae__GeneID_379812, Xlae__GeneID_380430, Xlae__GeneID_734720	many-to-many	4	13	Orthologues/Orthologues_Sman/Sman__v__Xlae.tsv
Sman__Smp_348670	Xlae	Xlae__GeneID_100036955, Xlae__GeneID_108695301, Xlae__GeneID_108708097, Xlae__GeneID_108708930, Xlae__GeneID_108709526, Xlae__GeneID_108717237, Xlae__GeneID_373609, Xlae__GeneID_373647, Xlae__GeneID_373649, Xlae__GeneID_379629, Xlae__GeneID_379812, Xlae__GeneID_380430, Xlae__GeneID_734720	many-to-many	4	13	Orthologues/Orthologues_Sman/Sman__v__Xlae.tsv
Sman__Smp_006920	Xlae	Xlae__GeneID_100036955, Xlae__GeneID_108695301, Xlae__GeneID_108708097, Xlae__GeneID_108708930, Xlae__GeneID_108709526, Xlae__GeneID_108717237, Xlae__GeneID_373609, Xlae__GeneID_373647, Xlae__GeneID_373649, Xlae__GeneID_379629, Xlae__GeneID_379812, Xlae__GeneID_380430, Xlae__GeneID_734720	many-to-many	4	13	Orthologues/Orthologues_Sman/Sman__v__Xlae.tsv
Sman__Smp_136300	Xlae	Xlae__GeneID_100036955, Xlae__GeneID_108695301, Xlae__GeneID_108708097, Xlae__GeneID_108708930, Xlae__GeneID_108709526, Xlae__GeneID_108717237, Xlae__GeneID_373609, Xlae__GeneID_373647, Xlae__GeneID_373649, Xlae__GeneID_379629, Xlae__GeneID_379812, Xlae__GeneID_380430, Xlae__GeneID_734720	many-to-many	4	13	Orthologues/Orthologues_Sman/Sman__v__Xlae.tsv
Sman__Smp_135560	Xlae	Xlae__GeneID_108699974, Xlae__GeneID_108700840, Xlae__GeneID_108701482, Xlae__GeneID_108701483, Xlae__GeneID_108703076, Xlae__GeneID_108705040, Xlae__GeneID_108714172, Xlae__GeneID_108719903, Xlae__GeneID_380419, Xlae__GeneID_380515, Xlae__GeneID_397738, Xlae__GeneID_397739, Xlae__GeneID_398983	many-to-many	3	13	Orthologues/Orthologues_Sman/Sman__v__Xlae.tsv
Sman__Smp_164590	Xlae	Xlae__GeneID_108699974, Xlae__GeneID_108700840, Xlae__GeneID_108701482, Xlae__GeneID_108701483, Xlae__GeneID_108703076, Xlae__GeneID_108705040, Xlae__GeneID_108714172, Xlae__GeneID_108719903, Xlae__GeneID_380419, Xlae__GeneID_380515, Xlae__GeneID_397738, Xlae__GeneID_397739, Xlae__GeneID_398983	many-to-many	3	13	Orthologues/Orthologues_Sman/Sman__v__Xlae.tsv
Sman__Smp_343740	Xlae	Xlae__GeneID_108699974, Xlae__GeneID_108700840, Xlae__GeneID_108701482, Xlae__GeneID_108701483, Xlae__GeneID_108703076, Xlae__GeneID_108705040, Xlae__GeneID_108714172, Xlae__GeneID_108719903, Xlae__GeneID_380419, Xlae__GeneID_380515, Xlae__GeneID_397738, Xlae__GeneID_397739, Xlae__GeneID_398983	many-to-many	3	13	Orthologues/Orthologues_Sman/Sman__v__Xlae.tsv
Sman__Smp_065290	Xlae	Xlae__GeneID_100381138, Xlae__GeneID_108699989, Xlae__GeneID_108720125, Xlae__GeneID_379332, Xlae__GeneID_379971, Xlae__GeneID_398402, Xlae__GeneID_398621, Xlae__GeneID_399357, Xlae__GeneID_444524, Xlae__GeneID_447052	many-to-many	2	10	Orthologues/Orthologues_Sman/Sman__v__Xlae.tsv
Sman__Smp_170340	Xlae	Xlae__GeneID_108698394, Xlae__GeneID_108698395, Xlae__GeneID_108700098, Xlae__GeneID_108700099, Xlae__GeneID_108709738, Xlae__GeneID_108709739, Xlae__GeneID_373763, Xlae__GeneID_373764	many-to-many	4	8	Orthologues/Orthologues_Sman/Sman__v__Xlae.tsv
Sman__Smp_213910	Xlae	Xlae__GeneID_108698394, Xlae__GeneID_108698395, Xlae__GeneID_108700098, Xlae__GeneID_108700099, Xlae__GeneID_108709738, Xlae__GeneID_108709739, Xlae__GeneID_373763, Xlae__GeneID_373764	many-to-many	4	8	Orthologues/Orthologues_Sman/Sman__v__Xlae.tsv
Sman__Smp_213900	Xlae	Xlae__GeneID_108698394, Xlae__GeneID_108698395, Xlae__GeneID_108700098, Xlae__GeneID_108700099, Xlae__GeneID_108709738, Xlae__GeneID_108709739, Xlae__GeneID_373763, Xlae__GeneID_373764	many-to-many	4	8	Orthologues/Orthologues_Sman/Sman__v__Xlae.tsv
Sman__Smp_159600	Xlae	Xlae__GeneID_108698394, Xlae__GeneID_108698395, Xlae__GeneID_108700098, Xlae__GeneID_108700099, Xlae__GeneID_108709738, Xlae__GeneID_108709739, Xlae__GeneID_373763, Xlae__GeneID_373764	many-to-many	4	8	Orthologues/Orthologues_Sman/Sman__v__Xlae.tsv
Sman__Smp_304500	Xlae	Xlae__GeneID_108704815, Xlae__GeneID_108713973, Xlae__GeneID_108718960, Xlae__GeneID_447501, Xlae__GeneID_734415	many-to-many	6	5	Orthologues/Orthologues_Sman/Sman__v__Xlae.tsv
Sman__Smp_126140	Xlae	Xlae__GeneID_100191022, Xlae__GeneID_108701397, Xlae__GeneID_108718824, Xlae__GeneID_108719000, Xlae__GeneID_108719885, Xlae__GeneID_394366, Xlae__GeneID_397839, Xlae__GeneID_397842, Xlae__GeneID_397997, Xlae__GeneID_495051	one-to-many	1	10	Orthologues/Orthologues_Sman/Sman__v__Xlae.tsv
Sman__Smp_334370	Xlae	Xlae__GeneID_108701455, Xlae__GeneID_108702885, Xlae__GeneID_108709904, Xlae__GeneID_108718935, Xlae__GeneID_108719963, Xlae__GeneID_121400055, Xlae__GeneID_373815, Xlae__GeneID_397859, Xlae__GeneID_397981, Xlae__GeneID_399277, Xlae__GeneID_399283, Xlae__GeneID_495087	one-to-many	1	12	Orthologues/Orthologues_Sman/Sman__v__Xlae.tsv
Sman__Smp_128480	Xlae	Xlae__GeneID_108696776, Xlae__GeneID_108697820, Xlae__GeneID_108701647, Xlae__GeneID_108702159, Xlae__GeneID_108703204, Xlae__GeneID_108711231, Xlae__GeneID_404226, Xlae__GeneID_404227, Xlae__GeneID_447031	many-to-many	2	9	Orthologues/Orthologues_Sman/Sman__v__Xlae.tsv
Sman__Smp_241420	Xlae	Xlae__GeneID_108696776, Xlae__GeneID_108697820, Xlae__GeneID_108701647, Xlae__GeneID_108702159, Xlae__GeneID_108703204, Xlae__GeneID_108711231, Xlae__GeneID_404226, Xlae__GeneID_404227, Xlae__GeneID_447031	many-to-many	2	9	Orthologues/Orthologues_Sman/Sman__v__Xlae.tsv
Sman__Smp_128920	Xlae	Xlae__GeneID_108698614, Xlae__GeneID_108698979, Xlae__GeneID_108699197, Xlae__GeneID_108700575, Xlae__GeneID_108715130, Xlae__GeneID_108716412, Xlae__GeneID_108717395, Xlae__GeneID_398511	many-to-many	2	8	Orthologues/Orthologues_Sman/Sman__v__Xlae.tsv
Sman__Smp_143470	Xlae	Xlae__GeneID_108698614, Xlae__GeneID_108698979, Xlae__GeneID_108699197, Xlae__GeneID_108700575, Xlae__GeneID_108715130, Xlae__GeneID_108716412, Xlae__GeneID_108717395, Xlae__GeneID_398511	many-to-many	2	8	Orthologues/Orthologues_Sman/Sman__v__Xlae.tsv
Sman__Smp_340300	Xlae	Xlae__GeneID_100037253, Xlae__GeneID_108698451, Xlae__GeneID_108698712, Xlae__GeneID_108700150, Xlae__GeneID_108709331, Xlae__GeneID_108717877, Xlae__GeneID_399376, Xlae__GeneID_443729, Xlae__GeneID_445821	one-to-many	1	9	Orthologues/Orthologues_Sman/Sman__v__Xlae.tsv
Sman__Smp_123640	Xlae	Xlae__GeneID_100192358, Xlae__GeneID_100192359, Xlae__GeneID_108696022, Xlae__GeneID_108697324, Xlae__GeneID_108711651, Xlae__GeneID_108712671, Xlae__GeneID_443726, Xlae__GeneID_446831, Xlae__GeneID_447337, Xlae__GeneID_474158, Xlae__GeneID_733223, Xlae__GeneID_733256	one-to-many	1	12	Orthologues/Orthologues_Sman/Sman__v__Xlae.tsv
Sman__Smp_089700	Xlae	Xlae__GeneID_108702890, Xlae__GeneID_108708650, Xlae__GeneID_378686, Xlae__GeneID_379708, Xlae__GeneID_397699, Xlae__GeneID_397755, Xlae__GeneID_399443, Xlae__GeneID_446423	one-to-many	1	8	Orthologues/Orthologues_Sman/Sman__v__Xlae.tsv
Sman__Smp_157300	Xlae	Xlae__GeneID_108697372, Xlae__GeneID_397701, Xlae__GeneID_397782, Xlae__GeneID_398181, Xlae__GeneID_399325, Xlae__GeneID_399347, Xlae__GeneID_399444, Xlae__GeneID_779370	one-to-many	1	8	Orthologues/Orthologues_Sman/Sman__v__Xlae.tsv
Sman__Smp_034550	Xlae	Xlae__GeneID_108715125, Xlae__GeneID_399422, Xlae__GeneID_431885, Xlae__GeneID_432169, Xlae__GeneID_446326, Xlae__GeneID_446752, Xlae__GeneID_446865, Xlae__GeneID_734930	many-to-many	2	8	Orthologues/Orthologues_Sman/Sman__v__Xlae.tsv
Sman__Smp_014780	Xlae	Xlae__GeneID_108715125, Xlae__GeneID_399422, Xlae__GeneID_431885, Xlae__GeneID_432169, Xlae__GeneID_446326, Xlae__GeneID_446752, Xlae__GeneID_446865, Xlae__GeneID_734930	many-to-many	2	8	Orthologues/Orthologues_Sman/Sman__v__Xlae.tsv
Sman__Smp_086590	Xlae	Xlae__GeneID_108699719, Xlae__GeneID_108716609, Xlae__GeneID_379172, Xlae__GeneID_379258, Xlae__GeneID_379282, Xlae__GeneID_494995	many-to-many	3	6	Orthologues/Orthologues_Sman/Sman__v__Xlae.tsv
Sman__Smp_195080	Xlae	Xlae__GeneID_108699719, Xlae__GeneID_108716609, Xlae__GeneID_379172, Xlae__GeneID_379258, Xlae__GeneID_379282, Xlae__GeneID_494995	many-to-many	3	6	Orthologues/Orthologues_Sman/Sman__v__Xlae.tsv
Sman__Smp_120700	Xlae	Xlae__GeneID_108699719, Xlae__GeneID_108716609, Xlae__GeneID_379172, Xlae__GeneID_379258, Xlae__GeneID_379282, Xlae__GeneID_494995	many-to-many	3	6	Orthologues/Orthologues_Sman/Sman__v__Xlae.tsv
Sman__Smp_058790	Xlae	Xlae__GeneID_101027300, Xlae__GeneID_108699326, Xlae__GeneID_108699327, Xlae__GeneID_108702997, Xlae__GeneID_108715017, Xlae__GeneID_379399, Xlae__GeneID_399459, Xlae__GeneID_733239	one-to-many	1	8	Orthologues/Orthologues_Sman/Sman__v__Xlae.tsv
Sman__Smp_068960	Xlae	Xlae__GeneID_100037169, Xlae__GeneID_495151	many-to-many	6	2	Orthologues/Orthologues_Sman/Sman__v__Xlae.tsv
Sman__Smp_157310	Xlae	Xlae__GeneID_100101292, Xlae__GeneID_108696280, Xlae__GeneID_108710972, Xlae__GeneID_379929, Xlae__GeneID_447619	one-to-many	1	5	Orthologues/Orthologues_Sman/Sman__v__Xlae.tsv
Sman__Smp_058620	Xlae	Xlae__GeneID_100049134, Xlae__GeneID_100101302, Xlae__GeneID_108712973, Xlae__GeneID_379763, Xlae__GeneID_734822	many-to-many	2	5	Orthologues/Orthologues_Sman/Sman__v__Xlae.tsv
Sman__Smp_317420	Xlae	Xlae__GeneID_108699999, Xlae__GeneID_108704467, Xlae__GeneID_108705104, Xlae__GeneID_108715054, Xlae__GeneID_121393384, Xlae__GeneID_121393385, Xlae__GeneID_733321, Xlae__GeneID_734178	many-to-many	2	8	Orthologues/Orthologues_Sman/Sman__v__Xlae.tsv
Sman__Smp_000100	Xlae	Xlae__GeneID_108699999, Xlae__GeneID_108704467, Xlae__GeneID_108705104, Xlae__GeneID_108715054, Xlae__GeneID_121393384, Xlae__GeneID_121393385, Xlae__GeneID_733321, Xlae__GeneID_734178	many-to-many	2	8	Orthologues/Orthologues_Sman/Sman__v__Xlae.tsv
Sman__Smp_196840	Xlae	Xlae__GeneID_108699914, Xlae__GeneID_108700220, Xlae__GeneID_108711695, Xlae__GeneID_108713331, Xlae__GeneID_108714428, Xlae__GeneID_108715007, Xlae__GeneID_398739	many-to-many	2	7	Orthologues/Orthologues_Sman/Sman__v__Xlae.tsv
Sman__Smp_123830	Xlae	Xlae__GeneID_108699914, Xlae__GeneID_108700220, Xlae__GeneID_108711695, Xlae__GeneID_108713331, Xlae__GeneID_108714428, Xlae__GeneID_108715007, Xlae__GeneID_398739	many-to-many	2	7	Orthologues/Orthologues_Sman/Sman__v__Xlae.tsv
Sman__Smp_133020	Xlae	Xlae__GeneID_100329215, Xlae__GeneID_108711159, Xlae__GeneID_379992, Xlae__GeneID_398592, Xlae__GeneID_494669	one-to-many	1	5	Orthologues/Orthologues_Sman/Sman__v__Xlae.tsv
Sman__Smp_121780	Xlae	Xlae__GeneID_108700969, Xlae__GeneID_108701290, Xlae__GeneID_108702928, Xlae__GeneID_108714133, Xlae__GeneID_108715487, Xlae__GeneID_108719107, Xlae__GeneID_108720081	one-to-many	1	7	Orthologues/Orthologues_Sman/Sman__v__Xlae.tsv
Sman__Smp_164380	Xlae	Xlae__GeneID_100101276, Xlae__GeneID_108711677, Xlae__GeneID_108714187, Xlae__GeneID_380388	many-to-many	3	4	Orthologues/Orthologues_Sman/Sman__v__Xlae.tsv
Sman__Smp_152330	Xlae	Xlae__GeneID_100101276, Xlae__GeneID_108711677, Xlae__GeneID_108714187, Xlae__GeneID_380388	many-to-many	3	4	Orthologues/Orthologues_Sman/Sman__v__Xlae.tsv
Sman__Smp_307260	Xlae	Xlae__GeneID_100101276, Xlae__GeneID_108711677, Xlae__GeneID_108714187, Xlae__GeneID_380388	many-to-many	3	4	Orthologues/Orthologues_Sman/Sman__v__Xlae.tsv
Sman__Smp_011660	Xlae	Xlae__GeneID_108696257, Xlae__GeneID_108712641, Xlae__GeneID_380508, Xlae__GeneID_397789, Xlae__GeneID_398376, Xlae__GeneID_399160, Xlae__GeneID_399284	one-to-many	1	7	Orthologues/Orthologues_Sman/Sman__v__Xlae.tsv
Sman__Smp_146200	Xlae	Xlae__GeneID_100049724, Xlae__GeneID_100137707, Xlae__GeneID_108695689, Xlae__GeneID_108696847, Xlae__GeneID_108718052, Xlae__GeneID_735087	one-to-many	1	6	Orthologues/Orthologues_Sman/Sman__v__Xlae.tsv
Sman__Smp_146840	Xlae	Xlae__GeneID_100127305, Xlae__GeneID_108697748, Xlae__GeneID_108701181, Xlae__GeneID_108701615, Xlae__GeneID_108703174, Xlae__GeneID_373694	many-to-many	2	6	Orthologues/Orthologues_Sman/Sman__v__Xlae.tsv
Sman__Smp_151310	Xlae	Xlae__GeneID_100127305, Xlae__GeneID_108697748, Xlae__GeneID_108701181, Xlae__GeneID_108701615, Xlae__GeneID_108703174, Xlae__GeneID_373694	many-to-many	2	6	Orthologues/Orthologues_Sman/Sman__v__Xlae.tsv
Sman__Smp_124850	Xlae	Xlae__GeneID_108698274, Xlae__GeneID_108706583, Xlae__GeneID_108710759, Xlae__GeneID_121402817, Xlae__GeneID_734996	one-to-many	1	5	Orthologues/Orthologues_Sman/Sman__v__Xlae.tsv
Sman__Smp_181490	Xlae	Xlae__GeneID_108700356, Xlae__GeneID_108711286, Xlae__GeneID_108712999, Xlae__GeneID_431807, Xlae__GeneID_432161, Xlae__GeneID_446562, Xlae__GeneID_496293, Xlae__GeneID_734514	one-to-many	1	8	Orthologues/Orthologues_Sman/Sman__v__Xlae.tsv
Sman__Smp_335950	Xlae	Xlae__GeneID_108695677, Xlae__GeneID_108707219, Xlae__GeneID_108711440, Xlae__GeneID_444292	many-to-many	3	4	Orthologues/Orthologues_Sman/Sman__v__Xlae.tsv
Sman__Smp_332370	Xlae	Xlae__GeneID_108695677, Xlae__GeneID_108707219, Xlae__GeneID_108711440, Xlae__GeneID_444292	many-to-many	3	4	Orthologues/Orthologues_Sman/Sman__v__Xlae.tsv
Sman__Smp_331960	Xlae	Xlae__GeneID_108695677, Xlae__GeneID_108707219, Xlae__GeneID_108711440, Xlae__GeneID_444292	many-to-many	3	4	Orthologues/Orthologues_Sman/Sman__v__Xlae.tsv
Sman__Smp_011700	Xlae	Xlae__GeneID_108698980, Xlae__GeneID_108699739, Xlae__GeneID_108716096, Xlae__GeneID_108716156, Xlae__GeneID_108717382, Xlae__GeneID_121394155	one-to-many	1	6	Orthologues/Orthologues_Sman/Sman__v__Xlae.tsv
Sman__Smp_336830	Xlae	Xlae__GeneID_108695327, Xlae__GeneID_108704609, Xlae__GeneID_108719280, Xlae__GeneID_399130, Xlae__GeneID_444618	many-to-many	2	5	Orthologues/Orthologues_Sman/Sman__v__Xlae.tsv
Sman__Smp_306910	Xlae	Xlae__GeneID_108702534, Xlae__GeneID_108702994, Xlae__GeneID_108708560, Xlae__GeneID_108708991, Xlae__GeneID_373657, Xlae__GeneID_397985	one-to-many	1	6	Orthologues/Orthologues_Sman/Sman__v__Xlae.tsv
Sman__Smp_053420	Xlae	Xlae__GeneID_100049120, Xlae__GeneID_108713911, Xlae__GeneID_379119, Xlae__GeneID_446790, Xlae__GeneID_494682	one-to-many	1	5	Orthologues/Orthologues_Sman/Sman__v__Xlae.tsv
Sman__Smp_333410	Xlae	Xlae__GeneID_108701280, Xlae__GeneID_108719348, Xlae__GeneID_398925, Xlae__GeneID_432210, Xlae__GeneID_779226	one-to-many	1	5	Orthologues/Orthologues_Sman/Sman__v__Xlae.tsv
Sman__Smp_128790	Xlae	Xlae__GeneID_108699954, Xlae__GeneID_108704697, Xlae__GeneID_373818, Xlae__GeneID_403362	many-to-many	2	4	Orthologues/Orthologues_Sman/Sman__v__Xlae.tsv
Sman__Smp_049760	Xlae	Xlae__GeneID_108701335, Xlae__GeneID_108702964, Xlae__GeneID_108708537, Xlae__GeneID_108719029, Xlae__GeneID_399295, Xlae__GeneID_399454	one-to-many	1	6	Orthologues/Orthologues_Sman/Sman__v__Xlae.tsv
Sman__Smp_124130	Xlae	Xlae__GeneID_108698750, Xlae__GeneID_108699794, Xlae__GeneID_108704730, Xlae__GeneID_121398949	many-to-many	2	4	Orthologues/Orthologues_Sman/Sman__v__Xlae.tsv
Sman__Smp_243630	Xlae	Xlae__GeneID_108698803, Xlae__GeneID_379783, Xlae__GeneID_399170, Xlae__GeneID_432172	one-to-many	1	4	Orthologues/Orthologues_Sman/Sman__v__Xlae.tsv
Sman__Smp_096640	Xlae	Xlae__GeneID_108698480, Xlae__GeneID_108709753, Xlae__GeneID_432004, Xlae__GeneID_444155, Xlae__GeneID_444523	one-to-many	1	5	Orthologues/Orthologues_Sman/Sman__v__Xlae.tsv
Sman__Smp_009600	Xlae	Xlae__GeneID_100381164, Xlae__GeneID_100505422, Xlae__GeneID_108701628, Xlae__GeneID_380481	one-to-many	1	4	Orthologues/Orthologues_Sman/Sman__v__Xlae.tsv
Sman__Smp_167010	Xlae	Xlae__GeneID_100037170, Xlae__GeneID_108711290, Xlae__GeneID_108712994, Xlae__GeneID_733283	many-to-many	2	4	Orthologues/Orthologues_Sman/Sman__v__Xlae.tsv
Sman__Smp_343540	Xlae	Xlae__GeneID_100037170, Xlae__GeneID_108711290, Xlae__GeneID_108712994, Xlae__GeneID_733283	many-to-many	2	4	Orthologues/Orthologues_Sman/Sman__v__Xlae.tsv
Sman__Smp_335730	Xlae	Xlae__GeneID_397925, Xlae__GeneID_398349, Xlae__GeneID_398457, Xlae__GeneID_444083	one-to-many	1	4	Orthologues/Orthologues_Sman/Sman__v__Xlae.tsv
Sman__Smp_080730	Xlae	Xlae__GeneID_379785, Xlae__GeneID_380246, Xlae__GeneID_399314, Xlae__GeneID_432036	one-to-many	1	4	Orthologues/Orthologues_Sman/Sman__v__Xlae.tsv
Sman__Smp_130900	Xlae	Xlae__GeneID_108706501, Xlae__GeneID_108710831, Xlae__GeneID_399303, Xlae__GeneID_444710	one-to-many	1	4	Orthologues/Orthologues_Sman/Sman__v__Xlae.tsv
Sman__Smp_148790	Xlae	Xlae__GeneID_108711178, Xlae__GeneID_108711179, Xlae__GeneID_108713081, Xlae__GeneID_108715891, Xlae__GeneID_494988	one-to-many	1	5	Orthologues/Orthologues_Sman/Sman__v__Xlae.tsv
Sman__Smp_040190	Xlae	Xlae__GeneID_100502576, Xlae__GeneID_108697582, Xlae__GeneID_108709301	one-to-many	1	3	Orthologues/Orthologues_Sman/Sman__v__Xlae.tsv
Sman__Smp_142050	Xlae	Xlae__GeneID_397785, Xlae__GeneID_398985	many-to-many	2	2	Orthologues/Orthologues_Sman/Sman__v__Xlae.tsv
Sman__Smp_047900	Xlae	Xlae__GeneID_397785, Xlae__GeneID_398985	many-to-many	2	2	Orthologues/Orthologues_Sman/Sman__v__Xlae.tsv
Sman__Smp_169950	Xlae	Xlae__GeneID_108701007, Xlae__GeneID_108715790, Xlae__GeneID_380361, Xlae__GeneID_399381	one-to-many	1	4	Orthologues/Orthologues_Sman/Sman__v__Xlae.tsv
Sman__Smp_213390	Xlae	Xlae__GeneID_100127292, Xlae__GeneID_398495, Xlae__GeneID_398536	many-to-many	2	3	Orthologues/Orthologues_Sman/Sman__v__Xlae.tsv
Sman__Smp_077180	Xlae	Xlae__GeneID_108696394, Xlae__GeneID_398191	one-to-many	1	2	Orthologues/Orthologues_Sman/Sman__v__Xlae.tsv
Sman__Smp_172240	Xlae	Xlae__GeneID_108704101, Xlae__GeneID_108711504, Xlae__GeneID_379876, Xlae__GeneID_398499	one-to-many	1	4	Orthologues/Orthologues_Sman/Sman__v__Xlae.tsv
Sman__Smp_246550	Xlae	Xlae__GeneID_108708045, Xlae__GeneID_108709361, Xlae__GeneID_432028, Xlae__GeneID_446450	one-to-many	1	4	Orthologues/Orthologues_Sman/Sman__v__Xlae.tsv
Sman__Smp_163810	Xlae	Xlae__GeneID_108714355, Xlae__GeneID_108714357, Xlae__GeneID_108715634	one-to-many	1	3	Orthologues/Orthologues_Sman/Sman__v__Xlae.tsv
Sman__Smp_214100	Xlae	Xlae__GeneID_108714249, Xlae__GeneID_108715541, Xlae__GeneID_399172, Xlae__GeneID_495290	one-to-many	1	4	Orthologues/Orthologues_Sman/Sman__v__Xlae.tsv
Sman__Smp_139930	Xlae	Xlae__GeneID_108702596, Xlae__GeneID_431888, Xlae__GeneID_444514, Xlae__GeneID_446745	one-to-many	1	4	Orthologues/Orthologues_Sman/Sman__v__Xlae.tsv
Sman__Smp_334130	Xlae	Xlae__GeneID_108708789, Xlae__GeneID_443918, Xlae__GeneID_444525, Xlae__GeneID_495223	one-to-many	1	4	Orthologues/Orthologues_Sman/Sman__v__Xlae.tsv
Sman__Smp_315700	Xlae	Xlae__GeneID_734182, Xlae__GeneID_779337	one-to-many	1	2	Orthologues/Orthologues_Sman/Sman__v__Xlae.tsv
Sman__Smp_248010	Xlae	Xlae__GeneID_100127345, Xlae__GeneID_108704088, Xlae__GeneID_779085	one-to-many	1	3	Orthologues/Orthologues_Sman/Sman__v__Xlae.tsv
Sman__Smp_150220	Xlae	Xlae__GeneID_108702927, Xlae__GeneID_108718467, Xlae__GeneID_108719827, Xlae__GeneID_444138	one-to-many	1	4	Orthologues/Orthologues_Sman/Sman__v__Xlae.tsv
Sman__Smp_137610	Xlae	Xlae__GeneID_108717254, Xlae__GeneID_108718305, Xlae__GeneID_399286, Xlae__GeneID_432072	one-to-many	1	4	Orthologues/Orthologues_Sman/Sman__v__Xlae.tsv
Sman__Smp_343650	Xlae	Xlae__GeneID_108716137, Xlae__GeneID_108718546	one-to-many	1	2	Orthologues/Orthologues_Sman/Sman__v__Xlae.tsv
Sman__Smp_096310	Xlae	Xlae__GeneID_108697633, Xlae__GeneID_108705375, Xlae__GeneID_373768, Xlae__GeneID_399287	one-to-many	1	4	Orthologues/Orthologues_Sman/Sman__v__Xlae.tsv
Sman__Smp_176750	Xlae	Xlae__GeneID_108706817, Xlae__GeneID_108711545, Xlae__GeneID_108712220, Xlae__GeneID_108712767	one-to-many	1	4	Orthologues/Orthologues_Sman/Sman__v__Xlae.tsv
Sman__Smp_157350	Xlae	Xlae__GeneID_108707144, Xlae__GeneID_108708293, Xlae__GeneID_108709614, Xlae__GeneID_108716267	one-to-many	1	4	Orthologues/Orthologues_Sman/Sman__v__Xlae.tsv
Sman__Smp_165070	Xlae	Xlae__GeneID_432196, Xlae__GeneID_444502	one-to-many	1	2	Orthologues/Orthologues_Sman/Sman__v__Xlae.tsv
Sman__Smp_053560	Xlae	Xlae__GeneID_108714604, Xlae__GeneID_432084, Xlae__GeneID_495118, Xlae__GeneID_779225	one-to-many	1	4	Orthologues/Orthologues_Sman/Sman__v__Xlae.tsv
Sman__Smp_247740	Xlae	Xlae__GeneID_108710970, Xlae__GeneID_379806, Xlae__GeneID_444592, Xlae__GeneID_494829	one-to-many	1	4	Orthologues/Orthologues_Sman/Sman__v__Xlae.tsv
Sman__Smp_131800	Xlae	Xlae__GeneID_108701360, Xlae__GeneID_108702982, Xlae__GeneID_446749, Xlae__GeneID_446771	one-to-many	1	4	Orthologues/Orthologues_Sman/Sman__v__Xlae.tsv
Sman__Smp_308420	Xlae	Xlae__GeneID_108711121, Xlae__GeneID_379995, Xlae__GeneID_447307, Xlae__GeneID_447782	one-to-many	1	4	Orthologues/Orthologues_Sman/Sman__v__Xlae.tsv
Sman__Smp_328200	Xlae	Xlae__GeneID_108700478, Xlae__GeneID_414456, Xlae__GeneID_447077, Xlae__GeneID_495362	one-to-many	1	4	Orthologues/Orthologues_Sman/Sman__v__Xlae.tsv
Sman__Smp_179070	Xlae	Xlae__GeneID_394276, Xlae__GeneID_394347	one-to-many	1	2	Orthologues/Orthologues_Sman/Sman__v__Xlae.tsv
Sman__Smp_103570	Xlae	Xlae__GeneID_108710710, Xlae__GeneID_380110, Xlae__GeneID_414693	one-to-many	1	3	Orthologues/Orthologues_Sman/Sman__v__Xlae.tsv
Sman__Smp_141230	Xlae	Xlae__GeneID_108709487, Xlae__GeneID_108711086, Xlae__GeneID_108713158, Xlae__GeneID_496058	one-to-many	1	4	Orthologues/Orthologues_Sman/Sman__v__Xlae.tsv
Sman__Smp_008260	Xlae	Xlae__GeneID_100189575, Xlae__GeneID_398338, Xlae__GeneID_399097, Xlae__GeneID_779056	one-to-many	1	4	Orthologues/Orthologues_Sman/Sman__v__Xlae.tsv
Sman__Smp_003000	Xlae	Xlae__GeneID_380229, Xlae__GeneID_735101	many-to-many	2	2	Orthologues/Orthologues_Sman/Sman__v__Xlae.tsv
Sman__Smp_094760	Xlae	Xlae__GeneID_380229, Xlae__GeneID_735101	many-to-many	2	2	Orthologues/Orthologues_Sman/Sman__v__Xlae.tsv
Sman__Smp_125360	Xlae	Xlae__GeneID_121399356, Xlae__GeneID_373593, Xlae__GeneID_378532	one-to-many	1	3	Orthologues/Orthologues_Sman/Sman__v__Xlae.tsv
Sman__Smp_012740	Xlae	Xlae__GeneID_108719915, Xlae__GeneID_121394544, Xlae__GeneID_121394551, Xlae__GeneID_121394552, Xlae__GeneID_121394553	one-to-many	1	5	Orthologues/Orthologues_Sman/Sman__v__Xlae.tsv
Sman__Smp_098840	Xlae	Xlae__GeneID_108708334, Xlae__GeneID_373780, Xlae__GeneID_496328	one-to-many	1	3	Orthologues/Orthologues_Sman/Sman__v__Xlae.tsv
Sman__Smp_063040	Xlae	Xlae__GeneID_108703569, Xlae__GeneID_108717002, Xlae__GeneID_380143	one-to-many	1	3	Orthologues/Orthologues_Sman/Sman__v__Xlae.tsv
Sman__Smp_047870	Xlae	Xlae__GeneID_108705108, Xlae__GeneID_108709319, Xlae__GeneID_397696, Xlae__GeneID_398298	one-to-many	1	4	Orthologues/Orthologues_Sman/Sman__v__Xlae.tsv
Sman__Smp_072870	Xlae	Xlae__GeneID_108697423, Xlae__GeneID_446316	one-to-many	1	2	Orthologues/Orthologues_Sman/Sman__v__Xlae.tsv
Sman__Smp_078230	Xlae	Xlae__GeneID_108696071, Xlae__GeneID_108697357	many-to-many	2	2	Orthologues/Orthologues_Sman/Sman__v__Xlae.tsv
Sman__Smp_210740	Xlae	Xlae__GeneID_108701232, Xlae__GeneID_380084	one-to-many	1	2	Orthologues/Orthologues_Sman/Sman__v__Xlae.tsv
Sman__Smp_344780	Xlae	Xlae__GeneID_444707, Xlae__GeneID_734495	one-to-many	1	2	Orthologues/Orthologues_Sman/Sman__v__Xlae.tsv
Sman__Smp_074080	Xlae	Xlae__GeneID_108703801, Xlae__GeneID_108709347, Xlae__GeneID_398295, Xlae__GeneID_414522	one-to-many	1	4	Orthologues/Orthologues_Sman/Sman__v__Xlae.tsv
Sman__Smp_026510	Xlae	Xlae__GeneID_108712802, Xlae__GeneID_379991	one-to-many	1	2	Orthologues/Orthologues_Sman/Sman__v__Xlae.tsv
Sman__Smp_212730	Xlae	Xlae__GeneID_108716819, Xlae__GeneID_108717930	one-to-many	1	2	Orthologues/Orthologues_Sman/Sman__v__Xlae.tsv
Sman__Smp_097940	Xlae	Xlae__GeneID_100036860, Xlae__GeneID_414882	one-to-many	1	2	Orthologues/Orthologues_Sman/Sman__v__Xlae.tsv
Sman__Smp_086690	Xlae	Xlae__GeneID_399471, Xlae__GeneID_431908	one-to-many	1	2	Orthologues/Orthologues_Sman/Sman__v__Xlae.tsv
Sman__Smp_085690	Xlae	Xlae__GeneID_108707957	many-to-one	2	1	Orthologues/Orthologues_Sman/Sman__v__Xlae.tsv
Sman__Smp_101290	Xlae	Xlae__GeneID_443741, Xlae__GeneID_734239	one-to-many	1	2	Orthologues/Orthologues_Sman/Sman__v__Xlae.tsv
Sman__Smp_171370	Xlae	Xlae__GeneID_398179	one-to-one	1	1	Orthologues/Orthologues_Sman/Sman__v__Xlae.tsv
Sman__Smp_079760	Xlae	Xlae__GeneID_444414, Xlae__GeneID_446640	one-to-many	1	2	Orthologues/Orthologues_Sman/Sman__v__Xlae.tsv
Sman__Smp_094190	Xlae	Xlae__GeneID_108707299, Xlae__GeneID_108718398	one-to-many	1	2	Orthologues/Orthologues_Sman/Sman__v__Xlae.tsv
Sman__Smp_093230	Xlae	Xlae__GeneID_444368, Xlae__GeneID_495357	one-to-many	1	2	Orthologues/Orthologues_Sman/Sman__v__Xlae.tsv
Sman__Smp_309860	Xlae	Xlae__GeneID_431881, Xlae__GeneID_734461	one-to-many	1	2	Orthologues/Orthologues_Sman/Sman__v__Xlae.tsv
Sman__Smp_194610	Xlae	Xlae__GeneID_108707975	one-to-one	1	1	Orthologues/Orthologues_Sman/Sman__v__Xlae.tsv
Sman__Smp_073340	Xlae	Xlae__GeneID_399296	one-to-one	1	1	Orthologues/Orthologues_Sman/Sman__v__Xlae.tsv
Sman__Smp_246050	Xlae	Xlae__GeneID_373770	one-to-one	1	1	Orthologues/Orthologues_Sman/Sman__v__Xlae.tsv
Sman__Smp_094250	Xlae	Xlae__GeneID_108703133, Xlae__GeneID_444529	one-to-many	1	2	Orthologues/Orthologues_Sman/Sman__v__Xlae.tsv
Sman__Smp_135570	Xlae	Xlae__GeneID_100037212	one-to-one	1	1	Orthologues/Orthologues_Sman/Sman__v__Xlae.tsv
Sman__Smp_125790	Xlae	Xlae__GeneID_443572	one-to-one	1	1	Orthologues/Orthologues_Sman/Sman__v__Xlae.tsv
Sman__Smp_009800	Xlae	Xlae__GeneID_108718926	one-to-one	1	1	Orthologues/Orthologues_Sman/Sman__v__Xlae.tsv
Sman__Smp_150040	Xlae	Xlae__GeneID_399461	one-to-one	1	1	Orthologues/Orthologues_Sman/Sman__v__Xlae.tsv
Sman__Smp_247600	Xlae	Xlae__GeneID_397927	one-to-one	1	1	Orthologues/Orthologues_Sman/Sman__v__Xlae.tsv
Sman__Smp_103950	Xlae	Xlae__GeneID_100036925	one-to-one	1	1	Orthologues/Orthologues_Sman/Sman__v__Xlae.tsv
Sman__Smp_145190	Xlae	Xlae__GeneID_734568	one-to-one	1	1	Orthologues/Orthologues_Sman/Sman__v__Xlae.tsv
Sman__Smp_313640	Xlae	Xlae__GeneID_380417	one-to-one	1	1	Orthologues/Orthologues_Sman/Sman__v__Xlae.tsv
Sman__Smp_156870	Xlae	Xlae__GeneID_108708143	one-to-one	1	1	Orthologues/Orthologues_Sman/Sman__v__Xlae.tsv
