Protein_ID,Localizations,Signals,Membrane types,Cytoplasm,Nucleus,Extracellular,Cell membrane,Mitochondrion,Plastid,Endoplasmic reticulum,Lysosome/Vacuole,Golgi apparatus,Peroxisome,Peripheral,Transmembrane,Lipid anchor,Soluble
Shae__MS3_00000278,Cytoplasm|Cell membrane,Nuclear localization signal,Peripheral|Soluble,0.610099971,0.325399995,0.046300001,0.647800028,0.175799996,0.0104,0.059500001,0.1708,0.235100001,0.0142,0.603299975,0.180600002,0.041499998,0.695500016
Shae__MS3_00000359,Cytoplasm,Nuclear export signal,Soluble,0.633599997,0.418500006,0.094599999,0.300500005,0.080499999,0.0265,0.195999995,0.169100001,0.267100006,0.337399989,0.426800013,0.1061,0.36500001,0.810500026
Shae__MS3_00000487,Extracellular,Signal peptide,Soluble,0.361499995,0.086400002,0.604399979,0.521799982,0.144400001,0.0078,0.216100007,0.133100003,0.150000006,0.0036,0.56400001,0.177300006,0.097099997,0.789499998
Shae__MS3_00000825,Cytoplasm,Nuclear export signal,Soluble,0.508300006,0.348399997,0.029899999,0.272500008,0.074000001,0.034699999,0.356099993,0.097999997,0.252799988,0.28670001,0.412400007,0.180199996,0.144800007,0.708299994
Shae__MS3_00000941,Extracellular,Signal peptide,Soluble,0.39230001,0.292899996,0.716600001,0.123800002,0.0381,0.0097,0.078199998,0.040199999,0.0374,0.0007,0.252799988,0.101800002,0.069799997,0.888300002
Shae__MS3_00001381,Cytoplasm,Nuclear export signal,Soluble,0.839999974,0.282099992,0.0132,0.227799997,0.078699999,0.0021,0.067400001,0.425599992,0.293099999,0.054099999,0.541800022,0.074500002,0.071099997,0.789900005
Shae__MS3_00001402,Cytoplasm,Nuclear export signal,Soluble,0.816399992,0.476900011,0.0115,0.162300006,0.260500014,0.0051,0.097000003,0.1822,0.141299993,0.096600004,0.46540001,0.072800003,0.247099996,0.798699975
Shae__MS3_00001471,Cytoplasm|Nucleus,Nuclear export signal,Soluble,0.678799987,0.523299992,0.0127,0.253800005,0.101000004,0.0086,0.066299997,0.215399995,0.141499996,0.0491,0.511600018,0.020300001,0.125400007,0.881200016
Shae__MS3_00001484,Cytoplasm,Nuclear localization signal,Peripheral|Soluble,0.606999993,0.317299992,0.0276,0.546800017,0.138899997,0.019200001,0.123499997,0.518000007,0.164499998,0.0082,0.717499971,0.048099998,0.147499993,0.773500025
Shae__MS3_00001622,Cytoplasm,Nuclear export signal,Soluble,0.676400006,0.430799991,0.0127,0.223100007,0.32069999,0.0115,0.216900006,0.332700014,0.234899998,0.143800005,0.501100004,0.201800004,0.162200004,0.699100018
Shae__MS3_00001662,Cytoplasm|Nucleus,Nuclear export signal,Soluble,0.696200013,0.731700003,0.024700001,0.131500006,0.216999993,0.0124,0.101999998,0.1065,0.158999994,0.1219,0.322699994,0.058600001,0.27700001,0.847500026
Shae__MS3_00001716,Extracellular,Signal peptide,Soluble,0.234799996,0.140499994,0.679099977,0.212500006,0.073700003,0.017999999,0.263900012,0.142199993,0.154499993,0.0011,0.486099988,0.079300001,0.122299999,0.775099993
Shae__MS3_00001770,Cytoplasm|Cell membrane,Nuclear export signal,Peripheral|Soluble,0.656199992,0.252099991,0.023800001,0.696500003,0.167300001,0.018200001,0.078500003,0.219799995,0.279500008,0.0091,0.709500015,0.093599997,0.064499997,0.737100005
Shae__MS3_00001771,Cytoplasm,Nuclear localization signal,Soluble,0.578100026,0.432799995,0.053199999,0.269600004,0.376899987,0.0042,0.076200001,0.084200002,0.204600006,0.026799999,0.452399999,0.137400001,0.080399998,0.784200013
Shae__MS3_00001786,Cytoplasm,Nuclear export signal,Soluble,0.752300024,0.328500003,0.0219,0.262800008,0.417299986,0.039000001,0.222800002,0.216600001,0.317000002,0.051899999,0.559499979,0.080399998,0.321200013,0.753400028
Shae__MS3_00001808,Cytoplasm,Nuclear localization signal,Soluble,0.652999997,0.303499997,0.0682,0.289099991,0.336199999,0.0017,0.073600002,0.199100003,0.093400002,0.0125,0.325199991,0.183400005,0.53640002,0.602599978
Shae__MS3_00001825,Cytoplasm,Nuclear localization signal|Nuclear export signal,Soluble,0.702000022,0.408699989,0.028999999,0.2958,0.078100003,0.0034,0.103500001,0.189300001,0.140200004,0.0176,0.526300013,0.047899999,0.092100002,0.851899981
Shae__MS3_00001856,Cell membrane,Signal peptide|Transmembrane domain,Transmembrane,0.273099989,0.135700002,0.113700002,0.753400028,0.046700001,0.0075,0.238999993,0.461299986,0.412299991,0.037300002,0.245700002,0.967199981,0.345800012,0.122500002
Shae__MS3_00001861,Extracellular,Signal peptide,Soluble,0.289099991,0.181799993,0.735300004,0.153500006,0.060199998,0.0111,0.143900007,0.102200001,0.1061,0.0016,0.280200005,0.179399997,0.141000003,0.834200025
Shae__MS3_00001897,Cytoplasm,Nuclear export signal,Soluble,0.671199977,0.493200004,0.0106,0.263999999,0.408399999,0.0059,0.1708,0.378399998,0.1435,0.257200003,0.527400017,0.131999999,0.175600007,0.758599997
Shae__MS3_00001903,Cytoplasm|Nucleus,,Soluble,0.704299986,0.510399997,0.099299997,0.066100001,0.135499999,0.0155,0.078699999,0.125300005,0.1417,0.0539,0.440699995,0.052499998,0.226600006,0.829400003
Shae__MS3_00001957,Nucleus,Nuclear export signal,Soluble,0.398999989,0.865400016,0.0087,0.0726,0.136199996,0.0031,0.037300002,0.071800001,0.087200001,0.116499998,0.337799996,0.195999995,0.039099999,0.802299976
Shae__MS3_00002046,Cytoplasm,Nuclear export signal,Peripheral|Soluble,0.680199981,0.283699989,0.021500001,0.318899989,0.113399997,0.0047,0.154599994,0.562900007,0.277999997,0.0129,0.640500009,0.045299999,0.081100002,0.774900019
Shae__MS3_00002201,Cytoplasm,Nuclear export signal,Soluble,0.74119997,0.470800012,0.016100001,0.344999999,0.216299996,0.0078,0.128700003,0.258599997,0.115000002,0.2086,0.507600009,0.194000006,0.131600007,0.697700024
Shae__MS3_00002403,Cytoplasm|Nucleus,Nuclear localization signal|Nuclear export signal,Soluble,0.681699991,0.698700011,0.0241,0.119499996,0.249599993,0.0033,0.071400002,0.134499997,0.0493,0.062199999,0.397300005,0.086199999,0.118100002,0.811399996
Shae__MS3_00002424,Cytoplasm,Nuclear export signal,Peripheral|Soluble,0.707099974,0.369800001,0.0162,0.496300012,0.225099996,0.0086,0.118799999,0.252299994,0.242799997,0.0594,0.604099989,0.052499998,0.187099993,0.800499976
Shae__MS3_00002534,Cytoplasm|Nucleus,Nuclear localization signal|Nuclear export signal,Soluble,0.654900014,0.755400002,0.0099,0.0557,0.153500006,0.0036,0.058899999,0.0414,0.0392,0.0077,0.311199993,0.041000001,0.105999999,0.854399979
Shae__MS3_00002568,Cytoplasm,Nuclear export signal,Soluble,0.660899997,0.388399988,0.0197,0.289600015,0.092200004,0.0052,0.098499998,0.190899998,0.120899998,0.0083,0.473800004,0.097499996,0.039500002,0.847800016
Shae__MS3_00002636,Cytoplasm,Nuclear export signal,Soluble,0.682699978,0.490200013,0.058699999,0.277500004,0.194000006,0.041700002,0.084299996,0.167600006,0.156399995,0.086499996,0.336600006,0.070600003,0.315699995,0.762199998
Shae__MS3_00002669,Cytoplasm|Nucleus,Nuclear localization signal,Soluble,0.512300014,0.896700025,0.015900001,0.058800001,0.145799994,0.003,0.108999997,0.019400001,0.0294,0.032200001,0.372299999,0.055100001,0.1043,0.834500015
Shae__MS3_00002675,Cytoplasm,Nuclear export signal,Peripheral|Soluble,0.67019999,0.380100012,0.078000002,0.301400006,0.101400003,0.0037,0.164800003,0.391900003,0.273999989,0.0109,0.73210001,0.019099999,0.104400001,0.87650001
Shae__MS3_00002715,Cytoplasm,Nuclear export signal,Soluble,0.651000023,0.479200006,0.0211,0.170900002,0.173700005,0.0072,0.295599997,0.166199997,0.182699993,0.0405,0.493200004,0.095299996,0.1417,0.780900002
Shae__MS3_00002771,Cell membrane,,Peripheral|Lipid anchor,0.443800002,0.246800005,0.027000001,0.761099994,0.184200004,0.004,0.081900001,0.252400011,0.230599999,0.017000001,0.766900003,0.2676,0.887600005,0.317000002
Shae__MS3_00002812,Cytoplasm,Nuclear localization signal|Nuclear export signal,Peripheral|Soluble,0.748899996,0.332599998,0.018999999,0.400299996,0.220100001,0.0118,0.191699997,0.488999993,0.301099986,0.0073,0.604300022,0.0436,0.231800005,0.761699975
Shae__MS3_00002824,Cytoplasm,Nuclear localization signal|Nuclear export signal,Peripheral|Soluble,0.663100004,0.300700009,0.0186,0.430900007,0.151500002,0.0045,0.135600001,0.26730001,0.205400005,0.060400002,0.727100015,0.070900001,0.112000003,0.750699997
Shae__MS3_00002992,Cytoplasm|Nucleus,Nuclear localization signal|Nuclear export signal,Soluble,0.697399974,0.636699975,0.0118,0.125599995,0.238000005,0.0029,0.0704,0.119400002,0.106600001,0.0625,0.353199989,0.067599997,0.091200002,0.860300004
Shae__MS3_00003104,Cytoplasm|Nucleus,Nuclear localization signal,Soluble,0.780900002,0.537500024,0.091300003,0.131600007,0.287200004,0.0061,0.099600002,0.260100007,0.137700006,0.033500001,0.342299998,0.099200003,0.101099998,0.833199978
Shae__MS3_00003129,Cytoplasm,Nuclear localization signal|Nuclear export signal,Soluble,0.721099973,0.284000009,0.045200001,0.338,0.196700007,0.0112,0.037799999,0.114299998,0.118100002,0.087200001,0.520799994,0.144199997,0.068400003,0.759299994
Shae__MS3_00003161,Cytoplasm,,Peripheral|Soluble,0.602400005,0.298000008,0.062799998,0.178299993,0.114100002,0.0076,0.144299999,0.448500007,0.241300002,0.025,0.630200028,0.0308,0.037599999,0.821099997
Shae__MS3_00003183,Mitochondrion,,Transmembrane,0.308200002,0.278200001,0.054200001,0.165299997,0.681100011,0.078000002,0.559000015,0.2579,0.345699996,0.278400004,0.426899999,0.975600004,0.252799988,0.100400001
Shae__MS3_00003185,Cytoplasm|Nucleus,Nuclear export signal,Soluble,0.890799999,0.648800015,0.0166,0.080499999,0.104999997,0.0099,0.0418,0.0779,0.124899998,0.0173,0.37560001,0.0539,0.144299999,0.857200027
Shae__MS3_00003218,Cytoplasm|Nucleus,Nuclear export signal,Soluble,0.868499994,0.608099997,0.0045,0.140799999,0.215000004,0.0059,0.099600002,0.074500002,0.100400001,0.0144,0.426899999,0.039099999,0.202099994,0.883599997
Shae__MS3_00003235,Cytoplasm,Nuclear export signal,Peripheral|Soluble,0.638599992,0.195999995,0.0231,0.490200013,0.146500006,0.0133,0.200800002,0.496399999,0.280699998,0.0275,0.800000012,0.07,0.070100002,0.707499981
Shae__MS3_00003290,Cytoplasm|Nucleus,Nuclear localization signal|Nuclear export signal,Soluble,0.698599994,0.525099993,0.0309,0.142700002,0.149000004,0.0102,0.0307,0.100100003,0.066799998,0.102600001,0.202500001,0.0491,0.152899995,0.880699992
Shae__MS3_00003343,Cytoplasm,,Peripheral|Soluble,0.684099972,0.224600002,0.033,0.498100013,0.243200004,0.0073,0.189899996,0.412800014,0.353899986,0.057999998,0.781199992,0.200900003,0.462199986,0.531199992
Shae__MS3_00003383,Cytoplasm,Nuclear export signal,Soluble,0.687900007,0.461699992,0.0207,0.30399999,0.321200013,0.0071,0.109999999,0.240899995,0.359400004,0.1105,0.430299997,0.063900001,0.269699991,0.79519999
Shae__MS3_00003400,Cytoplasm,Nuclear export signal,Peripheral|Soluble,0.739199996,0.417499989,0.0149,0.433499992,0.094800003,0.0066,0.132300004,0.433600008,0.2597,0.0106,0.663800001,0.045000002,0.086800002,0.804499984
Shae__MS3_00003535,Cytoplasm|Nucleus,Nuclear localization signal|Nuclear export signal,Soluble,0.68870002,0.718900025,0.011,0.086400002,0.218999997,0.0037,0.059099998,0.116899997,0.062899999,0.381500006,0.30340001,0.108499996,0.069600001,0.82099998
Shae__MS3_00003544,Cytoplasm|Nucleus,Nuclear localization signal|Nuclear export signal,Soluble,0.625400007,0.800199986,0.022500001,0.071000002,0.137700006,0.0082,0.066299997,0.062199999,0.061500002,0.0051,0.391600013,0.0385,0.128600001,0.818499982
Shae__MS3_00003616,Cytoplasm,Nuclear export signal,Soluble,0.748399973,0.44569999,0.054299999,0.204600006,0.096299998,0.0063,0.082599998,0.309199989,0.131999999,0.011,0.432500005,0.0374,0.088500001,0.836700022
Shae__MS3_00003633,Cytoplasm,Nuclear localization signal,Lipid anchor|Soluble,0.583599985,0.314300001,0.085199997,0.423299998,0.246700004,0.0184,0.0392,0.259299994,0.0942,0.0127,0.360599995,0.047899999,0.862200022,0.682399988
Shae__MS3_00003724,Cytoplasm|Nucleus,Nuclear export signal,Soluble,0.747399986,0.66049999,0.022399999,0.141399994,0.236200005,0.0059,0.118000001,0.265100002,0.148800001,0.097099997,0.483799994,0.033,0.2773,0.866100013
Shae__MS3_00003923,Cytoplasm,Nuclear export signal,Peripheral|Soluble,0.726999998,0.468400002,0.015900001,0.373400003,0.087300003,0.0082,0.115999997,0.316500008,0.182899997,0.0116,0.635200024,0.040899999,0.101499997,0.806400001
Shae__MS3_00003948,Nucleus,Nuclear localization signal,Soluble,0.291299999,0.909300029,0.057,0.022700001,0.066399999,0.0064,0.017200001,0.0118,0.050299998,0.033399999,0.196600005,0.0748,0.146300003,0.880800009
Shae__MS3_00003962,Extracellular,Signal peptide,Soluble,0.192599997,0.096699998,0.753400028,0.413500011,0.215900004,0.0022,0.192900002,0.122000001,0.164399996,0.0232,0.459600002,0.246900007,0.130400002,0.658900023
Shae__MS3_00004019,Cytoplasm|Nucleus,Nuclear localization signal,Soluble,0.8125,0.628199995,0.024700001,0.117399998,0.188199997,0.0017,0.055300001,0.206699997,0.1391,0.0149,0.435600013,0.021500001,0.201100007,0.896899998
Shae__MS3_00004068,Cytoplasm,Nuclear export signal,Peripheral|Soluble,0.700999975,0.264899999,0.030099999,0.537,0.146400005,0.0112,0.073399998,0.355699986,0.1831,0.0788,0.765799999,0.075000003,0.087499999,0.690999985
Shae__MS3_00004070,Extracellular,Signal peptide,Soluble,0.190899998,0.102300003,0.723200023,0.526000023,0.272399992,0.0033,0.160899997,0.105899997,0.115500003,0.070799999,0.398000002,0.215299994,0.084600002,0.706499994
Shae__MS3_00004076,Cytoplasm|Cell membrane,,Peripheral|Lipid anchor,0.575299978,0.198400006,0.0139,0.628499985,0.334300011,0.0219,0.169200003,0.279300004,0.402099997,0.0999,0.676199973,0.109099999,0.884199977,0.453500003
Shae__MS3_00004152,Cytoplasm,Nuclear export signal,Peripheral|Soluble,0.665499985,0.416000009,0.020500001,0.35679999,0.123499997,0.0154,0.125699997,0.341899991,0.223299995,0.216299996,0.613900006,0.039099999,0.133200005,0.797299981
Shae__MS3_00004156,Cytoplasm,Nuclear localization signal,Soluble,0.735700011,0.388999999,0.045699999,0.296299994,0.261000007,0.0146,0.092699997,0.238800004,0.135199994,0.026699999,0.509800017,0.077799998,0.323599994,0.768700004
Shae__MS3_00004315,Cytoplasm,Nuclear export signal,Peripheral|Soluble,0.716300011,0.459100008,0.0075,0.400900006,0.116999999,0.0066,0.117399998,0.465299994,0.252600014,0.0121,0.653800011,0.056400001,0.171100006,0.806200027
Shae__MS3_00004398,Cytoplasm,Nuclear localization signal|Nuclear export signal,Soluble,0.874000013,0.384600013,0.038899999,0.191300005,0.255400002,0.0071,0.092100002,0.121600002,0.117200002,0.035399999,0.298700005,0.0429,0.1197,0.886500001
Shae__MS3_00004405,Cytoplasm,Nuclear export signal,Soluble,0.717999995,0.357300013,0.0167,0.323900014,0.151299998,0.0048,0.213400006,0.216100007,0.160899997,0.029100001,0.589299977,0.061000001,0.194600001,0.768599987
Shae__MS3_00004459,Cytoplasm|Cell membrane,,Soluble,0.540700018,0.137899995,0.424400002,0.589699984,0.382600009,0.0105,0.120800003,0.089900002,0.151199996,0.064199999,0.584200025,0.241799995,0.142399997,0.737600029
Shae__MS3_00004470,Cytoplasm|Nucleus,Nuclear export signal,Soluble,0.769699991,0.548500001,0.0151,0.059700001,0.167099997,0.0027,0.1061,0.3653,0.092399999,0.0251,0.40169999,0.0513,0.224900007,0.847000003
Shae__MS3_00004525,Cytoplasm|Nucleus,Nuclear export signal,Soluble,0.653999984,0.533999979,0.169200003,0.288100004,0.124300003,0.105400003,0.066699997,0.139300004,0.141599998,0.247199997,0.264200002,0.055500001,0.379999995,0.787
Shae__MS3_00004635,Cytoplasm,Nuclear export signal,Soluble,0.688799977,0.307399988,0.0253,0.431300014,0.159600005,0.0126,0.083899997,0.304500014,0.189600006,0.085600004,0.569700003,0.073799998,0.137500003,0.782299995
Shae__MS3_00004657,Cytoplasm|Nucleus,Nuclear export signal,Soluble,0.871800005,0.51730001,0.0148,0.132799998,0.228499994,0.0037,0.089100003,0.132400006,0.279900014,0.135199994,0.576499999,0.068499997,0.135700002,0.7773
Shae__MS3_00004774,Cytoplasm|Nucleus,Nuclear export signal,Soluble,0.685100019,0.598699987,0.0339,0.221900001,0.155900002,0.041000001,0.1417,0.136800006,0.184699997,0.114200003,0.411500007,0.038899999,0.181700006,0.777999997
Shae__MS3_00005021,Cytoplasm|Nucleus,Nuclear export signal,Soluble,0.615700006,0.6153,0.023499999,0.184900001,0.347000003,0.0241,0.080700003,0.166800007,0.139300004,0.133499995,0.41929999,0.107600003,0.276499987,0.798200011
Shae__MS3_00005028,Cell membrane,Signal peptide|Transmembrane domain,Transmembrane,0.225299999,0.135700002,0.081200004,0.797399998,0.093699999,0.0069,0.240999997,0.573499978,0.370799989,0.043900002,0.39320001,0.954400003,0.123300001,0.095799997
Shae__MS3_00005037,Cytoplasm,Nuclear export signal,Peripheral|Soluble,0.714100003,0.377000004,0.0125,0.365399987,0.165999994,0.0094,0.157000005,0.390500009,0.2333,0.050799999,0.632099986,0.041200001,0.204400003,0.802600026
Shae__MS3_00005166,Cytoplasm,,Soluble,0.615100026,0.358399987,0.057999998,0.128399998,0.276600003,0.032299999,0.183899999,0.138799995,0.176899999,0.0185,0.288899988,0.210500002,0.132200003,0.703800023
Shae__MS3_00005180,Cytoplasm|Nucleus,Nuclear localization signal|Nuclear export signal,Soluble,0.727400005,0.656899989,0.0186,0.184400007,0.181799993,0.009,0.0579,0.116599999,0.0691,0.053399999,0.222299993,0.036400001,0.302399993,0.916400015
Shae__MS3_00005251,Cytoplasm,Nuclear localization signal,Soluble,0.811100006,0.251199991,0.0211,0.174899995,0.123599999,0.0043,0.127700001,0.102399997,0.113200001,0.0076,0.472600013,0.0647,0.131699994,0.821399987
Shae__MS3_00005260,Cytoplasm,Nuclear export signal,Soluble,0.827700019,0.230399996,0.0305,0.228499994,0.309199989,0.007,0.115199998,0.275299996,0.171399996,0.222200006,0.405299991,0.087499999,0.163900003,0.815299988
Shae__MS3_00005288,Cytoplasm,,Peripheral|Soluble,0.621299982,0.272599995,0.055799998,0.248099998,0.217800006,0.0041,0.177399993,0.294400007,0.404399991,0.046300001,0.707099974,0.105099998,0.122900002,0.743399978
Shae__MS3_00005371,Cell membrane|Lysosome/Vacuole,Signal peptide|Transmembrane domain,Transmembrane,0.29519999,0.137999997,0.0977,0.816900015,0.057399999,0.0177,0.198599994,0.6171,0.328900009,0.094599999,0.127100006,0.966899991,0.026799999,0.159899995
Shae__MS3_00005382,Nucleus,Nuclear localization signal,Soluble,0.278100014,0.940999985,0.0099,0.050099999,0.048999999,0.0021,0.079999998,0.0233,0.083099999,0.0044,0.315600008,0.067299999,0.053100001,0.878000021
Shae__MS3_00005586,Cytoplasm|Nucleus,Nuclear localization signal|Nuclear export signal,Soluble,0.724799991,0.586399972,0.0146,0.153099999,0.275000006,0.0029,0.041299999,0.120300002,0.087800004,0.1175,0.358799994,0.098800004,0.063500002,0.843599975
Shae__MS3_00005588,Cytoplasm|Cell membrane,Nuclear localization signal,Peripheral,0.560199976,0.343300015,0.020400001,0.612600029,0.164000005,0.0049,0.210299999,0.195899993,0.2315,0.0165,0.644699991,0.304899991,0.707400024,0.486600012
Shae__MS3_00005610,Extracellular,Signal peptide,Soluble,0.212300003,0.1043,0.839399993,0.162499994,0.062199999,0.0126,0.209800005,0.117600001,0.131799996,0.0022,0.486299992,0.078299999,0.101199999,0.839399993
Shae__MS3_00005611,Extracellular,,Soluble,0.374500006,0.2667,0.644299984,0.184,0.122000001,0.011,0.152099997,0.055,0.057999998,0.0023,0.456800014,0.0898,0.093199998,0.819899976
Shae__MS3_00005632,Cytoplasm,Nuclear localization signal|Nuclear export signal,Peripheral|Soluble,0.708400011,0.39320001,0.0427,0.41960001,0.113700002,0.0082,0.153500006,0.300300002,0.184699997,0.0054,0.780600011,0.084200002,0.233799994,0.671400011
Shae__MS3_00005744,Cytoplasm,,Peripheral|Soluble,0.751600027,0.277200013,0.084700003,0.220699996,0.135100007,0.0097,0.1417,0.388000011,0.245499998,0.0116,0.601899981,0.031099999,0.050900001,0.869799972
Shae__MS3_00005799,Cytoplasm,Nuclear export signal,Peripheral|Soluble,0.79430002,0.201100007,0.0482,0.517199993,0.190300003,0.018300001,0.110100001,0.186199993,0.236699998,0.0057,0.611199975,0.0568,0.036200002,0.829200029
Shae__MS3_00005863,Cytoplasm,Nuclear export signal,Peripheral|Soluble,0.756099999,0.373800009,0.020199999,0.332800001,0.198799998,0.0078,0.219999999,0.444999993,0.167199999,0.045200001,0.627200007,0.079999998,0.106200002,0.774600029
Shae__MS3_00006013,Cell membrane,Signal peptide|Transmembrane domain,Transmembrane,0.282700002,0.158500001,0.0933,0.78490001,0.033500001,0.0036,0.190500006,0.386400014,0.291599989,0.0287,0.220400006,0.96509999,0.180199996,0.142399997
Shae__MS3_00006076,Cytoplasm,Nuclear export signal,Soluble,0.74849999,0.329100013,0.0493,0.381900012,0.444000006,0.0067,0.145500004,0.254599988,0.183200002,0.063299999,0.540000021,0.097099997,0.323700011,0.763000011
Shae__MS3_00006229,Cytoplasm|Cell membrane,Nuclear localization signal,Peripheral|Soluble,0.672800004,0.205500007,0.033100002,0.649500012,0.093599997,0.0127,0.166199997,0.1884,0.371699989,0.0109,0.674199998,0.086300001,0.104599997,0.757799983
Shae__MS3_00006308,Cytoplasm,Nuclear export signal,Soluble,0.751399994,0.195600003,0.0104,0.419,0.419400007,0.022399999,0.179199994,0.25909999,0.529999971,0.209099993,0.37560001,0.062799998,0.300300002,0.826499999
Shae__MS3_00006313,Cytoplasm,Nuclear export signal,Peripheral|Soluble,0.675100029,0.404300004,0.043200001,0.347299993,0.319900006,0.0135,0.1241,0.490799993,0.172199994,0.305299997,0.717199981,0.1061,0.157000005,0.675199986
Shae__MS3_00006333,Cytoplasm,Nuclear export signal,Soluble,0.79339999,0.36590001,0.015699999,0.322400004,0.1567,0.0033,0.083700001,0.153400004,0.084399998,0.0164,0.532999992,0.036200002,0.094099998,0.851700008
Shae__MS3_00006334,Cell membrane,Signal peptide|Transmembrane domain,Transmembrane,0.242899999,0.169200003,0.081699997,0.767700016,0.067199998,0.0087,0.240500003,0.437400013,0.364100009,0.082000002,0.212699994,0.953599989,0.217199996,0.186900005
Shae__MS3_00006341,Cytoplasm|Nucleus,Nuclear localization signal|Nuclear export signal,Soluble,0.720300019,0.64410001,0.015799999,0.104900002,0.230499998,0.0048,0.0876,0.1796,0.083300002,0.175400004,0.430400014,0.144500002,0.096000001,0.771000028
Shae__MS3_00006521,Cytoplasm|Lysosome/Vacuole,Nuclear export signal,Peripheral|Soluble,0.686999977,0.382299989,0.0449,0.216399997,0.262499988,0.0086,0.153099999,0.605199993,0.382699996,0.125400007,0.61559999,0.1479,0.127299994,0.656099975
Shae__MS3_00006556,Cell membrane,,Peripheral|Transmembrane,0.469599992,0.319599986,0.028200001,0.709900022,0.440600008,0.0103,0.1972,0.220200002,0.132300004,0.276300013,0.786300004,0.556500018,0.151999995,0.376399994
Shae__MS3_00006560,Cytoplasm|Nucleus,Nuclear export signal,Soluble,0.6796,0.630900025,0.0209,0.107699998,0.189899996,0.0086,0.071800001,0.096100003,0.119499996,0.019400001,0.295700014,0.0394,0.281599998,0.834999979
Shae__MS3_00006566,Cytoplasm,Nuclear export signal,Soluble,0.74940002,0.362500012,0.064300001,0.148599997,0.117399998,0.005,0.212200001,0.2148,0.27790001,0.0187,0.432500005,0.049199998,0.230199993,0.785000026
Shae__MS3_00006657,Cytoplasm,Nuclear localization signal,Peripheral|Soluble,0.714100003,0.25029999,0.024900001,0.463200003,0.059999999,0.0031,0.171200007,0.202099994,0.222499996,0.0079,0.660399973,0.051199999,0.150800005,0.804700017
Shae__MS3_00006664,Cytoplasm,Nuclear localization signal,Peripheral|Soluble,0.610899985,0.351399988,0.0341,0.5,0.164000005,0.0066,0.190200001,0.266799986,0.188899994,0.0199,0.712199986,0.047800001,0.168699995,0.766700029
Shae__MS3_00006730,Cytoplasm,,Peripheral|Soluble,0.667699993,0.272199988,0.064400002,0.512300014,0.235499993,0.018300001,0.149499997,0.482899994,0.249300003,0.047899999,0.766499996,0.143099993,0.613799989,0.529399991
Shae__MS3_00006767,Cytoplasm|Nucleus,Nuclear localization signal|Nuclear export signal,Soluble,0.721800029,0.563399971,0.0102,0.244299993,0.220599994,0.0025,0.067000002,0.112499997,0.152700007,0.075199999,0.522700012,0.053100001,0.202700004,0.779999971
Shae__MS3_00006934,Cytoplasm,,Peripheral|Soluble,0.67019999,0.266499996,0.134900004,0.336899996,0.088399999,0.0091,0.265100002,0.272899985,0.332500011,0.0287,0.715699971,0.084600002,0.131999999,0.783599973
Shae__MS3_00007047,Cytoplasm,Nuclear localization signal|Nuclear export signal,Peripheral|Soluble,0.701399982,0.274100006,0.034699999,0.494500011,0.162,0.0044,0.064300001,0.209099993,0.276499987,0.049400002,0.680199981,0.064000003,0.113600001,0.783500016
Shae__MS3_00007109,Cytoplasm,Nuclear localization signal,Soluble,0.665300012,0.359299988,0.0285,0.554799974,0.359400004,0.018200001,0.150299996,0.240799993,0.225600004,0.096900001,0.530600011,0.147300005,0.732800007,0.645900011
Shae__MS3_00007112,Cell membrane,Signal peptide|Transmembrane domain,Transmembrane,0.319400012,0.157100007,0.079899997,0.792400002,0.082900003,0.0056,0.341699988,0.493900001,0.328599989,0.041900001,0.1567,0.963800013,0.120999999,0.163800001
Shae__MS3_00007174,Cytoplasm|Nucleus,Nuclear localization signal|Nuclear export signal,Soluble,0.625,0.913800001,0.0133,0.056299999,0.073700003,0.005,0.044500001,0.090899996,0.061900001,0.055100001,0.361400008,0.057700001,0.338400006,0.820900023
Shae__MS3_00007266,Cytoplasm,Nuclear localization signal|Nuclear export signal,Peripheral|Soluble,0.728900015,0.262899995,0.037500001,0.468899995,0.161300004,0.0148,0.126300007,0.422500014,0.219899997,0.043900002,0.620199978,0.070699997,0.158600003,0.749300003
Shae__MS3_00007339,Cell membrane,Signal peptide|Transmembrane domain,Transmembrane,0.180999994,0.158500001,0.075800002,0.66140002,0.075199999,0.0148,0.417899996,0.467700005,0.3125,0.155399993,0.191400006,0.97420001,0.132699996,0.116099998
Shae__MS3_00007343,Cytoplasm,Nuclear export signal,Peripheral|Soluble,0.694000006,0.281500012,0.036699999,0.493200004,0.137700006,0.0045,0.106899999,0.395200014,0.266099989,0.048,0.771799982,0.0766,0.111400001,0.760200024
Shae__MS3_00007363,Extracellular,Signal peptide,Soluble,0.297300011,0.111100003,0.748300016,0.232700005,0.061900001,0.0088,0.262300014,0.169300005,0.144199997,0.0019,0.450399995,0.097400002,0.153799996,0.805599988
Shae__MS3_00007411,Cytoplasm|Nucleus,Nuclear export signal,Soluble,0.564499974,0.565500021,0.025699999,0.092,0.245100006,0.0099,0.202999994,0.234099999,0.175999999,0.037700001,0.4463,0.0911,0.151700005,0.771700025
Shae__MS3_00007430,Cytoplasm|Nucleus,Nuclear export signal,Soluble,0.730599999,0.662899971,0.017100001,0.066699997,0.204899997,0.0051,0.084100001,0.175300002,0.125599995,0.046599999,0.437299997,0.032600001,0.270700008,0.8028
Shae__MS3_00007449,Cytoplasm,Nuclear export signal,Peripheral|Soluble,0.623000026,0.479999989,0.0317,0.319400012,0.108499996,0.022,0.135600001,0.254299998,0.197300002,0.237200007,0.65259999,0.1382,0.096000001,0.702799976
Shae__MS3_00007496,Cytoplasm,Nuclear export signal,Soluble,0.856999993,0.218500003,0.044599999,0.289400011,0.120099999,0.0041,0.078900002,0.241600007,0.271499991,0.025800001,0.498899996,0.019400001,0.0814,0.909799993
Shae__MS3_00007604,Cytoplasm|Nucleus,Nuclear export signal,Soluble,0.833100021,0.623700023,0.0075,0.165999994,0.273099989,0.0037,0.062899999,0.125499994,0.150999993,0.0458,0.409700006,0.0189,0.26879999,0.87349999
Shae__MS3_00007688,Cytoplasm,Nuclear export signal,Peripheral|Soluble,0.734700024,0.243499994,0.0109,0.436300009,0.280099988,0.0143,0.194299996,0.424299985,0.400900006,0.304699987,0.704699993,0.083899997,0.716899991,0.667299986
Shae__MS3_00007700,Cytoplasm|Nucleus,Nuclear export signal,Soluble,0.731899977,0.613499999,0.027799999,0.087099999,0.147599995,0.0087,0.150900006,0.225099996,0.136099994,0.020400001,0.32159999,0.028999999,0.094400004,0.834100008
Shae__MS3_00007701,Cytoplasm|Extracellular,Nuclear localization signal,Soluble,0.476700008,0.320300013,0.761500001,0.2271,0.084100001,0.022,0.108099997,0.044599999,0.046700001,0.0006,0.471799999,0.069799997,0.101599999,0.846099973
Shae__MS3_00007742,Cell membrane,Signal peptide|Transmembrane domain,Transmembrane,0.232299998,0.096199997,0.115400001,0.842599988,0.037300002,0.008,0.205799997,0.431899995,0.343400002,0.02,0.1567,0.976700008,0.392800003,0.112999998
Shae__MS3_00007880,Cytoplasm,,Peripheral|Soluble,0.753400028,0.312900007,0.0317,0.456200004,0.158800006,0.0004,0.086499996,0.313499987,0.147300005,0.065899998,0.629000008,0.056400001,0.208800003,0.795599997
Shae__MS3_00007970,Cytoplasm,Nuclear export signal,Peripheral|Soluble,0.797599971,0.176200002,0.037599999,0.467400014,0.249799997,0.0167,0.158299997,0.229000002,0.404399991,0.0173,0.679199994,0.081600003,0.046599999,0.780799985
Shae__MS3_00007981,Cytoplasm|Nucleus,Nuclear export signal,Soluble,0.696099997,0.613099992,0.033500001,0.210299999,0.167199999,0.0096,0.078199998,0.119099997,0.144600004,0.0858,0.293099999,0.035700001,0.338800013,0.822799981
Shae__MS3_00008020,Cell membrane,Signal peptide|Transmembrane domain,Transmembrane,0.181999996,0.112099998,0.075400002,0.813899994,0.076200001,0.0078,0.394400001,0.570200026,0.354999989,0.0539,0.130799994,0.979799986,0.1096,0.121699996
Shae__MS3_00008061,Cytoplasm,Nuclear export signal,Soluble,0.765999973,0.420700014,0.018200001,0.106700003,0.166299999,0.0112,0.239999995,0.331999987,0.395099998,0.0272,0.450199991,0.185200006,0.079300001,0.739000022
Shae__MS3_00008174,Cytoplasm|Nucleus,Nuclear export signal,Soluble,0.739600003,0.640500009,0.032499999,0.068400003,0.147699997,0.038899999,0.1514,0.124799997,0.1065,0.0116,0.335099995,0.039700001,0.125400007,0.786199987
Shae__MS3_00008190,Cytoplasm|Nucleus,Nuclear export signal,Soluble,0.648299992,0.648199975,0.0138,0.142800003,0.190599993,0.0076,0.109899998,0.123099998,0.094999999,0.039900001,0.36680001,0.044799998,0.130700007,0.848999977
Shae__MS3_00008194,Cytoplasm,Nuclear localization signal,Peripheral|Soluble,0.68870002,0.250200003,0.0277,0.523800015,0.110699996,0.0114,0.120899998,0.198200002,0.332399994,0.0277,0.717199981,0.1043,0.068899997,0.752900004
Shae__MS3_00008246,Cytoplasm,Nuclear localization signal|Nuclear export signal,Soluble,0.744099975,0.501100004,0.079700001,0.144500002,0.140699998,0.0495,0.0757,0.105499998,0.1338,0.012,0.233999997,0.0414,0.1611,0.855700016
Shae__MS3_00008247,Cytoplasm|Nucleus,Nuclear localization signal|Nuclear export signal,Soluble,0.700999975,0.706200004,0.034499999,0.135700002,0.116700001,0.037099998,0.087700002,0.082500003,0.0986,0.005,0.292199999,0.0515,0.078000002,0.849099994
Shae__MS3_00008251,Cytoplasm|Nucleus,Nuclear export signal,Soluble,0.663500011,0.534699976,0.067100003,0.100900002,0.424499989,0.0117,0.115999997,0.1655,0.160400003,0.057999998,0.333499998,0.033,0.191499993,0.890600026
Shae__MS3_00008284,Cytoplasm,,Soluble,0.700800002,0.376399994,0.0178,0.343400002,0.2183,0.0035,0.073100001,0.192599997,0.086499996,0.26699999,0.443300009,0.132699996,0.0482,0.795799971
Shae__MS3_00008566,Cytoplasm|Nucleus,Nuclear localization signal|Nuclear export signal,Soluble,0.604399979,0.792800009,0.0317,0.141399994,0.151299998,0.009,0.072899997,0.134000003,0.099200003,0.108900003,0.381900012,0.086000003,0.121200003,0.800899982
Shae__MS3_00008601,Cytoplasm,Nuclear export signal,Peripheral|Soluble,0.678799987,0.488999993,0.0252,0.248400003,0.218400002,0.0085,0.153200001,0.491400003,0.244900003,0.183400005,0.610599995,0.051100001,0.256599993,0.745999992
Shae__MS3_00008614,Cytoplasm|Nucleus,Nuclear localization signal,Soluble,0.760699987,0.619000018,0.043900002,0.135199994,0.156800002,0.0018,0.050700001,0.077200003,0.089199997,0.094300002,0.338,0.119499996,0.139899999,0.74849999
Shae__MS3_00008660,Cytoplasm|Nucleus,,Soluble,0.622900009,0.511600018,0.125699997,0.287099987,0.108099997,0.088399999,0.069799997,0.095899999,0.167799994,0.215100005,0.254799992,0.052000001,0.33829999,0.791400015
Shae__MS3_00008661,Cytoplasm|Nucleus,Nuclear export signal,Soluble,0.665099978,0.540000021,0.174199998,0.269699991,0.134399995,0.086999997,0.062700003,0.104400001,0.157000005,0.219699994,0.263399988,0.0504,0.331200004,0.794399977
Shae__MS3_00008672,Cytoplasm,Nuclear export signal,Soluble,0.768899977,0.381300002,0.0108,0.353399992,0.180500001,0.0092,0.086499996,0.300599992,0.156399995,0.027100001,0.4912,0.165800005,0.207599998,0.648199975
Shae__MS3_00008673,Cytoplasm,Nuclear export signal,Soluble,0.734499991,0.408100009,0.0154,0.204099998,0.173600003,0.0144,0.087800004,0.194499999,0.089400001,0.0167,0.356099993,0.113700002,0.109700002,0.778500021
Shae__MS3_00008679,Cytoplasm|Nucleus,Nuclear export signal,Soluble,0.670099974,0.817099988,0.0294,0.075099997,0.158999994,0.0114,0.089500003,0.111900002,0.100199997,0.051100001,0.296600014,0.0254,0.172099993,0.879100025
Shae__MS3_00008682,Cytoplasm|Nucleus,Nuclear export signal,Soluble,0.701900005,0.538299978,0.051199999,0.241899997,0.155900002,0.0372,0.070100002,0.143199995,0.169799998,0.065499999,0.332599998,0.076700002,0.2685,0.800400019
Shae__MS3_00008685,Cytoplasm,Nuclear export signal,Soluble,0.713699996,0.341800004,0.021500001,0.248899996,0.181099996,0.0089,0.247700006,0.228200004,0.250800014,0.013,0.552900016,0.044100001,0.246700004,0.772599995
Shae__MS3_00008738,Cytoplasm|Cell membrane,,Peripheral|Lipid anchor,0.513000011,0.273999989,0.049800001,0.733799994,0.374799997,0.0081,0.132599995,0.370900005,0.240799993,0.081600003,0.756600022,0.215000004,0.88440001,0.38440001
Shae__MS3_00008744,Cytoplasm|Nucleus,Nuclear export signal,Soluble,0.673399985,0.532800019,0.1193,0.241899997,0.116099998,0.033599999,0.0605,0.125400007,0.150399998,0.1743,0.270200014,0.043200001,0.296700001,0.80400002
Shae__MS3_00008746,Cytoplasm|Nucleus,Nuclear export signal,Soluble,0.646399975,0.542200029,0.125100002,0.276300013,0.108800001,0.039999999,0.060899999,0.131300002,0.140100002,0.1884,0.268599987,0.039000001,0.320100009,0.815599978
Shae__MS3_00008957,Cell membrane,,Peripheral|Soluble,0.349400014,0.150800005,0.445199996,0.560699999,0.270000011,0.0086,0.1241,0.1461,0.123000003,0.0198,0.643700004,0.273400009,0.110299997,0.658699989
Shae__MS3_00008971,Cytoplasm|Nucleus,Nuclear localization signal|Nuclear export signal,Soluble,0.702000022,0.581399977,0.018200001,0.285899997,0.338200003,0.0049,0.0647,0.159999996,0.085199997,0.073100001,0.542599976,0.119400002,0.1197,0.723999977
Shae__MS3_00008988,Cytoplasm|Nucleus,Nuclear localization signal,Soluble,0.649800003,0.526799977,0.201000005,0.365799993,0.443100005,0.0127,0.136199996,0.195299998,0.184699997,0.023800001,0.450399995,0.117799997,0.471199989,0.770299971
Shae__MS3_00009095,Cytoplasm|Mitochondrion,,Soluble,0.733399987,0.383899987,0.095399998,0.325399995,0.666299999,0.0015,0.190699995,0.1734,0.119599998,0.0041,0.527199984,0.118100002,0.042399999,0.766499996
Shae__MS3_00009134,Cytoplasm|Nucleus,Nuclear export signal,Soluble,0.717700005,0.559499979,0.069399998,0.095200002,0.219999999,0.0134,0.148699999,0.234400004,0.297199994,0.075000003,0.433499992,0.043900002,0.128299996,0.857200027
Shae__MS3_00009264,Cytoplasm,,Peripheral|Lipid anchor,0.540799975,0.261299998,0.068400003,0.547800004,0.34740001,0.0072,0.217299998,0.269899994,0.318699986,0.0273,0.736699998,0.297899991,0.834900022,0.406699985
Shae__MS3_00009266,Cytoplasm|Cell membrane,,Soluble,0.530799985,0.408300012,0.0186,0.620299995,0.43900001,0.004,0.100199997,0.383899987,0.157199994,0.500199974,0.568000019,0.190699995,0.150299996,0.565800011
Shae__MS3_00009375,Cytoplasm,Nuclear export signal,Peripheral|Soluble,0.644999981,0.25999999,0.039099999,0.443300009,0.301099986,0.0131,0.203400001,0.524999976,0.375400007,0.1219,0.635999978,0.227699995,0.051199999,0.594699979
Shae__MS3_00009432,Cell membrane,Signal peptide|Transmembrane domain,Transmembrane,0.167999998,0.223000005,0.0779,0.652100027,0.079400003,0.0007,0.549700022,0.315699995,0.377600014,0.0069,0.379700005,0.698499978,0.096100003,0.467299998
Shae__MS3_00009653,Cytoplasm,Nuclear export signal,Peripheral|Soluble,0.688899994,0.314599991,0.043299999,0.483700007,0.296000004,0.0078,0.087200001,0.552299976,0.174500003,0.468300015,0.737500012,0.116499998,0.132200003,0.652999997
Shae__MS3_00009666,Cytoplasm,,Peripheral|Transmembrane,0.558499992,0.498600006,0.031599998,0.235799998,0.421400011,0.033,0.241500005,0.132400006,0.174199998,0.369800001,0.604099989,0.667200029,0.129999995,0.4375
Shae__MS3_00009762,Cytoplasm,,Peripheral|Soluble,0.629599988,0.223299995,0.099600002,0.491899997,0.331699997,0.020500001,0.116700001,0.531000018,0.322400004,0.275200009,0.732500017,0.179499999,0.079099998,0.629999995
Shae__MS3_00009865,Cell membrane,Signal peptide|Transmembrane domain,Transmembrane,0.288199991,0.102300003,0.211700007,0.808399975,0.026900001,0.0029,0.265100002,0.547299981,0.360000014,0.009,0.071999997,0.934300005,0.166899994,0.296099991
Shae__MS3_00009872,Cell membrane,Signal peptide|Transmembrane domain,Transmembrane,0.28670001,0.107600003,0.119400002,0.80400002,0.033500001,0.0052,0.194000006,0.509800017,0.343300015,0.034899998,0.198699996,0.967599988,0.380699992,0.1162
Shae__MS3_00010057,Extracellular,Signal peptide,Soluble,0.240999997,0.113899998,0.744199991,0.307799995,0.067199998,0.0064,0.284399986,0.137899995,0.187800005,0.0013,0.435900003,0.086300001,0.125300005,0.808499992
Shae__MS3_00010191,Extracellular,Signal peptide,Soluble,0.386799991,0.272899985,0.699000001,0.121299997,0.0605,0.0089,0.115699999,0.065800004,0.061799999,0.0012,0.274699986,0.202199996,0.116899997,0.810199976
Shae__MS3_00010367,Cell membrane,Signal peptide|Transmembrane domain,Transmembrane,0.203999996,0.094700001,0.145099998,0.830200016,0.104400001,0.0099,0.208000004,0.503400028,0.280600011,0.072499998,0.353599995,0.96420002,0.115099996,0.133900002
Shae__MS3_00010396,Cytoplasm|Nucleus,Nuclear export signal,Soluble,0.710500002,0.583899975,0.0105,0.368499994,0.143600002,0.0102,0.147200003,0.26789999,0.177200004,0.037500001,0.537299991,0.075900003,0.324200004,0.784200013
Shae__MS3_00010441,Cytoplasm,Nuclear localization signal,Soluble,0.846400023,0.256799996,0.023800001,0.423599988,0.0559,0.0043,0.122199997,0.180199996,0.101300001,0.0117,0.528299987,0.0491,0.086099997,0.840699971
Shae__MS3_00010478,Cytoplasm,Nuclear localization signal,Soluble,0.66960001,0.244299993,0.067000002,0.447600007,0.259200007,0.021600001,0.1087,0.174700007,0.336100012,0.037999999,0.567499995,0.172099993,0.048300002,0.75120002
Shae__MS3_00010577,Cytoplasm,Nuclear export signal,Peripheral|Soluble,0.777999997,0.202800006,0.021600001,0.383700013,0.234899998,0.0264,0.130400002,0.325399995,0.329299986,0.124700002,0.742900014,0.046,0.324299991,0.730199993
Shae__MS3_00010678,Cytoplasm,Nuclear export signal,Soluble,0.812399983,0.365099996,0.027799999,0.370900005,0.173700005,0.0058,0.1061,0.256099999,0.163699999,0.302599996,0.500400007,0.119900003,0.177699998,0.768599987
Shae__MS3_00010729,Cytoplasm|Nucleus,,Soluble,0.533900023,0.549000025,0.145199999,0.096699998,0.199100003,0.005,0.238299996,0.238000005,0.126100004,0.0137,0.276499987,0.369500011,0.350499988,0.560699999
Shae__MS3_00010803,Cytoplasm|Nucleus,Nuclear localization signal|Nuclear export signal,Soluble,0.805599988,0.579699993,0.0239,0.224399999,0.171100006,0.018100001,0.100199997,0.123999998,0.151299998,0.0254,0.495400012,0.032499999,0.178800002,0.776000023
Shae__MS3_00010929,Cytoplasm,Nuclear localization signal,Peripheral|Soluble,0.756500006,0.253399998,0.0148,0.414999992,0.207200006,0.0052,0.1043,0.228400007,0.1919,0.0073,0.734399974,0.0288,0.450700015,0.752600014
Shae__MS3_00011141,Cytoplasm,Nuclear export signal,Soluble,0.751399994,0.308299989,0.0253,0.270599991,0.328299999,0.0051,0.180099994,0.251199991,0.1567,0.0087,0.550700009,0.110399999,0.042199999,0.778299987
Shae__MS3_00011142,Cytoplasm|Nucleus,Nuclear localization signal|Nuclear export signal,Soluble,0.732800007,0.657100022,0.042300001,0.240700006,0.229000002,0.0018,0.084100001,0.0748,0.094300002,0.0103,0.277200013,0.082400002,0.217600003,0.882499993
Shae__MS3_00011163,Cytoplasm|Nucleus,Nuclear export signal,Soluble,0.760200024,0.604499996,0.0197,0.153099999,0.225600004,0.018999999,0.078000002,0.242300004,0.202299997,0.040399998,0.556800008,0.0277,0.235599995,0.758899987
Sjap__EWB00_000085,Cytoplasm,,Soluble,0.601800025,0.443699986,0.040600002,0.293300003,0.29429999,0.011,0.120200001,0.126200005,0.104900002,0.086400002,0.521399975,0.170599997,0.160099998,0.721000016
Sjap__EWB00_000274,Extracellular,Signal peptide,Soluble,0.241300002,0.1219,0.742600024,0.25150001,0.086300001,0.0123,0.219500005,0.1127,0.147,0.0012,0.471199989,0.076700002,0.113300003,0.816299975
Sjap__EWB00_000320,Cytoplasm,Nuclear export signal,Soluble,0.674799979,0.365799993,0.0207,0.347200006,0.174099997,0.0068,0.270500004,0.222299993,0.246099994,0.0139,0.555499971,0.086000003,0.283800006,0.720899999
Sjap__EWB00_000422,Cytoplasm|Nucleus,Nuclear localization signal|Nuclear export signal,Soluble,0.727400005,0.583299994,0.041999999,0.156000003,0.111699998,0.0049,0.045000002,0.102499999,0.073899999,0.033799998,0.171800002,0.045899998,0.264099985,0.88319999
Sjap__EWB00_000516,Cytoplasm,Nuclear localization signal,Peripheral|Soluble,0.663600028,0.486099988,0.0243,0.316799998,0.150600001,0.0156,0.375699997,0.415800005,0.166700006,0.0048,0.606299996,0.048599999,0.166600004,0.805599988
Sjap__EWB00_000751,Cytoplasm|Nucleus,Nuclear export signal,Soluble,0.631399989,0.583000004,0.0154,0.121200003,0.381099999,0.0126,0.107100002,0.119599998,0.152799994,0.262800008,0.409099996,0.213100001,0.127100006,0.708999991
Sjap__EWB00_000811,Cytoplasm|Nucleus,Nuclear localization signal|Nuclear export signal,Soluble,0.647199988,0.703999996,0.031300001,0.136500001,0.161400005,0.0103,0.0537,0.128299996,0.112899996,0.0482,0.334899992,0.0416,0.103100002,0.828999996
Sjap__EWB00_001036,Cytoplasm,Nuclear export signal,Peripheral|Soluble,0.69690001,0.3574,0.0188,0.436500013,0.191200003,0.017100001,0.171100006,0.542900026,0.37650001,0.052700002,0.681200027,0.116899997,0.078299999,0.718800008
Sjap__EWB00_001091,Cytoplasm,,Soluble,0.646600008,0.472799987,0.076700002,0.162499994,0.382600009,0.039999999,0.353500009,0.143600002,0.224999994,0.183200002,0.50849998,0.144700006,0.323700011,0.675499976
Sjap__EWB00_001102,Extracellular,Signal peptide,Soluble,0.334199995,0.275000006,0.723399997,0.128000006,0.0392,0.0102,0.084399998,0.044799998,0.040100001,0.0009,0.251399994,0.105800003,0.073299997,0.886300027
Sjap__EWB00_001225,Cytoplasm,Nuclear export signal,Peripheral|Soluble,0.67019999,0.323300004,0.035599999,0.468600005,0.114100002,0.0036,0.107900001,0.381199986,0.241899997,0.039799999,0.779999971,0.076800004,0.124399997,0.769599974
Sjap__EWB00_001228,Cytoplasm,Nuclear export signal,Peripheral|Soluble,0.564700007,0.487699986,0.037,0.321200013,0.43810001,0.0074,0.190899998,0.218600005,0.179000005,0.236499995,0.65140003,0.272500008,0.104099996,0.629899979
Sjap__EWB00_001311,Extracellular,Signal peptide,Soluble,0.359499991,0.245299995,0.639199972,0.219300002,0.104599997,0.020300001,0.136999995,0.064000003,0.071599998,0.0011,0.452800006,0.064400002,0.118699998,0.810000002
Sjap__EWB00_001328,Cell membrane,,Peripheral|Soluble,0.372299999,0.192300007,0.342599988,0.599600017,0.384600013,0.0146,0.111400001,0.151500002,0.112800002,0.020300001,0.655900002,0.383100003,0.076099999,0.592899978
Sjap__EWB00_001343,Cytoplasm|Nucleus,Nuclear localization signal|Nuclear export signal,Soluble,0.753600001,0.539499998,0.015900001,0.2685,0.353399992,0.0057,0.063600004,0.179299995,0.086999997,0.045699999,0.538399994,0.081699997,0.116999999,0.752699971
Sjap__EWB00_001391,Cytoplasm,Nuclear export signal,Peripheral|Soluble,0.715499997,0.264999986,0.015699999,0.322899997,0.214300007,0.0107,0.125400007,0.379299998,0.257499993,0.133399993,0.639500022,0.135100007,0.263200015,0.727599978
Sjap__EWB00_001408,Cytoplasm|Nucleus,Nuclear localization signal|Nuclear export signal,Soluble,0.719600022,0.573000014,0.0228,0.0876,0.140100002,0.0057,0.156200007,0.221900001,0.122599997,0.0151,0.347000003,0.025699999,0.083999999,0.831399977
Sjap__EWB00_001471,Cytoplasm,Nuclear localization signal|Nuclear export signal,Peripheral|Soluble,0.610700011,0.311100006,0.0337,0.499500006,0.145999998,0.020199999,0.157100007,0.57099998,0.216999993,0.016799999,0.741699994,0.0546,0.160699993,0.755800009
Sjap__EWB00_001594,Cell membrane,Signal peptide|Transmembrane domain,Transmembrane,0.187700003,0.110699996,0.084100001,0.818799973,0.076499999,0.0076,0.382200003,0.577799976,0.377999991,0.067500003,0.130600005,0.980499983,0.134900004,0.120899998
Sjap__EWB00_001618,Cytoplasm|Nucleus,Nuclear localization signal,Soluble,0.60650003,0.618399978,0.0678,0.145799994,0.1294,0.0255,0.255499989,0.077200003,0.247799993,0.093699999,0.305000007,0.166600004,0.255800009,0.61589998
Sjap__EWB00_001961,Cytoplasm,Nuclear export signal,Peripheral|Soluble,0.667500019,0.458600014,0.029100001,0.230100006,0.303200006,0.0072,0.160600007,0.463400006,0.240199998,0.213599995,0.655600011,0.0535,0.281300008,0.709800005
Sjap__EWB00_002103,Cytoplasm,Nuclear export signal,Peripheral|Soluble,0.631900012,0.211799994,0.0209,0.488599986,0.165600002,0.0121,0.195999995,0.452100009,0.236699998,0.0274,0.779500008,0.067299999,0.065499999,0.7324
Sjap__EWB00_002182,Cytoplasm,Nuclear export signal,Soluble,0.759500027,0.305799991,0.0196,0.230900005,0.353899986,0.0036,0.1514,0.144299999,0.088600002,0.0173,0.49180001,0.314500004,0.053800002,0.664200008
Sjap__EWB00_002194,Cytoplasm|Nucleus,Nuclear localization signal|Nuclear export signal,Soluble,0.74940002,0.50999999,0.024599999,0.315499991,0.145899996,0.0037,0.077299997,0.202199996,0.215000004,0.0339,0.499900013,0.078900002,0.245900005,0.773500025
Sjap__EWB00_002313,Extracellular,Signal peptide,Soluble,0.189400002,0.129700005,0.777400017,0.328299999,0.331900001,0.0025,0.144400001,0.115000002,0.127100006,0.090300001,0.456999987,0.244599998,0.118000001,0.674899995
Sjap__EWB00_002386,Cytoplasm|Nucleus,Nuclear export signal,Soluble,0.863399982,0.511399984,0.016000001,0.150800005,0.183300003,0.0043,0.081699997,0.139899999,0.305799991,0.135600001,0.553499997,0.068000004,0.114500001,0.79400003
Sjap__EWB00_002413,Cytoplasm,Nuclear export signal,Soluble,0.710900009,0.352899998,0.026699999,0.418799996,0.149499997,0.012,0.099600002,0.258700013,0.164399996,0.051899999,0.578700006,0.049899999,0.149299994,0.815599978
Sjap__EWB00_002502,Cytoplasm|Nucleus,Nuclear export signal,Soluble,0.653999984,0.533999979,0.169200003,0.288100004,0.124300003,0.105400003,0.066699997,0.139300004,0.141599998,0.247199997,0.264200002,0.055500001,0.379999995,0.787
Sjap__EWB00_002531,Cytoplasm,,Soluble,0.773400009,0.335399985,0.0572,0.341399997,0.458999991,0.0101,0.122500002,0.250999987,0.134900004,0.072899997,0.532999992,0.105400003,0.247999996,0.764100015
Sjap__EWB00_002741,Extracellular,Signal peptide,Soluble,0.368400007,0.095299996,0.604099989,0.466600001,0.150000006,0.007,0.172099993,0.144199997,0.150099993,0.0044,0.570500016,0.1655,0.102399997,0.779999971
Sjap__EWB00_002775,Cytoplasm,Nuclear export signal,Peripheral|Soluble,0.789099991,0.204400003,0.038899999,0.479000002,0.230199993,0.0113,0.137799993,0.201100007,0.347799987,0.0186,0.628700018,0.106700003,0.043000001,0.774100006
Sjap__EWB00_002781,Cytoplasm,Nuclear localization signal|Nuclear export signal,Soluble,0.754100025,0.488000005,0.0845,0.163800001,0.289099991,0.0103,0.066600002,0.117399998,0.215200007,0.179700002,0.278400004,0.0524,0.263799995,0.797800004
Sjap__EWB00_002797,Cytoplasm,Nuclear export signal,Soluble,0.617200017,0.484800011,0.022600001,0.264499992,0.392399997,0.0075,0.123800002,0.319000006,0.164700001,0.25060001,0.524200022,0.277200013,0.165099993,0.649900019
Sjap__EWB00_002858,Cytoplasm,Nuclear export signal,Soluble,0.825699985,0.478300005,0.0107,0.140000001,0.269499987,0.005,0.079400003,0.167099997,0.157000005,0.136099994,0.415399998,0.085600004,0.253500015,0.80309999
Sjap__EWB00_002869,Cell membrane,Signal peptide|Transmembrane domain,Transmembrane,0.349999994,0.098300003,0.230000004,0.788900018,0.039700001,0.0054,0.199100003,0.492199987,0.344099998,0.021,0.076700002,0.934099972,0.179000005,0.278299987
Sjap__EWB00_002899,Cell membrane,Signal peptide|Transmembrane domain,Transmembrane,0.266499996,0.125699997,0.088799998,0.840600014,0.0757,0.0045,0.307700008,0.529900014,0.325100005,0.050099999,0.1875,0.961700022,0.163900003,0.162200004
Sjap__EWB00_002919,Extracellular,Signal peptide,Soluble,0.166600004,0.236499995,0.6523,0.435200006,0.331,0.016899999,0.0977,0.148499995,0.089000002,0.0396,0.434100002,0.313300014,0.109800003,0.662500024
Sjap__EWB00_003002,Cytoplasm|Nucleus,Nuclear localization signal|Nuclear export signal,Soluble,0.736400008,0.673699975,0.019200001,0.120399997,0.256399989,0.0047,0.092299998,0.152199998,0.065399997,0.206300005,0.419800013,0.158099994,0.115000002,0.763199985
Sjap__EWB00_003063,Cell membrane,,Peripheral|Transmembrane,0.415399998,0.144800007,0.100500003,0.74879998,0.326599985,0.053100001,0.201000005,0.217899993,0.197799996,0.282000005,0.697000027,0.535399973,0.206799999,0.3574
Sjap__EWB00_003065,Cytoplasm,Nuclear export signal,Soluble,0.680000007,0.487199992,0.0207,0.291799992,0.296400011,0.0088,0.120999999,0.232099995,0.342900008,0.132400006,0.453299999,0.0548,0.295599997,0.79519999
Sjap__EWB00_003104,Cytoplasm|Cell membrane,Nuclear localization signal,Lipid anchor,0.666400015,0.271299988,0.0262,0.668200016,0.202900007,0.0083,0.130199999,0.379500002,0.322299987,0.043299999,0.56099999,0.183899999,0.851100028,0.445899993
Sjap__EWB00_003107,Extracellular,Signal peptide,Soluble,0.156299993,0.126200005,0.753799975,0.457300007,0.259499997,0.0026,0.116800003,0.0638,0.078500003,0.053599998,0.397399992,0.233099997,0.088299997,0.702000022
Sjap__EWB00_003114,Cytoplasm|Cell membrane,,Peripheral|Lipid anchor,0.549899995,0.222900003,0.0137,0.589699984,0.326299995,0.019400001,0.162100002,0.268999994,0.375400007,0.116599999,0.64410001,0.106799997,0.888400018,0.452800006
Sjap__EWB00_003146,Cytoplasm|Cell membrane,Nuclear localization signal,Peripheral|Soluble,0.601999998,0.276300013,0.034499999,0.686200023,0.149399996,0.0176,0.077,0.131600007,0.208299994,0.0107,0.663600028,0.106799997,0.055500001,0.742600024
Sjap__EWB00_003234,Nucleus,Nuclear localization signal,Soluble,0.404199988,0.898699999,0.0309,0.084799998,0.128999993,0.017999999,0.0572,0.019200001,0.0104,0.0075,0.247999996,0.029300001,0.228699997,0.859600008
Sjap__EWB00_003272,Cytoplasm|Nucleus,Nuclear export signal,Soluble,0.663299978,0.832799971,0.027100001,0.076099999,0.157299995,0.01,0.075800002,0.1162,0.115000002,0.0546,0.299400002,0.0286,0.154100001,0.87559998
Sjap__EWB00_003359,Cytoplasm,Nuclear localization signal|Nuclear export signal,Soluble,0.819700003,0.419200003,0.072999999,0.095399998,0.111599997,0.0081,0.180199996,0.200200006,0.233400002,0.0151,0.248799995,0.122599997,0.0634,0.810000002
Sjap__EWB00_003429,Cytoplasm,Nuclear export signal,Soluble,0.851599991,0.325399995,0.0132,0.232199997,0.079800002,0.0024,0.058400001,0.278200001,0.191,0.0222,0.569700003,0.045200001,0.096000001,0.815100014
Sjap__EWB00_003470,Cytoplasm|Nucleus,Nuclear localization signal,Soluble,0.532899976,0.940100014,0.0134,0.059700001,0.054499999,0.0078,0.042800002,0.102700002,0.060600001,0.090000004,0.354000002,0.0535,0.279300004,0.844900012
Sjap__EWB00_003565,Cytoplasm,Nuclear export signal,Peripheral|Soluble,0.683700025,0.272500008,0.044199999,0.514400005,0.192900002,0.0071,0.100000001,0.199499995,0.26820001,0.040600002,0.69690001,0.086900003,0.102300003,0.772700012
Sjap__EWB00_003590,Cytoplasm,Nuclear export signal,Soluble,0.68870002,0.337099999,0.0195,0.297899991,0.087800004,0.0049,0.111500002,0.178399995,0.155499995,0.0099,0.414200008,0.085199997,0.044,0.865199983
Sjap__EWB00_003639,Cell membrane,Signal peptide|Transmembrane domain,Transmembrane,0.281800002,0.140799999,0.107699998,0.791199982,0.034400001,0.0054,0.201299995,0.378600001,0.312999994,0.0262,0.208399996,0.971199989,0.228300005,0.123000003
Sjap__EWB00_003710,Cytoplasm|Lysosome/Vacuole,Nuclear export signal,Peripheral|Soluble,0.742600024,0.187399998,0.0288,0.239199996,0.226799995,0.032000002,0.314099997,0.594699979,0.5898,0.0219,0.788800001,0.064599998,0.286599994,0.632000029
Sjap__EWB00_003747,Cytoplasm,,Peripheral|Soluble,0.622099996,0.241400003,0.043299999,0.459800005,0.370499998,0.0135,0.100000001,0.458499998,0.240500003,0.334300011,0.735300004,0.197500005,0.084799998,0.612399995
Sjap__EWB00_003848,Cytoplasm,Nuclear export signal,Peripheral|Soluble,0.678799987,0.378600001,0.079800002,0.298700005,0.096699998,0.0035,0.171599999,0.40990001,0.2861,0.012,0.726899981,0.0174,0.107100002,0.882200003
Sjap__EWB00_003876,Cytoplasm,Nuclear export signal,Peripheral|Soluble,0.742999971,0.242699996,0.0207,0.441199988,0.2236,0.0244,0.098999999,0.357800007,0.288700014,0.111599997,0.735199988,0.062100001,0.406399995,0.706700027
Sjap__EWB00_003952,Nucleus,Nuclear export signal,Soluble,0.40200001,0.836300015,0.0109,0.088799998,0.123300001,0.0038,0.040899999,0.085100003,0.103699997,0.076399997,0.311399996,0.208299994,0.0484,0.79430002
Sjap__EWB00_004032,Cytoplasm,Nuclear export signal,Peripheral|Soluble,0.695500016,0.42809999,0.0178,0.30399999,0.172199994,0.0085,0.1175,0.442999989,0.232700005,0.067000002,0.671000004,0.067500003,0.125300005,0.788800001
Sjap__EWB00_004095,Cytoplasm|Nucleus,Nuclear localization signal|Nuclear export signal,Soluble,0.67900002,0.67019999,0.0126,0.110699996,0.115099996,0.0098,0.0999,0.085500002,0.086099997,0.035799999,0.373199999,0.0559,0.224600002,0.805199981
Sjap__EWB00_004122,Cytoplasm,Nuclear localization signal,Soluble,0.82190001,0.273999989,0.016799999,0.287800014,0.079599999,0.0053,0.084700003,0.168500006,0.113300003,0.0187,0.579100013,0.049899999,0.058400001,0.832300007
Sjap__EWB00_004137,Cytoplasm,Nuclear localization signal|Nuclear export signal,Peripheral|Soluble,0.747200012,0.251199991,0.033100002,0.42809999,0.125,0.0135,0.089299999,0.142000005,0.353100002,0.0251,0.630400002,0.111299999,0.0616,0.788800001
Sjap__EWB00_004179,Nucleus,Nuclear localization signal,Soluble,0.239700004,0.924700022,0.016899999,0.0254,0.058400001,0.0087,0.0175,0.0144,0.051199999,0.0195,0.178200006,0.068300001,0.134000003,0.898500025
Sjap__EWB00_004196,Cytoplasm,Nuclear localization signal,Lipid anchor|Soluble,0.547399998,0.427100003,0.078400001,0.338999987,0.272199988,0.0057,0.053100001,0.245100006,0.098499998,0.0199,0.344999999,0.058899999,0.849900007,0.686999977
Sjap__EWB00_004212,Cytoplasm|Nucleus,Nuclear export signal,Soluble,0.721300006,0.653900027,0.0298,0.090499997,0.257800013,0.0047,0.103100002,0.190099999,0.0933,0.054299999,0.435799986,0.074699998,0.081699997,0.807900012
Sjap__EWB00_004243,Cytoplasm,Nuclear localization signal,Peripheral|Soluble,0.8028,0.261500001,0.064800002,0.285899997,0.125100002,0.0032,0.071500003,0.222100005,0.194399998,0.0504,0.622099996,0.048,0.063900001,0.842400014
Sjap__EWB00_004325,Lysosome/Vacuole,,Peripheral|Transmembrane,0.46419999,0.270799994,0.0116,0.182099998,0.342000008,0.020099999,0.382600009,0.589999974,0.4472,0.200299993,0.650600016,0.694199979,0.344199985,0.226500005
Sjap__EWB00_004368,Cytoplasm|Nucleus,,Soluble,0.581799984,0.67869997,0.156499997,0.0515,0.288899988,0.0054,0.336199999,0.083800003,0.157900006,0.061299998,0.365099996,0.130700007,0.272799999,0.775399983
Sjap__EWB00_004405,Cytoplasm,Nuclear export signal,Soluble,0.751399994,0.477299988,0.0295,0.2368,0.310099989,0.0034,0.111400001,0.168699995,0.234400004,0.0195,0.415499985,0.071000002,0.301800013,0.836700022
Sjap__EWB00_004406,Cytoplasm,,Peripheral|Soluble,0.667200029,0.243100002,0.057999998,0.558300018,0.167899996,0.0098,0.074900001,0.370299995,0.286300004,0.141900003,0.753000021,0.066200003,0.085299999,0.729499996
Sjap__EWB00_004506,Cytoplasm,Nuclear export signal,Soluble,0.694700003,0.458600014,0.0254,0.285699993,0.218700007,0.0125,0.123000003,0.230700001,0.1752,0.473800004,0.316399992,0.161200002,0.0788,0.81220001
Sjap__EWB00_004629,Cytoplasm|Nucleus,Nuclear localization signal|Nuclear export signal,Soluble,0.609799981,0.7949,0.033100002,0.150199994,0.151299998,0.0099,0.072899997,0.133000001,0.102600001,0.1206,0.369899988,0.0854,0.126000002,0.80400002
Sjap__EWB00_004650,Cytoplasm,Nuclear export signal,Soluble,0.641900003,0.457800001,0.0218,0.198799998,0.167699993,0.0075,0.301400006,0.184799999,0.187900007,0.0414,0.497999996,0.096600004,0.148599997,0.77700001
Sjap__EWB00_004811,Cytoplasm|Nucleus,Nuclear localization signal|Nuclear export signal,Soluble,0.760599971,0.712199986,0.0081,0.144199997,0.2086,0.0032,0.0559,0.162499994,0.083400004,0.0163,0.381500006,0.0276,0.193000004,0.900600016
Sjap__EWB00_004872,Cytoplasm|Nucleus,Nuclear localization signal,Soluble,0.734600008,0.583199978,0.075800002,0.159299999,0.252799988,0.0046,0.158500001,0.165999994,0.208700001,0.0149,0.527100027,0.069899999,0.122199997,0.816600025
Sjap__EWB00_004876,Cytoplasm|Nucleus,Nuclear export signal,Soluble,0.654600024,0.540000021,0.163900003,0.256799996,0.124799997,0.083899997,0.063699998,0.115900002,0.170699999,0.236300007,0.263099998,0.049699999,0.331,0.800100029
Sjap__EWB00_004878,Cytoplasm|Nucleus,Nuclear export signal,Soluble,0.661199987,0.540300012,0.149100006,0.256999999,0.127299994,0.084700003,0.069700003,0.1118,0.153099999,0.238900006,0.261000007,0.051100001,0.322100013,0.788699985
Sjap__EWB00_004965,Cytoplasm,,Soluble,0.615700006,0.308099985,0.032699998,0.319700003,0.279500008,0.0052,0.127499998,0.294200003,0.196199998,0.182699993,0.579400003,0.148399994,0.070200004,0.706499994
Sjap__EWB00_005112,Cytoplasm|Nucleus,Nuclear export signal,Soluble,0.829699993,0.625,0.0051,0.117799997,0.241300002,0.0075,0.078299999,0.084100001,0.103299998,0.0272,0.380400002,0.057300001,0.119000003,0.871100008
Sjap__EWB00_005116,Cytoplasm|Nucleus,Nuclear export signal,Soluble,0.64380002,0.50849998,0.0147,0.260500014,0.348399997,0.0102,0.109800003,0.378300011,0.170200005,0.406599998,0.495999992,0.1998,0.085600004,0.690699995
Sjap__EWB00_005166,Cytoplasm,,Lipid anchor,0.638000011,0.303600013,0.026799999,0.476099998,0.438899994,0.0285,0.207499996,0.186800003,0.297399998,0.300599992,0.557600021,0.179900005,0.89410001,0.467900008
Sjap__EWB00_005385,Cytoplasm|Nucleus,Nuclear export signal,Soluble,0.703700006,0.577199996,0.0104,0.270300001,0.208299994,0.004,0.061700001,0.114799999,0.159199998,0.055500001,0.486000001,0.055399999,0.207499996,0.817600012
Sjap__EWB00_005467,Cytoplasm,Nuclear export signal,Peripheral|Soluble,0.703299999,0.460299999,0.0081,0.373400003,0.102899998,0.0068,0.109300002,0.44600001,0.2403,0.0094,0.650600016,0.054499999,0.204500005,0.783999979
Sjap__EWB00_005528,Cell membrane,Signal peptide|Transmembrane domain,Transmembrane,0.145699993,0.150199994,0.093099996,0.742399991,0.053100001,0.0016,0.400900006,0.314399987,0.335299999,0.003,0.366699994,0.811800003,0.125599995,0.386599988
Sjap__EWB00_005624,Cytoplasm|Nucleus,Nuclear localization signal,Soluble,0.497700006,0.890900016,0.0241,0.068400003,0.121699996,0.0053,0.098899998,0.0222,0.037,0.0274,0.390799999,0.0568,0.121299997,0.824800014
Sjap__EWB00_005803,Cytoplasm,Nuclear localization signal,Soluble,0.715200007,0.250699997,0.126100004,0.325500011,0.145500004,0.02,0.1875,0.336899996,0.265500009,0.0222,0.419999987,0.204099998,0.0287,0.809099972
Sjap__EWB00_005849,Cytoplasm,Nuclear export signal,Peripheral|Soluble,0.698899984,0.319299996,0.024900001,0.375099987,0.217500001,0.0136,0.092799999,0.528100014,0.230499998,0.1039,0.812900007,0.115900002,0.0779,0.616100013
Sjap__EWB00_005902,Cytoplasm,Nuclear export signal,Peripheral|Soluble,0.626999974,0.296600014,0.028999999,0.277099997,0.241600007,0.0034,0.1523,0.294800013,0.36590001,0.0495,0.666599989,0.104999997,0.103500001,0.755400002
Sjap__EWB00_005910,Cytoplasm,,Soluble,0.614700019,0.330300003,0.118799999,0.220899999,0.215200007,0.0099,0.091600001,0.350100011,0.188800007,0.0042,0.523899972,0.0287,0.046500001,0.876299977
Sjap__EWB00_006002,Cytoplasm|Nucleus,Nuclear localization signal|Nuclear export signal,Soluble,0.685800016,0.672599971,0.031399999,0.056600001,0.256900012,0.0054,0.0889,0.128700003,0.141299993,0.040600002,0.31279999,0.243399993,0.194800004,0.760100007
Sjap__EWB00_006050,Cytoplasm,Nuclear export signal,Peripheral|Soluble,0.718299985,0.277200013,0.038699999,0.393700004,0.057399999,0.0036,0.136500001,0.256900012,0.1919,0.0149,0.710900009,0.056000002,0.105999999,0.823599994
Sjap__EWB00_006126,Cell membrane,Signal peptide,Soluble,0.423200011,0.093099996,0.502399981,0.535000026,0.215900004,0.0049,0.122500002,0.098800004,0.138099998,0.0177,0.53640002,0.191599995,0.1347,0.762000024
Sjap__EWB00_006165,Cytoplasm|Nucleus,Nuclear export signal,Soluble,0.666899979,0.749499977,0.021500001,0.112000003,0.269699991,0.0189,0.078100003,0.090800002,0.089599997,0.102300003,0.385100007,0.044100001,0.153999999,0.875199974
Sjap__EWB00_006175,Cytoplasm,Nuclear export signal,Soluble,0.690800011,0.418599993,0.0106,0.256000012,0.399500012,0.0113,0.198200002,0.461600006,0.204400003,0.247999996,0.50849998,0.123999998,0.185599998,0.764299989
Sjap__EWB00_006199,Extracellular,Signal peptide,Soluble,0.407999992,0.282200009,0.674300015,0.113600001,0.0594,0.0087,0.105099998,0.058800001,0.054499999,0.0009,0.254799992,0.180299997,0.108599998,0.837700009
Sjap__EWB00_006200,Extracellular,Signal peptide,Soluble,0.304800004,0.168899998,0.717000008,0.146599993,0.0504,0.0105,0.180600002,0.107699998,0.1017,0.0016,0.282400012,0.180600002,0.152400002,0.827000022
Sjap__EWB00_006201,Cytoplasm|Nucleus,Nuclear localization signal,Soluble,0.578199983,0.508400023,0.592100024,0.1052,0.0744,0.0087,0.039999999,0.035300002,0.0177,0.0006,0.237100005,0.068099998,0.095299996,0.913200021
Sjap__EWB00_006209,Cell membrane,Signal peptide|Transmembrane domain,Transmembrane,0.293799996,0.139799997,0.109099999,0.768100023,0.048999999,0.0073,0.202000007,0.471500009,0.424699992,0.038899999,0.222599998,0.965600014,0.362399995,0.128600001
Sjap__EWB00_006234,Cytoplasm,Nuclear export signal,Soluble,0.792299986,0.187900007,0.0634,0.498100013,0.255899996,0.011,0.090999998,0.185800001,0.283100009,0.0134,0.5995,0.064400002,0.033599999,0.824000001
Sjap__EWB00_006315,Nucleus,Nuclear localization signal,Soluble,0.261400014,0.927399993,0.037500001,0.066600002,0.050000001,0.0014,0.057300001,0.040399998,0.140300006,0.0036,0.238100007,0.060199998,0.1083,0.894400001
Sjap__EWB00_006350,Cytoplasm|Nucleus,Nuclear localization signal|Nuclear export signal,Soluble,0.682399988,0.55309999,0.0142,0.122000001,0.25029999,0.0027,0.097900003,0.121799998,0.148900002,0.042300001,0.368600011,0.055599999,0.108499996,0.877399981
Sjap__EWB00_006505,Cytoplasm|Cell membrane,Nuclear localization signal,Peripheral|Soluble,0.593699992,0.309100002,0.035399999,0.649800003,0.181299999,0.0098,0.077299997,0.175699994,0.256099999,0.0096,0.621599972,0.162499994,0.039700001,0.703400016
Sjap__EWB00_006602,Cytoplasm|Nucleus,Nuclear localization signal,Soluble,0.525099993,0.86650002,0.0144,0.085199997,0.164900005,0.0057,0.031199999,0.028000001,0.039000001,0.050900001,0.263500005,0.0276,0.171700001,0.891300023
Sjap__EWB00_006607,Cytoplasm,Nuclear export signal,Peripheral|Soluble,0.850700021,0.429199994,0.034000002,0.236699998,0.334699988,0.0018,0.165000007,0.1778,0.241899997,0.095799997,0.675899982,0.076499999,0.160500005,0.803799987
Sjap__EWB00_006747,Cytoplasm,Nuclear export signal,Peripheral|Soluble,0.59740001,0.249400005,0.037099998,0.472900003,0.254000008,0.0277,0.252999991,0.567399979,0.386999995,0.150999993,0.698199987,0.184300005,0.059999999,0.614700019
Sjap__EWB00_006779,Cytoplasm,Nuclear export signal,Peripheral|Soluble,0.731899977,0.414299995,0.0296,0.191699997,0.278299987,0.004,0.136299998,0.496300012,0.340600014,0.051399998,0.64230001,0.143099993,0.130899996,0.664399981
Sjap__EWB00_007031,Cytoplasm|Nucleus,Nuclear localization signal|Nuclear export signal,Soluble,0.8125,0.65109998,0.0111,0.206699997,0.2007,0.0031,0.165399998,0.183699995,0.25029999,0.0134,0.522099972,0.0744,0.104400001,0.792599976
Sjap__EWB00_007161,Cytoplasm|Nucleus,Nuclear export signal,Soluble,0.833599985,0.582799971,0.0069,0.194199994,0.235300004,0.0042,0.081900001,0.150800005,0.176599994,0.015900001,0.463400006,0.0185,0.334399998,0.858200014
Sjap__EWB00_007221,Cell membrane|Endoplasmic reticulum,Signal peptide|Transmembrane domain,Transmembrane,0.361600012,0.231600001,0.109999999,0.745500028,0.169200003,0.0166,0.613900006,0.423099995,0.30250001,0.091700003,0.395200014,0.978699982,0.048799999,0.120499998
Sjap__EWB00_007274,Cytoplasm,Nuclear export signal,Soluble,0.844600022,0.230299994,0.048799999,0.293300003,0.115999997,0.0065,0.099299997,0.214900002,0.327499986,0.053800002,0.495599985,0.020300001,0.107900001,0.905499995
Sjap__EWB00_007322,Cytoplasm,Nuclear export signal,Peripheral|Soluble,0.745700002,0.234400004,0.0207,0.4102,0.148499995,0.0162,0.155000001,0.32069999,0.175400004,0.032400001,0.717499971,0.0691,0.127900004,0.751699984
Sjap__EWB00_007395,Extracellular,Signal peptide,Soluble,0.290100008,0.116400003,0.728399992,0.229000002,0.060800001,0.0088,0.246700004,0.160999998,0.145999998,0.0018,0.462000012,0.081,0.139699996,0.828299999
Sjap__EWB00_007426,Cytoplasm|Nucleus,Nuclear export signal,Soluble,0.756600022,0.608099997,0.021299999,0.158899993,0.229499996,0.018200001,0.074900001,0.235699996,0.196199998,0.036400001,0.5546,0.027799999,0.234899998,0.755500019
Sjap__EWB00_007512,Cytoplasm|Nucleus,Nuclear localization signal,Soluble,0.711000025,0.523100019,0.0484,0.295700014,0.1514,0.0276,0.079599999,0.221100003,0.120399997,0.024499999,0.330199987,0.094800003,0.257299989,0.763700008
Sjap__EWB00_007517,Cytoplasm|Nucleus,Nuclear export signal,Soluble,0.669499993,0.51700002,0.123000003,0.243499994,0.1193,0.039299998,0.060899999,0.127700001,0.145199999,0.187000006,0.265500009,0.043000001,0.296499997,0.8046
Sjap__EWB00_007519,Cytoplasm|Nucleus,Nuclear localization signal|Nuclear export signal,Soluble,0.626100004,0.761699975,0.0231,0.108099997,0.1743,0.0092,0.091799997,0.093199998,0.104999997,0.0055,0.315499991,0.0581,0.143800005,0.813600004
Sjap__EWB00_007520,Cytoplasm|Cell membrane,,Peripheral|Lipid anchor,0.489199996,0.263900012,0.0451,0.799600005,0.301299989,0.0061,0.117200002,0.345200002,0.251700014,0.060899999,0.771200001,0.234200001,0.880100012,0.369599998
Sjap__EWB00_007640,Cytoplasm,,Peripheral|Soluble,0.749899983,0.312000006,0.0361,0.431400001,0.264899999,0.0082,0.180199996,0.353300005,0.174700007,0.361699998,0.635800004,0.201299995,0.153500006,0.644699991
Sjap__EWB00_007650,Cytoplasm,Nuclear export signal,Peripheral|Soluble,0.677100003,0.370200008,0.0197,0.359100014,0.154300004,0.0149,0.127299994,0.413899988,0.242799997,0.2949,0.659500003,0.032600001,0.133000001,0.803499997
Sjap__EWB00_007721,Cytoplasm,Nuclear export signal,Soluble,0.716300011,0.472499996,0.062399998,0.240999997,0.216999993,0.033199999,0.085100003,0.135499999,0.167600006,0.085199997,0.28459999,0.070699997,0.303299993,0.785700023
Sjap__EWB00_007739,Cytoplasm,,Soluble,0.750400007,0.251899987,0.039900001,0.156399995,0.203500003,0.0091,0.124200001,0.144800007,0.138099998,0.021299999,0.489100009,0.076899998,0.110699996,0.798399985
Sjap__EWB00_007873,Cell membrane,,Peripheral|Lipid anchor,0.460999995,0.329699993,0.045400001,0.704900026,0.1734,0.0061,0.1021,0.217700005,0.224000007,0.0081,0.805000007,0.267399997,0.83069998,0.332100004
Sjap__EWB00_007959,Cytoplasm|Nucleus,Nuclear export signal,Soluble,0.631099999,0.632300019,0.0209,0.179299995,0.362599999,0.029200001,0.079899997,0.157900006,0.141900003,0.140900001,0.406500012,0.094400004,0.3116,0.805800021
Sjap__EWB00_007965,Cell membrane,Signal peptide|Transmembrane domain,Transmembrane,0.219300002,0.158199996,0.085600004,0.761200011,0.092799999,0.0134,0.277200013,0.584100008,0.389999986,0.075599998,0.421900004,0.961700022,0.126699999,0.092299998
Sjap__EWB00_007978,Cytoplasm,Nuclear export signal,Peripheral|Soluble,0.703499973,0.261700004,0.0188,0.363499999,0.126200005,0.0046,0.147200003,0.571799994,0.280099988,0.0133,0.722100019,0.041999999,0.112300001,0.774200022
Sjap__EWB00_008035,Cytoplasm|Nucleus,Nuclear export signal,Soluble,0.744700015,0.564599991,0.0151,0.143600002,0.257499993,0.0067,0.154799998,0.288800001,0.226199999,0.1259,0.483500004,0.042399999,0.300000012,0.854099989
Sjap__EWB00_008162,Cell membrane,Signal peptide|Transmembrane domain,Transmembrane,0.287299991,0.090000004,0.148699999,0.873199999,0.084399998,0.012,0.317400008,0.576699972,0.397799999,0.112499997,0.237299994,0.989799976,0.147699997,0.084399998
Sjap__EWB00_008189,Cytoplasm,Nuclear localization signal|Nuclear export signal,Peripheral|Soluble,0.724399984,0.25060001,0.038800001,0.497599989,0.152999997,0.0175,0.122299999,0.431899995,0.2412,0.0416,0.638300002,0.0612,0.175899997,0.742900014
Sjap__EWB00_008231,Cytoplasm,Nuclear localization signal,Peripheral|Soluble,0.742299974,0.259499997,0.0146,0.4463,0.200299993,0.0061,0.110100001,0.2412,0.192499995,0.0058,0.750400007,0.0294,0.495299995,0.748099983
Sjap__EWB00_008239,Extracellular,Signal peptide,Soluble,0.278400004,0.147699997,0.793600023,0.221300006,0.0504,0.0106,0.208700001,0.090099998,0.107699998,0.0008,0.518400013,0.069300003,0.114299998,0.840499997
Sjap__EWB00_008286,Cytoplasm,Nuclear export signal,Soluble,0.702099979,0.439799994,0.0124,0.519699991,0.206400007,0.0093,0.108000003,0.238499999,0.230700001,0.0458,0.599900007,0.054099999,0.184100002,0.802299976
Sjap__EWB00_008372,Cytoplasm|Nucleus,Nuclear export signal,Soluble,0.655799985,0.51819998,0.0097,0.252499998,0.121299997,0.0111,0.0757,0.219099998,0.154400006,0.1017,0.470299989,0.024900001,0.148499995,0.866999984
Sjap__EWB00_008411,Cytoplasm,Nuclear export signal,Peripheral|Soluble,0.778699994,0.413199991,0.0228,0.333499998,0.258100003,0.0076,0.1219,0.249899998,0.146300003,0.169599995,0.619599998,0.130500004,0.093400002,0.741400003
Sjap__EWB00_008528,Endoplasmic reticulum,Transmembrane domain,Transmembrane,0.279300004,0.248600006,0.066699997,0.264699996,0.513199985,0.075499997,0.722899973,0.333700001,0.462599993,0.189300001,0.378699988,0.987500012,0.265399992,0.076399997
Sjap__EWB00_008648,Cytoplasm,Nuclear export signal,Soluble,0.735300004,0.485799998,0.015900001,0.132100001,0.160500005,0.0084,0.032499999,0.197099999,0.1149,0.235499993,0.407799989,0.060199998,0.176300004,0.83160001
Sjap__EWB00_008683,Cytoplasm|Nucleus,Nuclear export signal,Soluble,0.675700009,0.617699981,0.020099999,0.144500002,0.218500003,0.0096,0.112499997,0.142700002,0.138899997,0.035100002,0.433600008,0.038199998,0.307900012,0.833599985
Sjap__EWB00_008724,Cytoplasm,Nuclear export signal,Soluble,0.739899993,0.196600005,0.0116,0.396899998,0.478700012,0.023,0.167699993,0.260199994,0.510100007,0.316199988,0.463400006,0.071500003,0.34920001,0.794799984
Sjap__EWB00_008747,Cytoplasm,Nuclear localization signal|Nuclear export signal,Soluble,0.799899995,0.382999986,0.017999999,0.409799993,0.1329,0.0041,0.057799999,0.102200001,0.047400001,0.0075,0.57160002,0.033199999,0.077799998,0.864400029
Sjap__EWB00_008748,Cell membrane,Signal peptide|Transmembrane domain,Transmembrane,0.171000004,0.122299999,0.0757,0.846899986,0.089299999,0.0043,0.291999996,0.50150001,0.39199999,0.062700003,0.168300003,0.965399981,0.397799999,0.165600002
Sjap__EWB00_008807,Cytoplasm,Nuclear localization signal|Nuclear export signal,Soluble,0.873399973,0.485100001,0.063500002,0.120300002,0.113600001,0.0024,0.146699995,0.167500004,0.361999989,0.0138,0.357600003,0.035300002,0.262300014,0.837400019
Sjap__EWB00_008857,Cytoplasm|Nucleus,Nuclear localization signal|Nuclear export signal,Soluble,0.80250001,0.611000001,0.0451,0.130600005,0.230900005,0.0118,0.045299999,0.163900003,0.145799994,0.103100002,0.317600012,0.086099997,0.187399998,0.834999979
Sjap__EWB00_008932,Cytoplasm,Nuclear export signal,Soluble,0.83160001,0.392699987,0.0153,0.250200003,0.090700001,0.0056,0.079700001,0.234099999,0.201000005,0.287900001,0.572799981,0.041499998,0.225799993,0.841499984
Sjap__EWB00_008934,Cytoplasm,Nuclear export signal,Peripheral|Soluble,0.720399976,0.308999985,0.024499999,0.431899995,0.199399993,0.0074,0.211899996,0.352499992,0.213300005,0.0288,0.66960001,0.081100002,0.137600005,0.757200003
Sjap__EWB00_008993,Cytoplasm,Nuclear export signal,Soluble,0.749800026,0.450700015,0.0131,0.173099995,0.156499997,0.023800001,0.100299999,0.206799999,0.093800001,0.018100001,0.345600009,0.086000003,0.142299995,0.800400019
Sjap__EWB00_009095,Cytoplasm|Cell membrane,Nuclear export signal,Peripheral,0.614899993,0.224199995,0.027100001,0.596700013,0.427399993,0.0081,0.105899997,0.321200013,0.215800002,0.132100001,0.751399994,0.244599998,0.735499978,0.407900006
Sjap__EWB00_009117,Cytoplasm,,Soluble,0.782599986,0.435499996,0.033,0.1391,0.222299993,0.0043,0.085500002,0.202399999,0.120099999,0.043900002,0.4296,0.0524,0.115999997,0.855599999
Sjap__EWB00_009122,Cytoplasm|Nucleus,Nuclear export signal,Soluble,0.685400009,0.661800027,0.0186,0.112599999,0.1822,0.009,0.084299996,0.105099998,0.129500002,0.0309,0.310600013,0.0396,0.306899995,0.848699987
Sjap__EWB00_009161,Cytoplasm|Nucleus,Nuclear localization signal|Nuclear export signal,Soluble,0.704200029,0.690299988,0.038899999,0.159700006,0.122500002,0.033100002,0.077600002,0.066200003,0.084399998,0.0042,0.276499987,0.050000001,0.091799997,0.850600004
Sjap__EWB00_009162,Cytoplasm|Nucleus,Nuclear localization signal|Nuclear export signal,Soluble,0.780399978,0.527100027,0.076499999,0.133399993,0.141399994,0.046700001,0.092200004,0.107600003,0.153400004,0.0105,0.232700005,0.037999999,0.156000003,0.85769999
Sjap__EWB00_009224,Cell membrane|Lysosome/Vacuole,Signal peptide|Transmembrane domain,Transmembrane,0.303499997,0.161599994,0.047899999,0.805999994,0.044399999,0.0186,0.168300003,0.676599979,0.369500011,0.228799999,0.101199999,0.9745,0.0284,0.164800003
Sjap__EWB00_009267,Cytoplasm|Nucleus,,Soluble,0.623700023,0.538299978,0.264499992,0.1087,0.421900004,0.019300001,0.107900001,0.0977,0.198500007,0.019300001,0.136800006,0.124600001,0.164000005,0.8204
Sjap__EWB00_009287,Cytoplasm|Nucleus,Nuclear localization signal,Soluble,0.76730001,0.622900009,0.043400001,0.114799999,0.160899997,0.0021,0.0513,0.073200002,0.087800004,0.129700005,0.319999993,0.113899998,0.137899995,0.753300011
Sjap__EWB00_009305,Cytoplasm|Nucleus,,Soluble,0.482499987,0.750999987,0.0105,0.128399998,0.1523,0.0068,0.0307,0.035500001,0.118100002,0.210700005,0.337599993,0.100199997,0.048599999,0.848399997
Sjap__EWB00_009358,Cytoplasm,Nuclear export signal,Peripheral|Soluble,0.711099982,0.457899988,0.0206,0.328200012,0.101899996,0.0075,0.113399997,0.265700012,0.175400004,0.0071,0.601400018,0.057700001,0.086999997,0.789200008
Sjap__EWB00_009388,Cytoplasm,Nuclear export signal,Soluble,0.755599976,0.438899994,0.048,0.206799999,0.103699997,0.0054,0.091700003,0.314399987,0.136800006,0.0119,0.497299999,0.039900001,0.0757,0.83039999
Sjap__EWB00_009435,Cytoplasm,,Peripheral|Soluble,0.638999999,0.262899995,0.050700001,0.266400009,0.204899997,0.0025,0.215499997,0.449200004,0.571799994,0.0241,0.797399998,0.036600001,0.254099995,0.754700005
Sjap__EWB00_009456,Cytoplasm|Nucleus,Nuclear localization signal,Soluble,0.88380003,0.72240001,0.0112,0.072999999,0.097400002,0.0046,0.052299999,0.069899999,0.078199998,0.0174,0.339599997,0.0484,0.168400005,0.869799972
Sjap__EWB00_009457,Cytoplasm,Nuclear localization signal,Soluble,0.633899987,0.426499993,0.057399999,0.171399996,0.145699993,0.0071,0.077600002,0.332399994,0.108599998,0.0033,0.52579999,0.097900003,0.271499991,0.750800014
Sjap__EWB00_009479,Cytoplasm|Nucleus,Nuclear export signal,Soluble,0.665400028,0.662,0.0137,0.074500002,0.125,0.0067,0.116700001,0.154400006,0.120499998,0.413399994,0.229300007,0.129500002,0.060899999,0.817799985
Sjap__EWB00_009480,Cytoplasm|Nucleus,Nuclear localization signal|Nuclear export signal,Soluble,0.617799997,0.791499972,0.0166,0.0603,0.141599998,0.0079,0.055599999,0.072800003,0.066,0.0067,0.41049999,0.038400002,0.136299998,0.819500029
Sjap__EWB00_009541,Cytoplasm,Nuclear localization signal|Nuclear export signal,Soluble,0.702799976,0.413300008,0.0261,0.287400007,0.076200001,0.0031,0.110299997,0.1928,0.133300006,0.0152,0.50120002,0.048300002,0.0792,0.853100002
Sjap__EWB00_009560,Cytoplasm,Nuclear export signal,Soluble,0.723999977,0.299100012,0.056499999,0.347900003,0.245000005,0.019099999,0.060600001,0.186299995,0.181700006,0.187600002,0.543299973,0.125100002,0.077500001,0.767099977
Sjap__EWB00_009605,Cytoplasm,Nuclear export signal,Soluble,0.702199996,0.428600013,0.027899999,0.261000007,0.207300007,0.0023,0.1338,0.247299999,0.201700002,0.027000001,0.39199999,0.0814,0.252299994,0.850000024
Sjap__EWB00_009781,Cytoplasm|Nucleus,Nuclear localization signal,Soluble,0.685000002,0.518599987,0.0898,0.269499987,0.356700003,0.0088,0.132799998,0.267500013,0.158099994,0.0114,0.35769999,0.1008,0.292899996,0.805299997
Sjap__EWB00_010024,Cytoplasm,Nuclear export signal,Soluble,0.591499984,0.478700012,0.0254,0.190599993,0.215599999,0.015799999,0.071599998,0.248899996,0.090400003,0.0195,0.489399999,0.211300001,0.093599997,0.733799994
Sjap__EWB00_010219,Cytoplasm|Nucleus,Nuclear localization signal|Nuclear export signal,Soluble,0.65079999,0.74970001,0.0093,0.0568,0.157199994,0.0043,0.0537,0.040899999,0.0427,0.0114,0.332500011,0.040199999,0.111199997,0.848699987
Sjap__EWB00_010398,Cytoplasm,Nuclear localization signal|Nuclear export signal,Peripheral|Soluble,0.714699984,0.393099993,0.040899999,0.419699997,0.140300006,0.0128,0.167899996,0.287900001,0.175400004,0.0086,0.787400007,0.084200002,0.219899997,0.6778
Sjap__EWB00_010448,Extracellular,Signal peptide,Soluble,0.203999996,0.200200006,0.731299996,0.074600004,0.244900003,0.004,0.352100015,0.0228,0.145799994,0.0077,0.431100011,0.050500002,0.120300002,0.838199973
Sjap__EWB00_010449,Extracellular,,Soluble,0.422899991,0.234500006,0.760699987,0.195199996,0.046300001,0.020199999,0.0469,0.048999999,0.042599998,0.0011,0.375699997,0.073299997,0.095200002,0.881900012
Sjap__EWB00_010450,Extracellular,Signal peptide,Soluble,0.25940001,0.126599997,0.844099998,0.161599994,0.072800003,0.015,0.209999993,0.113399997,0.125300005,0.0026,0.48969999,0.083099999,0.1131,0.834900022
Sjap__EWB00_010643,Cytoplasm,Nuclear localization signal,Peripheral|Soluble,0.610199988,0.367500007,0.036499999,0.507799983,0.158000007,0.007,0.171700001,0.269199997,0.192399994,0.019300001,0.707300007,0.046700001,0.140300006,0.778400004
Sjap__EWB00_010647,Cytoplasm|Nucleus,Nuclear localization signal|Nuclear export signal,Soluble,0.807699978,0.593200028,0.023700001,0.220599994,0.172000006,0.0166,0.0995,0.115699999,0.153999999,0.0228,0.495599985,0.032200001,0.182500005,0.779999971
Sjap__EWB00_010649,Cytoplasm,Nuclear localization signal,Peripheral|Soluble,0.696099997,0.271899998,0.025900001,0.38530001,0.094999999,0.0087,0.1558,0.142900005,0.2324,0.0094,0.7051,0.057300001,0.0814,0.832899988
Sjap__EWB00_010687,Cytoplasm,,Peripheral|Soluble,0.662199974,0.26699999,0.076800004,0.51910001,0.218600005,0.017899999,0.168099999,0.509199977,0.271400005,0.0526,0.766600013,0.133699998,0.614300013,0.539900005
Sjap__EWB00_010727,Cytoplasm,Nuclear export signal,Peripheral|Soluble,0.695500016,0.153600007,0.022700001,0.49090001,0.177100003,0.0037,0.141000003,0.218899995,0.43810001,0.0396,0.626600027,0.092500001,0.050700001,0.802699983
Sjap__EWB00_011039,Cell membrane,Signal peptide|Transmembrane domain,Transmembrane,0.247500002,0.093800001,0.145899996,0.832799971,0.0308,0.0074,0.183899999,0.439999998,0.344999999,0.0189,0.148599997,0.965200007,0.467299998,0.151999995
Sjap__EWB00_011156,Cytoplasm|Nucleus,Nuclear export signal,Soluble,0.763300002,0.594200015,0.017000001,0.133000001,0.174700007,0.0045,0.063000001,0.1373,0.048900001,0.0436,0.1866,0.042199999,0.357899994,0.906199992
Sjap__EWB00_011263,Mitochondrion,Mitochondrial transit peptide,Peripheral|Soluble,0.230199993,0.162499994,0.015799999,0.060400002,0.725399971,0.098899998,0.095200002,0.056499999,0.230499998,0.089000002,0.609600008,0.068800002,0.225700006,0.670099974
Sjap__EWB00_011320,Cytoplasm|Nucleus,Nuclear export signal,Soluble,0.714299977,0.674000025,0.015699999,0.165600002,0.422199994,0.0137,0.081500001,0.202600002,0.095399998,0.079400003,0.339599997,0.0537,0.226600006,0.880400002
Sman__Smp_000100,Cytoplasm,Nuclear export signal,Peripheral|Soluble,0.794700027,0.202299997,0.048,0.510699987,0.188800007,0.0184,0.1127,0.188600004,0.238399997,0.0055,0.609799981,0.056400001,0.036400001,0.829900026
Sman__Smp_000640,Cytoplasm,,Soluble,0.723999977,0.244900003,0.162699997,0.243300006,0.087200001,0.0073,0.119900003,0.331999987,0.264600009,0.014,0.577400029,0.0372,0.054299999,0.855199993
Sman__Smp_003000,Cytoplasm|Nucleus,Nuclear localization signal|Nuclear export signal,Soluble,0.655099988,0.755800009,0.0089,0.056299999,0.1611,0.0043,0.053100001,0.0469,0.0449,0.0141,0.326400012,0.039900001,0.1017,0.852500021
Sman__Smp_006920,Cell membrane,,Peripheral|Lipid anchor,0.442299992,0.244900003,0.0219,0.768400013,0.217399999,0.0041,0.086999997,0.266000003,0.206499994,0.017100001,0.774500012,0.28580001,0.883099973,0.302399993
Sman__Smp_008260,Cytoplasm|Nucleus,Nuclear export signal,Soluble,0.694000006,0.729499996,0.022399999,0.135399997,0.226199999,0.0119,0.095200002,0.112999998,0.153699994,0.1373,0.349099994,0.067699999,0.240899995,0.835200012
Sman__Smp_009540,Cytoplasm|Lysosome/Vacuole,Nuclear export signal,Peripheral|Soluble,0.667100012,0.365700006,0.045200001,0.231700003,0.261500001,0.0113,0.149700001,0.634000003,0.385600001,0.142900005,0.626399994,0.153300002,0.129500002,0.640299976
Sman__Smp_009600,Cytoplasm|Nucleus,Nuclear export signal,Soluble,0.680199981,0.516900003,0.0141,0.257600009,0.0995,0.0084,0.063500002,0.215700001,0.140100002,0.045699999,0.496600002,0.019200001,0.129999995,0.886300027
Sman__Smp_009800,Cytoplasm,Nuclear export signal,Soluble,0.682900012,0.37439999,0.017200001,0.196799994,0.412499994,0.0103,0.180600002,0.340200007,0.199900001,0.2359,0.497599989,0.233099997,0.133000001,0.672399998
Sman__Smp_011660,Cytoplasm,Nuclear export signal,Soluble,0.683200002,0.475400001,0.021299999,0.291399986,0.318800002,0.0077,0.112800002,0.236499995,0.362300009,0.118000001,0.4287,0.0601,0.247500002,0.801800013
Sman__Smp_011700,Cell membrane,Signal peptide|Transmembrane domain,Transmembrane,0.212200001,0.138099998,0.099399999,0.810800016,0.066500001,0.0068,0.172099993,0.478399992,0.271200001,0.075199999,0.163299993,0.985300004,0.058600001,0.092399999
Sman__Smp_012740,Cytoplasm,Nuclear export signal,Soluble,0.716499984,0.492399991,0.0115,0.1206,0.181799993,0.0162,0.245900005,0.396699995,0.312000006,0.0152,0.465299994,0.164000005,0.100100003,0.750500023
Sman__Smp_014780,Cytoplasm,Nuclear localization signal,Peripheral|Soluble,0.715600014,0.276199996,0.0263,0.479000002,0.061900001,0.0043,0.191499993,0.206200004,0.247999996,0.0074,0.657500029,0.050299998,0.129700005,0.817200005
Sman__Smp_014850,Cytoplasm,Nuclear localization signal,Peripheral|Soluble,0.616299987,0.329699993,0.037700001,0.498199999,0.170000002,0.0066,0.189199999,0.281699985,0.179700002,0.0208,0.707499981,0.047600001,0.168799996,0.769999981
Sman__Smp_018290,Cytoplasm|Nucleus,Nuclear export signal,Soluble,0.767700016,0.691200018,0.0155,0.141399994,0.333299994,0.0061,0.1052,0.179900005,0.094300002,0.082999997,0.39289999,0.029200001,0.335500002,0.893299997
Sman__Smp_020540,Cytoplasm,Nuclear localization signal,Soluble,0.832899988,0.294699997,0.020099999,0.33160001,0.082800001,0.0053,0.086599998,0.224900007,0.107600003,0.0089,0.546999991,0.044300001,0.086000003,0.84829998
Sman__Smp_026510,Cytoplasm|Nucleus,Nuclear export signal,Peripheral|Soluble,0.870899975,0.506900012,0.0148,0.130899996,0.229000002,0.0033,0.0823,0.136000007,0.270500004,0.1294,0.601400018,0.056600001,0.134200007,0.780499995
Sman__Smp_034550,Cytoplasm,Nuclear export signal,Peripheral|Soluble,0.718999982,0.271100014,0.044,0.405499995,0.061000001,0.0037,0.146699995,0.268099993,0.194299996,0.0136,0.715300024,0.054299999,0.121399999,0.822300017
Sman__Smp_040190,Cytoplasm,Nuclear export signal,Soluble,0.744799972,0.467500001,0.0136,0.374799997,0.223299995,0.0068,0.111199997,0.2051,0.087800004,0.172600001,0.523199975,0.190599993,0.1382,0.699899971
Sman__Smp_044530,Cytoplasm,,Peripheral|Soluble,0.635800004,0.261799991,0.058600001,0.266299993,0.1175,0.0152,0.132499993,0.491299987,0.275900006,0.013,0.607500017,0.027100001,0.050999999,0.833400011
Sman__Smp_047870,Cytoplasm,,Soluble,0.748000026,0.343800008,0.0403,0.441799998,0.5449,0.0054,0.1127,0.236000001,0.1285,0.142499998,0.533800006,0.119499996,0.284200013,0.73089999
Sman__Smp_047900,Cytoplasm|Nucleus,Nuclear localization signal|Nuclear export signal,Soluble,0.681299984,0.670899987,0.0138,0.108099997,0.114799999,0.0109,0.1043,0.090800002,0.091600001,0.032400001,0.377200007,0.052299999,0.215100005,0.81099999
Sman__Smp_048560,Cytoplasm,Nuclear export signal,Soluble,0.657199979,0.388200015,0.024900001,0.28549999,0.0867,0.0037,0.105400003,0.196799994,0.160500005,0.0095,0.471399993,0.097800002,0.038199998,0.850600004
Sman__Smp_049760,Cell membrane|Lysosome/Vacuole,Signal peptide|Transmembrane domain,Transmembrane,0.178900003,0.105599999,0.074000001,0.815299988,0.080200002,0.0067,0.394199997,0.590799987,0.369700015,0.0581,0.127200007,0.980599999,0.114,0.1219
Sman__Smp_053420,Cytoplasm,,Peripheral|Soluble,0.62650001,0.204099998,0.0228,0.499199986,0.144999996,0.0133,0.1972,0.480699986,0.264600009,0.0262,0.803600013,0.068899997,0.074600004,0.708500028
Sman__Smp_053560,Cytoplasm|Nucleus,Nuclear export signal,Soluble,0.830299973,0.598999977,0.0069,0.176300004,0.2579,0.0051,0.064900003,0.098099999,0.138300002,0.032200001,0.382299989,0.0211,0.290300012,0.876100004
Sman__Smp_058620,Nucleus,Nuclear localization signal,Soluble,0.26910001,0.954200029,0.0145,0.031599998,0.065099999,0.0141,0.0115,0.0111,0.028999999,0.023800001,0.172199994,0.072800003,0.125799999,0.899900019
Sman__Smp_058790,Cytoplasm|Nucleus,Nuclear localization signal,Soluble,0.781099975,0.543099999,0.086300001,0.130500004,0.306300014,0.0054,0.113600001,0.253100008,0.137400001,0.021600001,0.330000013,0.088,0.106799997,0.847599983
Sman__Smp_062950,Cytoplasm,Nuclear export signal,Peripheral|Soluble,0.672900021,0.378899992,0.077799998,0.288800001,0.101300001,0.0039,0.163299993,0.395700008,0.274300009,0.0113,0.731899977,0.019099999,0.104000002,0.877099991
Sman__Smp_063040,Cytoplasm|Nucleus,Nuclear export signal,Soluble,0.738499999,0.641499996,0.032200001,0.067400001,0.146599993,0.039000001,0.154200003,0.1303,0.108400002,0.0116,0.337199986,0.039299998,0.127299994,0.78549999
Sman__Smp_064040,Cytoplasm,Nuclear localization signal,Peripheral|Soluble,0.75059998,0.256099999,0.0143,0.418900013,0.214200005,0.0048,0.100299999,0.228400007,0.197099999,0.007,0.739799976,0.0294,0.437599987,0.747699976
Sman__Smp_065290,Cytoplasm,Nuclear export signal,Soluble,0.744599998,0.198699996,0.01,0.411300004,0.448000014,0.023,0.195999995,0.29460001,0.538699985,0.234899998,0.410400003,0.059799999,0.305799991,0.824699998
Sman__Smp_067810,Cytoplasm|Nucleus,Nuclear export signal,Soluble,0.695900023,0.61650002,0.034400001,0.212400004,0.164800003,0.01,0.082500003,0.118199997,0.146500006,0.077699997,0.276199996,0.036400001,0.340900004,0.826699972
Sman__Smp_068960,Nucleus,Nuclear localization signal,Soluble,0.223299995,0.959599972,0.029999999,0.054400001,0.039099999,0.0016,0.053300001,0.0319,0.127900004,0.0049,0.261599988,0.0647,0.120999999,0.886600018
Sman__Smp_070640,Cytoplasm,Nuclear export signal,Peripheral|Soluble,0.638999999,0.227599993,0.026799999,0.473699987,0.267100006,0.0173,0.216999993,0.551599979,0.363000005,0.124799997,0.692200005,0.162900001,0.050900001,0.622699976
Sman__Smp_072870,Cytoplasm|Nucleus,Nuclear export signal,Soluble,0.685100019,0.598699987,0.0339,0.221900001,0.155900002,0.041000001,0.1417,0.136800006,0.184699997,0.114200003,0.411500007,0.038899999,0.181700006,0.777999997
Sman__Smp_073340,Cytoplasm|Nucleus,Nuclear localization signal|Nuclear export signal,Soluble,0.597899973,0.793099999,0.033799998,0.143000007,0.148599997,0.0095,0.074500002,0.138600007,0.098700002,0.107699998,0.386000007,0.086000003,0.129299998,0.804099977
Sman__Smp_073490,Cytoplasm|Nucleus,Nuclear export signal,Soluble,0.889800012,0.654500008,0.015,0.120399997,0.135100007,0.0074,0.036200002,0.066,0.128999993,0.011,0.365500003,0.053399999,0.132699996,0.864400029
Sman__Smp_073510,Cytoplasm|Nucleus,Nuclear export signal,Soluble,0.871299982,0.606400013,0.0044,0.137600005,0.207900003,0.0058,0.089400001,0.071099997,0.096600004,0.015799999,0.419400007,0.0383,0.193000004,0.884500027
Sman__Smp_074080,Cytoplasm|Nucleus,Nuclear export signal,Soluble,0.633000016,0.600199997,0.0239,0.189999998,0.352299988,0.026799999,0.076899998,0.162100002,0.145099998,0.164700001,0.411799997,0.102399997,0.322100013,0.802399993
Sman__Smp_077180,Cytoplasm|Nucleus,Nuclear export signal,Soluble,0.76730001,0.571699977,0.0142,0.065200001,0.156499997,0.0026,0.110699996,0.374500006,0.087099999,0.024700001,0.4208,0.055,0.229900002,0.833500028
Sman__Smp_077850,Cytoplasm|Nucleus,Nuclear localization signal|Nuclear export signal,Soluble,0.693199992,0.695100009,0.030200001,0.137999997,0.112300001,0.035100002,0.080700003,0.078599997,0.090300001,0.0035,0.30430001,0.052000001,0.084200002,0.843299985
Sman__Smp_077860,Cytoplasm|Nucleus,Nuclear localization signal|Nuclear export signal,Soluble,0.753300011,0.507799983,0.075099997,0.150399998,0.146799996,0.041299999,0.088500001,0.108599998,0.143999994,0.0098,0.250499994,0.040100001,0.153999999,0.850399971
Sman__Smp_078230,Cytoplasm,Nuclear export signal,Soluble,0.718599975,0.335299999,0.0284,0.265199989,0.164199993,0.0089,0.226400003,0.220699996,0.231999993,0.0103,0.55309999,0.043200001,0.263900012,0.766799986
Sman__Smp_079760,Cytoplasm,Nuclear localization signal,Peripheral|Soluble,0.689400017,0.405699998,0.0438,0.436399996,0.116499998,0.009,0.157600001,0.298700005,0.182899997,0.0048,0.780799985,0.080799997,0.231999993,0.670599997
Sman__Smp_080730,Cytoplasm|Nucleus,Nuclear export signal,Soluble,0.669099987,0.815400004,0.0286,0.0744,0.160699993,0.0111,0.090300001,0.111699998,0.1008,0.048799999,0.297800004,0.0264,0.171599999,0.879000008
Sman__Smp_080920,Cytoplasm,Nuclear localization signal,Peripheral|Soluble,0.764800012,0.417299986,0.022500001,0.284099996,0.1708,0.0079,0.271200001,0.381300002,0.270999998,0.0004,0.640799999,0.0418,0.080200002,0.804899991
Sman__Smp_085690,Cytoplasm,Nuclear export signal,Soluble,0.745500028,0.446099997,0.018100001,0.175999999,0.1884,0.0188,0.108099997,0.179499999,0.1074,0.0385,0.3653,0.147,0.099699996,0.753000021
Sman__Smp_086590,Cytoplasm,Nuclear localization signal|Nuclear export signal,Soluble,0.808300018,0.352899998,0.028999999,0.208900005,0.0832,0.0054,0.187800005,0.1039,0.187999994,0.030099999,0.261299998,0.041099999,0.174099997,0.895299971
Sman__Smp_086690,Cytoplasm|Nucleus,Nuclear export signal,Soluble,0.723500013,0.579900026,0.0153,0.272399992,0.287600011,0.0054,0.073700003,0.169300005,0.087099999,0.0623,0.522000015,0.128299996,0.113600001,0.721300006
Sman__Smp_089700,Cell membrane,Signal peptide|Transmembrane domain,Transmembrane,0.372399986,0.119400002,0.124899998,0.879100025,0.0266,0.0037,0.253899992,0.552699983,0.383899987,0.0219,0.066799998,0.941100001,0.177900001,0.279000014
Sman__Smp_090890,Cytoplasm,Nuclear export signal,Soluble,0.683000028,0.487699986,0.0105,0.257499993,0.396899998,0.0061,0.158199996,0.365700006,0.137799993,0.258300006,0.493999988,0.130700007,0.155599996,0.766300023
Sman__Smp_090980,Cytoplasm|Nucleus,Nuclear export signal,Soluble,0.684400022,0.657100022,0.0298,0.114299998,0.191499993,0.033300001,0.1175,0.153300002,0.140300006,0.062700003,0.41960001,0.052499998,0.326299995,0.832400024
Sman__Smp_093230,Cytoplasm|Nucleus,Nuclear export signal,Soluble,0.720799983,0.675899982,0.017200001,0.062600002,0.204300001,0.0051,0.086099997,0.176300004,0.125699997,0.0495,0.4454,0.031099999,0.265199989,0.798099995
Sman__Smp_094190,Cytoplasm|Cell membrane,,Peripheral|Lipid anchor,0.576600015,0.190500006,0.0143,0.640100002,0.344999999,0.0277,0.158000007,0.274399996,0.411599994,0.113499999,0.665700018,0.114299998,0.888700008,0.467000008
Sman__Smp_094250,Cytoplasm,,Soluble,0.639400005,0.410100013,0.0502,0.296700001,0.237599999,0.0254,0.418099999,0.3301,0.226699993,0.0155,0.598500013,0.056200001,0.140499994,0.802399993
Sman__Smp_094760,Cytoplasm|Nucleus,Nuclear localization signal|Nuclear export signal,Soluble,0.62379998,0.807500005,0.0209,0.059500001,0.145899996,0.0081,0.063000001,0.060600001,0.061299998,0.0071,0.410600007,0.0374,0.135700002,0.817799985
Sman__Smp_096310,Cytoplasm,Nuclear export signal,Peripheral|Soluble,0.711300015,0.462000012,0.0078,0.406199992,0.109300002,0.0065,0.119599998,0.455300003,0.235400006,0.01,0.659699976,0.049199998,0.188899994,0.80400002
Sman__Smp_096640,Cytoplasm,Nuclear export signal,Soluble,0.692300022,0.376899987,0.0146,0.352999985,0.129099995,0.0091,0.109999999,0.373400003,0.223299995,0.229499996,0.599799991,0.032499999,0.127399996,0.809700012
Sman__Smp_097940,Cytoplasm|Nucleus,Nuclear export signal,Soluble,0.745000005,0.601800025,0.026000001,0.135700002,0.192300007,0.0078,0.117700003,0.214200005,0.141499996,0.084200002,0.454699993,0.032000002,0.3037,0.872399986
Sman__Smp_098840,Cytoplasm,Nuclear export signal,Soluble,0.784600019,0.349599987,0.0103,0.277799994,0.347000003,0.0108,0.246600002,0.230800003,0.402200013,0.058800001,0.514699996,0.071599998,0.328999996,0.776199996
Sman__Smp_101290,Cytoplasm|Nucleus,Nuclear localization signal|Nuclear export signal,Soluble,0.808399975,0.580799997,0.0242,0.227899998,0.175400004,0.019200001,0.094700001,0.123999998,0.150800005,0.026900001,0.499000013,0.032200001,0.180199996,0.776899993
Sman__Smp_103570,Cytoplasm|Nucleus,Nuclear export signal,Soluble,0.702000022,0.599799991,0.0092,0.264099985,0.212099999,0.0031,0.062799998,0.100900002,0.141399994,0.0447,0.50819999,0.052700002,0.197400004,0.813899994
Sman__Smp_103950,Nucleus,Nuclear localization signal,Soluble,0.403299987,0.895299971,0.036800001,0.081600003,0.124499999,0.0164,0.044199999,0.0153,0.01,0.0064,0.282099992,0.025,0.265100002,0.889500022
Sman__Smp_120700,Cytoplasm,,Soluble,0.810800016,0.298799992,0.132400006,0.0999,0.132200003,0.0086,0.128199995,0.175500005,0.245399997,0.033599999,0.222599998,0.098999999,0.100500003,0.851999998
Sman__Smp_121780,Cytoplasm,,Peripheral|Soluble,0.757499993,0.202800006,0.023399999,0.42050001,0.246099994,0.025699999,0.129800007,0.329100013,0.350199997,0.077600002,0.756200016,0.0524,0.366400003,0.71359998
Sman__Smp_123640,Cytoplasm|Cell membrane,Nuclear localization signal,Peripheral,0.590799987,0.324400008,0.0185,0.588100016,0.160400003,0.0046,0.218500003,0.204099998,0.273999989,0.0123,0.625699997,0.324200004,0.708299994,0.488099992
Sman__Smp_123830,Extracellular,Signal peptide,Soluble,0.259200007,0.135399997,0.658599973,0.262499988,0.072899997,0.0109,0.2465,0.132599995,0.172600001,0.0016,0.467999995,0.096100003,0.128900006,0.791999996
Sman__Smp_124130,Cytoplasm|Nucleus,Nuclear localization signal|Nuclear export signal,Soluble,0.726400018,0.696799994,0.0233,0.113499999,0.235499993,0.0037,0.072300002,0.151299998,0.055799998,0.070100002,0.408399999,0.085100003,0.083999999,0.808300018
Sman__Smp_124850,Cytoplasm,,Peripheral|Soluble,0.616999984,0.244200006,0.117299996,0.379599988,0.131999999,0.0101,0.150800005,0.463499993,0.190899998,0.0147,0.6972,0.066799998,0.115400001,0.741400003
Sman__Smp_125360,Cytoplasm,Nuclear export signal,Peripheral|Soluble,0.722599983,0.294999987,0.0307,0.474099994,0.245100006,0.0061,0.090599999,0.485900015,0.179800004,0.496100008,0.769299984,0.113399997,0.115000002,0.637199998
Sman__Smp_125790,Cytoplasm|Nucleus,,Soluble,0.559300005,0.712100029,0.0079,0.0911,0.160300002,0.0027,0.048500001,0.0757,0.160300002,0.091899998,0.397899985,0.089699998,0.104199998,0.821799994
Sman__Smp_126140,Cell membrane,Signal peptide|Transmembrane domain,Transmembrane,0.265199989,0.109999999,0.124399997,0.794499993,0.035100002,0.005,0.199699998,0.496899992,0.329299986,0.035999998,0.200900003,0.966000021,0.363000005,0.123199999
Sman__Smp_128480,Cytoplasm,Nuclear export signal,Peripheral|Soluble,0.730700016,0.4463,0.015,0.443199992,0.100699998,0.0092,0.111299999,0.340799987,0.176899999,0.0145,0.673600018,0.038699999,0.071099997,0.833199978
Sman__Smp_128790,Cytoplasm,,Peripheral|Soluble,0.66140002,0.266200006,0.069300003,0.533699989,0.250800014,0.019099999,0.142499998,0.469099998,0.248799995,0.050500002,0.771000028,0.144999996,0.622799993,0.519500017
Sman__Smp_128920,Cytoplasm,Nuclear localization signal,Peripheral|Soluble,0.694400012,0.237900004,0.0273,0.524900019,0.123400003,0.0111,0.117200002,0.195500001,0.322600007,0.028100001,0.721099973,0.1017,0.070699997,0.755599976
Sman__Smp_130900,Cytoplasm,Nuclear localization signal,Peripheral|Soluble,0.67900002,0.335500002,0.038600001,0.451499999,0.160999998,0.0057,0.113700002,0.373299986,0.267800003,0.039799999,0.780200005,0.085600004,0.110100001,0.737600029
Sman__Smp_131800,Cytoplasm,Nuclear export signal,Peripheral|Soluble,0.721000016,0.388000011,0.0117,0.49059999,0.228499994,0.0078,0.112099998,0.246199995,0.220300004,0.043200001,0.600399971,0.055199999,0.187700003,0.799099982
Sman__Smp_133020,Cytoplasm|Nucleus,Nuclear export signal,Soluble,0.684599996,0.646000028,0.0211,0.1259,0.185200006,0.0083,0.071999997,0.090899996,0.115199998,0.027799999,0.292600006,0.0381,0.352499992,0.843800008
Sman__Smp_134260,Cytoplasm|Nucleus,Nuclear localization signal|Nuclear export signal,Soluble,0.696099997,0.627900004,0.012,0.104099996,0.178499997,0.0027,0.0735,0.123199999,0.1228,0.0451,0.351599991,0.0491,0.108599998,0.85860002
Sman__Smp_135560,Extracellular,Signal peptide,Soluble,0.304800004,0.153899997,0.755800009,0.244499996,0.057100002,0.0098,0.209999993,0.098399997,0.110100001,0.0008,0.536199987,0.078199998,0.130099997,0.83099997
Sman__Smp_135570,Cytoplasm|Nucleus,Nuclear export signal,Soluble,0.7324,0.578199983,0.024599999,0.091799997,0.144899994,0.0061,0.167899996,0.211300001,0.136600003,0.0151,0.342999995,0.0263,0.110100001,0.832000017
Sman__Smp_136300,Cytoplasm|Cell membrane,,Peripheral,0.577199996,0.230800003,0.0779,0.667500019,0.449099988,0.016100001,0.155000001,0.293599993,0.382999986,0.102499999,0.705900013,0.324400008,0.744099975,0.407999992
Sman__Smp_137610,Cytoplasm,,Peripheral|Soluble,0.66839999,0.244599998,0.024800001,0.419400007,0.143000007,0.0035,0.118199997,0.281500012,0.232299998,0.050700001,0.714299977,0.076800004,0.103699997,0.736199975
Sman__Smp_139930,Mitochondrion,,Transmembrane,0.328299999,0.262300014,0.046599999,0.176200002,0.623899996,0.069899999,0.601400018,0.314399987,0.356400013,0.258100003,0.4102,0.977199972,0.250400007,0.093000002
Sman__Smp_140700,Cytoplasm|Nucleus,Nuclear export signal,Soluble,0.653500021,0.52670002,0.0155,0.1052,0.306899995,0.0097,0.134800002,0.155599996,0.177499995,0.290300012,0.442299992,0.172499999,0.114100002,0.73269999
Sman__Smp_141230,Cytoplasm|Nucleus,Nuclear localization signal|Nuclear export signal,Soluble,0.713400006,0.618499994,0.014,0.138799995,0.218500003,0.0029,0.044500001,0.115699999,0.077600002,0.090099998,0.337599993,0.104800001,0.0581,0.846800029
Sman__Smp_142050,Cytoplasm|Nucleus,Nuclear localization signal|Nuclear export signal,Soluble,0.695299983,0.66079998,0.0117,0.103699997,0.165700004,0.005,0.105700001,0.111599997,0.105800003,0.049199998,0.353599995,0.041499998,0.1646,0.852800012
Sman__Smp_143130,Cytoplasm,Nuclear export signal,Soluble,0.752699971,0.446099997,0.055100001,0.204400003,0.097000003,0.0064,0.083700001,0.305799991,0.131400004,0.0105,0.433999985,0.0374,0.088500001,0.835699975
Sman__Smp_143470,Cytoplasm|Cell membrane,Nuclear localization signal,Peripheral|Soluble,0.699800014,0.205200002,0.025,0.654699981,0.080399998,0.0125,0.181700006,0.215599999,0.36559999,0.0102,0.70660001,0.069499999,0.106899999,0.77640003
Sman__Smp_145190,Cytoplasm,Nuclear export signal,Peripheral|Soluble,0.755999982,0.2588,0.0138,0.402700007,0.311800003,0.02,0.150800005,0.339700013,0.365099996,0.305599988,0.620100021,0.0911,0.662699997,0.675400019
Sman__Smp_146200,Cytoplasm,Nuclear localization signal|Nuclear export signal,Soluble,0.71359998,0.301699996,0.050700001,0.351000011,0.174700007,0.0135,0.039799999,0.111599997,0.1162,0.090800002,0.486999989,0.132499993,0.064199999,0.772300005
Sman__Smp_146840,Extracellular,Signal peptide,Soluble,0.193800002,0.139500007,0.765699983,0.378600001,0.289700001,0.004,0.131899998,0.109399997,0.123099998,0.091799997,0.459899992,0.251800001,0.1109,0.664600015
Sman__Smp_148790,Extracellular,Signal peptide,Soluble,0.370299995,0.082800001,0.58950001,0.506799996,0.147799999,0.0075,0.207300007,0.135600001,0.150099993,0.0042,0.564700007,0.167699993,0.095700003,0.794099987
Sman__Smp_150040,Cytoplasm|Nucleus,Nuclear localization signal,Soluble,0.487599999,0.875199974,0.016100001,0.080600001,0.145699993,0.0061,0.029200001,0.041000001,0.037799999,0.077799998,0.270500004,0.031300001,0.175500005,0.890399992
Sman__Smp_150220,Cell membrane|Lysosome/Vacuole,Signal peptide|Transmembrane domain,Transmembrane,0.309500009,0.1611,0.065700002,0.825500011,0.050700001,0.0233,0.173800007,0.680400014,0.325599998,0.184300005,0.131400004,0.969600022,0.0272,0.175099999
Sman__Smp_151310,Extracellular,,Soluble,0.186100006,0.126800001,0.725000024,0.515299976,0.268299997,0.003,0.1096,0.067299999,0.089500003,0.104699999,0.412400007,0.207000002,0.083400004,0.708299994
Sman__Smp_151670,Cytoplasm,Nuclear export signal,Soluble,0.809300005,0.442400008,0.0128,0.196799994,0.263399988,0.0049,0.084700003,0.169400007,0.135100007,0.087700002,0.506099999,0.066699997,0.263900012,0.788800001
Sman__Smp_152330,Cytoplasm,,Lipid anchor|Soluble,0.585699975,0.397199988,0.119599998,0.429100007,0.258399993,0.050900001,0.071099997,0.2236,0.190699995,0.037300002,0.397700012,0.043699998,0.925199986,0.607800007
Sman__Smp_156870,Cytoplasm,,Soluble,0.726800025,0.259799987,0.051800001,0.323199987,0.529500008,0.0028,0.136399999,0.344300002,0.149399996,0.0051,0.4472,0.216000006,0.030099999,0.721700013
Sman__Smp_156990,Cytoplasm|Nucleus,Nuclear localization signal,Soluble,0.495299995,0.899500012,0.017000001,0.061999999,0.115800001,0.0042,0.1096,0.0241,0.031199999,0.0228,0.380699992,0.0546,0.105499998,0.83099997
Sman__Smp_157240,Cytoplasm|Nucleus,Nuclear localization signal|Nuclear export signal,Soluble,0.738699973,0.666599989,0.0166,0.115699999,0.266200006,0.0049,0.082999997,0.166500002,0.067000002,0.195999995,0.416799992,0.151199996,0.109800003,0.767099977
Sman__Smp_157300,Cell membrane,Signal peptide|Transmembrane domain,Transmembrane,0.305799991,0.089599997,0.144299999,0.655900002,0.109700002,0.02,0.261999995,0.388900012,0.359200001,0.252000004,0.501999974,0.75120002,0.283300012,0.309899986
Sman__Smp_157310,Cytoplasm,Nuclear localization signal|Nuclear export signal,Soluble,0.786499977,0.327100009,0.0217,0.338800013,0.163499996,0.003,0.077200003,0.141100004,0.077699997,0.0116,0.567399979,0.0306,0.094099998,0.860199988
Sman__Smp_157350,Cytoplasm,Nuclear export signal,Peripheral|Soluble,0.675000012,0.405400008,0.0381,0.319200009,0.299299985,0.015,0.123999998,0.45449999,0.168899998,0.273999989,0.709399998,0.098899998,0.167500004,0.68809998
Sman__Smp_159600,Extracellular,Signal peptide,Soluble,0.411000013,0.291599989,0.709299982,0.127399996,0.0394,0.0097,0.077799998,0.0396,0.039000001,0.0007,0.241300002,0.103799999,0.068400003,0.888599992
Sman__Smp_162710,Cytoplasm|Nucleus,Nuclear localization signal|Nuclear export signal,Soluble,0.792400002,0.633099973,0.0109,0.181299999,0.1523,0.0079,0.059300002,0.149499997,0.071999997,0.072800003,0.249599993,0.035399999,0.292100012,0.909699976
Sman__Smp_163810,Cell membrane,Signal peptide,Soluble,0.385899991,0.091799997,0.545700014,0.52640003,0.260600001,0.0057,0.147599995,0.140699998,0.163000003,0.022299999,0.578000009,0.215100005,0.121600002,0.757700026
Sman__Smp_164380,Cytoplasm|Nucleus,Nuclear export signal,Soluble,0.712199986,0.539799988,0.048300002,0.238700002,0.155699998,0.035100002,0.0691,0.143099993,0.165800005,0.072400004,0.33950001,0.076099999,0.253800005,0.794700027
Sman__Smp_164590,Extracellular,,Soluble,0.344399989,0.210500002,0.725399971,0.216999993,0.112099998,0.014,0.172299996,0.059,0.0594,0.004,0.449999988,0.067900002,0.108400002,0.845000029
Sman__Smp_165070,Cytoplasm,Nuclear localization signal|Nuclear export signal,Soluble,0.709699988,0.421499997,0.025599999,0.287299991,0.0801,0.0031,0.103399999,0.1866,0.141900003,0.0175,0.527100027,0.048,0.090800002,0.853200018
Sman__Smp_167010,Cytoplasm|Cell membrane,Nuclear localization signal,Soluble,0.604700029,0.32980001,0.046399999,0.648899972,0.168899998,0.0104,0.058499999,0.170000002,0.233400002,0.0133,0.596300006,0.176400006,0.044,0.695900023
Sman__Smp_169950,Cytoplasm|Nucleus,Nuclear localization signal,Soluble,0.763700008,0.630100012,0.041299999,0.124200001,0.147200003,0.0022,0.051399998,0.0801,0.099200003,0.0814,0.327800006,0.1074,0.130999997,0.7597
Sman__Smp_170280,Cell membrane,Signal peptide|Transmembrane domain,Transmembrane,0.268999994,0.128000006,0.131400004,0.768100023,0.0407,0.006,0.230499998,0.494199991,0.423999995,0.0361,0.260199994,0.9727,0.382499993,0.103699997
Sman__Smp_170340,Extracellular,Signal peptide,Soluble,0.416799992,0.280299991,0.689599991,0.121399999,0.059900001,0.0091,0.112599999,0.064000003,0.057999998,0.001,0.278100014,0.199699998,0.124600001,0.812600017
Sman__Smp_171370,Cytoplasm|Nucleus,Nuclear localization signal|Nuclear export signal,Soluble,0.658100009,0.901300013,0.018200001,0.0788,0.075400002,0.0059,0.0513,0.118299998,0.071400002,0.0372,0.3847,0.0601,0.340900004,0.822099984
Sman__Smp_172200,Cytoplasm|Cell membrane,,Peripheral|Lipid anchor,0.526000023,0.269800007,0.041200001,0.73119998,0.373199999,0.0073,0.115800001,0.308400005,0.212799996,0.087499999,0.735899985,0.214499995,0.891700029,0.388500005
Sman__Smp_172240,Cytoplasm|Nucleus,Nuclear localization signal|Nuclear export signal,Soluble,0.630999982,0.771700025,0.0233,0.111299999,0.1743,0.0105,0.099600002,0.113499999,0.1153,0.0075,0.341199994,0.061999999,0.152400002,0.815400004
Sman__Smp_175590,Cell membrane,Signal peptide|Transmembrane domain,Transmembrane,0.325599998,0.143700004,0.087200001,0.801999986,0.087700002,0.0049,0.340900004,0.527999997,0.334399998,0.036400001,0.171599999,0.96450001,0.1162,0.158700004
Sman__Smp_175630,Cell membrane|Endoplasmic reticulum,Signal peptide|Transmembrane domain,Transmembrane|Soluble,0.242400005,0.1083,0.1708,0.713699996,0.027000001,0.0006,0.652100027,0.430999994,0.543600023,0.0107,0.33160001,0.596899986,0.105400003,0.559800029
Sman__Smp_176750,Cytoplasm|Nucleus,Nuclear export signal,Peripheral|Soluble,0.699599981,0.503600001,0.0295,0.255899996,0.213799998,0.0079,0.136999995,0.465299994,0.241300002,0.180399999,0.622500002,0.0491,0.251899987,0.74089998
Sman__Smp_179070,Cytoplasm,Nuclear export signal,Soluble,0.706099987,0.37470001,0.0305,0.54549998,0.361900002,0.0188,0.126499996,0.273099989,0.201700002,0.1228,0.526000023,0.162599996,0.656400025,0.648400009
Sman__Smp_181490,Cytoplasm,Nuclear export signal,Soluble,0.836099982,0.2271,0.0288,0.238000005,0.272700012,0.006,0.100000001,0.276899993,0.176400006,0.200399995,0.423400015,0.071699999,0.180500001,0.822399974
Sman__Smp_183710,Cytoplasm|Nucleus,Nuclear export signal,Soluble,0.670899987,0.532299995,0.154799998,0.265899986,0.127399996,0.081600003,0.068000004,0.116499998,0.166999996,0.227300003,0.264699996,0.048999999,0.330300003,0.800400019
Sman__Smp_194270,Cytoplasm,Nuclear localization signal|Nuclear export signal,Soluble,0.681400001,0.484800011,0.048700001,0.1567,0.163900003,0.0092,0.0341,0.119099997,0.076899998,0.095700003,0.189099997,0.049400002,0.162,0.882099986
Sman__Smp_194610,Cytoplasm,Nuclear localization signal,Soluble,0.729399979,0.490200013,0.038400002,0.245499998,0.243799999,0.0188,0.069799997,0.151099995,0.0579,0.01,0.517400026,0.084600002,0.4815,0.696699977
Sman__Smp_195080,Cytoplasm,Nuclear localization signal,Soluble,0.879899979,0.346399993,0.073200002,0.190899998,0.209999993,0.0008,0.168899998,0.077100001,0.137400001,0.0041,0.207699999,0.0283,0.174099997,0.904799998
Sman__Smp_196040,Cytoplasm,Nuclear export signal,Peripheral|Soluble,0.698000014,0.266499996,0.018999999,0.313699991,0.105599999,0.0046,0.157800004,0.555199981,0.292800009,0.0148,0.66900003,0.039000001,0.093099996,0.782999992
Sman__Smp_196840,Extracellular,Signal peptide,Soluble,0.239099994,0.149499997,0.686399996,0.189400002,0.075000003,0.0145,0.243100002,0.133699998,0.145099998,0.001,0.465499997,0.079999998,0.113600001,0.784600019
Sman__Smp_197370,Extracellular,Signal peptide,Soluble,0.203899994,0.107600003,0.832300007,0.155000001,0.0601,0.013,0.178800002,0.1193,0.127399996,0.0027,0.479699999,0.0814,0.102600001,0.832599998
Sman__Smp_202970,Cytoplasm|Nucleus,Nuclear export signal,Soluble,0.636300027,0.512300014,0.111100003,0.262800008,0.121100001,0.0473,0.063500002,0.1303,0.148699999,0.214900002,0.255400002,0.0418,0.301699996,0.820100009
Sman__Smp_203130,Cytoplasm|Nucleus,Nuclear export signal,Soluble,0.661300004,0.520299971,0.119199999,0.244499996,0.119199999,0.041000001,0.064499997,0.126900002,0.156499997,0.182600006,0.269300014,0.0429,0.289799988,0.81370002
Sman__Smp_210740,Cytoplasm|Nucleus,Nuclear export signal,Soluble,0.7597,0.604399979,0.0187,0.155000001,0.228,0.019099999,0.080700003,0.243000001,0.200200006,0.041200001,0.546500027,0.027899999,0.236399993,0.761200011
Sman__Smp_210970,Cytoplasm|Nucleus,Nuclear localization signal|Nuclear export signal,Soluble,0.567399979,0.835300028,0.0118,0.0867,0.144500002,0.0122,0.0383,0.122299999,0.061500002,0.246099994,0.332700014,0.101099998,0.050099999,0.824500024
Sman__Smp_212730,Cytoplasm|Cell membrane,Nuclear localization signal,Peripheral,0.656899989,0.273400009,0.0283,0.660700023,0.203199998,0.0085,0.102700002,0.360000014,0.272500008,0.057399999,0.583000004,0.180199996,0.800300002,0.453000009
Sman__Smp_213390,Cytoplasm|Nucleus,Nuclear localization signal|Nuclear export signal,Soluble,0.632799983,0.778800011,0.023600001,0.140900001,0.198100001,0.0073,0.132100001,0.291900009,0.115199998,0.116300002,0.419499993,0.105800003,0.39379999,0.792400002
Sman__Smp_213900,Extracellular,Signal peptide,Soluble,0.361400008,0.248099998,0.648899972,0.124399997,0.051899999,0.0088,0.116499998,0.083800003,0.068800002,0.002,0.307500005,0.143900007,0.114699997,0.845000029
Sman__Smp_213910,Extracellular,Signal peptide,Soluble,0.283699989,0.181899995,0.737100005,0.148300007,0.059300002,0.0109,0.142399997,0.099399999,0.105599999,0.0016,0.282799989,0.172900006,0.149100006,0.837499976
Sman__Smp_214100,Cytoplasm,Nuclear export signal,Soluble,0.582499981,0.468600005,0.031199999,0.276199996,0.107100002,0.0093,0.2183,0.237499997,0.192300007,0.042199999,0.531899989,0.050900001,0.134599999,0.800599992
Sman__Smp_241420,Cytoplasm,Nuclear export signal,Peripheral|Soluble,0.737500012,0.464399993,0.0152,0.369399995,0.088600002,0.0085,0.121299997,0.333499998,0.191499993,0.0116,0.639199972,0.0396,0.111000001,0.807600021
Sman__Smp_243630,Cytoplasm,Nuclear export signal,Peripheral|Soluble,0.711700022,0.384900004,0.0116,0.372500002,0.164100006,0.0088,0.154699996,0.376199991,0.2289,0.055199999,0.630200028,0.042800002,0.173899993,0.802200019
Sman__Smp_246050,Cytoplasm,Nuclear localization signal,Peripheral|Soluble,0.689599991,0.271200001,0.040199999,0.457500011,0.207900003,0.0076,0.089100003,0.242899999,0.2192,0.0264,0.632200003,0.079800002,0.089199997,0.779100001
Sman__Smp_246550,Cytoplasm,,Peripheral|Soluble,0.624899983,0.25029999,0.0385,0.233600006,0.162599996,0.0013,0.113300003,0.276899993,0.324000001,0.050099999,0.687300026,0.110200003,0.108599998,0.745700002
Sman__Smp_247600,Cytoplasm,Nuclear export signal,Peripheral|Soluble,0.733299971,0.287200004,0.015,0.203500003,0.091200002,0.0095,0.1175,0.412999988,0.291399986,0.036899999,0.681999981,0.0612,0.140200004,0.764699996
Sman__Smp_247740,Cytoplasm,Nuclear export signal,Soluble,0.85619998,0.221200004,0.043699998,0.299100012,0.111699998,0.0042,0.072700001,0.205599993,0.25819999,0.022700001,0.505900025,0.018300001,0.090700001,0.910000026
Sman__Smp_248010,Cytoplasm,Nuclear export signal,Soluble,0.709800005,0.321700007,0.0116,0.3037,0.245299995,0.0055,0.085600004,0.238600001,0.132799998,0.27579999,0.458000004,0.127800003,0.040800001,0.782999992
Sman__Smp_304500,Cytoplasm,Nuclear export signal,Soluble,0.785300016,0.348800004,0.017899999,0.191599995,0.148200005,0.0044,0.074900001,0.337300003,0.175300002,0.100599997,0.586600006,0.069399998,0.127399996,0.804700017
Sman__Smp_306600,Cytoplasm|Nucleus,Nuclear export signal,Soluble,0.673600018,0.531799972,0.167500004,0.272500008,0.133200005,0.085199997,0.061000001,0.112499997,0.151600003,0.2227,0.267199993,0.048799999,0.332500011,0.7949
Sman__Smp_306910,Cell membrane,Signal peptide|Transmembrane domain,Transmembrane,0.235599995,0.0999,0.116099998,0.843400002,0.038699999,0.0083,0.1963,0.434799999,0.349400014,0.020400001,0.157399997,0.977299988,0.403400004,0.110299997
Sman__Smp_307010,Cytoplasm|Nucleus,Nuclear export signal,Soluble,0.653999984,0.533999979,0.169200003,0.288100004,0.124300003,0.105400003,0.066699997,0.139300004,0.141599998,0.247199997,0.264200002,0.055500001,0.379999995,0.787
Sman__Smp_307020,Cytoplasm|Nucleus,Nuclear export signal,Soluble,0.653999984,0.533999979,0.169200003,0.288100004,0.124300003,0.105400003,0.066699997,0.139300004,0.141599998,0.247199997,0.264200002,0.055500001,0.379999995,0.787
Sman__Smp_307260,Cytoplasm,Nuclear localization signal,Lipid anchor|Soluble,0.587899983,0.314799994,0.089199997,0.423400015,0.245399997,0.0186,0.038899999,0.2597,0.0955,0.0118,0.354600012,0.048300002,0.864000022,0.682399988
Sman__Smp_308420,Cytoplasm,,Soluble,0.732299984,0.3486,0.031500001,0.121100001,0.231600001,0.0049,0.149900004,0.062700003,0.149499997,0.068899997,0.413399994,0.221300006,0.138899997,0.730099976
Sman__Smp_309860,Cytoplasm,Nuclear export signal,Soluble,0.782000005,0.467500001,0.025,0.133499995,0.188800007,0.0034,0.074900001,0.179499999,0.125699997,0.051399998,0.434799999,0.0535,0.155200005,0.858200014
Sman__Smp_313640,Cytoplasm|Nucleus,Nuclear export signal,Soluble,0.564999998,0.561699986,0.0252,0.103100002,0.244599998,0.0093,0.192699999,0.239800006,0.171700001,0.044100001,0.434199989,0.092500001,0.152899995,0.766799986
Sman__Smp_315700,Cytoplasm,Nuclear export signal,Soluble,0.83890003,0.254200011,0.0139,0.2597,0.090700001,0.0019,0.0647,0.4023,0.244100004,0.064999998,0.58099997,0.062799998,0.078299999,0.787400007
Sman__Smp_315810,Cytoplasm,Nuclear localization signal|Nuclear export signal,Peripheral|Soluble,0.685400009,0.246399999,0.063900001,0.480599999,0.250200003,0.031199999,0.096600004,0.163000003,0.33039999,0.044199999,0.622300029,0.150800005,0.045400001,0.750699997
Sman__Smp_317420,Cytoplasm,Nuclear export signal,Peripheral|Soluble,0.793299973,0.180099994,0.037799999,0.45570001,0.258599997,0.017100001,0.159700006,0.231900007,0.399300009,0.0187,0.680400014,0.081500001,0.0469,0.781300008
Sman__Smp_328200,Cytoplasm,,Soluble,0.739799976,0.36680001,0.080200002,0.128999993,0.1109,0.0057,0.145400003,0.174999997,0.218700007,0.0146,0.35800001,0.047699999,0.252600014,0.787899971
Sman__Smp_331960,Cytoplasm,Nuclear export signal,Peripheral|Soluble,0.679799974,0.263300002,0.033300001,0.559700012,0.235300004,0.0061,0.067500003,0.220400006,0.119099997,0.103299998,0.750899971,0.133300006,0.335299999,0.650900006
Sman__Smp_332370,Cytoplasm,,Peripheral|Soluble,0.65200001,0.237200007,0.073200002,0.473699987,0.395099998,0.014,0.119900003,0.490500003,0.294,0.362500012,0.701399982,0.190500006,0.106899999,0.641700029
Sman__Smp_332820,Cytoplasm,Nuclear localization signal,Soluble,0.680299997,0.388300002,0.062100001,0.343699992,0.237900004,0.0061,0.078000002,0.098999999,0.213400006,0.079499997,0.4454,0.32980001,0.040100001,0.672500014
Sman__Smp_332850,Cytoplasm,Nuclear export signal,Peripheral|Soluble,0.80430001,0.266900003,0.0735,0.262600005,0.154100001,0.0047,0.0634,0.251899987,0.235300004,0.113899998,0.637399971,0.0502,0.053800002,0.838800013
Sman__Smp_333410,Cytoplasm,Nuclear export signal,Soluble,0.695500016,0.354099989,0.0239,0.429800004,0.156100005,0.0144,0.077799998,0.301800013,0.172499999,0.1215,0.593100011,0.065499999,0.148100004,0.782599986
Sman__Smp_334130,Cytoplasm,Nuclear export signal,Peripheral|Soluble,0.744000018,0.312599987,0.0251,0.439200014,0.180700004,0.0003,0.088200003,0.310000002,0.145099998,0.0405,0.645799994,0.059300002,0.182799995,0.782500029
Sman__Smp_334370,Cell membrane,Signal peptide|Transmembrane domain,Transmembrane,0.182300001,0.148300007,0.089400001,0.681500018,0.072800003,0.0167,0.403100014,0.462300003,0.312099993,0.1708,0.199100003,0.972599983,0.109300002,0.126399994
Sman__Smp_335730,Cytoplasm|Nucleus,Nuclear localization signal|Nuclear export signal,Soluble,0.819599986,0.697399974,0.0088,0.181700006,0.184200004,0.0013,0.049800001,0.221499994,0.090800002,0.015699999,0.43689999,0.022,0.212899998,0.898400009
Sman__Smp_335950,Cytoplasm,,Peripheral|Soluble,0.529799998,0.317999989,0.046300001,0.426899999,0.355100006,0.0076,0.064900003,0.230700001,0.073600002,0.069799997,0.709399998,0.160300002,0.263799995,0.64410001
Sman__Smp_336830,Cytoplasm,Nuclear localization signal|Nuclear export signal,Soluble,0.727599978,0.368699998,0.0233,0.35710001,0.181299999,0.0109,0.153300002,0.433299989,0.238100007,0.0058,0.586300015,0.0416,0.294699997,0.776600003
Sman__Smp_340300,Cytoplasm,Nuclear localization signal|Nuclear export signal,Soluble,0.792599976,0.487300009,0.0134,0.33829999,0.129700005,0.0046,0.070299998,0.218400002,0.189400002,0.020199999,0.542999983,0.0557,0.34740001,0.805800021
Sman__Smp_342370,Cytoplasm|Cell membrane,,Peripheral,0.675100029,0.186700001,0.048700001,0.568799973,0.311699986,0.0149,0.214399993,0.392699987,0.404300004,0.090300001,0.694800019,0.311100006,0.722299993,0.469399989
Sman__Smp_343540,Cytoplasm|Cell membrane,Nuclear localization signal,Peripheral|Soluble,0.604200006,0.282099992,0.045200001,0.698199987,0.171399996,0.0126,0.078199998,0.134800002,0.246199995,0.0101,0.680999994,0.113300003,0.053100001,0.725600004
Sman__Smp_343650,Cell membrane,,Peripheral|Soluble,0.328500003,0.163299993,0.551100016,0.578100026,0.368200004,0.018200001,0.104000002,0.124200001,0.124399997,0.0283,0.657100022,0.34799999,0.081299998,0.603799999
Sman__Smp_343740,Extracellular,Signal peptide,Soluble,0.298200011,0.111400001,0.757300019,0.248199999,0.058400001,0.0096,0.262800008,0.153099999,0.135700002,0.002,0.447100013,0.108000003,0.163399994,0.793900013
Sman__Smp_344780,Cytoplasm|Cell membrane,,Peripheral|Soluble,0.519800007,0.234500006,0.044199999,0.693799973,0.2359,0.024499999,0.191499993,0.223299995,0.207599998,0.36680001,0.635200024,0.287200004,0.111599997,0.609899998
Sman__Smp_347070,Cytoplasm,Nuclear export signal,Soluble,0.796299994,0.416599989,0.0308,0.194299996,0.227699995,0.0032,0.102700002,0.160400003,0.165700004,0.0255,0.356099993,0.079400003,0.248500004,0.862500012
Sman__Smp_348670,Cell membrane,,Peripheral|Lipid anchor,0.436800003,0.248199999,0.028200001,0.784500003,0.173299998,0.0038,0.095299996,0.246999994,0.237200007,0.013,0.76789999,0.274100006,0.890900016,0.325100005
